Time,TimeLower,TimeUpper,TimeUnits,Value,ValueLower,ValueUpper,ValueUnits,ValueType,Model,Frequency,FrequencyLower,FrequencyUpper,FrequencyUnits,,
4924.8,,,seconds,0.466924672,0.023652943,0.023652943,mjy,Spectral,SpectralFlux,6.74E+14,,,hz,,
5097.6,,,seconds,0.453363782,0.022130864,0.022130864,mjy,Spectral,SpectralFlux,6.74E+14,,,hz,,
5356.8,,,seconds,0.431764392,0.021076494,0.021076494,mjy,Spectral,SpectralFlux,6.74E+14,,,hz,,
5788.8,,,seconds,0.403688913,0.025654975,0.025654975,mjy,Spectral,SpectralFlux,6.74E+14,,,hz,,
6307.2,,,seconds,0.368507917,0.018667458,0.018667458,mjy,Spectral,SpectralFlux,6.74E+14,,,hz,,
6998.4,,,seconds,0.340758598,0.017261765,0.017261765,mjy,Spectral,SpectralFlux,6.74E+14,,,hz,,
7344,,,seconds,0.305384382,0.0478158,0.0478158,mjy,Spectral,SpectralFlux,6.74E+14,,,hz,,
7516.8,,,seconds,0.321252727,0.012131273,0.012131273,mjy,Spectral,SpectralFlux,6.74E+14,,,hz,,
8208,,,seconds,0.299810489,0.006627256,0.006627256,mjy,Spectral,SpectralFlux,6.74E+14,,,hz,,
8812.8,,,seconds,0.276469242,0.015278255,0.015278255,mjy,Spectral,SpectralFlux,6.74E+14,,,hz,,
9072,,,seconds,0.298983225,0.014319434,0.014319434,mjy,Spectral,SpectralFlux,6.74E+14,,,hz,,
9158.4,,,seconds,0.286316794,0.036919052,0.036919052,mjy,Spectral,SpectralFlux,6.74E+14,,,hz,,
9331.2,,,seconds,0.278770505,0.009500014,0.009500014,mjy,Spectral,SpectralFlux,6.74E+14,,,hz,,
9676.8,,,seconds,0.263783012,0.009961078,0.009961078,mjy,Spectral,SpectralFlux,6.74E+14,,,hz,,
10195.2,,,seconds,0.24527135,0.01039155,0.01039155,mjy,Spectral,SpectralFlux,6.74E+14,,,hz,,
10886.4,,,seconds,0.231018533,0.007872709,0.007872709,mjy,Spectral,SpectralFlux,6.74E+14,,,hz,,
12182.4,,,seconds,0.213425753,0.005700599,0.005700599,mjy,Spectral,SpectralFlux,6.74E+14,,,hz,,
12787.2,,,seconds,0.192684519,0.013665113,0.013665113,mjy,Spectral,SpectralFlux,6.74E+14,,,hz,,
13046.4,,,seconds,0.191446232,0.014458937,0.014458937,mjy,Spectral,SpectralFlux,6.74E+14,,,hz,,
13305.6,,,seconds,0.205705935,0.004926016,0.004926016,mjy,Spectral,SpectralFlux,6.74E+14,,,hz,,
13651.2,,,seconds,0.191269984,0.005813483,0.005813483,mjy,Spectral,SpectralFlux,6.74E+14,,,hz,,
14169.6,,,seconds,0.179492713,0.007769988,0.007769988,mjy,Spectral,SpectralFlux,6.74E+14,,,hz,,
14860.8,,,seconds,0.173958968,0.00448622,0.00448622,mjy,Spectral,SpectralFlux,6.74E+14,,,hz,,
15379.2,,,seconds,0.172522929,0.007786075,0.007786075,mjy,Spectral,SpectralFlux,6.74E+14,,,hz,,
16156.8,,,seconds,0.16294717,0.006603515,0.006603515,mjy,Spectral,SpectralFlux,6.74E+14,,,hz,,
16588.8,,,seconds,0.165976584,0.014064048,0.014064048,mjy,Spectral,SpectralFlux,6.74E+14,,,hz,,
16848,,,seconds,0.145494582,0.008442344,0.008442344,mjy,Spectral,SpectralFlux,6.74E+14,,,hz,,
17107.2,,,seconds,0.147654546,0.006799743,0.006799743,mjy,Spectral,SpectralFlux,6.74E+14,,,hz,,
17452.8,,,seconds,0.153054754,0.00620262,0.00620262,mjy,Spectral,SpectralFlux,6.74E+14,,,hz,,
18057.6,,,seconds,0.146570585,0.003644905,0.003644905,mjy,Spectral,SpectralFlux,6.74E+14,,,hz,,
18662.4,,,seconds,0.135908564,0.004381174,0.004381174,mjy,Spectral,SpectralFlux,6.74E+14,,,hz,,
19267.2,,,seconds,0.139459088,0.002954271,0.002954271,mjy,Spectral,SpectralFlux,6.74E+14,,,hz,,
20044.8,,,seconds,0.128720235,0.005097896,0.005097896,mjy,Spectral,SpectralFlux,6.74E+14,,,hz,,
20390.4,,,seconds,0.118262437,0.013397619,0.013397619,mjy,Spectral,SpectralFlux,6.74E+14,,,hz,,
20649.6,,,seconds,0.130631172,0.008061156,0.008061156,mjy,Spectral,SpectralFlux,6.74E+14,,,hz,,
20908.8,,,seconds,0.127422706,0.005868032,0.005868032,mjy,Spectral,SpectralFlux,6.74E+14,,,hz,,
21254.4,,,seconds,0.123721969,0.003874373,0.003874373,mjy,Spectral,SpectralFlux,6.74E+14,,,hz,,
21772.8,,,seconds,0.113879833,0.004719924,0.004719924,mjy,Spectral,SpectralFlux,6.74E+14,,,hz,,
41040,,,seconds,0.046994477,0.007228347,0.007228347,mjy,Spectral,SpectralFlux,6.74E+14,,,hz,,
41299.2,,,seconds,0.049209259,0.007115774,0.007115774,mjy,Spectral,SpectralFlux,6.74E+14,,,hz,,
41558.4,,,seconds,0.071787168,0.008595395,0.008595395,mjy,Spectral,SpectralFlux,6.74E+14,,,hz,,
42163.2,,,seconds,0.058458386,0.012383698,0.012383698,mjy,Spectral,SpectralFlux,6.74E+14,,,hz,,
42422.4,,,seconds,0.063218884,0.001164535,0.001164535,mjy,Spectral,SpectralFlux,6.74E+14,,,hz,,
42422.4,,,seconds,0.062754782,0.013120439,0.013120439,mjy,Spectral,SpectralFlux,6.74E+14,,,hz,,
42681.6,,,seconds,0.058297083,0.015302675,0.015302675,mjy,Spectral,SpectralFlux,6.74E+14,,,hz,,
42768,,,seconds,0.062065009,0.00114328,0.00114328,mjy,Spectral,SpectralFlux,6.74E+14,,,hz,,
43459.2,,,seconds,0.06392148,0.017838779,0.017838779,mjy,Spectral,SpectralFlux,6.74E+14,,,hz,,
43718.4,,,seconds,0.058297083,0.010470251,0.010470251,mjy,Spectral,SpectralFlux,6.74E+14,,,hz,,
43891.2,,,seconds,0.060373565,0.001668183,0.001668183,mjy,Spectral,SpectralFlux,6.74E+14,,,hz,,
43977.6,,,seconds,0.059380906,0.008696002,0.008696002,mjy,Spectral,SpectralFlux,6.74E+14,,,hz,,
44236.8,,,seconds,0.060373565,0.001112122,0.001112122,mjy,Spectral,SpectralFlux,6.74E+14,,,hz,,
44323.2,,,seconds,0.052341579,0.014366096,0.014366096,mjy,Spectral,SpectralFlux,6.74E+14,,,hz,,
44582.4,,,seconds,0.045294641,0.007008608,0.007008608,mjy,Spectral,SpectralFlux,6.74E+14,,,hz,,
44841.6,,,seconds,0.058999295,0.006575183,0.006575183,mjy,Spectral,SpectralFlux,6.74E+14,,,hz,,
45100.8,,,seconds,0.054305876,0.00410144,0.00410144,mjy,Spectral,SpectralFlux,6.74E+14,,,hz,,
45360,,,seconds,0.057656307,0.001593103,0.001593103,mjy,Spectral,SpectralFlux,6.74E+14,,,hz,,
45619.2,,,seconds,0.058189794,0.001607843,0.001607843,mjy,Spectral,SpectralFlux,6.74E+14,,,hz,,
45619.2,,,seconds,0.044755542,0.003256489,0.003256489,mjy,Spectral,SpectralFlux,6.74E+14,,,hz,,
45878.4,,,seconds,0.051718607,0.004048941,0.004048941,mjy,Spectral,SpectralFlux,6.74E+14,,,hz,,
46137.6,,,seconds,0.050448333,0.003577777,0.003577777,mjy,Spectral,SpectralFlux,6.74E+14,,,hz,,
46396.8,,,seconds,0.05058792,0.003913828,0.003913828,mjy,Spectral,SpectralFlux,6.74E+14,,,hz,,
46656,,,seconds,0.057127711,0.001052331,0.001052331,mjy,Spectral,SpectralFlux,6.74E+14,,,hz,,
46742.4,,,seconds,0.046994477,0.004198501,0.004198501,mjy,Spectral,SpectralFlux,6.74E+14,,,hz,,
47001.6,,,seconds,0.041961096,0.003671522,0.003671522,mjy,Spectral,SpectralFlux,6.74E+14,,,hz,,
47001.6,,,seconds,0.056085013,0.001549686,0.001549686,mjy,Spectral,SpectralFlux,6.74E+14,,,hz,,
47260.8,,,seconds,0.041691433,0.003532729,0.003532729,mjy,Spectral,SpectralFlux,6.74E+14,,,hz,,
47520,,,seconds,0.046307019,0.003881181,0.003881181,mjy,Spectral,SpectralFlux,6.74E+14,,,hz,,
47779.2,,,seconds,0.05455654,0.001507453,0.001507453,mjy,Spectral,SpectralFlux,6.74E+14,,,hz,,
47779.2,,,seconds,0.046563629,0.003988462,0.003988462,mjy,Spectral,SpectralFlux,6.74E+14,,,hz,,
48038.4,,,seconds,0.046009427,0.003771486,0.003771486,mjy,Spectral,SpectralFlux,6.74E+14,,,hz,,
48470.4,,,seconds,0.047736088,0.002989726,0.002989726,mjy,Spectral,SpectralFlux,6.74E+14,,,hz,,
48729.6,,,seconds,0.046435147,0.003464236,0.003464236,mjy,Spectral,SpectralFlux,6.74E+14,,,hz,,
48988.8,,,seconds,0.042077199,0.003565417,0.003565417,mjy,Spectral,SpectralFlux,6.74E+14,,,hz,,
49248,,,seconds,0.042741211,0.004330272,0.004330272,mjy,Spectral,SpectralFlux,6.74E+14,,,hz,,
49507.2,,,seconds,0.043817422,0.003551446,0.003551446,mjy,Spectral,SpectralFlux,6.74E+14,,,hz,,
49680,,,seconds,0.046009427,0.003347724,0.003347724,mjy,Spectral,SpectralFlux,6.74E+14,,,hz,,
49939.2,,,seconds,0.047167931,0.003779564,0.003779564,mjy,Spectral,SpectralFlux,6.74E+14,,,hz,,
50198.4,,,seconds,0.044060236,0.00413926,0.00413926,mjy,Spectral,SpectralFlux,6.74E+14,,,hz,,
50457.6,,,seconds,0.038163379,0.003198629,0.003198629,mjy,Spectral,SpectralFlux,6.74E+14,,,hz,,
50716.8,,,seconds,0.03631172,0.003411322,0.003411322,mjy,Spectral,SpectralFlux,6.74E+14,,,hz,,
50976,,,seconds,0.038623073,0.003948621,0.003948621,mjy,Spectral,SpectralFlux,6.74E+14,,,hz,,
51235.2,,,seconds,0.043415701,0.003119012,0.003119012,mjy,Spectral,SpectralFlux,6.74E+14,,,hz,,
51580.8,,,seconds,0.04108155,0.004313476,0.004313476,mjy,Spectral,SpectralFlux,6.74E+14,,,hz,,
51753.6,,,seconds,0.04108155,0.005335088,0.005335088,mjy,Spectral,SpectralFlux,6.74E+14,,,hz,,
52012.8,,,seconds,0.03191882,0.005585681,0.005585681,mjy,Spectral,SpectralFlux,6.74E+14,,,hz,,
52272,,,seconds,0.04119522,0.008081688,0.008081688,mjy,Spectral,SpectralFlux,6.74E+14,,,hz,,
52531.2,,,seconds,0.03959559,0.006527931,0.006527931,mjy,Spectral,SpectralFlux,6.74E+14,,,hz,,
52790.4,,,seconds,0.039449983,0.005050534,0.005050534,mjy,Spectral,SpectralFlux,6.74E+14,,,hz,,
53136,,,seconds,0.037918122,0.005063963,0.005063963,mjy,Spectral,SpectralFlux,6.74E+14,,,hz,,
53395.2,,,seconds,0.038623073,0.006189731,0.006189731,mjy,Spectral,SpectralFlux,6.74E+14,,,hz,,
53654.4,,,seconds,0.038374862,0.00675081,0.00675081,mjy,Spectral,SpectralFlux,6.74E+14,,,hz,,
53913.6,,,seconds,0.04516966,0.005907597,0.005907597,mjy,Spectral,SpectralFlux,6.74E+14,,,hz,,
54172.8,,,seconds,0.042349357,0.005109681,0.005109681,mjy,Spectral,SpectralFlux,6.74E+14,,,hz,,
54432,,,seconds,0.036111608,0.004656403,0.004656403,mjy,Spectral,SpectralFlux,6.74E+14,,,hz,,
54691.2,,,seconds,0.035879536,0.003833368,0.003833368,mjy,Spectral,SpectralFlux,6.74E+14,,,hz,,
54950.4,,,seconds,0.034805415,0.003333925,0.003333925,mjy,Spectral,SpectralFlux,6.74E+14,,,hz,,
55209.6,,,seconds,0.040072536,0.004133715,0.004133715,mjy,Spectral,SpectralFlux,6.74E+14,,,hz,,
55468.8,,,seconds,0.039961964,0.003386182,0.003386182,mjy,Spectral,SpectralFlux,6.74E+14,,,hz,,
55728,,,seconds,0.035452496,0.004604067,0.004604067,mjy,Spectral,SpectralFlux,6.74E+14,,,hz,,
55987.2,,,seconds,0.037570487,0.004290858,0.004290858,mjy,Spectral,SpectralFlux,6.74E+14,,,hz,,
56246.4,,,seconds,0.032512235,0.003024432,0.003024432,mjy,Spectral,SpectralFlux,6.74E+14,,,hz,,
56505.6,,,seconds,0.039341129,0.003442279,0.003442279,mjy,Spectral,SpectralFlux,6.74E+14,,,hz,,
56764.8,,,seconds,0.034805415,0.003590381,0.003590381,mjy,Spectral,SpectralFlux,6.74E+14,,,hz,,
57024,,,seconds,0.033025304,0.004897206,0.004897206,mjy,Spectral,SpectralFlux,6.74E+14,,,hz,,
57283.2,,,seconds,0.038980448,0.004739106,0.004739106,mjy,Spectral,SpectralFlux,6.74E+14,,,hz,,
57542.4,,,seconds,0.034044489,0.005769529,0.005769529,mjy,Spectral,SpectralFlux,6.74E+14,,,hz,,
57801.6,,,seconds,0.038872889,0.008628584,0.008628584,mjy,Spectral,SpectralFlux,6.74E+14,,,hz,,
58060.8,,,seconds,0.034805415,0.007052534,0.007052534,mjy,Spectral,SpectralFlux,6.74E+14,,,hz,,
58320,,,seconds,0.037813495,0.009612394,0.009612394,mjy,Spectral,SpectralFlux,6.74E+14,,,hz,,
58579.2,,,seconds,0.041691433,0.012594947,0.012594947,mjy,Spectral,SpectralFlux,6.74E+14,,,hz,,
5011.2,,,seconds,0.619189915,0.035358289,0.035358289,mjy,Spectral,SpectralFlux,5.44E+14,,,hz,,
8899.2,,,seconds,0.375858066,0.004846493,0.004846493,mjy,Spectral,SpectralFlux,5.44E+14,,,hz,,
12614.4,,,seconds,0.29690935,0.087508358,0.087508358,mjy,Spectral,SpectralFlux,5.44E+14,,,hz,,
12873.6,,,seconds,0.276072962,0.005085452,0.005085452,mjy,Spectral,SpectralFlux,5.44E+14,,,hz,,
13046.4,,,seconds,0.305227651,0.070281264,0.070281264,mjy,Spectral,SpectralFlux,5.44E+14,,,hz,,
13651.2,,,seconds,0.265842171,0.061212422,0.061212422,mjy,Spectral,SpectralFlux,5.44E+14,,,hz,,
14083.2,,,seconds,0.240228138,0.061952322,0.061952322,mjy,Spectral,SpectralFlux,5.44E+14,,,hz,,
15984,,,seconds,0.201661909,0.044576996,0.044576996,mjy,Spectral,SpectralFlux,5.44E+14,,,hz,,
16675.2,,,seconds,0.225644044,0.00498782,0.00498782,mjy,Spectral,SpectralFlux,5.44E+14,,,hz,,
20476.8,,,seconds,0.166964397,0.01445531,0.01445531,mjy,Spectral,SpectralFlux,5.44E+14,,,hz,,
41126.4,,,seconds,0.079547013,0.006227568,0.006227568,mjy,Spectral,SpectralFlux,5.44E+14,,,hz,,
41299.2,,,seconds,0.089171049,0.006159718,0.006159718,mjy,Spectral,SpectralFlux,5.44E+14,,,hz,,
41644.8,,,seconds,0.087221565,0.008113737,0.008113737,mjy,Spectral,SpectralFlux,5.44E+14,,,hz,,
42249.6,,,seconds,0.075966807,0.010635138,0.010635138,mjy,Spectral,SpectralFlux,5.44E+14,,,hz,,
42508.8,,,seconds,0.071684271,0.009969572,0.009969572,mjy,Spectral,SpectralFlux,5.44E+14,,,hz,,
42768,,,seconds,0.074580257,0.014631173,0.014631173,mjy,Spectral,SpectralFlux,5.44E+14,,,hz,,
43027.2,,,seconds,0.061294834,0.013718475,0.013718475,mjy,Spectral,SpectralFlux,5.44E+14,,,hz,,
43286.4,,,seconds,0.066592278,0.014413432,0.014413432,mjy,Spectral,SpectralFlux,5.44E+14,,,hz,,
43545.6,,,seconds,0.073692599,0.01099549,0.01099549,mjy,Spectral,SpectralFlux,5.44E+14,,,hz,,
43804.8,,,seconds,0.074374468,0.009727201,0.009727201,mjy,Spectral,SpectralFlux,5.44E+14,,,hz,,
44064,,,seconds,0.07932752,0.008840665,0.008840665,mjy,Spectral,SpectralFlux,5.44E+14,,,hz,,
44323.2,,,seconds,0.080579371,0.009648125,0.009648125,mjy,Spectral,SpectralFlux,5.44E+14,,,hz,,
44582.4,,,seconds,0.074169248,0.004986805,0.004986805,mjy,Spectral,SpectralFlux,5.44E+14,,,hz,,
44841.6,,,seconds,0.075548157,0.003896616,0.003896616,mjy,Spectral,SpectralFlux,5.44E+14,,,hz,,
45187.2,,,seconds,0.074855527,0.003791947,0.003791947,mjy,Spectral,SpectralFlux,5.44E+14,,,hz,,
45705.6,,,seconds,0.068457948,0.002585136,0.002585136,mjy,Spectral,SpectralFlux,5.44E+14,,,hz,,
45964.8,,,seconds,0.064956688,0.002572575,0.002572575,mjy,Spectral,SpectralFlux,5.44E+14,,,hz,,
46224,,,seconds,0.067643158,0.002616669,0.002616669,mjy,Spectral,SpectralFlux,5.44E+14,,,hz,,
46483.2,,,seconds,0.070831082,0.00332713,0.00332713,mjy,Spectral,SpectralFlux,5.44E+14,,,hz,,
46742.4,,,seconds,0.067643158,0.002741273,0.002741273,mjy,Spectral,SpectralFlux,5.44E+14,,,hz,,
46915.2,,,seconds,0.068018003,0.008770565,0.008770565,mjy,Spectral,SpectralFlux,5.44E+14,,,hz,,
47001.6,,,seconds,0.067830321,0.002748858,0.002748858,mjy,Spectral,SpectralFlux,5.44E+14,,,hz,,
47347.2,,,seconds,0.064183571,0.002660186,0.002660186,mjy,Spectral,SpectralFlux,5.44E+14,,,hz,,
47606.4,,,seconds,0.066776534,0.002829159,0.002829159,mjy,Spectral,SpectralFlux,5.44E+14,,,hz,,
47865.6,,,seconds,0.06739441,0.002731192,0.002731192,mjy,Spectral,SpectralFlux,5.44E+14,,,hz,,
48124.8,,,seconds,0.074580257,0.006182186,0.006182186,mjy,Spectral,SpectralFlux,5.44E+14,,,hz,,
48124.8,,,seconds,0.069282552,0.002169594,0.002169594,mjy,Spectral,SpectralFlux,5.44E+14,,,hz,,
48470.4,,,seconds,0.066592278,0.002637351,0.002637351,mjy,Spectral,SpectralFlux,5.44E+14,,,hz,,
48729.6,,,seconds,0.063419655,0.003329465,0.003329465,mjy,Spectral,SpectralFlux,5.44E+14,,,hz,,
48988.8,,,seconds,0.06073288,0.003076538,0.003076538,mjy,Spectral,SpectralFlux,5.44E+14,,,hz,,
49248,,,seconds,0.063419655,0.003271053,0.003271053,mjy,Spectral,SpectralFlux,5.44E+14,,,hz,,
49507.2,,,seconds,0.061294834,0.003726005,0.003726005,mjy,Spectral,SpectralFlux,5.44E+14,,,hz,,
49766.4,,,seconds,0.062607141,0.003113819,0.003113819,mjy,Spectral,SpectralFlux,5.44E+14,,,hz,,
50025.6,,,seconds,0.064598714,0.00273689,0.00273689,mjy,Spectral,SpectralFlux,5.44E+14,,,hz,,
50284.8,,,seconds,0.063186438,0.002444268,0.002444268,mjy,Spectral,SpectralFlux,5.44E+14,,,hz,,
50544,,,seconds,0.055901553,0.002728823,0.002728823,mjy,Spectral,SpectralFlux,5.44E+14,,,hz,,
50803.2,,,seconds,0.056940841,0.003933334,0.003933334,mjy,Spectral,SpectralFlux,5.44E+14,,,hz,,
51062.4,,,seconds,0.0605653,0.003625876,0.003625876,mjy,Spectral,SpectralFlux,5.44E+14,,,hz,,
51235.2,,,seconds,0.071223592,0.005903942,0.005903942,mjy,Spectral,SpectralFlux,5.44E+14,,,hz,,
51321.6,,,seconds,0.05657491,0.004220701,0.004220701,mjy,Spectral,SpectralFlux,5.44E+14,,,hz,,
51580.8,,,seconds,0.05657491,0.004272808,0.004272808,mjy,Spectral,SpectralFlux,5.44E+14,,,hz,,
51840,,,seconds,0.058536112,0.004528755,0.004528755,mjy,Spectral,SpectralFlux,5.44E+14,,,hz,,
52099.2,,,seconds,0.047931815,0.005209326,0.005209326,mjy,Spectral,SpectralFlux,5.44E+14,,,hz,,
52358.4,,,seconds,0.050052281,0.005624182,0.005624182,mjy,Spectral,SpectralFlux,5.44E+14,,,hz,,
52617.6,,,seconds,0.058536112,0.005391375,0.005391375,mjy,Spectral,SpectralFlux,5.44E+14,,,hz,,
52963.2,,,seconds,0.05907774,0.004951547,0.004951547,mjy,Spectral,SpectralFlux,5.44E+14,,,hz,,
53222.4,,,seconds,0.060010034,0.005029687,0.005029687,mjy,Spectral,SpectralFlux,5.44E+14,,,hz,,
53481.6,,,seconds,0.057098392,0.004470113,0.004470113,mjy,Spectral,SpectralFlux,5.44E+14,,,hz,,
53568,,,seconds,0.053533283,0.005423657,0.005423657,mjy,Spectral,SpectralFlux,5.44E+14,,,hz,,
53740.8,,,seconds,0.060176077,0.0052653,0.0052653,mjy,Spectral,SpectralFlux,5.44E+14,,,hz,,
54000,,,seconds,0.053533283,0.004831986,0.004831986,mjy,Spectral,SpectralFlux,5.44E+14,,,hz,,
54259.2,,,seconds,0.05373087,0.004354941,0.004354941,mjy,Spectral,SpectralFlux,5.44E+14,,,hz,,
54518.4,,,seconds,0.048553873,0.00393534,0.00393534,mjy,Spectral,SpectralFlux,5.44E+14,,,hz,,
54777.6,,,seconds,0.05523621,0.003255964,0.003255964,mjy,Spectral,SpectralFlux,5.44E+14,,,hz,,
55036.8,,,seconds,0.056056228,0.003201041,0.003201041,mjy,Spectral,SpectralFlux,5.44E+14,,,hz,,
55036.8,,,seconds,0.052074352,0.006235093,0.006235093,mjy,Spectral,SpectralFlux,5.44E+14,,,hz,,
55296,,,seconds,0.058536112,0.003666135,0.003666135,mjy,Spectral,SpectralFlux,5.44E+14,,,hz,,
55555.2,,,seconds,0.050190772,0.004206694,0.004206694,mjy,Spectral,SpectralFlux,5.44E+14,,,hz,,
55814.4,,,seconds,0.056418804,0.004261018,0.004261018,mjy,Spectral,SpectralFlux,5.44E+14,,,hz,,
56073.6,,,seconds,0.055901553,0.003037747,0.003037747,mjy,Spectral,SpectralFlux,5.44E+14,,,hz,,
56332.8,,,seconds,0.054528541,0.003113804,0.003113804,mjy,Spectral,SpectralFlux,5.44E+14,,,hz,,
56592,,,seconds,0.05255619,0.004017701,0.004017701,mjy,Spectral,SpectralFlux,5.44E+14,,,hz,,
56851.2,,,seconds,0.048688217,0.00358748,0.00358748,mjy,Spectral,SpectralFlux,5.44E+14,,,hz,,
57110.4,,,seconds,0.048553873,0.003667021,0.003667021,mjy,Spectral,SpectralFlux,5.44E+14,,,hz,,
57369.6,,,seconds,0.046927117,0.00380349,0.00380349,mjy,Spectral,SpectralFlux,5.44E+14,,,hz,,
57628.8,,,seconds,0.053533283,0.003451418,0.003451418,mjy,Spectral,SpectralFlux,5.44E+14,,,hz,,
57888,,,seconds,0.05657491,0.005940246,0.005940246,mjy,Spectral,SpectralFlux,5.44E+14,,,hz,,
58147.2,,,seconds,0.046797632,0.005560185,0.005560185,mjy,Spectral,SpectralFlux,5.44E+14,,,hz,,
58406.4,,,seconds,0.051123888,0.006780505,0.006780505,mjy,Spectral,SpectralFlux,5.44E+14,,,hz,,
58665.6,,,seconds,0.051454561,0.00744045,0.00744045,mjy,Spectral,SpectralFlux,5.44E+14,,,hz,,
58924.8,,,seconds,0.04662554,0.011680689,0.011680689,mjy,Spectral,SpectralFlux,5.44E+14,,,hz,,
3196.8,,,seconds,0.798525448,0.058837529,0.058837529,mjy,Spectral,SpectralFlux,4.56E+14,,,hz,,
3369.6,,,seconds,0.573177008,0.100303951,0.100303951,mjy,Spectral,SpectralFlux,4.56E+14,,,hz,,
4838.4,,,seconds,0.64311518,0.014808274,0.014808274,mjy,Spectral,SpectralFlux,4.56E+14,,,hz,,
5184,,,seconds,0.581150694,0.009099413,0.009099413,mjy,Spectral,SpectralFlux,4.56E+14,,,hz,,
5529.6,,,seconds,0.571069231,0.005259742,0.005259742,mjy,Spectral,SpectralFlux,4.56E+14,,,hz,,
5961.6,,,seconds,0.537388986,0.004454582,0.004454582,mjy,Spectral,SpectralFlux,4.56E+14,,,hz,,
5961.6,,,seconds,0.532462174,0.039233263,0.039233263,mjy,Spectral,SpectralFlux,4.56E+14,,,hz,,
6652.8,,,seconds,0.48875224,0.004051417,0.004051417,mjy,Spectral,SpectralFlux,4.56E+14,,,hz,,
7257.6,,,seconds,0.468909208,0.004318813,0.004318813,mjy,Spectral,SpectralFlux,4.56E+14,,,hz,,
7862.4,,,seconds,0.445747341,0.003694936,0.003694936,mjy,Spectral,SpectralFlux,4.56E+14,,,hz,,
8208,,,seconds,0.442882746,0.044870109,0.044870109,mjy,Spectral,SpectralFlux,4.56E+14,,,hz,,
8812.8,,,seconds,0.429624224,0.014245147,0.014245147,mjy,Spectral,SpectralFlux,4.56E+14,,,hz,,
9158.4,,,seconds,0.398371959,0.008439025,0.008439025,mjy,Spectral,SpectralFlux,4.56E+14,,,hz,,
9417.6,,,seconds,0.367695878,0.006095888,0.006095888,mjy,Spectral,SpectralFlux,4.56E+14,,,hz,,
9936,,,seconds,0.382550489,0.004580446,0.004580446,mjy,Spectral,SpectralFlux,4.56E+14,,,hz,,
10108.8,,,seconds,0.396541606,0.021913699,0.021913699,mjy,Spectral,SpectralFlux,4.56E+14,,,hz,,
10540.8,,,seconds,0.335033906,0.002777199,0.002777199,mjy,Spectral,SpectralFlux,4.56E+14,,,hz,,
11145.6,,,seconds,0.343469961,0.004112518,0.004112518,mjy,Spectral,SpectralFlux,4.56E+14,,,hz,,
11750.4,,,seconds,0.343786454,0.004749585,0.004749585,mjy,Spectral,SpectralFlux,4.56E+14,,,hz,,
12787.2,,,seconds,0.321135828,0.014493074,0.014493074,mjy,Spectral,SpectralFlux,4.56E+14,,,hz,,
13132.8,,,seconds,0.289660156,0.007470032,0.007470032,mjy,Spectral,SpectralFlux,4.56E+14,,,hz,,
13392,,,seconds,0.274087204,0.005301317,0.005301317,mjy,Spectral,SpectralFlux,4.56E+14,,,hz,,
13910.4,,,seconds,0.261751248,0.003375145,0.003375145,mjy,Spectral,SpectralFlux,4.56E+14,,,hz,,
14515.2,,,seconds,0.258635873,0.002858549,0.002858549,mjy,Spectral,SpectralFlux,4.56E+14,,,hz,,
15120,,,seconds,0.240707023,0.003768889,0.003768889,mjy,Spectral,SpectralFlux,4.56E+14,,,hz,,
15724.8,,,seconds,0.218518777,0.003018948,0.003018948,mjy,Spectral,SpectralFlux,4.56E+14,,,hz,,
16934.4,,,seconds,0.220947332,0.007326,0.007326,mjy,Spectral,SpectralFlux,4.56E+14,,,hz,,
17193.6,,,seconds,0.21571918,0.005761857,0.005761857,mjy,Spectral,SpectralFlux,4.56E+14,,,hz,,
17712,,,seconds,0.215520587,0.003970036,0.003970036,mjy,Spectral,SpectralFlux,4.56E+14,,,hz,,
18316.8,,,seconds,0.205252644,0.003213759,0.003213759,mjy,Spectral,SpectralFlux,4.56E+14,,,hz,,
18921.6,,,seconds,0.20076535,0.003698234,0.003698234,mjy,Spectral,SpectralFlux,4.56E+14,,,hz,,
19526.4,,,seconds,0.203745845,0.00300251,0.00300251,mjy,Spectral,SpectralFlux,4.56E+14,,,hz,,
20390.4,,,seconds,0.199475132,0.013962977,0.013962977,mjy,Spectral,SpectralFlux,4.56E+14,,,hz,,
20649.6,,,seconds,0.171984283,0.007128152,0.007128152,mjy,Spectral,SpectralFlux,4.56E+14,,,hz,,
20995.2,,,seconds,0.170879026,0.005351104,0.005351104,mjy,Spectral,SpectralFlux,4.56E+14,,,hz,,
21513.6,,,seconds,0.185989643,0.003597359,0.003597359,mjy,Spectral,SpectralFlux,4.56E+14,,,hz,,
22118.4,,,seconds,0.177946218,0.003441785,0.003441785,mjy,Spectral,SpectralFlux,4.56E+14,,,hz,,
35251.2,,,seconds,0.095123706,0.011389582,0.011389582,mjy,Spectral,SpectralFlux,4.56E+14,,,hz,,
36460.8,,,seconds,0.091682988,0.01097761,0.01097761,mjy,Spectral,SpectralFlux,4.56E+14,,,hz,,
39657.6,,,seconds,0.088366725,0.00325555,0.00325555,mjy,Spectral,SpectralFlux,4.56E+14,,,hz,,
40089.6,,,seconds,0.085958487,0.003166828,0.003166828,mjy,Spectral,SpectralFlux,4.56E+14,,,hz,,
41126.4,,,seconds,0.089348808,0.005349064,0.005349064,mjy,Spectral,SpectralFlux,4.56E+14,,,hz,,
41385.6,,,seconds,0.08885641,0.004746707,0.004746707,mjy,Spectral,SpectralFlux,4.56E+14,,,hz,,
41644.8,,,seconds,0.09653588,0.007113027,0.007113027,mjy,Spectral,SpectralFlux,4.56E+14,,,hz,,
41731.2,,,seconds,0.085170415,0.001568897,0.001568897,mjy,Spectral,SpectralFlux,4.56E+14,,,hz,,
42076.8,,,seconds,0.085170415,0.001568897,0.001568897,mjy,Spectral,SpectralFlux,4.56E+14,,,hz,,
42336,,,seconds,0.091598584,0.00717106,0.00717106,mjy,Spectral,SpectralFlux,4.56E+14,,,hz,,
42595.2,,,seconds,0.094773902,0.008903579,0.008903579,mjy,Spectral,SpectralFlux,4.56E+14,,,hz,,
43113.6,,,seconds,0.079852545,0.001470938,0.001470938,mjy,Spectral,SpectralFlux,4.56E+14,,,hz,,
43372.8,,,seconds,0.075978158,0.00776761,0.00776761,mjy,Spectral,SpectralFlux,4.56E+14,,,hz,,
43459.2,,,seconds,0.081337114,0.001498285,0.001498285,mjy,Spectral,SpectralFlux,4.56E+14,,,hz,,
43632,,,seconds,0.091345837,0.008497395,0.008497395,mjy,Spectral,SpectralFlux,4.56E+14,,,hz,,
43891.2,,,seconds,0.084311878,0.007765411,0.007765411,mjy,Spectral,SpectralFlux,4.56E+14,,,hz,,
44150.4,,,seconds,0.095036134,0.008840683,0.008840683,mjy,Spectral,SpectralFlux,4.56E+14,,,hz,,
44409.6,,,seconds,0.082773012,0.007623676,0.007623676,mjy,Spectral,SpectralFlux,4.56E+14,,,hz,,
44582.4,,,seconds,0.077676341,0.001430851,0.001430851,mjy,Spectral,SpectralFlux,4.56E+14,,,hz,,
44668.8,,,seconds,0.076399191,0.003096115,0.003096115,mjy,Spectral,SpectralFlux,4.56E+14,,,hz,,
44928,,,seconds,0.077604832,0.003645311,0.003645311,mjy,Spectral,SpectralFlux,4.56E+14,,,hz,,
44928,,,seconds,0.079120452,0.001457453,0.001457453,mjy,Spectral,SpectralFlux,4.56E+14,,,hz,,
45273.6,,,seconds,0.081262235,0.003517728,0.003517728,mjy,Spectral,SpectralFlux,4.56E+14,,,hz,,
45792,,,seconds,0.078829498,0.00217814,0.00217814,mjy,Spectral,SpectralFlux,4.56E+14,,,hz,,
45964.8,,,seconds,0.0769642,0.001417733,0.001417733,mjy,Spectral,SpectralFlux,4.56E+14,,,hz,,
46051.2,,,seconds,0.075281586,0.00291215,0.00291215,mjy,Spectral,SpectralFlux,4.56E+14,,,hz,,
46310.4,,,seconds,0.073635758,0.001898989,0.001898989,mjy,Spectral,SpectralFlux,4.56E+14,,,hz,,
46310.4,,,seconds,0.075559445,0.000695928,0.000695928,mjy,Spectral,SpectralFlux,4.56E+14,,,hz,,
46569.6,,,seconds,0.071234234,0.002558757,0.002558757,mjy,Spectral,SpectralFlux,4.56E+14,,,hz,,
46828.8,,,seconds,0.073432576,0.001758481,0.001758481,mjy,Spectral,SpectralFlux,4.56E+14,,,hz,,
47088,,,seconds,0.074797789,0.001928957,0.001928957,mjy,Spectral,SpectralFlux,4.56E+14,,,hz,,
47433.6,,,seconds,0.073500241,0.001353924,0.001353924,mjy,Spectral,SpectralFlux,4.56E+14,,,hz,,
47606.4,,,seconds,0.075004749,0.003039605,0.003039605,mjy,Spectral,SpectralFlux,4.56E+14,,,hz,,
47952,,,seconds,0.066540914,0.002390171,0.002390171,mjy,Spectral,SpectralFlux,4.56E+14,,,hz,,
48211.2,,,seconds,0.070321603,0.002525975,0.002525975,mjy,Spectral,SpectralFlux,4.56E+14,,,hz,,
48384,,,seconds,0.071365574,0.001248872,0.001248872,mjy,Spectral,SpectralFlux,4.56E+14,,,hz,,
48556.8,,,seconds,0.068405144,0.002016111,0.002016111,mjy,Spectral,SpectralFlux,4.56E+14,,,hz,,
48729.6,,,seconds,0.070256864,0.001100052,0.001100052,mjy,Spectral,SpectralFlux,4.56E+14,,,hz,,
48816,,,seconds,0.071893357,0.002052703,0.002052703,mjy,Spectral,SpectralFlux,4.56E+14,,,hz,,
48988.8,,,seconds,0.071959603,0.001060436,0.001060436,mjy,Spectral,SpectralFlux,4.56E+14,,,hz,,
49075.2,,,seconds,0.071431334,0.002631628,0.002631628,mjy,Spectral,SpectralFlux,4.56E+14,,,hz,,
49334.4,,,seconds,0.068028166,0.002255625,0.002255625,mjy,Spectral,SpectralFlux,4.56E+14,,,hz,,
49593.6,,,seconds,0.066174209,0.002986486,0.002986486,mjy,Spectral,SpectralFlux,4.56E+14,,,hz,,
49852.8,,,seconds,0.067590983,0.002552397,0.002552397,mjy,Spectral,SpectralFlux,4.56E+14,,,hz,,
50112,,,seconds,0.067590983,0.003299441,0.003299441,mjy,Spectral,SpectralFlux,4.56E+14,,,hz,,
50371.2,,,seconds,0.066540914,0.002574031,0.002574031,mjy,Spectral,SpectralFlux,4.56E+14,,,hz,,
50630.4,,,seconds,0.067590983,0.002303383,0.002303383,mjy,Spectral,SpectralFlux,4.56E+14,,,hz,,
50889.6,,,seconds,0.066174209,0.002986486,0.002986486,mjy,Spectral,SpectralFlux,4.56E+14,,,hz,,
51148.8,,,seconds,0.068216394,0.002764503,0.002764503,mjy,Spectral,SpectralFlux,4.56E+14,,,hz,,
51408,,,seconds,0.0639571,0.00282752,0.00282752,mjy,Spectral,SpectralFlux,4.56E+14,,,hz,,
51667.2,,,seconds,0.065748941,0.003027851,0.003027851,mjy,Spectral,SpectralFlux,4.56E+14,,,hz,,
51926.4,,,seconds,0.066540914,0.002880463,0.002880463,mjy,Spectral,SpectralFlux,4.56E+14,,,hz,,
52099.2,,,seconds,0.065870166,0.001213373,0.001213373,mjy,Spectral,SpectralFlux,4.56E+14,,,hz,,
52185.6,,,seconds,0.063195879,0.003259511,0.003259511,mjy,Spectral,SpectralFlux,4.56E+14,,,hz,,
52444.8,,,seconds,0.065627938,0.00108802,0.00108802,mjy,Spectral,SpectralFlux,4.56E+14,,,hz,,
52444.8,,,seconds,0.067156609,0.003587504,0.003587504,mjy,Spectral,SpectralFlux,4.56E+14,,,hz,,
52704,,,seconds,0.064966394,0.00095738,0.00095738,mjy,Spectral,SpectralFlux,4.56E+14,,,hz,,
52704,,,seconds,0.066971305,0.003824337,0.003824337,mjy,Spectral,SpectralFlux,4.56E+14,,,hz,,
53049.6,,,seconds,0.064966394,0.003650012,0.003650012,mjy,Spectral,SpectralFlux,4.56E+14,,,hz,,
53308.8,,,seconds,0.067590983,0.003735216,0.003735216,mjy,Spectral,SpectralFlux,4.56E+14,,,hz,,
53568,,,seconds,0.061814272,0.003814514,0.003814514,mjy,Spectral,SpectralFlux,4.56E+14,,,hz,,
53827.2,,,seconds,0.057264934,0.00374475,0.00374475,mjy,Spectral,SpectralFlux,4.56E+14,,,hz,,
54086.4,,,seconds,0.062386233,0.00350505,0.00350505,mjy,Spectral,SpectralFlux,4.56E+14,,,hz,,
54345.6,,,seconds,0.060686035,0.002906483,0.002906483,mjy,Spectral,SpectralFlux,4.56E+14,,,hz,,
54604.8,,,seconds,0.054536688,0.003666801,0.003666801,mjy,Spectral,SpectralFlux,4.56E+14,,,hz,,
54864,,,seconds,0.05957839,0.003457045,0.003457045,mjy,Spectral,SpectralFlux,4.56E+14,,,hz,,
55123.2,,,seconds,0.056375286,0.002959643,0.002959643,mjy,Spectral,SpectralFlux,4.56E+14,,,hz,,
55382.4,,,seconds,0.059250055,0.003656278,0.003656278,mjy,Spectral,SpectralFlux,4.56E+14,,,hz,,
55641.6,,,seconds,0.057954713,0.002562157,0.002562157,mjy,Spectral,SpectralFlux,4.56E+14,,,hz,,
55900.8,,,seconds,0.055346321,0.004078068,0.004078068,mjy,Spectral,SpectralFlux,4.56E+14,,,hz,,
56160,,,seconds,0.053837981,0.00262809,0.00262809,mjy,Spectral,SpectralFlux,4.56E+14,,,hz,,
56160,,,seconds,0.060910023,0.000953703,0.000953703,mjy,Spectral,SpectralFlux,4.56E+14,,,hz,,
56419.2,,,seconds,0.060686035,0.002068074,0.002068074,mjy,Spectral,SpectralFlux,4.56E+14,,,hz,,
56505.6,,,seconds,0.060910023,0.000897603,0.000897603,mjy,Spectral,SpectralFlux,4.56E+14,,,hz,,
56678.4,,,seconds,0.059250055,0.002401138,0.002401138,mjy,Spectral,SpectralFlux,4.56E+14,,,hz,,
56764.8,,,seconds,0.058977826,0.000977771,0.000977771,mjy,Spectral,SpectralFlux,4.56E+14,,,hz,,
56937.6,,,seconds,0.054186208,0.002694996,0.002694996,mjy,Spectral,SpectralFlux,4.56E+14,,,hz,,
57196.8,,,seconds,0.058706848,0.002541337,0.002541337,mjy,Spectral,SpectralFlux,4.56E+14,,,hz,,
57456,,,seconds,0.053541281,0.000838327,0.000838327,mjy,Spectral,SpectralFlux,4.56E+14,,,hz,,
57456,,,seconds,0.054036693,0.002787099,0.002787099,mjy,Spectral,SpectralFlux,4.56E+14,,,hz,,
57715.2,,,seconds,0.053442746,0.000886007,0.000886007,mjy,Spectral,SpectralFlux,4.56E+14,,,hz,,
57715.2,,,seconds,0.052370746,0.003376467,0.003376467,mjy,Spectral,SpectralFlux,4.56E+14,,,hz,,
57974.4,,,seconds,0.05689692,0.003615876,0.003615876,mjy,Spectral,SpectralFlux,4.56E+14,,,hz,,
58060.8,,,seconds,0.052904031,0.000974528,0.000974528,mjy,Spectral,SpectralFlux,4.56E+14,,,hz,,
58233.6,,,seconds,0.063780624,0.003994601,0.003994601,mjy,Spectral,SpectralFlux,4.56E+14,,,hz,,
58492.8,,,seconds,0.060910023,0.00549782,0.00549782,mjy,Spectral,SpectralFlux,4.56E+14,,,hz,,
58752,,,seconds,0.054186208,0.0054399,0.0054399,mjy,Spectral,SpectralFlux,4.56E+14,,,hz,,
59011.2,,,seconds,0.050013674,0.008660088,0.008660088,mjy,Spectral,SpectralFlux,4.56E+14,,,hz,,
63936,,,seconds,0.052467305,0.001304753,0.001304753,mjy,Spectral,SpectralFlux,4.56E+14,,,hz,,
64195.2,,,seconds,0.053541281,0.001380774,0.001380774,mjy,Spectral,SpectralFlux,4.56E+14,,,hz,,
64540.8,,,seconds,0.052660959,0.001406574,0.001406574,mjy,Spectral,SpectralFlux,4.56E+14,,,hz,,
5011.2,,,seconds,0.493738428,0.006821248,0.006821248,mjy,Spectral,SpectralFlux,3.72E+14,,,hz,,
5270.4,,,seconds,0.471082455,0.00433883,0.00433883,mjy,Spectral,SpectralFlux,3.72E+14,,,hz,,
5616,,,seconds,0.453624946,0.002506824,0.002506824,mjy,Spectral,SpectralFlux,3.72E+14,,,hz,,
6048,,,seconds,0.418308732,0.001926383,0.001926383,mjy,Spectral,SpectralFlux,3.72E+14,,,hz,,
6739.2,,,seconds,0.392551761,0.001446214,0.001446214,mjy,Spectral,SpectralFlux,3.72E+14,,,hz,,
7344,,,seconds,0.367364283,0.00203013,0.00203013,mjy,Spectral,SpectralFlux,3.72E+14,,,hz,,
7948.8,,,seconds,0.34474417,0.001587606,0.001587606,mjy,Spectral,SpectralFlux,3.72E+14,,,hz,,
8985.6,,,seconds,0.324710947,0.006579536,0.006579536,mjy,Spectral,SpectralFlux,3.72E+14,,,hz,,
9244.8,,,seconds,0.31095456,0.003723197,0.003723197,mjy,Spectral,SpectralFlux,3.72E+14,,,hz,,
9504,,,seconds,0.293424876,0.002972797,0.002972797,mjy,Spectral,SpectralFlux,3.72E+14,,,hz,,
10022.4,,,seconds,0.286217992,0.001845316,0.001845316,mjy,Spectral,SpectralFlux,3.72E+14,,,hz,,
10713.6,,,seconds,0.272581847,0.001506343,0.001506343,mjy,Spectral,SpectralFlux,3.72E+14,,,hz,,
11232,,,seconds,0.264178172,0.00170322,0.00170322,mjy,Spectral,SpectralFlux,3.72E+14,,,hz,,
11923.2,,,seconds,0.247455397,0.001595404,0.001595404,mjy,Spectral,SpectralFlux,3.72E+14,,,hz,,
12960,,,seconds,0.235449043,0.006288841,0.006288841,mjy,Spectral,SpectralFlux,3.72E+14,,,hz,,
13219.2,,,seconds,0.223407079,0.003498014,0.003498014,mjy,Spectral,SpectralFlux,3.72E+14,,,hz,,
13478.4,,,seconds,0.219733832,0.002428588,0.002428588,mjy,Spectral,SpectralFlux,3.72E+14,,,hz,,
13996.8,,,seconds,0.21315569,0.001766913,0.001766913,mjy,Spectral,SpectralFlux,3.72E+14,,,hz,,
14688,,,seconds,0.206393934,0.001330671,0.001330671,mjy,Spectral,SpectralFlux,3.72E+14,,,hz,,
15206.4,,,seconds,0.196379853,0.001808725,0.001808725,mjy,Spectral,SpectralFlux,3.72E+14,,,hz,,
15897.6,,,seconds,0.190150263,0.001401079,0.001401079,mjy,Spectral,SpectralFlux,3.72E+14,,,hz,,
17020.8,,,seconds,0.196560809,0.003801823,0.003801823,mjy,Spectral,SpectralFlux,3.72E+14,,,hz,,
17280,,,seconds,0.174862599,0.002737925,0.002737925,mjy,Spectral,SpectralFlux,3.72E+14,,,hz,,
17798.4,,,seconds,0.167763288,0.001699673,0.001699673,mjy,Spectral,SpectralFlux,3.72E+14,,,hz,,
18489.6,,,seconds,0.162441477,0.001645755,0.001645755,mjy,Spectral,SpectralFlux,3.72E+14,,,hz,,
19008,,,seconds,0.161397547,0.001783832,0.001783832,mjy,Spectral,SpectralFlux,3.72E+14,,,hz,,
19699.2,,,seconds,0.155702982,0.00129067,0.00129067,mjy,Spectral,SpectralFlux,3.72E+14,,,hz,,
20563.2,,,seconds,0.166378395,0.006742567,0.006742567,mjy,Spectral,SpectralFlux,3.72E+14,,,hz,,
20736,,,seconds,0.159623537,0.003528449,0.003528449,mjy,Spectral,SpectralFlux,3.72E+14,,,hz,,
21081.6,,,seconds,0.149932896,0.002623773,0.002623773,mjy,Spectral,SpectralFlux,3.72E+14,,,hz,,
21600,,,seconds,0.139796703,0.00154509,0.00154509,mjy,Spectral,SpectralFlux,3.72E+14,,,hz,,
22291.2,,,seconds,0.137751688,0.001649362,0.001649362,mjy,Spectral,SpectralFlux,3.72E+14,,,hz,,
49334.4,,,seconds,0.057530339,0.000900786,0.000900786,mjy,Spectral,SpectralFlux,3.72E+14,,,hz,,
49680,,,seconds,0.058276966,0.000805126,0.000805126,mjy,Spectral,SpectralFlux,3.72E+14,,,hz,,
50025.6,,,seconds,0.056480292,0.000728284,0.000728284,mjy,Spectral,SpectralFlux,3.72E+14,,,hz,,
53049.6,,,seconds,0.055756683,0.001027076,0.001027076,mjy,Spectral,SpectralFlux,3.72E+14,,,hz,,
53395.2,,,seconds,0.057213291,0.000790431,0.000790431,mjy,Spectral,SpectralFlux,3.72E+14,,,hz,,
53654.4,,,seconds,0.056740993,0.000679385,0.000679385,mjy,Spectral,SpectralFlux,3.72E+14,,,hz,,
58406.4,,,seconds,0.04896626,0.000631394,0.000631394,mjy,Spectral,SpectralFlux,3.72E+14,,,hz,,
58665.6,,,seconds,0.050850699,0.000562023,0.000562023,mjy,Spectral,SpectralFlux,3.72E+14,,,hz,,
59011.2,,,seconds,0.050384497,0.000649682,0.000649682,mjy,Spectral,SpectralFlux,3.72E+14,,,hz,,
64886.4,,,seconds,0.043601048,0.000562213,0.000562213,mjy,Spectral,SpectralFlux,3.72E+14,,,hz,,
65145.6,,,seconds,0.04340072,0.00055963,0.00055963,mjy,Spectral,SpectralFlux,3.72E+14,,,hz,,
65491.2,,,seconds,0.041600345,0.000651361,0.000651361,mjy,Spectral,SpectralFlux,3.72E+14,,,hz,,
850.747,,,seconds,6.11E-10,9.48E-11,9.48E-11,cgs,Integrated,IntegratedFlux,,7.25E+16,2.42E+18,hz,,
853.762,,,seconds,7.94E-10,1.18E-10,1.18E-10,cgs,Integrated,IntegratedFlux,,7.25E+16,2.42E+18,hz,,
857.433,,,seconds,6.60E-10,9.83E-11,9.83E-11,cgs,Integrated,IntegratedFlux,,7.25E+16,2.42E+18,hz,,
860.457,,,seconds,9.06E-10,1.38E-10,1.38E-10,cgs,Integrated,IntegratedFlux,,7.25E+16,2.42E+18,hz,,
863.261,,,seconds,8.03E-10,1.20E-10,1.20E-10,cgs,Integrated,IntegratedFlux,,7.25E+16,2.42E+18,hz,,
866.418,,,seconds,7.70E-10,1.15E-10,1.15E-10,cgs,Integrated,IntegratedFlux,,7.25E+16,2.42E+18,hz,,
869.571,,,seconds,6.62E-10,1.03E-10,1.03E-10,cgs,Integrated,IntegratedFlux,,7.25E+16,2.42E+18,hz,,
873.327,,,seconds,5.65E-10,8.59E-11,8.59E-11,cgs,Integrated,IntegratedFlux,,7.25E+16,2.42E+18,hz,,
877.002,,,seconds,7.60E-10,1.16E-10,1.16E-10,cgs,Integrated,IntegratedFlux,,7.25E+16,2.42E+18,hz,,
880.022,,,seconds,8.46E-10,1.26E-10,1.26E-10,cgs,Integrated,IntegratedFlux,,7.25E+16,2.42E+18,hz,,
883.423,,,seconds,6.47E-10,9.65E-11,9.65E-11,cgs,Integrated,IntegratedFlux,,7.25E+16,2.42E+18,hz,,
886.387,,,seconds,7.70E-10,1.20E-10,1.20E-10,cgs,Integrated,IntegratedFlux,,7.25E+16,2.42E+18,hz,,
890.271,,,seconds,5.59E-10,8.34E-11,8.34E-11,cgs,Integrated,IntegratedFlux,,7.25E+16,2.42E+18,hz,,
894.023,,,seconds,6.62E-10,1.01E-10,1.01E-10,cgs,Integrated,IntegratedFlux,,7.25E+16,2.42E+18,hz,,
897.283,,,seconds,8.24E-10,1.23E-10,1.23E-10,cgs,Integrated,IntegratedFlux,,7.25E+16,2.42E+18,hz,,
900.339,,,seconds,8.08E-10,1.20E-10,1.20E-10,cgs,Integrated,IntegratedFlux,,7.25E+16,2.42E+18,hz,,
903.216,,,seconds,8.93E-10,1.33E-10,1.33E-10,cgs,Integrated,IntegratedFlux,,7.25E+16,2.42E+18,hz,,
906.001,,,seconds,7.72E-10,1.17E-10,1.17E-10,cgs,Integrated,IntegratedFlux,,7.25E+16,2.42E+18,hz,,
909.278,,,seconds,6.87E-10,1.05E-10,1.05E-10,cgs,Integrated,IntegratedFlux,,7.25E+16,2.42E+18,hz,,
912.478,,,seconds,7.15E-10,1.07E-10,1.07E-10,cgs,Integrated,IntegratedFlux,,7.25E+16,2.42E+18,hz,,
916.199,,,seconds,6.43E-10,9.59E-11,9.59E-11,cgs,Integrated,IntegratedFlux,,7.25E+16,2.42E+18,hz,,
920.201,,,seconds,6.13E-10,9.14E-11,9.14E-11,cgs,Integrated,IntegratedFlux,,7.25E+16,2.42E+18,hz,,
923.249,,,seconds,8.66E-10,1.29E-10,1.29E-10,cgs,Integrated,IntegratedFlux,,7.25E+16,2.42E+18,hz,,
926.296,,,seconds,7.86E-10,1.17E-10,1.17E-10,cgs,Integrated,IntegratedFlux,,7.25E+16,2.42E+18,hz,,
929.241,,,seconds,7.54E-10,1.12E-10,1.12E-10,cgs,Integrated,IntegratedFlux,,7.25E+16,2.42E+18,hz,,
932.094,,,seconds,1.01E-09,1.54E-10,1.54E-10,cgs,Integrated,IntegratedFlux,,7.25E+16,2.42E+18,hz,,
935.416,,,seconds,5.70E-10,8.49E-11,8.49E-11,cgs,Integrated,IntegratedFlux,,7.25E+16,2.42E+18,hz,,
939.281,,,seconds,6.05E-10,9.60E-11,9.60E-11,cgs,Integrated,IntegratedFlux,,7.25E+16,2.42E+18,hz,,
942.892,,,seconds,6.44E-10,9.60E-11,9.60E-11,cgs,Integrated,IntegratedFlux,,7.25E+16,2.42E+18,hz,,
946.759,,,seconds,6.25E-10,9.91E-11,9.91E-11,cgs,Integrated,IntegratedFlux,,7.25E+16,2.42E+18,hz,,
950.136,,,seconds,6.10E-10,9.88E-11,9.88E-11,cgs,Integrated,IntegratedFlux,,7.25E+16,2.42E+18,hz,,
953.512,,,seconds,7.71E-10,1.17E-10,1.17E-10,cgs,Integrated,IntegratedFlux,,7.25E+16,2.42E+18,hz,,
956.994,,,seconds,6.85E-10,1.02E-10,1.02E-10,cgs,Integrated,IntegratedFlux,,7.25E+16,2.42E+18,hz,,
960.519,,,seconds,6.44E-10,1.00E-10,1.00E-10,cgs,Integrated,IntegratedFlux,,7.25E+16,2.42E+18,hz,,
964.282,,,seconds,6.12E-10,9.31E-11,9.31E-11,cgs,Integrated,IntegratedFlux,,7.25E+16,2.42E+18,hz,,
968.065,,,seconds,6.58E-10,9.80E-11,9.80E-11,cgs,Integrated,IntegratedFlux,,7.25E+16,2.42E+18,hz,,
971.368,,,seconds,8.13E-10,1.21E-10,1.21E-10,cgs,Integrated,IntegratedFlux,,7.25E+16,2.42E+18,hz,,
974.472,,,seconds,6.79E-10,1.05E-10,1.05E-10,cgs,Integrated,IntegratedFlux,,7.25E+16,2.42E+18,hz,,
977.777,,,seconds,7.01E-10,1.07E-10,1.07E-10,cgs,Integrated,IntegratedFlux,,7.25E+16,2.42E+18,hz,,
980.927,,,seconds,8.12E-10,1.21E-10,1.21E-10,cgs,Integrated,IntegratedFlux,,7.25E+16,2.42E+18,hz,,
984.244,,,seconds,4.78E-10,8.84E-11,8.84E-11,cgs,Integrated,IntegratedFlux,,7.25E+16,2.42E+18,hz,,
987.508,,,seconds,7.59E-10,1.15E-10,1.15E-10,cgs,Integrated,IntegratedFlux,,7.25E+16,2.42E+18,hz,,
990.31,,,seconds,7.71E-10,1.15E-10,1.15E-10,cgs,Integrated,IntegratedFlux,,7.25E+16,2.42E+18,hz,,
993.396,,,seconds,8.44E-10,1.26E-10,1.26E-10,cgs,Integrated,IntegratedFlux,,7.25E+16,2.42E+18,hz,,
996.418,,,seconds,7.06E-10,1.05E-10,1.05E-10,cgs,Integrated,IntegratedFlux,,7.25E+16,2.42E+18,hz,,
1000.235,,,seconds,5.86E-10,8.74E-11,8.74E-11,cgs,Integrated,IntegratedFlux,,7.25E+16,2.42E+18,hz,,
1004.241,,,seconds,6.25E-10,9.32E-11,9.32E-11,cgs,Integrated,IntegratedFlux,,7.25E+16,2.42E+18,hz,,
1007.996,,,seconds,6.45E-10,9.62E-11,9.62E-11,cgs,Integrated,IntegratedFlux,,7.25E+16,2.42E+18,hz,,
1011.744,,,seconds,5.97E-10,8.90E-11,8.90E-11,cgs,Integrated,IntegratedFlux,,7.25E+16,2.42E+18,hz,,
1015.393,,,seconds,6.90E-10,1.09E-10,1.09E-10,cgs,Integrated,IntegratedFlux,,7.25E+16,2.42E+18,hz,,
1018.421,,,seconds,8.83E-10,1.37E-10,1.37E-10,cgs,Integrated,IntegratedFlux,,7.25E+16,2.42E+18,hz,,
1021.803,,,seconds,5.27E-10,7.86E-11,7.86E-11,cgs,Integrated,IntegratedFlux,,7.25E+16,2.42E+18,hz,,
1025.956,,,seconds,6.15E-10,9.36E-11,9.36E-11,cgs,Integrated,IntegratedFlux,,7.25E+16,2.42E+18,hz,,
1029.444,,,seconds,8.06E-10,1.23E-10,1.23E-10,cgs,Integrated,IntegratedFlux,,7.25E+16,2.42E+18,hz,,
1032.531,,,seconds,7.69E-10,1.15E-10,1.15E-10,cgs,Integrated,IntegratedFlux,,7.25E+16,2.42E+18,hz,,
1035.647,,,seconds,6.27E-10,9.74E-11,9.74E-11,cgs,Integrated,IntegratedFlux,,7.25E+16,2.42E+18,hz,,
1039.652,,,seconds,4.64E-10,9.00E-11,9.00E-11,cgs,Integrated,IntegratedFlux,,7.25E+16,2.42E+18,hz,,
1042.889,,,seconds,6.65E-10,1.03E-10,1.03E-10,cgs,Integrated,IntegratedFlux,,7.25E+16,2.42E+18,hz,,
1046.191,,,seconds,7.74E-10,1.15E-10,1.15E-10,cgs,Integrated,IntegratedFlux,,7.25E+16,2.42E+18,hz,,
1049.11,,,seconds,6.68E-10,1.04E-10,1.04E-10,cgs,Integrated,IntegratedFlux,,7.25E+16,2.42E+18,hz,,
1052.681,,,seconds,7.02E-10,1.07E-10,1.07E-10,cgs,Integrated,IntegratedFlux,,7.25E+16,2.42E+18,hz,,
1056.371,,,seconds,6.23E-10,9.48E-11,9.48E-11,cgs,Integrated,IntegratedFlux,,7.25E+16,2.42E+18,hz,,
1059.97,,,seconds,6.97E-10,1.04E-10,1.04E-10,cgs,Integrated,IntegratedFlux,,7.25E+16,2.42E+18,hz,,
1063.208,,,seconds,7.46E-10,1.13E-10,1.13E-10,cgs,Integrated,IntegratedFlux,,7.25E+16,2.42E+18,hz,,
1066.827,,,seconds,5.33E-10,7.95E-11,7.95E-11,cgs,Integrated,IntegratedFlux,,7.25E+16,2.42E+18,hz,,
1070.955,,,seconds,6.60E-10,9.84E-11,9.84E-11,cgs,Integrated,IntegratedFlux,,7.25E+16,2.42E+18,hz,,
1074.4,,,seconds,8.49E-10,1.29E-10,1.29E-10,cgs,Integrated,IntegratedFlux,,7.25E+16,2.42E+18,hz,,
1077.355,,,seconds,7.17E-10,1.09E-10,1.09E-10,cgs,Integrated,IntegratedFlux,,7.25E+16,2.42E+18,hz,,
1080.542,,,seconds,6.47E-10,9.64E-11,9.64E-11,cgs,Integrated,IntegratedFlux,,7.25E+16,2.42E+18,hz,,
1084.251,,,seconds,6.78E-10,1.05E-10,1.05E-10,cgs,Integrated,IntegratedFlux,,7.25E+16,2.42E+18,hz,,
1087.692,,,seconds,6.65E-10,1.03E-10,1.03E-10,cgs,Integrated,IntegratedFlux,,7.25E+16,2.42E+18,hz,,
1091.572,,,seconds,5.42E-10,8.09E-11,8.09E-11,cgs,Integrated,IntegratedFlux,,7.25E+16,2.42E+18,hz,,
1095.56,,,seconds,7.09E-10,1.06E-10,1.06E-10,cgs,Integrated,IntegratedFlux,,7.25E+16,2.42E+18,hz,,
1099.032,,,seconds,7.40E-10,1.13E-10,1.13E-10,cgs,Integrated,IntegratedFlux,,7.25E+16,2.42E+18,hz,,
1102.237,,,seconds,6.52E-10,9.72E-11,9.72E-11,cgs,Integrated,IntegratedFlux,,7.25E+16,2.42E+18,hz,,
1105.792,,,seconds,7.32E-10,1.09E-10,1.09E-10,cgs,Integrated,IntegratedFlux,,7.25E+16,2.42E+18,hz,,
1109.612,,,seconds,5.61E-10,8.54E-11,8.54E-11,cgs,Integrated,IntegratedFlux,,7.25E+16,2.42E+18,hz,,
1113.433,,,seconds,6.32E-10,9.62E-11,9.62E-11,cgs,Integrated,IntegratedFlux,,7.25E+16,2.42E+18,hz,,
1117.037,,,seconds,7.47E-10,1.11E-10,1.11E-10,cgs,Integrated,IntegratedFlux,,7.25E+16,2.42E+18,hz,,
1120.47,,,seconds,5.16E-10,8.18E-11,8.18E-11,cgs,Integrated,IntegratedFlux,,7.25E+16,2.42E+18,hz,,
1125.039,,,seconds,6.12E-10,9.12E-11,9.12E-11,cgs,Integrated,IntegratedFlux,,7.25E+16,2.42E+18,hz,,
1128.631,,,seconds,6.55E-10,9.77E-11,9.77E-11,cgs,Integrated,IntegratedFlux,,7.25E+16,2.42E+18,hz,,
1131.941,,,seconds,6.72E-10,1.00E-10,1.00E-10,cgs,Integrated,IntegratedFlux,,7.25E+16,2.42E+18,hz,,
1135.869,,,seconds,6.13E-10,9.52E-11,9.52E-11,cgs,Integrated,IntegratedFlux,,7.25E+16,2.42E+18,hz,,
1139.588,,,seconds,6.57E-10,1.00E-10,1.00E-10,cgs,Integrated,IntegratedFlux,,7.25E+16,2.42E+18,hz,,
1142.686,,,seconds,7.51E-10,1.14E-10,1.14E-10,cgs,Integrated,IntegratedFlux,,7.25E+16,2.42E+18,hz,,
1146.28,,,seconds,6.63E-10,1.01E-10,1.01E-10,cgs,Integrated,IntegratedFlux,,7.25E+16,2.42E+18,hz,,
1149.802,,,seconds,4.49E-10,8.72E-11,8.72E-11,cgs,Integrated,IntegratedFlux,,7.25E+16,2.42E+18,hz,,
1153.401,,,seconds,5.63E-10,8.57E-11,8.57E-11,cgs,Integrated,IntegratedFlux,,7.25E+16,2.42E+18,hz,,
1157.899,,,seconds,5.01E-10,7.46E-11,7.46E-11,cgs,Integrated,IntegratedFlux,,7.25E+16,2.42E+18,hz,,
1162.244,,,seconds,5.90E-10,8.97E-11,8.97E-11,cgs,Integrated,IntegratedFlux,,7.25E+16,2.42E+18,hz,,
1166.331,,,seconds,5.45E-10,8.46E-11,8.46E-11,cgs,Integrated,IntegratedFlux,,7.25E+16,2.42E+18,hz,,
1171.033,,,seconds,5.09E-10,7.90E-11,7.90E-11,cgs,Integrated,IntegratedFlux,,7.25E+16,2.42E+18,hz,,
1175.258,,,seconds,5.82E-10,9.22E-11,9.22E-11,cgs,Integrated,IntegratedFlux,,7.25E+16,2.42E+18,hz,,
1179.266,,,seconds,5.73E-10,9.08E-11,9.08E-11,cgs,Integrated,IntegratedFlux,,7.25E+16,2.42E+18,hz,,
1182.835,,,seconds,5.68E-10,8.64E-11,8.64E-11,cgs,Integrated,IntegratedFlux,,7.25E+16,2.42E+18,hz,,
1186.711,,,seconds,7.43E-10,1.13E-10,1.13E-10,cgs,Integrated,IntegratedFlux,,7.25E+16,2.42E+18,hz,,
1190.209,,,seconds,6.55E-10,9.76E-11,9.76E-11,cgs,Integrated,IntegratedFlux,,7.25E+16,2.42E+18,hz,,
1194.096,,,seconds,6.45E-10,1.02E-10,1.02E-10,cgs,Integrated,IntegratedFlux,,7.25E+16,2.42E+18,hz,,
1197.465,,,seconds,5.94E-10,9.03E-11,9.03E-11,cgs,Integrated,IntegratedFlux,,7.25E+16,2.42E+18,hz,,
1201.396,,,seconds,6.36E-10,9.48E-11,9.48E-11,cgs,Integrated,IntegratedFlux,,7.25E+16,2.42E+18,hz,,
1205.185,,,seconds,6.28E-10,9.56E-11,9.56E-11,cgs,Integrated,IntegratedFlux,,7.25E+16,2.42E+18,hz,,
1209.048,,,seconds,4.83E-10,7.50E-11,7.50E-11,cgs,Integrated,IntegratedFlux,,7.25E+16,2.42E+18,hz,,
1213.618,,,seconds,6.26E-10,9.24E-11,9.24E-11,cgs,Integrated,IntegratedFlux,,7.25E+16,2.42E+18,hz,,
1217.536,,,seconds,5.10E-10,7.76E-11,7.76E-11,cgs,Integrated,IntegratedFlux,,7.25E+16,2.42E+18,hz,,
1222.03,,,seconds,6.20E-10,9.24E-11,9.24E-11,cgs,Integrated,IntegratedFlux,,7.25E+16,2.42E+18,hz,,
1225.966,,,seconds,5.86E-10,8.74E-11,8.74E-11,cgs,Integrated,IntegratedFlux,,7.25E+16,2.42E+18,hz,,
1230.063,,,seconds,6.84E-10,1.02E-10,1.02E-10,cgs,Integrated,IntegratedFlux,,7.25E+16,2.42E+18,hz,,
1233.669,,,seconds,5.60E-10,8.34E-11,8.34E-11,cgs,Integrated,IntegratedFlux,,7.25E+16,2.42E+18,hz,,
1237.865,,,seconds,4.59E-10,8.18E-11,8.18E-11,cgs,Integrated,IntegratedFlux,,7.25E+16,2.42E+18,hz,,
1241.332,,,seconds,4.47E-10,8.40E-11,8.40E-11,cgs,Integrated,IntegratedFlux,,7.25E+16,2.42E+18,hz,,
1245.842,,,seconds,6.00E-10,9.31E-11,9.31E-11,cgs,Integrated,IntegratedFlux,,7.25E+16,2.42E+18,hz,,
1249.89,,,seconds,4.73E-10,7.19E-11,7.19E-11,cgs,Integrated,IntegratedFlux,,7.25E+16,2.42E+18,hz,,
1254.537,,,seconds,6.20E-10,9.24E-11,9.24E-11,cgs,Integrated,IntegratedFlux,,7.25E+16,2.42E+18,hz,,
1258.408,,,seconds,5.86E-10,8.73E-11,8.73E-11,cgs,Integrated,IntegratedFlux,,7.25E+16,2.42E+18,hz,,
1261.7,,,seconds,8.24E-10,1.23E-10,1.23E-10,cgs,Integrated,IntegratedFlux,,7.25E+16,2.42E+18,hz,,
1265.436,,,seconds,5.74E-10,8.56E-11,8.56E-11,cgs,Integrated,IntegratedFlux,,7.25E+16,2.42E+18,hz,,
1269.111,,,seconds,7.53E-10,1.12E-10,1.12E-10,cgs,Integrated,IntegratedFlux,,7.25E+16,2.42E+18,hz,,
1272.848,,,seconds,5.18E-10,7.72E-11,7.72E-11,cgs,Integrated,IntegratedFlux,,7.25E+16,2.42E+18,hz,,
1277.229,,,seconds,5.26E-10,8.00E-11,8.00E-11,cgs,Integrated,IntegratedFlux,,7.25E+16,2.42E+18,hz,,
1281.779,,,seconds,5.65E-10,8.59E-11,8.59E-11,cgs,Integrated,IntegratedFlux,,7.25E+16,2.42E+18,hz,,
1285.515,,,seconds,4.86E-10,8.88E-11,8.88E-11,cgs,Integrated,IntegratedFlux,,7.25E+16,2.42E+18,hz,,
1288.871,,,seconds,7.19E-10,1.07E-10,1.07E-10,cgs,Integrated,IntegratedFlux,,7.25E+16,2.42E+18,hz,,
1292.742,,,seconds,5.80E-10,9.01E-11,9.01E-11,cgs,Integrated,IntegratedFlux,,7.25E+16,2.42E+18,hz,,
1296.582,,,seconds,6.57E-10,9.80E-11,9.80E-11,cgs,Integrated,IntegratedFlux,,7.25E+16,2.42E+18,hz,,
1299.559,,,seconds,6.91E-10,1.05E-10,1.05E-10,cgs,Integrated,IntegratedFlux,,7.25E+16,2.42E+18,hz,,
1303.286,,,seconds,4.32E-10,9.02E-11,9.02E-11,cgs,Integrated,IntegratedFlux,,7.25E+16,2.42E+18,hz,,
1306.579,,,seconds,4.55E-10,7.90E-11,7.90E-11,cgs,Integrated,IntegratedFlux,,7.25E+16,2.42E+18,hz,,
1310.546,,,seconds,6.06E-10,9.22E-11,9.22E-11,cgs,Integrated,IntegratedFlux,,7.25E+16,2.42E+18,hz,,
1314.623,,,seconds,6.19E-10,9.41E-11,9.41E-11,cgs,Integrated,IntegratedFlux,,7.25E+16,2.42E+18,hz,,
1318.484,,,seconds,5.68E-10,9.01E-11,9.01E-11,cgs,Integrated,IntegratedFlux,,7.25E+16,2.42E+18,hz,,
1322.895,,,seconds,3.83E-10,7.21E-11,7.21E-11,cgs,Integrated,IntegratedFlux,,7.25E+16,2.42E+18,hz,,
1326.443,,,seconds,5.74E-10,8.91E-11,8.91E-11,cgs,Integrated,IntegratedFlux,,7.25E+16,2.42E+18,hz,,
1329.828,,,seconds,7.95E-10,1.21E-10,1.21E-10,cgs,Integrated,IntegratedFlux,,7.25E+16,2.42E+18,hz,,
1333.417,,,seconds,6.56E-10,9.99E-11,9.99E-11,cgs,Integrated,IntegratedFlux,,7.25E+16,2.42E+18,hz,,
1337.009,,,seconds,6.91E-10,1.05E-10,1.05E-10,cgs,Integrated,IntegratedFlux,,7.25E+16,2.42E+18,hz,,
1340.389,,,seconds,6.27E-10,9.34E-11,9.34E-11,cgs,Integrated,IntegratedFlux,,7.25E+16,2.42E+18,hz,,
1344.41,,,seconds,6.17E-10,9.19E-11,9.19E-11,cgs,Integrated,IntegratedFlux,,7.25E+16,2.42E+18,hz,,
1347.685,,,seconds,4.43E-10,8.34E-11,8.34E-11,cgs,Integrated,IntegratedFlux,,7.25E+16,2.42E+18,hz,,
1351.725,,,seconds,6.67E-10,9.94E-11,9.94E-11,cgs,Integrated,IntegratedFlux,,7.25E+16,2.42E+18,hz,,
1355.391,,,seconds,6.52E-10,9.91E-11,9.91E-11,cgs,Integrated,IntegratedFlux,,7.25E+16,2.42E+18,hz,,
1358.53,,,seconds,7.49E-10,1.12E-10,1.12E-10,cgs,Integrated,IntegratedFlux,,7.25E+16,2.42E+18,hz,,
1361.987,,,seconds,6.75E-10,1.03E-10,1.03E-10,cgs,Integrated,IntegratedFlux,,7.25E+16,2.42E+18,hz,,
1365.904,,,seconds,5.46E-10,8.14E-11,8.14E-11,cgs,Integrated,IntegratedFlux,,7.25E+16,2.42E+18,hz,,
1370.079,,,seconds,5.70E-10,8.67E-11,8.67E-11,cgs,Integrated,IntegratedFlux,,7.25E+16,2.42E+18,hz,,
1374.007,,,seconds,6.13E-10,9.14E-11,9.14E-11,cgs,Integrated,IntegratedFlux,,7.25E+16,2.42E+18,hz,,
1378.032,,,seconds,5.56E-10,8.28E-11,8.28E-11,cgs,Integrated,IntegratedFlux,,7.25E+16,2.42E+18,hz,,
1381.907,,,seconds,6.49E-10,1.01E-10,1.01E-10,cgs,Integrated,IntegratedFlux,,7.25E+16,2.42E+18,hz,,
1385.679,,,seconds,4.47E-10,8.16E-11,8.16E-11,cgs,Integrated,IntegratedFlux,,7.25E+16,2.42E+18,hz,,
1389.699,,,seconds,5.97E-10,9.08E-11,9.08E-11,cgs,Integrated,IntegratedFlux,,7.25E+16,2.42E+18,hz,,
1393.71,,,seconds,5.14E-10,7.82E-11,7.82E-11,cgs,Integrated,IntegratedFlux,,7.25E+16,2.42E+18,hz,,
1397.609,,,seconds,6.91E-10,1.03E-10,1.03E-10,cgs,Integrated,IntegratedFlux,,7.25E+16,2.42E+18,hz,,
1401.465,,,seconds,5.18E-10,8.04E-11,8.04E-11,cgs,Integrated,IntegratedFlux,,7.25E+16,2.42E+18,hz,,
1405.985,,,seconds,5.19E-10,7.89E-11,7.89E-11,cgs,Integrated,IntegratedFlux,,7.25E+16,2.42E+18,hz,,
1410.239,,,seconds,6.13E-10,9.33E-11,9.33E-11,cgs,Integrated,IntegratedFlux,,7.25E+16,2.42E+18,hz,,
1414.652,,,seconds,4.94E-10,7.37E-11,7.37E-11,cgs,Integrated,IntegratedFlux,,7.25E+16,2.42E+18,hz,,
1419.191,,,seconds,5.65E-10,8.59E-11,8.59E-11,cgs,Integrated,IntegratedFlux,,7.25E+16,2.42E+18,hz,,
1423.099,,,seconds,6.55E-10,9.76E-11,9.76E-11,cgs,Integrated,IntegratedFlux,,7.25E+16,2.42E+18,hz,,
1426.901,,,seconds,6.18E-10,9.21E-11,9.21E-11,cgs,Integrated,IntegratedFlux,,7.25E+16,2.42E+18,hz,,
1430.466,,,seconds,4.77E-10,8.71E-11,8.71E-11,cgs,Integrated,IntegratedFlux,,7.25E+16,2.42E+18,hz,,
1434.112,,,seconds,6.21E-10,9.85E-11,9.85E-11,cgs,Integrated,IntegratedFlux,,7.25E+16,2.42E+18,hz,,
1437.304,,,seconds,4.80E-10,8.62E-11,8.62E-11,cgs,Integrated,IntegratedFlux,,7.25E+16,2.42E+18,hz,,
1440.787,,,seconds,8.01E-10,1.22E-10,1.22E-10,cgs,Integrated,IntegratedFlux,,7.25E+16,2.42E+18,hz,,
1444.025,,,seconds,4.76E-10,8.04E-11,8.04E-11,cgs,Integrated,IntegratedFlux,,7.25E+16,2.42E+18,hz,,
1448.11,,,seconds,6.67E-10,1.04E-10,1.04E-10,cgs,Integrated,IntegratedFlux,,7.25E+16,2.42E+18,hz,,
1451.292,,,seconds,6.66E-10,9.93E-11,9.93E-11,cgs,Integrated,IntegratedFlux,,7.25E+16,2.42E+18,hz,,
1454.745,,,seconds,4.59E-10,8.90E-11,8.90E-11,cgs,Integrated,IntegratedFlux,,7.25E+16,2.42E+18,hz,,
1457.88,,,seconds,4.70E-10,8.54E-11,8.54E-11,cgs,Integrated,IntegratedFlux,,7.25E+16,2.42E+18,hz,,
1461.614,,,seconds,6.76E-10,1.01E-10,1.01E-10,cgs,Integrated,IntegratedFlux,,7.25E+16,2.42E+18,hz,,
1465.774,,,seconds,4.07E-10,7.43E-11,7.43E-11,cgs,Integrated,IntegratedFlux,,7.25E+16,2.42E+18,hz,,
1469.582,,,seconds,5.23E-10,7.80E-11,7.80E-11,cgs,Integrated,IntegratedFlux,,7.25E+16,2.42E+18,hz,,
1473.652,,,seconds,6.73E-10,1.00E-10,1.00E-10,cgs,Integrated,IntegratedFlux,,7.25E+16,2.42E+18,hz,,
1477.452,,,seconds,5.94E-10,8.85E-11,8.85E-11,cgs,Integrated,IntegratedFlux,,7.25E+16,2.42E+18,hz,,
1481.171,,,seconds,4.51E-10,8.07E-11,8.07E-11,cgs,Integrated,IntegratedFlux,,7.25E+16,2.42E+18,hz,,
1485.33,,,seconds,5.82E-10,9.22E-11,9.22E-11,cgs,Integrated,IntegratedFlux,,7.25E+16,2.42E+18,hz,,
1489.336,,,seconds,6.20E-10,9.43E-11,9.43E-11,cgs,Integrated,IntegratedFlux,,7.25E+16,2.42E+18,hz,,
1492.89,,,seconds,6.19E-10,9.42E-11,9.42E-11,cgs,Integrated,IntegratedFlux,,7.25E+16,2.42E+18,hz,,
1496.316,,,seconds,7.86E-10,1.17E-10,1.17E-10,cgs,Integrated,IntegratedFlux,,7.25E+16,2.42E+18,hz,,
1499.9,,,seconds,5.23E-10,7.96E-11,7.96E-11,cgs,Integrated,IntegratedFlux,,7.25E+16,2.42E+18,hz,,
1504.259,,,seconds,4.28E-10,7.82E-11,7.82E-11,cgs,Integrated,IntegratedFlux,,7.25E+16,2.42E+18,hz,,
1507.738,,,seconds,7.57E-10,1.15E-10,1.15E-10,cgs,Integrated,IntegratedFlux,,7.25E+16,2.42E+18,hz,,
1511.217,,,seconds,3.89E-10,7.32E-11,7.32E-11,cgs,Integrated,IntegratedFlux,,7.25E+16,2.42E+18,hz,,
1515.214,,,seconds,4.85E-10,7.77E-11,7.77E-11,cgs,Integrated,IntegratedFlux,,7.25E+16,2.42E+18,hz,,
1519.369,,,seconds,6.24E-10,9.69E-11,9.69E-11,cgs,Integrated,IntegratedFlux,,7.25E+16,2.42E+18,hz,,
1522.628,,,seconds,4.56E-10,8.32E-11,8.32E-11,cgs,Integrated,IntegratedFlux,,7.25E+16,2.42E+18,hz,,
1526.456,,,seconds,4.43E-10,8.34E-11,8.34E-11,cgs,Integrated,IntegratedFlux,,7.25E+16,2.42E+18,hz,,
1529.913,,,seconds,6.72E-10,1.00E-10,1.00E-10,cgs,Integrated,IntegratedFlux,,7.25E+16,2.42E+18,hz,,
1533.811,,,seconds,5.53E-10,8.59E-11,8.59E-11,cgs,Integrated,IntegratedFlux,,7.25E+16,2.42E+18,hz,,
1537.524,,,seconds,4.45E-10,7.72E-11,7.72E-11,cgs,Integrated,IntegratedFlux,,7.25E+16,2.42E+18,hz,,
1541.824,,,seconds,6.12E-10,9.50E-11,9.50E-11,cgs,Integrated,IntegratedFlux,,7.25E+16,2.42E+18,hz,,
1546.092,,,seconds,4.90E-10,7.61E-11,7.61E-11,cgs,Integrated,IntegratedFlux,,7.25E+16,2.42E+18,hz,,
1550.533,,,seconds,5.13E-10,8.12E-11,8.12E-11,cgs,Integrated,IntegratedFlux,,7.25E+16,2.42E+18,hz,,
1555.061,,,seconds,4.86E-10,7.71E-11,7.71E-11,cgs,Integrated,IntegratedFlux,,7.25E+16,2.42E+18,hz,,
1559.143,,,seconds,7.24E-10,1.08E-10,1.08E-10,cgs,Integrated,IntegratedFlux,,7.25E+16,2.42E+18,hz,,
1563.223,,,seconds,5.17E-10,8.03E-11,8.03E-11,cgs,Integrated,IntegratedFlux,,7.25E+16,2.42E+18,hz,,
1567.695,,,seconds,5.34E-10,8.13E-11,8.13E-11,cgs,Integrated,IntegratedFlux,,7.25E+16,2.42E+18,hz,,
1571.839,,,seconds,5.62E-10,8.55E-11,8.55E-11,cgs,Integrated,IntegratedFlux,,7.25E+16,2.42E+18,hz,,
1575.564,,,seconds,4.75E-10,8.94E-11,8.94E-11,cgs,Integrated,IntegratedFlux,,7.25E+16,2.42E+18,hz,,
1579.541,,,seconds,5.53E-10,8.77E-11,8.77E-11,cgs,Integrated,IntegratedFlux,,7.25E+16,2.42E+18,hz,,
1583.445,,,seconds,5.68E-10,8.47E-11,8.47E-11,cgs,Integrated,IntegratedFlux,,7.25E+16,2.42E+18,hz,,
1587.43,,,seconds,5.73E-10,8.54E-11,8.54E-11,cgs,Integrated,IntegratedFlux,,7.25E+16,2.42E+18,hz,,
1591.27,,,seconds,5.78E-10,9.17E-11,9.17E-11,cgs,Integrated,IntegratedFlux,,7.25E+16,2.42E+18,hz,,
1595.61,,,seconds,5.88E-10,8.77E-11,8.77E-11,cgs,Integrated,IntegratedFlux,,7.25E+16,2.42E+18,hz,,
1599.676,,,seconds,5.91E-10,8.81E-11,8.81E-11,cgs,Integrated,IntegratedFlux,,7.25E+16,2.42E+18,hz,,
1603.358,,,seconds,4.69E-10,8.27E-11,8.27E-11,cgs,Integrated,IntegratedFlux,,7.25E+16,2.42E+18,hz,,
1607.389,,,seconds,6.90E-10,1.05E-10,1.05E-10,cgs,Integrated,IntegratedFlux,,7.25E+16,2.42E+18,hz,,
1611.048,,,seconds,6.37E-10,9.49E-11,9.49E-11,cgs,Integrated,IntegratedFlux,,7.25E+16,2.42E+18,hz,,
1614.871,,,seconds,5.46E-10,8.14E-11,8.14E-11,cgs,Integrated,IntegratedFlux,,7.25E+16,2.42E+18,hz,,
1619.825,,,seconds,5.57E-10,8.47E-11,8.47E-11,cgs,Integrated,IntegratedFlux,,7.25E+16,2.42E+18,hz,,
1623.117,,,seconds,8.30E-10,1.24E-10,1.24E-10,cgs,Integrated,IntegratedFlux,,7.25E+16,2.42E+18,hz,,
1626.561,,,seconds,5.02E-10,8.88E-11,8.88E-11,cgs,Integrated,IntegratedFlux,,7.25E+16,2.42E+18,hz,,
1630.555,,,seconds,5.43E-10,8.26E-11,8.26E-11,cgs,Integrated,IntegratedFlux,,7.25E+16,2.42E+18,hz,,
1634.277,,,seconds,4.88E-10,9.02E-11,9.02E-11,cgs,Integrated,IntegratedFlux,,7.25E+16,2.42E+18,hz,,
1638.027,,,seconds,4.41E-10,8.56E-11,8.56E-11,cgs,Integrated,IntegratedFlux,,7.25E+16,2.42E+18,hz,,
1642.094,,,seconds,5.81E-10,8.84E-11,8.84E-11,cgs,Integrated,IntegratedFlux,,7.25E+16,2.42E+18,hz,,
1646.285,,,seconds,4.06E-10,7.64E-11,7.64E-11,cgs,Integrated,IntegratedFlux,,7.25E+16,2.42E+18,hz,,
1649.988,,,seconds,7.00E-10,1.04E-10,1.04E-10,cgs,Integrated,IntegratedFlux,,7.25E+16,2.42E+18,hz,,
1653.851,,,seconds,4.26E-10,7.78E-11,7.78E-11,cgs,Integrated,IntegratedFlux,,7.25E+16,2.42E+18,hz,,
1657.516,,,seconds,4.96E-10,8.27E-11,8.27E-11,cgs,Integrated,IntegratedFlux,,7.25E+16,2.42E+18,hz,,
1661.878,,,seconds,6.09E-10,9.09E-11,9.09E-11,cgs,Integrated,IntegratedFlux,,7.25E+16,2.42E+18,hz,,
1665.986,,,seconds,4.93E-10,7.49E-11,7.49E-11,cgs,Integrated,IntegratedFlux,,7.25E+16,2.42E+18,hz,,
1670.723,,,seconds,5.44E-10,8.12E-11,8.12E-11,cgs,Integrated,IntegratedFlux,,7.25E+16,2.42E+18,hz,,
1675.566,,,seconds,5.28E-10,7.87E-11,7.87E-11,cgs,Integrated,IntegratedFlux,,7.25E+16,2.42E+18,hz,,
1680.123,,,seconds,5.03E-10,8.16E-11,8.16E-11,cgs,Integrated,IntegratedFlux,,7.25E+16,2.42E+18,hz,,
1684.128,,,seconds,6.50E-10,9.69E-11,9.69E-11,cgs,Integrated,IntegratedFlux,,7.25E+16,2.42E+18,hz,,
1688.097,,,seconds,5.76E-10,8.77E-11,8.77E-11,cgs,Integrated,IntegratedFlux,,7.25E+16,2.42E+18,hz,,
1692.249,,,seconds,6.63E-10,9.88E-11,9.88E-11,cgs,Integrated,IntegratedFlux,,7.25E+16,2.42E+18,hz,,
1696.289,,,seconds,4.14E-10,7.57E-11,7.57E-11,cgs,Integrated,IntegratedFlux,,7.25E+16,2.42E+18,hz,,
1700.65,,,seconds,4.90E-10,7.39E-11,7.39E-11,cgs,Integrated,IntegratedFlux,,7.25E+16,2.42E+18,hz,,
1705.567,,,seconds,5.48E-10,8.17E-11,8.17E-11,cgs,Integrated,IntegratedFlux,,7.25E+16,2.42E+18,hz,,
1709.455,,,seconds,4.84E-10,8.84E-11,8.84E-11,cgs,Integrated,IntegratedFlux,,7.25E+16,2.42E+18,hz,,
1712.794,,,seconds,6.58E-10,9.80E-11,9.80E-11,cgs,Integrated,IntegratedFlux,,7.25E+16,2.42E+18,hz,,
1717.217,,,seconds,5.76E-10,8.59E-11,8.59E-11,cgs,Integrated,IntegratedFlux,,7.25E+16,2.42E+18,hz,,
1721.399,,,seconds,5.29E-10,8.05E-11,8.05E-11,cgs,Integrated,IntegratedFlux,,7.25E+16,2.42E+18,hz,,
1726.197,,,seconds,5.70E-10,8.50E-11,8.50E-11,cgs,Integrated,IntegratedFlux,,7.25E+16,2.42E+18,hz,,
1730.2,,,seconds,4.35E-10,8.19E-11,8.19E-11,cgs,Integrated,IntegratedFlux,,7.25E+16,2.42E+18,hz,,
1734.288,,,seconds,5.93E-10,9.40E-11,9.40E-11,cgs,Integrated,IntegratedFlux,,7.25E+16,2.42E+18,hz,,
1737.896,,,seconds,4.81E-10,8.86E-11,8.86E-11,cgs,Integrated,IntegratedFlux,,7.25E+16,2.42E+18,hz,,
1742.044,,,seconds,5.42E-10,8.41E-11,8.41E-11,cgs,Integrated,IntegratedFlux,,7.25E+16,2.42E+18,hz,,
1746.145,,,seconds,4.47E-10,8.42E-11,8.42E-11,cgs,Integrated,IntegratedFlux,,7.25E+16,2.42E+18,hz,,
1750.221,,,seconds,5.28E-10,8.03E-11,8.03E-11,cgs,Integrated,IntegratedFlux,,7.25E+16,2.42E+18,hz,,
1754.513,,,seconds,3.50E-10,6.39E-11,6.39E-11,cgs,Integrated,IntegratedFlux,,7.25E+16,2.42E+18,hz,,
1758.456,,,seconds,8.00E-10,1.19E-10,1.19E-10,cgs,Integrated,IntegratedFlux,,7.25E+16,2.42E+18,hz,,
1762.12,,,seconds,4.68E-10,9.09E-11,9.09E-11,cgs,Integrated,IntegratedFlux,,7.25E+16,2.42E+18,hz,,
1765.558,,,seconds,3.95E-10,7.67E-11,7.67E-11,cgs,Integrated,IntegratedFlux,,7.25E+16,2.42E+18,hz,,
1769.766,,,seconds,5.43E-10,8.79E-11,8.79E-11,cgs,Integrated,IntegratedFlux,,7.25E+16,2.42E+18,hz,,
1773.816,,,seconds,4.63E-10,8.45E-11,8.45E-11,cgs,Integrated,IntegratedFlux,,7.25E+16,2.42E+18,hz,,
1777.644,,,seconds,4.67E-10,8.36E-11,8.36E-11,cgs,Integrated,IntegratedFlux,,7.25E+16,2.42E+18,hz,,
1781.472,,,seconds,4.93E-10,8.06E-11,8.06E-11,cgs,Integrated,IntegratedFlux,,7.25E+16,2.42E+18,hz,,
1785.574,,,seconds,5.10E-10,9.31E-11,9.31E-11,cgs,Integrated,IntegratedFlux,,7.25E+16,2.42E+18,hz,,
1788.916,,,seconds,4.21E-10,7.69E-11,7.69E-11,cgs,Integrated,IntegratedFlux,,7.25E+16,2.42E+18,hz,,
1793.431,,,seconds,3.73E-10,7.03E-11,7.03E-11,cgs,Integrated,IntegratedFlux,,7.25E+16,2.42E+18,hz,,
1797.729,,,seconds,5.48E-10,8.33E-11,8.33E-11,cgs,Integrated,IntegratedFlux,,7.25E+16,2.42E+18,hz,,
1802.119,,,seconds,6.20E-10,9.43E-11,9.43E-11,cgs,Integrated,IntegratedFlux,,7.25E+16,2.42E+18,hz,,
1805.824,,,seconds,4.34E-10,8.17E-11,8.17E-11,cgs,Integrated,IntegratedFlux,,7.25E+16,2.42E+18,hz,,
1810.053,,,seconds,5.09E-10,8.07E-11,8.07E-11,cgs,Integrated,IntegratedFlux,,7.25E+16,2.42E+18,hz,,
1814.637,,,seconds,3.61E-10,6.80E-11,6.80E-11,cgs,Integrated,IntegratedFlux,,7.25E+16,2.42E+18,hz,,
1818.817,,,seconds,4.80E-10,8.76E-11,8.76E-11,cgs,Integrated,IntegratedFlux,,7.25E+16,2.42E+18,hz,,
1822.225,,,seconds,6.04E-10,9.01E-11,9.01E-11,cgs,Integrated,IntegratedFlux,,7.25E+16,2.42E+18,hz,,
1826.671,,,seconds,5.47E-10,8.50E-11,8.50E-11,cgs,Integrated,IntegratedFlux,,7.25E+16,2.42E+18,hz,,
1830.695,,,seconds,4.76E-10,8.96E-11,8.96E-11,cgs,Integrated,IntegratedFlux,,7.25E+16,2.42E+18,hz,,
1833.964,,,seconds,4.78E-10,8.72E-11,8.72E-11,cgs,Integrated,IntegratedFlux,,7.25E+16,2.42E+18,hz,,
1838.327,,,seconds,3.67E-10,6.92E-11,6.92E-11,cgs,Integrated,IntegratedFlux,,7.25E+16,2.42E+18,hz,,
1842.498,,,seconds,4.99E-10,8.61E-11,8.61E-11,cgs,Integrated,IntegratedFlux,,7.25E+16,2.42E+18,hz,,
1846.714,,,seconds,5.36E-10,8.00E-11,8.00E-11,cgs,Integrated,IntegratedFlux,,7.25E+16,2.42E+18,hz,,
1851.268,,,seconds,3.85E-10,7.03E-11,7.03E-11,cgs,Integrated,IntegratedFlux,,7.25E+16,2.42E+18,hz,,
1855.771,,,seconds,4.41E-10,8.30E-11,8.30E-11,cgs,Integrated,IntegratedFlux,,7.25E+16,2.42E+18,hz,,
1859.384,,,seconds,5.42E-10,8.42E-11,8.42E-11,cgs,Integrated,IntegratedFlux,,7.25E+16,2.42E+18,hz,,
1864.066,,,seconds,5.52E-10,8.40E-11,8.40E-11,cgs,Integrated,IntegratedFlux,,7.25E+16,2.42E+18,hz,,
1868.085,,,seconds,7.08E-10,1.05E-10,1.05E-10,cgs,Integrated,IntegratedFlux,,7.25E+16,2.42E+18,hz,,
1871.875,,,seconds,4.29E-10,8.08E-11,8.08E-11,cgs,Integrated,IntegratedFlux,,7.25E+16,2.42E+18,hz,,
1876.031,,,seconds,5.00E-10,7.76E-11,7.76E-11,cgs,Integrated,IntegratedFlux,,7.25E+16,2.42E+18,hz,,
1879.967,,,seconds,7.01E-10,1.04E-10,1.04E-10,cgs,Integrated,IntegratedFlux,,7.25E+16,2.42E+18,hz,,
1884.469,,,seconds,5.88E-10,8.77E-11,8.77E-11,cgs,Integrated,IntegratedFlux,,7.25E+16,2.42E+18,hz,,
1888.803,,,seconds,3.94E-10,7.19E-11,7.19E-11,cgs,Integrated,IntegratedFlux,,7.25E+16,2.42E+18,hz,,
1893.816,,,seconds,2.92E-10,5.33E-11,5.33E-11,cgs,Integrated,IntegratedFlux,,7.25E+16,2.42E+18,hz,,
1898.652,,,seconds,3.77E-10,6.87E-11,6.87E-11,cgs,Integrated,IntegratedFlux,,7.25E+16,2.42E+18,hz,,
1902.342,,,seconds,4.55E-10,8.31E-11,8.31E-11,cgs,Integrated,IntegratedFlux,,7.25E+16,2.42E+18,hz,,
1906.2,,,seconds,4.17E-10,7.62E-11,7.62E-11,cgs,Integrated,IntegratedFlux,,7.25E+16,2.42E+18,hz,,
1910.005,,,seconds,4.66E-10,8.08E-11,8.08E-11,cgs,Integrated,IntegratedFlux,,7.25E+16,2.42E+18,hz,,
1914.678,,,seconds,4.04E-10,7.61E-11,7.61E-11,cgs,Integrated,IntegratedFlux,,7.25E+16,2.42E+18,hz,,
1917.998,,,seconds,4.46E-10,8.15E-11,8.15E-11,cgs,Integrated,IntegratedFlux,,7.25E+16,2.42E+18,hz,,
1921.921,,,seconds,4.07E-10,7.66E-11,7.66E-11,cgs,Integrated,IntegratedFlux,,7.25E+16,2.42E+18,hz,,
1926.234,,,seconds,5.00E-10,7.79E-11,7.79E-11,cgs,Integrated,IntegratedFlux,,7.25E+16,2.42E+18,hz,,
1930.517,,,seconds,4.97E-10,8.93E-11,8.93E-11,cgs,Integrated,IntegratedFlux,,7.25E+16,2.42E+18,hz,,
1934.084,,,seconds,4.88E-10,8.91E-11,8.91E-11,cgs,Integrated,IntegratedFlux,,7.25E+16,2.42E+18,hz,,
1938.067,,,seconds,3.48E-10,6.35E-11,6.35E-11,cgs,Integrated,IntegratedFlux,,7.25E+16,2.42E+18,hz,,
1942.13,,,seconds,4.68E-10,8.82E-11,8.82E-11,cgs,Integrated,IntegratedFlux,,7.25E+16,2.42E+18,hz,,
1945.541,,,seconds,4.40E-10,8.29E-11,8.29E-11,cgs,Integrated,IntegratedFlux,,7.25E+16,2.42E+18,hz,,
1949.426,,,seconds,5.97E-10,8.90E-11,8.90E-11,cgs,Integrated,IntegratedFlux,,7.25E+16,2.42E+18,hz,,
1953.41,,,seconds,4.93E-10,8.85E-11,8.85E-11,cgs,Integrated,IntegratedFlux,,7.25E+16,2.42E+18,hz,,
1957.511,,,seconds,5.93E-10,8.84E-11,8.84E-11,cgs,Integrated,IntegratedFlux,,7.25E+16,2.42E+18,hz,,
1961.207,,,seconds,7.18E-10,1.07E-10,1.07E-10,cgs,Integrated,IntegratedFlux,,7.25E+16,2.42E+18,hz,,
1964.909,,,seconds,5.79E-10,8.62E-11,8.62E-11,cgs,Integrated,IntegratedFlux,,7.25E+16,2.42E+18,hz,,
1968.791,,,seconds,4.64E-10,9.30E-11,9.30E-11,cgs,Integrated,IntegratedFlux,,7.25E+16,2.42E+18,hz,,
1972.423,,,seconds,5.92E-10,8.82E-11,8.82E-11,cgs,Integrated,IntegratedFlux,,7.25E+16,2.42E+18,hz,,
1976.961,,,seconds,4.93E-10,8.86E-11,8.86E-11,cgs,Integrated,IntegratedFlux,,7.25E+16,2.42E+18,hz,,
1979.669,,,seconds,7.70E-10,1.17E-10,1.17E-10,cgs,Integrated,IntegratedFlux,,7.25E+16,2.42E+18,hz,,
1983.463,,,seconds,4.24E-10,7.74E-11,7.74E-11,cgs,Integrated,IntegratedFlux,,7.25E+16,2.42E+18,hz,,
1987.515,,,seconds,5.86E-10,8.73E-11,8.73E-11,cgs,Integrated,IntegratedFlux,,7.25E+16,2.42E+18,hz,,
1991.428,,,seconds,4.64E-10,8.48E-11,8.48E-11,cgs,Integrated,IntegratedFlux,,7.25E+16,2.42E+18,hz,,
1994.773,,,seconds,4.76E-10,8.67E-11,8.67E-11,cgs,Integrated,IntegratedFlux,,7.25E+16,2.42E+18,hz,,
1998.975,,,seconds,5.18E-10,7.73E-11,7.73E-11,cgs,Integrated,IntegratedFlux,,7.25E+16,2.42E+18,hz,,
2003.748,,,seconds,4.91E-10,7.78E-11,7.78E-11,cgs,Integrated,IntegratedFlux,,7.25E+16,2.42E+18,hz,,
2009.007,,,seconds,3.35E-10,6.12E-11,6.12E-11,cgs,Integrated,IntegratedFlux,,7.25E+16,2.42E+18,hz,,
2013.138,,,seconds,4.71E-10,8.59E-11,8.59E-11,cgs,Integrated,IntegratedFlux,,7.25E+16,2.42E+18,hz,,
2016.896,,,seconds,4.35E-10,7.95E-11,7.95E-11,cgs,Integrated,IntegratedFlux,,7.25E+16,2.42E+18,hz,,
2020.635,,,seconds,6.65E-10,1.05E-10,1.05E-10,cgs,Integrated,IntegratedFlux,,7.25E+16,2.42E+18,hz,,
2024.048,,,seconds,4.78E-10,8.56E-11,8.56E-11,cgs,Integrated,IntegratedFlux,,7.25E+16,2.42E+18,hz,,
2028.285,,,seconds,5.20E-10,7.91E-11,7.91E-11,cgs,Integrated,IntegratedFlux,,7.25E+16,2.42E+18,hz,,
2032.821,,,seconds,4.90E-10,8.94E-11,8.94E-11,cgs,Integrated,IntegratedFlux,,7.25E+16,2.42E+18,hz,,
2036.238,,,seconds,5.77E-10,8.51E-11,8.51E-11,cgs,Integrated,IntegratedFlux,,7.25E+16,2.42E+18,hz,,
2040.407,,,seconds,4.91E-10,8.39E-11,8.39E-11,cgs,Integrated,IntegratedFlux,,7.25E+16,2.42E+18,hz,,
2044.435,,,seconds,6.26E-10,9.33E-11,9.33E-11,cgs,Integrated,IntegratedFlux,,7.25E+16,2.42E+18,hz,,
2048.519,,,seconds,5.07E-10,7.87E-11,7.87E-11,cgs,Integrated,IntegratedFlux,,7.25E+16,2.42E+18,hz,,
2052.853,,,seconds,5.07E-10,8.69E-11,8.69E-11,cgs,Integrated,IntegratedFlux,,7.25E+16,2.42E+18,hz,,
2056.761,,,seconds,7.27E-10,1.11E-10,1.11E-10,cgs,Integrated,IntegratedFlux,,7.25E+16,2.42E+18,hz,,
2060.004,,,seconds,5.08E-10,9.27E-11,9.27E-11,cgs,Integrated,IntegratedFlux,,7.25E+16,2.42E+18,hz,,
2063.402,,,seconds,4.66E-10,8.77E-11,8.77E-11,cgs,Integrated,IntegratedFlux,,7.25E+16,2.42E+18,hz,,
2067.184,,,seconds,4.29E-10,7.83E-11,7.83E-11,cgs,Integrated,IntegratedFlux,,7.25E+16,2.42E+18,hz,,
2070.941,,,seconds,4.75E-10,9.22E-11,9.22E-11,cgs,Integrated,IntegratedFlux,,7.25E+16,2.42E+18,hz,,
2074.297,,,seconds,3.92E-10,7.85E-11,7.85E-11,cgs,Integrated,IntegratedFlux,,7.25E+16,2.42E+18,hz,,
2078.739,,,seconds,3.58E-10,6.75E-11,6.75E-11,cgs,Integrated,IntegratedFlux,,7.25E+16,2.42E+18,hz,,
2082.966,,,seconds,4.23E-10,7.96E-11,7.96E-11,cgs,Integrated,IntegratedFlux,,7.25E+16,2.42E+18,hz,,
2087.077,,,seconds,4.16E-10,7.83E-11,7.83E-11,cgs,Integrated,IntegratedFlux,,7.25E+16,2.42E+18,hz,,
2090.812,,,seconds,4.24E-10,7.74E-11,7.74E-11,cgs,Integrated,IntegratedFlux,,7.25E+16,2.42E+18,hz,,
2094.635,,,seconds,4.92E-10,8.29E-11,8.29E-11,cgs,Integrated,IntegratedFlux,,7.25E+16,2.42E+18,hz,,
2098.626,,,seconds,4.36E-10,7.97E-11,7.97E-11,cgs,Integrated,IntegratedFlux,,7.25E+16,2.42E+18,hz,,
2102.123,,,seconds,4.65E-10,9.02E-11,9.02E-11,cgs,Integrated,IntegratedFlux,,7.25E+16,2.42E+18,hz,,
2106.478,,,seconds,5.15E-10,7.83E-11,7.83E-11,cgs,Integrated,IntegratedFlux,,7.25E+16,2.42E+18,hz,,
2110.778,,,seconds,4.95E-10,9.04E-11,9.04E-11,cgs,Integrated,IntegratedFlux,,7.25E+16,2.42E+18,hz,,
2114.19,,,seconds,6.33E-10,9.43E-11,9.43E-11,cgs,Integrated,IntegratedFlux,,7.25E+16,2.42E+18,hz,,
2118.411,,,seconds,5.10E-10,7.77E-11,7.77E-11,cgs,Integrated,IntegratedFlux,,7.25E+16,2.42E+18,hz,,
2123.938,,,seconds,3.33E-10,6.08E-11,6.08E-11,cgs,Integrated,IntegratedFlux,,7.25E+16,2.42E+18,hz,,
2127.805,,,seconds,4.93E-10,8.99E-11,8.99E-11,cgs,Integrated,IntegratedFlux,,7.25E+16,2.42E+18,hz,,
2131.814,,,seconds,3.51E-10,6.40E-11,6.40E-11,cgs,Integrated,IntegratedFlux,,7.25E+16,2.42E+18,hz,,
2136.361,,,seconds,4.68E-10,7.14E-11,7.14E-11,cgs,Integrated,IntegratedFlux,,7.25E+16,2.42E+18,hz,,
2140.982,,,seconds,3.45E-10,6.29E-11,6.29E-11,cgs,Integrated,IntegratedFlux,,7.25E+16,2.42E+18,hz,,
2146.075,,,seconds,5.09E-10,8.48E-11,8.48E-11,cgs,Integrated,IntegratedFlux,,7.25E+16,2.42E+18,hz,,
2149.957,,,seconds,4.04E-10,7.85E-11,7.85E-11,cgs,Integrated,IntegratedFlux,,7.25E+16,2.42E+18,hz,,
2154.031,,,seconds,3.76E-10,7.08E-11,7.08E-11,cgs,Integrated,IntegratedFlux,,7.25E+16,2.42E+18,hz,,
2157.889,,,seconds,5.07E-10,8.83E-11,8.83E-11,cgs,Integrated,IntegratedFlux,,7.25E+16,2.42E+18,hz,,
2161.461,,,seconds,4.96E-10,9.06E-11,9.06E-11,cgs,Integrated,IntegratedFlux,,7.25E+16,2.42E+18,hz,,
2165.342,,,seconds,6.17E-10,9.19E-11,9.19E-11,cgs,Integrated,IntegratedFlux,,7.25E+16,2.42E+18,hz,,
2169.97,,,seconds,4.02E-10,7.33E-11,7.33E-11,cgs,Integrated,IntegratedFlux,,7.25E+16,2.42E+18,hz,,
2172.906,,,seconds,4.54E-10,8.28E-11,8.28E-11,cgs,Integrated,IntegratedFlux,,7.25E+16,2.42E+18,hz,,
2177.026,,,seconds,4.08E-10,7.45E-11,7.45E-11,cgs,Integrated,IntegratedFlux,,7.25E+16,2.42E+18,hz,,
2180.912,,,seconds,4.51E-10,8.49E-11,8.49E-11,cgs,Integrated,IntegratedFlux,,7.25E+16,2.42E+18,hz,,
2185.447,,,seconds,3.29E-10,6.00E-11,6.00E-11,cgs,Integrated,IntegratedFlux,,7.25E+16,2.42E+18,hz,,
2189.464,,,seconds,4.85E-10,9.41E-11,9.41E-11,cgs,Integrated,IntegratedFlux,,7.25E+16,2.42E+18,hz,,
2192.561,,,seconds,7.29E-10,1.09E-10,1.09E-10,cgs,Integrated,IntegratedFlux,,7.25E+16,2.42E+18,hz,,
2196.048,,,seconds,4.61E-10,8.95E-11,8.95E-11,cgs,Integrated,IntegratedFlux,,7.25E+16,2.42E+18,hz,,
2199.55,,,seconds,4.97E-10,9.06E-11,9.06E-11,cgs,Integrated,IntegratedFlux,,7.25E+16,2.42E+18,hz,,
2203.17,,,seconds,4.17E-10,7.61E-11,7.61E-11,cgs,Integrated,IntegratedFlux,,7.25E+16,2.42E+18,hz,,
2207.346,,,seconds,4.13E-10,7.78E-11,7.78E-11,cgs,Integrated,IntegratedFlux,,7.25E+16,2.42E+18,hz,,
2211.507,,,seconds,3.38E-10,6.18E-11,6.18E-11,cgs,Integrated,IntegratedFlux,,7.25E+16,2.42E+18,hz,,
2215.439,,,seconds,4.69E-10,8.56E-11,8.56E-11,cgs,Integrated,IntegratedFlux,,7.25E+16,2.42E+18,hz,,
2219.264,,,seconds,4.91E-10,8.97E-11,8.97E-11,cgs,Integrated,IntegratedFlux,,7.25E+16,2.42E+18,hz,,
2222.72,,,seconds,4.77E-10,8.71E-11,8.71E-11,cgs,Integrated,IntegratedFlux,,7.25E+16,2.42E+18,hz,,
2226.596,,,seconds,3.45E-10,6.50E-11,6.50E-11,cgs,Integrated,IntegratedFlux,,7.25E+16,2.42E+18,hz,,
2231.097,,,seconds,4.06E-10,7.41E-11,7.41E-11,cgs,Integrated,IntegratedFlux,,7.25E+16,2.42E+18,hz,,
2235.229,,,seconds,4.77E-10,8.72E-11,8.72E-11,cgs,Integrated,IntegratedFlux,,7.25E+16,2.42E+18,hz,,
2238.361,,,seconds,4.43E-10,8.09E-11,8.09E-11,cgs,Integrated,IntegratedFlux,,7.25E+16,2.42E+18,hz,,
2242.736,,,seconds,4.11E-10,7.51E-11,7.51E-11,cgs,Integrated,IntegratedFlux,,7.25E+16,2.42E+18,hz,,
2247.087,,,seconds,3.50E-10,6.58E-11,6.58E-11,cgs,Integrated,IntegratedFlux,,7.25E+16,2.42E+18,hz,,
2250.994,,,seconds,4.57E-10,8.34E-11,8.34E-11,cgs,Integrated,IntegratedFlux,,7.25E+16,2.42E+18,hz,,
2254.644,,,seconds,4.56E-10,8.59E-11,8.59E-11,cgs,Integrated,IntegratedFlux,,7.25E+16,2.42E+18,hz,,
2258.263,,,seconds,4.69E-10,8.56E-11,8.56E-11,cgs,Integrated,IntegratedFlux,,7.25E+16,2.42E+18,hz,,
2261.386,,,seconds,5.08E-10,9.27E-11,9.27E-11,cgs,Integrated,IntegratedFlux,,7.25E+16,2.42E+18,hz,,
2265.708,,,seconds,3.67E-10,7.13E-11,7.13E-11,cgs,Integrated,IntegratedFlux,,7.25E+16,2.42E+18,hz,,
2270.392,,,seconds,3.43E-10,6.25E-11,6.25E-11,cgs,Integrated,IntegratedFlux,,7.25E+16,2.42E+18,hz,,
2274.288,,,seconds,5.79E-10,8.99E-11,8.99E-11,cgs,Integrated,IntegratedFlux,,7.25E+16,2.42E+18,hz,,
2278.173,,,seconds,4.44E-10,8.37E-11,8.37E-11,cgs,Integrated,IntegratedFlux,,7.25E+16,2.42E+18,hz,,
2282.393,,,seconds,4.13E-10,7.54E-11,7.54E-11,cgs,Integrated,IntegratedFlux,,7.25E+16,2.42E+18,hz,,
2286.115,,,seconds,6.73E-10,1.02E-10,1.02E-10,cgs,Integrated,IntegratedFlux,,7.25E+16,2.42E+18,hz,,
2289.885,,,seconds,4.38E-10,8.00E-11,8.00E-11,cgs,Integrated,IntegratedFlux,,7.25E+16,2.42E+18,hz,,
2294.261,,,seconds,3.71E-10,6.78E-11,6.78E-11,cgs,Integrated,IntegratedFlux,,7.25E+16,2.42E+18,hz,,
2298.369,,,seconds,3.78E-10,6.90E-11,6.90E-11,cgs,Integrated,IntegratedFlux,,7.25E+16,2.42E+18,hz,,
2303.002,,,seconds,3.75E-10,6.84E-11,6.84E-11,cgs,Integrated,IntegratedFlux,,7.25E+16,2.42E+18,hz,,
2307.035,,,seconds,4.85E-10,8.85E-11,8.85E-11,cgs,Integrated,IntegratedFlux,,7.25E+16,2.42E+18,hz,,
2310.067,,,seconds,5.08E-10,8.58E-11,8.58E-11,cgs,Integrated,IntegratedFlux,,7.25E+16,2.42E+18,hz,,
2315.039,,,seconds,3.77E-10,7.09E-11,7.09E-11,cgs,Integrated,IntegratedFlux,,7.25E+16,2.42E+18,hz,,
2318.301,,,seconds,4.75E-10,8.52E-11,8.52E-11,cgs,Integrated,IntegratedFlux,,7.25E+16,2.42E+18,hz,,
2322.854,,,seconds,3.66E-10,7.10E-11,7.10E-11,cgs,Integrated,IntegratedFlux,,7.25E+16,2.42E+18,hz,,
2326.381,,,seconds,4.65E-10,8.48E-11,8.48E-11,cgs,Integrated,IntegratedFlux,,7.25E+16,2.42E+18,hz,,
2329.927,,,seconds,4.64E-10,8.74E-11,8.74E-11,cgs,Integrated,IntegratedFlux,,7.25E+16,2.42E+18,hz,,
2333.726,,,seconds,3.94E-10,7.41E-11,7.41E-11,cgs,Integrated,IntegratedFlux,,7.25E+16,2.42E+18,hz,,
2337.741,,,seconds,4.31E-10,7.88E-11,7.88E-11,cgs,Integrated,IntegratedFlux,,7.25E+16,2.42E+18,hz,,
2341.425,,,seconds,4.38E-10,7.99E-11,7.99E-11,cgs,Integrated,IntegratedFlux,,7.25E+16,2.42E+18,hz,,
2345.246,,,seconds,4.88E-10,8.36E-11,8.36E-11,cgs,Integrated,IntegratedFlux,,7.25E+16,2.42E+18,hz,,
2349.37,,,seconds,4.17E-10,7.85E-11,7.85E-11,cgs,Integrated,IntegratedFlux,,7.25E+16,2.42E+18,hz,,
2353.224,,,seconds,3.48E-10,6.56E-11,6.56E-11,cgs,Integrated,IntegratedFlux,,7.25E+16,2.42E+18,hz,,
2357.113,,,seconds,4.66E-10,8.50E-11,8.50E-11,cgs,Integrated,IntegratedFlux,,7.25E+16,2.42E+18,hz,,
2361.513,,,seconds,4.02E-10,7.34E-11,7.34E-11,cgs,Integrated,IntegratedFlux,,7.25E+16,2.42E+18,hz,,
2365.609,,,seconds,4.01E-10,7.32E-11,7.32E-11,cgs,Integrated,IntegratedFlux,,7.25E+16,2.42E+18,hz,,
2369.601,,,seconds,4.68E-10,8.54E-11,8.54E-11,cgs,Integrated,IntegratedFlux,,7.25E+16,2.42E+18,hz,,
2372.989,,,seconds,4.99E-10,9.12E-11,9.12E-11,cgs,Integrated,IntegratedFlux,,7.25E+16,2.42E+18,hz,,
2376.636,,,seconds,3.19E-10,6.00E-11,6.00E-11,cgs,Integrated,IntegratedFlux,,7.25E+16,2.42E+18,hz,,
2381.594,,,seconds,4.30E-10,7.85E-11,7.85E-11,cgs,Integrated,IntegratedFlux,,7.25E+16,2.42E+18,hz,,
2385.404,,,seconds,4.69E-10,8.82E-11,8.82E-11,cgs,Integrated,IntegratedFlux,,7.25E+16,2.42E+18,hz,,
2389.278,,,seconds,4.17E-10,7.85E-11,7.85E-11,cgs,Integrated,IntegratedFlux,,7.25E+16,2.42E+18,hz,,
2393.134,,,seconds,3.43E-10,7.32E-11,7.32E-11,cgs,Integrated,IntegratedFlux,,7.25E+16,2.42E+18,hz,,
2397.85,,,seconds,3.91E-10,7.13E-11,7.13E-11,cgs,Integrated,IntegratedFlux,,7.25E+16,2.42E+18,hz,,
2401.83,,,seconds,3.46E-10,6.32E-11,6.32E-11,cgs,Integrated,IntegratedFlux,,7.25E+16,2.42E+18,hz,,
2406.458,,,seconds,4.11E-10,7.50E-11,7.50E-11,cgs,Integrated,IntegratedFlux,,7.25E+16,2.42E+18,hz,,
2410.012,,,seconds,4.30E-10,7.84E-11,7.84E-11,cgs,Integrated,IntegratedFlux,,7.25E+16,2.42E+18,hz,,
2414.727,,,seconds,3.29E-10,6.39E-11,6.39E-11,cgs,Integrated,IntegratedFlux,,7.25E+16,2.42E+18,hz,,
2418.783,,,seconds,4.65E-10,8.75E-11,8.75E-11,cgs,Integrated,IntegratedFlux,,7.25E+16,2.42E+18,hz,,
2422.295,,,seconds,4.04E-10,7.38E-11,7.38E-11,cgs,Integrated,IntegratedFlux,,7.25E+16,2.42E+18,hz,,
2426.152,,,seconds,4.57E-10,8.87E-11,8.87E-11,cgs,Integrated,IntegratedFlux,,7.25E+16,2.42E+18,hz,,
2430.718,,,seconds,3.55E-10,6.68E-11,6.68E-11,cgs,Integrated,IntegratedFlux,,7.25E+16,2.42E+18,hz,,
2434.746,,,seconds,3.71E-10,6.77E-11,6.77E-11,cgs,Integrated,IntegratedFlux,,7.25E+16,2.42E+18,hz,,
2440.186,,,seconds,3.06E-10,5.59E-11,5.59E-11,cgs,Integrated,IntegratedFlux,,7.25E+16,2.42E+18,hz,,
2445.316,,,seconds,3.35E-10,6.30E-11,6.30E-11,cgs,Integrated,IntegratedFlux,,7.25E+16,2.42E+18,hz,,
2449.334,,,seconds,5.00E-10,8.22E-11,8.22E-11,cgs,Integrated,IntegratedFlux,,7.25E+16,2.42E+18,hz,,
2463.725,,,seconds,2.72E-10,5.60E-11,5.60E-11,cgs,Integrated,IntegratedFlux,,7.25E+16,2.42E+18,hz,,
2482.086,,,seconds,2.70E-10,5.91E-11,5.91E-11,cgs,Integrated,IntegratedFlux,,7.25E+16,2.42E+18,hz,,
2495.701,,,seconds,4.54E-10,1.02E-10,1.02E-10,cgs,Integrated,IntegratedFlux,,7.25E+16,2.42E+18,hz,,
2510.172,,,seconds,3.32E-10,7.10E-11,7.10E-11,cgs,Integrated,IntegratedFlux,,7.25E+16,2.42E+18,hz,,
2526.811,,,seconds,2.84E-10,6.08E-11,6.08E-11,cgs,Integrated,IntegratedFlux,,7.25E+16,2.42E+18,hz,,
2542.141,,,seconds,3.20E-10,7.01E-11,7.01E-11,cgs,Integrated,IntegratedFlux,,7.25E+16,2.42E+18,hz,,
2555.976,,,seconds,4.55E-10,9.14E-11,9.14E-11,cgs,Integrated,IntegratedFlux,,7.25E+16,2.42E+18,hz,,
2569.5,,,seconds,3.45E-10,7.23E-11,7.23E-11,cgs,Integrated,IntegratedFlux,,7.25E+16,2.42E+18,hz,,
2585.526,,,seconds,3.48E-10,7.28E-11,7.28E-11,cgs,Integrated,IntegratedFlux,,7.25E+16,2.42E+18,hz,,
2598.249,,,seconds,3.64E-10,8.16E-11,8.16E-11,cgs,Integrated,IntegratedFlux,,7.25E+16,2.42E+18,hz,,
2612.235,,,seconds,4.19E-10,8.78E-11,8.78E-11,cgs,Integrated,IntegratedFlux,,7.25E+16,2.42E+18,hz,,
5982.563,,,seconds,1.40E-10,3.07E-11,3.07E-11,cgs,Integrated,IntegratedFlux,,7.25E+16,2.42E+18,hz,,
6013.968,,,seconds,1.62E-10,3.57E-11,3.57E-11,cgs,Integrated,IntegratedFlux,,7.25E+16,2.42E+18,hz,,
6047.748,,,seconds,1.15E-10,2.52E-11,2.52E-11,cgs,Integrated,IntegratedFlux,,7.25E+16,2.42E+18,hz,,
6086.591,,,seconds,2.02E-10,4.14E-11,4.14E-11,cgs,Integrated,IntegratedFlux,,7.25E+16,2.42E+18,hz,,
6114.619,,,seconds,1.50E-10,3.29E-11,3.29E-11,cgs,Integrated,IntegratedFlux,,7.25E+16,2.42E+18,hz,,
6148.153,,,seconds,1.70E-10,3.66E-11,3.66E-11,cgs,Integrated,IntegratedFlux,,7.25E+16,2.42E+18,hz,,
6178.018,,,seconds,1.49E-10,3.28E-11,3.28E-11,cgs,Integrated,IntegratedFlux,,7.25E+16,2.42E+18,hz,,
6214.554,,,seconds,1.38E-10,3.02E-11,3.02E-11,cgs,Integrated,IntegratedFlux,,7.25E+16,2.42E+18,hz,,
6243.34,,,seconds,1.52E-10,3.42E-11,3.42E-11,cgs,Integrated,IntegratedFlux,,7.25E+16,2.42E+18,hz,,
6273.053,,,seconds,1.68E-10,3.78E-11,3.78E-11,cgs,Integrated,IntegratedFlux,,7.25E+16,2.42E+18,hz,,
6302.789,,,seconds,1.50E-10,3.28E-11,3.28E-11,cgs,Integrated,IntegratedFlux,,7.25E+16,2.42E+18,hz,,
6332.28,,,seconds,1.76E-10,3.88E-11,3.88E-11,cgs,Integrated,IntegratedFlux,,7.25E+16,2.42E+18,hz,,
6369.53,,,seconds,1.22E-10,2.68E-11,2.68E-11,cgs,Integrated,IntegratedFlux,,7.25E+16,2.42E+18,hz,,
6403.936,,,seconds,1.43E-10,3.20E-11,3.20E-11,cgs,Integrated,IntegratedFlux,,7.25E+16,2.42E+18,hz,,
6436.155,,,seconds,1.64E-10,3.60E-11,3.60E-11,cgs,Integrated,IntegratedFlux,,7.25E+16,2.42E+18,hz,,
6467.077,,,seconds,1.50E-10,3.31E-11,3.31E-11,cgs,Integrated,IntegratedFlux,,7.25E+16,2.42E+18,hz,,
6494.542,,,seconds,2.18E-10,4.77E-11,4.77E-11,cgs,Integrated,IntegratedFlux,,7.25E+16,2.42E+18,hz,,
6516.517,,,seconds,1.87E-10,4.21E-11,4.21E-11,cgs,Integrated,IntegratedFlux,,7.25E+16,2.42E+18,hz,,
6543.596,,,seconds,1.86E-10,4.17E-11,4.17E-11,cgs,Integrated,IntegratedFlux,,7.25E+16,2.42E+18,hz,,
6567.538,,,seconds,1.55E-10,3.50E-11,3.50E-11,cgs,Integrated,IntegratedFlux,,7.25E+16,2.42E+18,hz,,
6602.472,,,seconds,1.39E-10,3.06E-11,3.06E-11,cgs,Integrated,IntegratedFlux,,7.25E+16,2.42E+18,hz,,
6633.985,,,seconds,1.85E-10,4.17E-11,4.17E-11,cgs,Integrated,IntegratedFlux,,7.25E+16,2.42E+18,hz,,
6664.798,,,seconds,1.40E-10,3.07E-11,3.07E-11,cgs,Integrated,IntegratedFlux,,7.25E+16,2.42E+18,hz,,
6695.28,,,seconds,1.78E-10,3.73E-11,3.73E-11,cgs,Integrated,IntegratedFlux,,7.25E+16,2.42E+18,hz,,
6720.441,,,seconds,2.41E-10,5.29E-11,5.29E-11,cgs,Integrated,IntegratedFlux,,7.25E+16,2.42E+18,hz,,
6753.786,,,seconds,1.37E-10,2.94E-11,2.94E-11,cgs,Integrated,IntegratedFlux,,7.25E+16,2.42E+18,hz,,
6778.032,,,seconds,2.35E-10,5.27E-11,5.27E-11,cgs,Integrated,IntegratedFlux,,7.25E+16,2.42E+18,hz,,
6805.36,,,seconds,1.68E-10,3.80E-11,3.80E-11,cgs,Integrated,IntegratedFlux,,7.25E+16,2.42E+18,hz,,
6828.676,,,seconds,1.42E-10,3.20E-11,3.20E-11,cgs,Integrated,IntegratedFlux,,7.25E+16,2.42E+18,hz,,
6864.339,,,seconds,1.86E-10,3.97E-11,3.97E-11,cgs,Integrated,IntegratedFlux,,7.25E+16,2.42E+18,hz,,
6890.86,,,seconds,1.70E-10,3.80E-11,3.80E-11,cgs,Integrated,IntegratedFlux,,7.25E+16,2.42E+18,hz,,
6921.074,,,seconds,1.55E-10,3.49E-11,3.49E-11,cgs,Integrated,IntegratedFlux,,7.25E+16,2.42E+18,hz,,
6949.917,,,seconds,1.62E-10,3.57E-11,3.57E-11,cgs,Integrated,IntegratedFlux,,7.25E+16,2.42E+18,hz,,
6984.777,,,seconds,1.22E-10,2.68E-11,2.68E-11,cgs,Integrated,IntegratedFlux,,7.25E+16,2.42E+18,hz,,
7023.119,,,seconds,1.24E-10,2.79E-11,2.79E-11,cgs,Integrated,IntegratedFlux,,7.25E+16,2.42E+18,hz,,
7055.344,,,seconds,1.64E-10,3.59E-11,3.59E-11,cgs,Integrated,IntegratedFlux,,7.25E+16,2.42E+18,hz,,
7084.676,,,seconds,1.69E-10,3.81E-11,3.81E-11,cgs,Integrated,IntegratedFlux,,7.25E+16,2.42E+18,hz,,
7121.45,,,seconds,1.36E-10,2.93E-11,2.93E-11,cgs,Integrated,IntegratedFlux,,7.25E+16,2.42E+18,hz,,
7156.009,,,seconds,1.44E-10,3.22E-11,3.22E-11,cgs,Integrated,IntegratedFlux,,7.25E+16,2.42E+18,hz,,
7187.973,,,seconds,1.33E-10,2.99E-11,2.99E-11,cgs,Integrated,IntegratedFlux,,7.25E+16,2.42E+18,hz,,
7221.069,,,seconds,1.26E-10,2.81E-11,2.81E-11,cgs,Integrated,IntegratedFlux,,7.25E+16,2.42E+18,hz,,
7263.943,,,seconds,1.16E-10,2.61E-11,2.61E-11,cgs,Integrated,IntegratedFlux,,7.25E+16,2.42E+18,hz,,
7301.532,,,seconds,1.09E-10,2.39E-11,2.39E-11,cgs,Integrated,IntegratedFlux,,7.25E+16,2.42E+18,hz,,
7340.173,,,seconds,1.86E-10,4.17E-11,4.17E-11,cgs,Integrated,IntegratedFlux,,7.25E+16,2.42E+18,hz,,
7369.123,,,seconds,1.15E-10,2.60E-11,2.60E-11,cgs,Integrated,IntegratedFlux,,7.25E+16,2.42E+18,hz,,
7412.377,,,seconds,1.65E-10,3.45E-11,3.45E-11,cgs,Integrated,IntegratedFlux,,7.25E+16,2.42E+18,hz,,
7444.725,,,seconds,1.33E-10,3.00E-11,3.00E-11,cgs,Integrated,IntegratedFlux,,7.25E+16,2.42E+18,hz,,
7476.822,,,seconds,1.55E-10,3.49E-11,3.49E-11,cgs,Integrated,IntegratedFlux,,7.25E+16,2.42E+18,hz,,
7522.289,,,seconds,8.82E-11,1.94E-11,1.94E-11,cgs,Integrated,IntegratedFlux,,7.25E+16,2.42E+18,hz,,
7564.201,,,seconds,1.43E-10,3.21E-11,3.21E-11,cgs,Integrated,IntegratedFlux,,7.25E+16,2.42E+18,hz,,
7596.328,,,seconds,1.39E-10,3.04E-11,3.04E-11,cgs,Integrated,IntegratedFlux,,7.25E+16,2.42E+18,hz,,
7628.262,,,seconds,1.33E-10,2.98E-11,2.98E-11,cgs,Integrated,IntegratedFlux,,7.25E+16,2.42E+18,hz,,
7665.223,,,seconds,1.50E-10,3.30E-11,3.30E-11,cgs,Integrated,IntegratedFlux,,7.25E+16,2.42E+18,hz,,
7699.006,,,seconds,1.30E-10,2.86E-11,2.86E-11,cgs,Integrated,IntegratedFlux,,7.25E+16,2.42E+18,hz,,
7734.071,,,seconds,1.44E-10,3.24E-11,3.24E-11,cgs,Integrated,IntegratedFlux,,7.25E+16,2.42E+18,hz,,
7778.821,,,seconds,8.80E-11,2.00E-11,2.00E-11,cgs,Integrated,IntegratedFlux,,7.25E+16,2.42E+18,hz,,
7820.306,,,seconds,1.78E-10,3.74E-11,3.74E-11,cgs,Integrated,IntegratedFlux,,7.25E+16,2.42E+18,hz,,
7850.512,,,seconds,1.48E-10,3.15E-11,3.15E-11,cgs,Integrated,IntegratedFlux,,7.25E+16,2.42E+18,hz,,
7890.402,,,seconds,1.24E-10,2.76E-11,2.76E-11,cgs,Integrated,IntegratedFlux,,7.25E+16,2.42E+18,hz,,
7934.397,,,seconds,8.85E-11,1.99E-11,1.99E-11,cgs,Integrated,IntegratedFlux,,7.25E+16,2.42E+18,hz,,
7979.162,,,seconds,1.43E-10,3.21E-11,3.21E-11,cgs,Integrated,IntegratedFlux,,7.25E+16,2.42E+18,hz,,
8004.989,,,seconds,1.68E-10,3.78E-11,3.78E-11,cgs,Integrated,IntegratedFlux,,7.25E+16,2.42E+18,hz,,
8042.338,,,seconds,1.02E-10,2.30E-11,2.30E-11,cgs,Integrated,IntegratedFlux,,7.25E+16,2.42E+18,hz,,
8076.573,,,seconds,1.86E-10,4.17E-11,4.17E-11,cgs,Integrated,IntegratedFlux,,7.25E+16,2.42E+18,hz,,
8107.038,,,seconds,1.68E-10,3.77E-11,3.77E-11,cgs,Integrated,IntegratedFlux,,7.25E+16,2.42E+18,hz,,
8133.859,,,seconds,1.16E-10,2.60E-11,2.60E-11,cgs,Integrated,IntegratedFlux,,7.25E+16,2.42E+18,hz,,
8180.647,,,seconds,1.08E-10,2.37E-11,2.37E-11,cgs,Integrated,IntegratedFlux,,7.25E+16,2.42E+18,hz,,
8221.116,,,seconds,1.32E-10,2.97E-11,2.97E-11,cgs,Integrated,IntegratedFlux,,7.25E+16,2.42E+18,hz,,
8262.983,,,seconds,1.02E-10,2.30E-11,2.30E-11,cgs,Integrated,IntegratedFlux,,7.25E+16,2.42E+18,hz,,
8313.26,,,seconds,9.24E-11,2.09E-11,2.09E-11,cgs,Integrated,IntegratedFlux,,7.25E+16,2.42E+18,hz,,
8345.358,,,seconds,1.85E-10,4.16E-11,4.16E-11,cgs,Integrated,IntegratedFlux,,7.25E+16,2.42E+18,hz,,
8375.316,,,seconds,1.15E-10,2.59E-11,2.59E-11,cgs,Integrated,IntegratedFlux,,7.25E+16,2.42E+18,hz,,
8413.427,,,seconds,1.32E-10,2.98E-11,2.98E-11,cgs,Integrated,IntegratedFlux,,7.25E+16,2.42E+18,hz,,
11779.228,,,seconds,7.66E-11,1.68E-11,1.68E-11,cgs,Integrated,IntegratedFlux,,7.25E+16,2.42E+18,hz,,
11833.997,,,seconds,8.71E-11,1.96E-11,1.96E-11,cgs,Integrated,IntegratedFlux,,7.25E+16,2.42E+18,hz,,
11884.14,,,seconds,8.38E-11,1.88E-11,1.88E-11,cgs,Integrated,IntegratedFlux,,7.25E+16,2.42E+18,hz,,
11928.959,,,seconds,1.11E-10,2.44E-11,2.44E-11,cgs,Integrated,IntegratedFlux,,7.25E+16,2.42E+18,hz,,
11977.54,,,seconds,9.66E-11,2.17E-11,2.17E-11,cgs,Integrated,IntegratedFlux,,7.25E+16,2.42E+18,hz,,
12030.069,,,seconds,8.70E-11,1.96E-11,1.96E-11,cgs,Integrated,IntegratedFlux,,7.25E+16,2.42E+18,hz,,
12089.729,,,seconds,5.45E-11,1.24E-11,1.24E-11,cgs,Integrated,IntegratedFlux,,7.25E+16,2.42E+18,hz,,
12162.581,,,seconds,9.17E-11,2.07E-11,2.07E-11,cgs,Integrated,IntegratedFlux,,7.25E+16,2.42E+18,hz,,
12209.09,,,seconds,8.64E-11,1.95E-11,1.95E-11,cgs,Integrated,IntegratedFlux,,7.25E+16,2.42E+18,hz,,
12264.422,,,seconds,9.96E-11,2.15E-11,2.15E-11,cgs,Integrated,IntegratedFlux,,7.25E+16,2.42E+18,hz,,
12315.899,,,seconds,8.31E-11,1.87E-11,1.87E-11,cgs,Integrated,IntegratedFlux,,7.25E+16,2.42E+18,hz,,
12379.194,,,seconds,7.08E-11,1.57E-11,1.57E-11,cgs,Integrated,IntegratedFlux,,7.25E+16,2.42E+18,hz,,
12445.702,,,seconds,7.40E-11,1.63E-11,1.63E-11,cgs,Integrated,IntegratedFlux,,7.25E+16,2.42E+18,hz,,
12487.381,,,seconds,1.60E-10,3.50E-11,3.50E-11,cgs,Integrated,IntegratedFlux,,7.25E+16,2.42E+18,hz,,
12538.299,,,seconds,7.34E-11,1.65E-11,1.65E-11,cgs,Integrated,IntegratedFlux,,7.25E+16,2.42E+18,hz,,
12607.718,,,seconds,7.09E-11,1.56E-11,1.56E-11,cgs,Integrated,IntegratedFlux,,7.25E+16,2.42E+18,hz,,
12659.653,,,seconds,9.21E-11,2.07E-11,2.07E-11,cgs,Integrated,IntegratedFlux,,7.25E+16,2.42E+18,hz,,
12724.969,,,seconds,7.70E-11,1.70E-11,1.70E-11,cgs,Integrated,IntegratedFlux,,7.25E+16,2.42E+18,hz,,
12777.375,,,seconds,7.69E-11,1.73E-11,1.73E-11,cgs,Integrated,IntegratedFlux,,7.25E+16,2.42E+18,hz,,
12843.064,,,seconds,6.53E-11,1.47E-11,1.47E-11,cgs,Integrated,IntegratedFlux,,7.25E+16,2.42E+18,hz,,
12924.032,,,seconds,5.03E-11,1.14E-11,1.14E-11,cgs,Integrated,IntegratedFlux,,7.25E+16,2.42E+18,hz,,
13003.282,,,seconds,6.75E-11,1.52E-11,1.52E-11,cgs,Integrated,IntegratedFlux,,7.25E+16,2.42E+18,hz,,
13062.834,,,seconds,7.95E-11,1.79E-11,1.79E-11,cgs,Integrated,IntegratedFlux,,7.25E+16,2.42E+18,hz,,
13120.882,,,seconds,9.60E-11,2.17E-11,2.17E-11,cgs,Integrated,IntegratedFlux,,7.25E+16,2.42E+18,hz,,
13182.917,,,seconds,5.71E-11,1.29E-11,1.29E-11,cgs,Integrated,IntegratedFlux,,7.25E+16,2.42E+18,hz,,
13256.048,,,seconds,8.34E-11,1.84E-11,1.84E-11,cgs,Integrated,IntegratedFlux,,7.25E+16,2.42E+18,hz,,
13313.557,,,seconds,6.30E-11,1.41E-11,1.41E-11,cgs,Integrated,IntegratedFlux,,7.25E+16,2.42E+18,hz,,
13384.644,,,seconds,6.71E-11,1.53E-11,1.53E-11,cgs,Integrated,IntegratedFlux,,7.25E+16,2.42E+18,hz,,
13445.575,,,seconds,8.68E-11,1.96E-11,1.96E-11,cgs,Integrated,IntegratedFlux,,7.25E+16,2.42E+18,hz,,
13503.37,,,seconds,7.53E-11,1.71E-11,1.71E-11,cgs,Integrated,IntegratedFlux,,7.25E+16,2.42E+18,hz,,
13560.165,,,seconds,9.10E-11,2.05E-11,2.05E-11,cgs,Integrated,IntegratedFlux,,7.25E+16,2.42E+18,hz,,
13611.935,,,seconds,6.95E-11,1.57E-11,1.57E-11,cgs,Integrated,IntegratedFlux,,7.25E+16,2.42E+18,hz,,
13690.282,,,seconds,5.88E-11,1.32E-11,1.32E-11,cgs,Integrated,IntegratedFlux,,7.25E+16,2.42E+18,hz,,
13784.656,,,seconds,4.41E-11,9.99E-12,9.99E-12,cgs,Integrated,IntegratedFlux,,7.25E+16,2.42E+18,hz,,
13889.722,,,seconds,4.91E-11,1.07E-11,1.07E-11,cgs,Integrated,IntegratedFlux,,7.25E+16,2.42E+18,hz,,
13956.441,,,seconds,7.02E-11,1.57E-11,1.57E-11,cgs,Integrated,IntegratedFlux,,7.25E+16,2.42E+18,hz,,
14026.959,,,seconds,9.47E-11,2.04E-11,2.04E-11,cgs,Integrated,IntegratedFlux,,7.25E+16,2.42E+18,hz,,
14078.923,,,seconds,7.24E-11,1.64E-11,1.64E-11,cgs,Integrated,IntegratedFlux,,7.25E+16,2.42E+18,hz,,
14164.158,,,seconds,6.51E-11,1.25E-11,1.25E-11,cgs,Integrated,IntegratedFlux,,7.25E+16,2.42E+18,hz,,
17533.181,,,seconds,6.28E-11,1.40E-11,1.40E-11,cgs,Integrated,IntegratedFlux,,7.25E+16,2.42E+18,hz,,
17593.851,,,seconds,3.45E-11,7.44E-12,7.44E-12,cgs,Integrated,IntegratedFlux,,7.25E+16,2.42E+18,hz,,
17666.818,,,seconds,4.31E-11,9.78E-12,9.78E-12,cgs,Integrated,IntegratedFlux,,7.25E+16,2.42E+18,hz,,
17729.247,,,seconds,3.36E-11,7.57E-12,7.57E-12,cgs,Integrated,IntegratedFlux,,7.25E+16,2.42E+18,hz,,
17801.741,,,seconds,4.46E-11,9.58E-12,9.58E-12,cgs,Integrated,IntegratedFlux,,7.25E+16,2.42E+18,hz,,
17862.26,,,seconds,3.59E-11,8.10E-12,8.10E-12,cgs,Integrated,IntegratedFlux,,7.25E+16,2.42E+18,hz,,
17938.359,,,seconds,3.70E-11,8.31E-12,8.31E-12,cgs,Integrated,IntegratedFlux,,7.25E+16,2.42E+18,hz,,
18006.553,,,seconds,4.17E-11,9.19E-12,9.19E-12,cgs,Integrated,IntegratedFlux,,7.25E+16,2.42E+18,hz,,
18050.943,,,seconds,5.24E-11,1.18E-11,1.18E-11,cgs,Integrated,IntegratedFlux,,7.25E+16,2.42E+18,hz,,
18103.848,,,seconds,5.57E-11,1.25E-11,1.25E-11,cgs,Integrated,IntegratedFlux,,7.25E+16,2.42E+18,hz,,
18156.997,,,seconds,4.00E-11,9.01E-12,9.01E-12,cgs,Integrated,IntegratedFlux,,7.25E+16,2.42E+18,hz,,
18223.693,,,seconds,3.70E-11,8.35E-12,8.35E-12,cgs,Integrated,IntegratedFlux,,7.25E+16,2.42E+18,hz,,
18281.367,,,seconds,5.28E-11,1.19E-11,1.19E-11,cgs,Integrated,IntegratedFlux,,7.25E+16,2.42E+18,hz,,
18332.033,,,seconds,5.50E-11,1.20E-11,1.20E-11,cgs,Integrated,IntegratedFlux,,7.25E+16,2.42E+18,hz,,
18390.174,,,seconds,3.55E-11,8.00E-12,8.00E-12,cgs,Integrated,IntegratedFlux,,7.25E+16,2.42E+18,hz,,
18460.634,,,seconds,3.55E-11,8.04E-12,8.04E-12,cgs,Integrated,IntegratedFlux,,7.25E+16,2.42E+18,hz,,
18524.948,,,seconds,3.81E-11,8.59E-12,8.59E-12,cgs,Integrated,IntegratedFlux,,7.25E+16,2.42E+18,hz,,
18589.69,,,seconds,4.83E-11,1.06E-11,1.06E-11,cgs,Integrated,IntegratedFlux,,7.25E+16,2.42E+18,hz,,
18635.301,,,seconds,6.62E-11,1.45E-11,1.45E-11,cgs,Integrated,IntegratedFlux,,7.25E+16,2.42E+18,hz,,
18677.021,,,seconds,5.06E-11,1.14E-11,1.14E-11,cgs,Integrated,IntegratedFlux,,7.25E+16,2.42E+18,hz,,
18720.276,,,seconds,7.20E-11,1.61E-11,1.61E-11,cgs,Integrated,IntegratedFlux,,7.25E+16,2.42E+18,hz,,
18785.946,,,seconds,2.49E-11,5.61E-12,5.61E-12,cgs,Integrated,IntegratedFlux,,7.25E+16,2.42E+18,hz,,
18860.679,,,seconds,4.04E-11,9.11E-12,9.11E-12,cgs,Integrated,IntegratedFlux,,7.25E+16,2.42E+18,hz,,
18932.888,,,seconds,4.26E-11,9.58E-12,9.58E-12,cgs,Integrated,IntegratedFlux,,7.25E+16,2.42E+18,hz,,
18988.301,,,seconds,4.21E-11,9.44E-12,9.44E-12,cgs,Integrated,IntegratedFlux,,7.25E+16,2.42E+18,hz,,
19059.747,,,seconds,3.93E-11,8.65E-12,8.65E-12,cgs,Integrated,IntegratedFlux,,7.25E+16,2.42E+18,hz,,
19114.172,,,seconds,4.37E-11,9.81E-12,9.81E-12,cgs,Integrated,IntegratedFlux,,7.25E+16,2.42E+18,hz,,
19186.541,,,seconds,3.94E-11,8.64E-12,8.64E-12,cgs,Integrated,IntegratedFlux,,7.25E+16,2.42E+18,hz,,
19241.114,,,seconds,5.05E-11,1.10E-11,1.10E-11,cgs,Integrated,IntegratedFlux,,7.25E+16,2.42E+18,hz,,
19290.307,,,seconds,5.91E-11,1.30E-11,1.30E-11,cgs,Integrated,IntegratedFlux,,7.25E+16,2.42E+18,hz,,
19333.646,,,seconds,5.60E-11,1.23E-11,1.23E-11,cgs,Integrated,IntegratedFlux,,7.25E+16,2.42E+18,hz,,
19390.605,,,seconds,4.61E-11,1.03E-11,1.03E-11,cgs,Integrated,IntegratedFlux,,7.25E+16,2.42E+18,hz,,
19436.114,,,seconds,5.33E-11,1.20E-11,1.20E-11,cgs,Integrated,IntegratedFlux,,7.25E+16,2.42E+18,hz,,
19507.561,,,seconds,3.03E-11,6.89E-12,6.89E-12,cgs,Integrated,IntegratedFlux,,7.25E+16,2.42E+18,hz,,
19577.65,,,seconds,4.58E-11,1.04E-11,1.04E-11,cgs,Integrated,IntegratedFlux,,7.25E+16,2.42E+18,hz,,
19624.035,,,seconds,5.08E-11,1.14E-11,1.14E-11,cgs,Integrated,IntegratedFlux,,7.25E+16,2.42E+18,hz,,
19681.325,,,seconds,3.75E-11,8.42E-12,8.42E-12,cgs,Integrated,IntegratedFlux,,7.25E+16,2.42E+18,hz,,
19740.124,,,seconds,4.81E-11,1.08E-11,1.08E-11,cgs,Integrated,IntegratedFlux,,7.25E+16,2.42E+18,hz,,
19803.707,,,seconds,4.40E-11,9.67E-12,9.67E-12,cgs,Integrated,IntegratedFlux,,7.25E+16,2.42E+18,hz,,
19865.737,,,seconds,4.22E-11,9.48E-12,9.48E-12,cgs,Integrated,IntegratedFlux,,7.25E+16,2.42E+18,hz,,
19931.55,,,seconds,4.63E-11,7.91E-12,7.91E-12,cgs,Integrated,IntegratedFlux,,7.25E+16,2.42E+18,hz,,
23322.623,,,seconds,3.30E-11,7.43E-12,7.43E-12,cgs,Integrated,IntegratedFlux,,7.25E+16,2.42E+18,hz,,
23382.994,,,seconds,3.37E-11,7.40E-12,7.40E-12,cgs,Integrated,IntegratedFlux,,7.25E+16,2.42E+18,hz,,
23451.05,,,seconds,3.14E-11,6.91E-12,6.91E-12,cgs,Integrated,IntegratedFlux,,7.25E+16,2.42E+18,hz,,
23523.829,,,seconds,2.18E-11,4.93E-12,4.93E-12,cgs,Integrated,IntegratedFlux,,7.25E+16,2.42E+18,hz,,
23587.397,,,seconds,3.76E-11,8.47E-12,8.47E-12,cgs,Integrated,IntegratedFlux,,7.25E+16,2.42E+18,hz,,
23642.43,,,seconds,2.77E-11,6.22E-12,6.22E-12,cgs,Integrated,IntegratedFlux,,7.25E+16,2.42E+18,hz,,
23697.095,,,seconds,4.19E-11,9.40E-12,9.40E-12,cgs,Integrated,IntegratedFlux,,7.25E+16,2.42E+18,hz,,
23754.26,,,seconds,3.24E-11,7.29E-12,7.29E-12,cgs,Integrated,IntegratedFlux,,7.25E+16,2.42E+18,hz,,
23816.762,,,seconds,3.13E-11,6.86E-12,6.86E-12,cgs,Integrated,IntegratedFlux,,7.25E+16,2.42E+18,hz,,
23866.843,,,seconds,4.97E-11,1.12E-11,1.12E-11,cgs,Integrated,IntegratedFlux,,7.25E+16,2.42E+18,hz,,
23904.953,,,seconds,4.64E-11,1.04E-11,1.04E-11,cgs,Integrated,IntegratedFlux,,7.25E+16,2.42E+18,hz,,
23956.471,,,seconds,2.33E-11,5.27E-12,5.27E-12,cgs,Integrated,IntegratedFlux,,7.25E+16,2.42E+18,hz,,
24040.708,,,seconds,2.06E-11,4.67E-12,4.67E-12,cgs,Integrated,IntegratedFlux,,7.25E+16,2.42E+18,hz,,
24118.073,,,seconds,3.53E-11,8.01E-12,8.01E-12,cgs,Integrated,IntegratedFlux,,7.25E+16,2.42E+18,hz,,
24184.383,,,seconds,2.94E-11,6.44E-12,6.44E-12,cgs,Integrated,IntegratedFlux,,7.25E+16,2.42E+18,hz,,
24245.318,,,seconds,3.12E-11,7.03E-12,7.03E-12,cgs,Integrated,IntegratedFlux,,7.25E+16,2.42E+18,hz,,
24313.634,,,seconds,2.14E-11,4.83E-12,4.83E-12,cgs,Integrated,IntegratedFlux,,7.25E+16,2.42E+18,hz,,
24388.236,,,seconds,3.01E-11,6.77E-12,6.77E-12,cgs,Integrated,IntegratedFlux,,7.25E+16,2.42E+18,hz,,
24468.962,,,seconds,2.19E-11,4.96E-12,4.96E-12,cgs,Integrated,IntegratedFlux,,7.25E+16,2.42E+18,hz,,
24534.163,,,seconds,3.40E-11,7.65E-12,7.65E-12,cgs,Integrated,IntegratedFlux,,7.25E+16,2.42E+18,hz,,
24602.985,,,seconds,2.50E-11,5.63E-12,5.63E-12,cgs,Integrated,IntegratedFlux,,7.25E+16,2.42E+18,hz,,
24670.684,,,seconds,2.68E-11,6.04E-12,6.04E-12,cgs,Integrated,IntegratedFlux,,7.25E+16,2.42E+18,hz,,
24739.383,,,seconds,2.99E-11,6.76E-12,6.76E-12,cgs,Integrated,IntegratedFlux,,7.25E+16,2.42E+18,hz,,
24824.332,,,seconds,1.89E-11,4.21E-12,4.21E-12,cgs,Integrated,IntegratedFlux,,7.25E+16,2.42E+18,hz,,
24913.294,,,seconds,2.53E-11,5.58E-12,5.58E-12,cgs,Integrated,IntegratedFlux,,7.25E+16,2.42E+18,hz,,
24972.194,,,seconds,4.43E-11,9.94E-12,9.94E-12,cgs,Integrated,IntegratedFlux,,7.25E+16,2.42E+18,hz,,
25030.609,,,seconds,2.90E-11,6.51E-12,6.51E-12,cgs,Integrated,IntegratedFlux,,7.25E+16,2.42E+18,hz,,
25107.74,,,seconds,2.05E-11,4.41E-12,4.41E-12,cgs,Integrated,IntegratedFlux,,7.25E+16,2.42E+18,hz,,
25193.459,,,seconds,2.58E-11,5.89E-12,5.89E-12,cgs,Integrated,IntegratedFlux,,7.25E+16,2.42E+18,hz,,
25265.048,,,seconds,3.37E-11,7.65E-12,7.65E-12,cgs,Integrated,IntegratedFlux,,7.25E+16,2.42E+18,hz,,
25314.69,,,seconds,3.41E-11,7.64E-12,7.64E-12,cgs,Integrated,IntegratedFlux,,7.25E+16,2.42E+18,hz,,
25367.723,,,seconds,4.40E-11,9.89E-12,9.89E-12,cgs,Integrated,IntegratedFlux,,7.25E+16,2.42E+18,hz,,
25426.763,,,seconds,2.59E-11,5.81E-12,5.81E-12,cgs,Integrated,IntegratedFlux,,7.25E+16,2.42E+18,hz,,
25484.563,,,seconds,3.76E-11,8.47E-12,8.47E-12,cgs,Integrated,IntegratedFlux,,7.25E+16,2.42E+18,hz,,
25549.123,,,seconds,2.81E-11,6.32E-12,6.32E-12,cgs,Integrated,IntegratedFlux,,7.25E+16,2.42E+18,hz,,
25619.403,,,seconds,2.70E-11,5.96E-12,5.96E-12,cgs,Integrated,IntegratedFlux,,7.25E+16,2.42E+18,hz,,
25715.996,,,seconds,2.69E-11,4.70E-12,4.70E-12,cgs,Integrated,IntegratedFlux,,7.25E+16,2.42E+18,hz,,
29112.933,,,seconds,3.06E-11,6.87E-12,6.87E-12,cgs,Integrated,IntegratedFlux,,7.25E+16,2.42E+18,hz,,
29200.558,,,seconds,1.94E-11,4.36E-12,4.36E-12,cgs,Integrated,IntegratedFlux,,7.25E+16,2.42E+18,hz,,
29293.238,,,seconds,2.87E-11,6.31E-12,6.31E-12,cgs,Integrated,IntegratedFlux,,7.25E+16,2.42E+18,hz,,
29353.39,,,seconds,3.05E-11,6.86E-12,6.86E-12,cgs,Integrated,IntegratedFlux,,7.25E+16,2.42E+18,hz,,
29424.578,,,seconds,3.30E-11,7.25E-12,7.25E-12,cgs,Integrated,IntegratedFlux,,7.25E+16,2.42E+18,hz,,
29484.271,,,seconds,3.79E-11,8.50E-12,8.50E-12,cgs,Integrated,IntegratedFlux,,7.25E+16,2.42E+18,hz,,
29551.465,,,seconds,2.56E-11,5.78E-12,5.78E-12,cgs,Integrated,IntegratedFlux,,7.25E+16,2.42E+18,hz,,
29632.575,,,seconds,2.86E-11,6.44E-12,6.44E-12,cgs,Integrated,IntegratedFlux,,7.25E+16,2.42E+18,hz,,
29684.859,,,seconds,4.28E-11,9.61E-12,9.61E-12,cgs,Integrated,IntegratedFlux,,7.25E+16,2.42E+18,hz,,
29787.643,,,seconds,1.73E-11,3.91E-12,3.91E-12,cgs,Integrated,IntegratedFlux,,7.25E+16,2.42E+18,hz,,
29875.037,,,seconds,2.63E-11,5.89E-12,5.89E-12,cgs,Integrated,IntegratedFlux,,7.25E+16,2.42E+18,hz,,
29972.064,,,seconds,1.96E-11,4.43E-12,4.43E-12,cgs,Integrated,IntegratedFlux,,7.25E+16,2.42E+18,hz,,
30059.328,,,seconds,3.13E-11,7.03E-12,7.03E-12,cgs,Integrated,IntegratedFlux,,7.25E+16,2.42E+18,hz,,
30136.671,,,seconds,2.22E-11,4.98E-12,4.98E-12,cgs,Integrated,IntegratedFlux,,7.25E+16,2.42E+18,hz,,
30238.364,,,seconds,1.54E-11,3.39E-12,3.39E-12,cgs,Integrated,IntegratedFlux,,7.25E+16,2.42E+18,hz,,
30371.984,,,seconds,2.11E-11,4.77E-12,4.77E-12,cgs,Integrated,IntegratedFlux,,7.25E+16,2.42E+18,hz,,
30448.578,,,seconds,2.08E-11,4.69E-12,4.69E-12,cgs,Integrated,IntegratedFlux,,7.25E+16,2.42E+18,hz,,
30563.534,,,seconds,1.75E-11,3.95E-12,3.95E-12,cgs,Integrated,IntegratedFlux,,7.25E+16,2.42E+18,hz,,
30696.617,,,seconds,1.89E-11,4.15E-12,4.15E-12,cgs,Integrated,IntegratedFlux,,7.25E+16,2.42E+18,hz,,
30800.231,,,seconds,1.86E-11,4.20E-12,4.20E-12,cgs,Integrated,IntegratedFlux,,7.25E+16,2.42E+18,hz,,
30926.196,,,seconds,1.35E-11,2.98E-12,2.98E-12,cgs,Integrated,IntegratedFlux,,7.25E+16,2.42E+18,hz,,
31051.212,,,seconds,1.86E-11,4.20E-12,4.20E-12,cgs,Integrated,IntegratedFlux,,7.25E+16,2.42E+18,hz,,
31150.506,,,seconds,2.35E-11,5.27E-12,5.27E-12,cgs,Integrated,IntegratedFlux,,7.25E+16,2.42E+18,hz,,
31245.521,,,seconds,1.80E-11,4.07E-12,4.07E-12,cgs,Integrated,IntegratedFlux,,7.25E+16,2.42E+18,hz,,
31378.724,,,seconds,1.79E-11,3.93E-12,3.93E-12,cgs,Integrated,IntegratedFlux,,7.25E+16,2.42E+18,hz,,
31477.952,,,seconds,2.72E-11,4.99E-12,4.99E-12,cgs,Integrated,IntegratedFlux,,7.25E+16,2.42E+18,hz,,
34910.244,,,seconds,1.38E-11,3.11E-12,3.11E-12,cgs,Integrated,IntegratedFlux,,7.25E+16,2.42E+18,hz,,
35050.96,,,seconds,3.16E-11,6.90E-12,6.90E-12,cgs,Integrated,IntegratedFlux,,7.25E+16,2.42E+18,hz,,
35178.339,,,seconds,1.80E-11,3.97E-12,3.97E-12,cgs,Integrated,IntegratedFlux,,7.25E+16,2.42E+18,hz,,
35310.064,,,seconds,2.40E-11,5.42E-12,5.42E-12,cgs,Integrated,IntegratedFlux,,7.25E+16,2.42E+18,hz,,
35415.862,,,seconds,1.25E-11,2.81E-12,2.81E-12,cgs,Integrated,IntegratedFlux,,7.25E+16,2.42E+18,hz,,
35554.159,,,seconds,1.32E-11,2.84E-12,2.84E-12,cgs,Integrated,IntegratedFlux,,7.25E+16,2.42E+18,hz,,
35652.196,,,seconds,1.88E-11,4.20E-12,4.20E-12,cgs,Integrated,IntegratedFlux,,7.25E+16,2.42E+18,hz,,
35726.511,,,seconds,1.80E-11,3.95E-12,3.95E-12,cgs,Integrated,IntegratedFlux,,7.25E+16,2.42E+18,hz,,
35821.432,,,seconds,1.32E-11,2.99E-12,2.99E-12,cgs,Integrated,IntegratedFlux,,7.25E+16,2.42E+18,hz,,
35918.962,,,seconds,1.44E-11,3.25E-12,3.25E-12,cgs,Integrated,IntegratedFlux,,7.25E+16,2.42E+18,hz,,
36060.992,,,seconds,2.03E-11,4.59E-12,4.59E-12,cgs,Integrated,IntegratedFlux,,7.25E+16,2.42E+18,hz,,
36223.79,,,seconds,1.16E-11,2.63E-12,2.63E-12,cgs,Integrated,IntegratedFlux,,7.25E+16,2.42E+18,hz,,
36463.508,,,seconds,1.24E-11,2.80E-12,2.80E-12,cgs,Integrated,IntegratedFlux,,7.25E+16,2.42E+18,hz,,
36620.13,,,seconds,1.10E-11,2.49E-12,2.49E-12,cgs,Integrated,IntegratedFlux,,7.25E+16,2.42E+18,hz,,
36739.111,,,seconds,1.42E-11,3.20E-12,3.20E-12,cgs,Integrated,IntegratedFlux,,7.25E+16,2.42E+18,hz,,
36880.113,,,seconds,1.31E-11,2.96E-12,2.96E-12,cgs,Integrated,IntegratedFlux,,7.25E+16,2.42E+18,hz,,
37029.575,,,seconds,2.08E-11,4.69E-12,4.69E-12,cgs,Integrated,IntegratedFlux,,7.25E+16,2.42E+18,hz,,
37219.74,,,seconds,1.74E-11,3.32E-12,3.32E-12,cgs,Integrated,IntegratedFlux,,7.25E+16,2.42E+18,hz,,
40754.924,,,seconds,1.10E-11,2.48E-12,2.48E-12,cgs,Integrated,IntegratedFlux,,7.25E+16,2.42E+18,hz,,
40890.955,,,seconds,1.24E-11,2.78E-12,2.78E-12,cgs,Integrated,IntegratedFlux,,7.25E+16,2.42E+18,hz,,
41000.77,,,seconds,1.16E-11,2.62E-12,2.62E-12,cgs,Integrated,IntegratedFlux,,7.25E+16,2.42E+18,hz,,
41117.934,,,seconds,1.16E-11,2.55E-12,2.55E-12,cgs,Integrated,IntegratedFlux,,7.25E+16,2.42E+18,hz,,
41251.003,,,seconds,1.23E-11,2.77E-12,2.77E-12,cgs,Integrated,IntegratedFlux,,7.25E+16,2.42E+18,hz,,
41380.263,,,seconds,1.14E-11,2.57E-12,2.57E-12,cgs,Integrated,IntegratedFlux,,7.25E+16,2.42E+18,hz,,
41556.789,,,seconds,2.35E-11,5.20E-12,5.20E-12,cgs,Integrated,IntegratedFlux,,7.25E+16,2.42E+18,hz,,
41787.441,,,seconds,1.01E-11,2.27E-12,2.27E-12,cgs,Integrated,IntegratedFlux,,7.25E+16,2.42E+18,hz,,
41981.234,,,seconds,1.06E-11,2.41E-12,2.41E-12,cgs,Integrated,IntegratedFlux,,7.25E+16,2.42E+18,hz,,
42134.085,,,seconds,1.20E-11,2.70E-12,2.70E-12,cgs,Integrated,IntegratedFlux,,7.25E+16,2.42E+18,hz,,
42244.41,,,seconds,1.47E-11,3.32E-12,3.32E-12,cgs,Integrated,IntegratedFlux,,7.25E+16,2.42E+18,hz,,
42340.937,,,seconds,1.28E-11,2.87E-12,2.87E-12,cgs,Integrated,IntegratedFlux,,7.25E+16,2.42E+18,hz,,
42463.303,,,seconds,1.28E-11,2.79E-12,2.79E-12,cgs,Integrated,IntegratedFlux,,7.25E+16,2.42E+18,hz,,
42585.273,,,seconds,1.06E-11,2.38E-12,2.38E-12,cgs,Integrated,IntegratedFlux,,7.25E+16,2.42E+18,hz,,
42715.407,,,seconds,1.30E-11,2.91E-12,2.91E-12,cgs,Integrated,IntegratedFlux,,7.25E+16,2.42E+18,hz,,
42830.558,,,seconds,1.23E-11,2.69E-12,2.69E-12,cgs,Integrated,IntegratedFlux,,7.25E+16,2.42E+18,hz,,
43006.439,,,seconds,1.16E-11,2.00E-12,2.00E-12,cgs,Integrated,IntegratedFlux,,7.25E+16,2.42E+18,hz,,
46463.497,,,seconds,1.43E-11,3.20E-12,3.20E-12,cgs,Integrated,IntegratedFlux,,7.25E+16,2.42E+18,hz,,
46559.2,,,seconds,1.14E-11,2.50E-12,2.50E-12,cgs,Integrated,IntegratedFlux,,7.25E+16,2.42E+18,hz,,
46648.535,,,seconds,1.30E-11,2.93E-12,2.93E-12,cgs,Integrated,IntegratedFlux,,7.25E+16,2.42E+18,hz,,
46737.044,,,seconds,1.40E-11,3.13E-12,3.13E-12,cgs,Integrated,IntegratedFlux,,7.25E+16,2.42E+18,hz,,
46834.947,,,seconds,1.67E-11,3.75E-12,3.75E-12,cgs,Integrated,IntegratedFlux,,7.25E+16,2.42E+18,hz,,
46979.87,,,seconds,9.62E-12,2.16E-12,2.16E-12,cgs,Integrated,IntegratedFlux,,7.25E+16,2.42E+18,hz,,
47073.4,,,seconds,1.34E-11,3.02E-12,3.02E-12,cgs,Integrated,IntegratedFlux,,7.25E+16,2.42E+18,hz,,
47166.418,,,seconds,9.67E-12,2.18E-12,2.18E-12,cgs,Integrated,IntegratedFlux,,7.25E+16,2.42E+18,hz,,
47312.685,,,seconds,1.75E-11,3.95E-12,3.95E-12,cgs,Integrated,IntegratedFlux,,7.25E+16,2.42E+18,hz,,
47592.264,,,seconds,1.18E-11,2.68E-12,2.68E-12,cgs,Integrated,IntegratedFlux,,7.25E+16,2.42E+18,hz,,
47708.005,,,seconds,1.31E-11,2.93E-12,2.93E-12,cgs,Integrated,IntegratedFlux,,7.25E+16,2.42E+18,hz,,
47826.592,,,seconds,8.89E-12,2.01E-12,2.01E-12,cgs,Integrated,IntegratedFlux,,7.25E+16,2.42E+18,hz,,
47923.259,,,seconds,1.43E-11,3.20E-12,3.20E-12,cgs,Integrated,IntegratedFlux,,7.25E+16,2.42E+18,hz,,
48002.366,,,seconds,1.52E-11,3.41E-12,3.41E-12,cgs,Integrated,IntegratedFlux,,7.25E+16,2.42E+18,hz,,
48096.636,,,seconds,1.04E-11,2.33E-12,2.33E-12,cgs,Integrated,IntegratedFlux,,7.25E+16,2.42E+18,hz,,
48193.171,,,seconds,1.34E-11,3.01E-12,3.01E-12,cgs,Integrated,IntegratedFlux,,7.25E+16,2.42E+18,hz,,
48279.794,,,seconds,1.13E-11,2.56E-12,2.56E-12,cgs,Integrated,IntegratedFlux,,7.25E+16,2.42E+18,hz,,
48378.841,,,seconds,1.52E-11,3.41E-12,3.41E-12,cgs,Integrated,IntegratedFlux,,7.25E+16,2.42E+18,hz,,
48453.424,,,seconds,1.14E-11,2.56E-12,2.56E-12,cgs,Integrated,IntegratedFlux,,7.25E+16,2.42E+18,hz,,
48559.11,,,seconds,1.20E-11,2.70E-12,2.70E-12,cgs,Integrated,IntegratedFlux,,7.25E+16,2.42E+18,hz,,
48656.272,,,seconds,1.11E-11,2.50E-12,2.50E-12,cgs,Integrated,IntegratedFlux,,7.25E+16,2.42E+18,hz,,
48783.577,,,seconds,1.26E-11,2.08E-12,2.08E-12,cgs,Integrated,IntegratedFlux,,7.25E+16,2.42E+18,hz,,
52214.915,,,seconds,9.49E-12,2.09E-12,2.09E-12,cgs,Integrated,IntegratedFlux,,7.25E+16,2.42E+18,hz,,
52338.577,,,seconds,1.35E-11,3.04E-12,3.04E-12,cgs,Integrated,IntegratedFlux,,7.25E+16,2.42E+18,hz,,
52488.007,,,seconds,2.08E-11,4.69E-12,4.69E-12,cgs,Integrated,IntegratedFlux,,7.25E+16,2.42E+18,hz,,
52616.138,,,seconds,1.37E-11,3.09E-12,3.09E-12,cgs,Integrated,IntegratedFlux,,7.25E+16,2.42E+18,hz,,
52718.318,,,seconds,1.30E-11,2.93E-12,2.93E-12,cgs,Integrated,IntegratedFlux,,7.25E+16,2.42E+18,hz,,
52830.767,,,seconds,1.14E-11,2.58E-12,2.58E-12,cgs,Integrated,IntegratedFlux,,7.25E+16,2.42E+18,hz,,
52941.967,,,seconds,1.11E-11,2.49E-12,2.49E-12,cgs,Integrated,IntegratedFlux,,7.25E+16,2.42E+18,hz,,
53032.863,,,seconds,1.52E-11,3.41E-12,3.41E-12,cgs,Integrated,IntegratedFlux,,7.25E+16,2.42E+18,hz,,
53119.112,,,seconds,1.28E-11,2.88E-12,2.88E-12,cgs,Integrated,IntegratedFlux,,7.25E+16,2.42E+18,hz,,
53214.646,,,seconds,1.79E-11,4.00E-12,4.00E-12,cgs,Integrated,IntegratedFlux,,7.25E+16,2.42E+18,hz,,
53319.803,,,seconds,6.90E-12,1.56E-12,1.56E-12,cgs,Integrated,IntegratedFlux,,7.25E+16,2.42E+18,hz,,
53498.837,,,seconds,1.59E-11,3.58E-12,3.58E-12,cgs,Integrated,IntegratedFlux,,7.25E+16,2.42E+18,hz,,
53645.397,,,seconds,9.38E-12,2.06E-12,2.06E-12,cgs,Integrated,IntegratedFlux,,7.25E+16,2.42E+18,hz,,
53778.536,,,seconds,1.10E-11,2.47E-12,2.47E-12,cgs,Integrated,IntegratedFlux,,7.25E+16,2.42E+18,hz,,
53905.376,,,seconds,1.02E-11,2.20E-12,2.20E-12,cgs,Integrated,IntegratedFlux,,7.25E+16,2.42E+18,hz,,
54038.294,,,seconds,1.05E-11,2.37E-12,2.37E-12,cgs,Integrated,IntegratedFlux,,7.25E+16,2.42E+18,hz,,
54137.801,,,seconds,1.36E-11,2.97E-12,2.97E-12,cgs,Integrated,IntegratedFlux,,7.25E+16,2.42E+18,hz,,
54253.921,,,seconds,1.02E-11,2.28E-12,2.28E-12,cgs,Integrated,IntegratedFlux,,7.25E+16,2.42E+18,hz,,
54378.282,,,seconds,8.61E-12,1.94E-12,1.94E-12,cgs,Integrated,IntegratedFlux,,7.25E+16,2.42E+18,hz,,
54547.501,,,seconds,1.17E-11,2.04E-12,2.04E-12,cgs,Integrated,IntegratedFlux,,7.25E+16,2.42E+18,hz,,
58020.216,,,seconds,1.02E-11,2.30E-12,2.30E-12,cgs,Integrated,IntegratedFlux,,7.25E+16,2.42E+18,hz,,
58126.528,,,seconds,1.14E-11,2.57E-12,2.57E-12,cgs,Integrated,IntegratedFlux,,7.25E+16,2.42E+18,hz,,
58280.097,,,seconds,7.10E-12,1.60E-12,1.60E-12,cgs,Integrated,IntegratedFlux,,7.25E+16,2.42E+18,hz,,
58412.979,,,seconds,7.60E-12,1.71E-12,1.71E-12,cgs,Integrated,IntegratedFlux,,7.25E+16,2.42E+18,hz,,
58600.776,,,seconds,6.31E-12,1.43E-12,1.43E-12,cgs,Integrated,IntegratedFlux,,7.25E+16,2.42E+18,hz,,
58745.824,,,seconds,7.58E-12,1.72E-12,1.72E-12,cgs,Integrated,IntegratedFlux,,7.25E+16,2.42E+18,hz,,
58903.415,,,seconds,7.04E-12,1.58E-12,1.58E-12,cgs,Integrated,IntegratedFlux,,7.25E+16,2.42E+18,hz,,
59070.295,,,seconds,1.12E-11,2.47E-12,2.47E-12,cgs,Integrated,IntegratedFlux,,7.25E+16,2.42E+18,hz,,
59324.755,,,seconds,9.61E-12,2.16E-12,2.16E-12,cgs,Integrated,IntegratedFlux,,7.25E+16,2.42E+18,hz,,
59446.89,,,seconds,1.48E-11,3.33E-12,3.33E-12,cgs,Integrated,IntegratedFlux,,7.25E+16,2.42E+18,hz,,
59530.629,,,seconds,1.10E-11,2.50E-12,2.50E-12,cgs,Integrated,IntegratedFlux,,7.25E+16,2.42E+18,hz,,
59673.773,,,seconds,8.77E-12,1.80E-12,1.80E-12,cgs,Integrated,IntegratedFlux,,7.25E+16,2.42E+18,hz,,
64088.132,,,seconds,6.86E-12,1.56E-12,1.56E-12,cgs,Integrated,IntegratedFlux,,7.25E+16,2.42E+18,hz,,
64550.568,,,seconds,9.44E-12,1.56E-12,1.56E-12,cgs,Integrated,IntegratedFlux,,7.25E+16,2.42E+18,hz,,
69779.661,,,seconds,7.17E-12,1.61E-12,1.61E-12,cgs,Integrated,IntegratedFlux,,7.25E+16,2.42E+18,hz,,
69925.456,,,seconds,7.60E-12,1.71E-12,1.71E-12,cgs,Integrated,IntegratedFlux,,7.25E+16,2.42E+18,hz,,
70096.465,,,seconds,7.35E-12,1.66E-12,1.66E-12,cgs,Integrated,IntegratedFlux,,7.25E+16,2.42E+18,hz,,
70243.88,,,seconds,5.60E-12,1.27E-12,1.27E-12,cgs,Integrated,IntegratedFlux,,7.25E+16,2.42E+18,hz,,
70454.11,,,seconds,8.01E-12,1.80E-12,1.80E-12,cgs,Integrated,IntegratedFlux,,7.25E+16,2.42E+18,hz,,
70643.688,,,seconds,8.66E-12,1.96E-12,1.96E-12,cgs,Integrated,IntegratedFlux,,7.25E+16,2.42E+18,hz,,
70822.947,,,seconds,5.48E-12,1.23E-12,1.23E-12,cgs,Integrated,IntegratedFlux,,7.25E+16,2.42E+18,hz,,
71033.932,,,seconds,7.51E-12,1.70E-12,1.70E-12,cgs,Integrated,IntegratedFlux,,7.25E+16,2.42E+18,hz,,
71246.478,,,seconds,7.61E-12,1.38E-12,1.38E-12,cgs,Integrated,IntegratedFlux,,7.25E+16,2.42E+18,hz,,
76457.768,,,seconds,4.52E-12,1.05E-12,1.05E-12,cgs,Integrated,IntegratedFlux,,7.25E+16,2.42E+18,hz,,
76680.204,,,seconds,4.45E-12,1.16E-12,1.16E-12,cgs,Integrated,IntegratedFlux,,7.25E+16,2.42E+18,hz,,
76915.178,,,seconds,4.98E-12,1.12E-12,1.12E-12,cgs,Integrated,IntegratedFlux,,7.25E+16,2.42E+18,hz,,
77096.219,,,seconds,7.97E-12,1.75E-12,1.75E-12,cgs,Integrated,IntegratedFlux,,7.25E+16,2.42E+18,hz,,
77238.885,,,seconds,7.60E-12,1.71E-12,1.71E-12,cgs,Integrated,IntegratedFlux,,7.25E+16,2.42E+18,hz,,
77472.15,,,seconds,6.04E-12,1.02E-12,1.02E-12,cgs,Integrated,IntegratedFlux,,7.25E+16,2.42E+18,hz,,
81397.38,,,seconds,4.65E-12,1.08E-12,1.08E-12,cgs,Integrated,IntegratedFlux,,7.25E+16,2.42E+18,hz,,
81660.065,,,seconds,4.27E-12,1.05E-12,1.05E-12,cgs,Integrated,IntegratedFlux,,7.25E+16,2.42E+18,hz,,
81879.928,,,seconds,5.78E-12,1.30E-12,1.30E-12,cgs,Integrated,IntegratedFlux,,7.25E+16,2.42E+18,hz,,
82107.476,,,seconds,7.98E-12,1.80E-12,1.80E-12,cgs,Integrated,IntegratedFlux,,7.25E+16,2.42E+18,hz,,
82274.825,,,seconds,6.18E-12,1.40E-12,1.40E-12,cgs,Integrated,IntegratedFlux,,7.25E+16,2.42E+18,hz,,
82529.948,,,seconds,5.49E-12,1.24E-12,1.24E-12,cgs,Integrated,IntegratedFlux,,7.25E+16,2.42E+18,hz,,
82785.427,,,seconds,6.09E-12,1.12E-12,1.12E-12,cgs,Integrated,IntegratedFlux,,7.25E+16,2.42E+18,hz,,
87938.111,,,seconds,5.03E-12,1.13E-12,1.13E-12,cgs,Integrated,IntegratedFlux,,7.25E+16,2.42E+18,hz,,
88129.689,,,seconds,8.50E-12,1.90E-12,1.90E-12,cgs,Integrated,IntegratedFlux,,7.25E+16,2.42E+18,hz,,
88312.295,,,seconds,4.16E-12,1.09E-12,1.09E-12,cgs,Integrated,IntegratedFlux,,7.25E+16,2.42E+18,hz,,
88502.767,,,seconds,5.72E-12,1.29E-12,1.29E-12,cgs,Integrated,IntegratedFlux,,7.25E+16,2.42E+18,hz,,
88726.666,,,seconds,3.81E-12,9.97E-13,9.97E-13,cgs,Integrated,IntegratedFlux,,7.25E+16,2.42E+18,hz,,
88984.775,,,seconds,4.48E-12,8.69E-13,8.69E-13,cgs,Integrated,IntegratedFlux,,7.25E+16,2.42E+18,hz,,
93668.378,,,seconds,6.04E-12,1.36E-12,1.36E-12,cgs,Integrated,IntegratedFlux,,7.25E+16,2.42E+18,hz,,
93902.228,,,seconds,4.62E-12,1.21E-12,1.21E-12,cgs,Integrated,IntegratedFlux,,7.25E+16,2.42E+18,hz,,
94063.745,,,seconds,3.80E-12,9.60E-13,9.60E-13,cgs,Integrated,IntegratedFlux,,7.25E+16,2.42E+18,hz,,
94367.08,,,seconds,3.51E-12,9.16E-13,9.16E-13,cgs,Integrated,IntegratedFlux,,7.25E+16,2.42E+18,hz,,
94631.653,,,seconds,2.77E-12,7.23E-13,7.23E-13,cgs,Integrated,IntegratedFlux,,7.25E+16,2.42E+18,hz,,
94884.92,,,seconds,5.50E-12,1.23E-12,1.23E-12,cgs,Integrated,IntegratedFlux,,7.25E+16,2.42E+18,hz,,
99518.69,,,seconds,4.31E-12,1.12E-12,1.12E-12,cgs,Integrated,IntegratedFlux,,7.25E+16,2.42E+18,hz,,
99733.481,,,seconds,4.24E-12,1.11E-12,1.11E-12,cgs,Integrated,IntegratedFlux,,7.25E+16,2.42E+18,hz,,
99959.819,,,seconds,4.52E-12,1.14E-12,1.14E-12,cgs,Integrated,IntegratedFlux,,7.25E+16,2.42E+18,hz,,
100298.439,,,seconds,2.86E-12,7.24E-13,7.24E-13,cgs,Integrated,IntegratedFlux,,7.25E+16,2.42E+18,hz,,
100541.509,,,seconds,4.22E-12,1.10E-12,1.10E-12,cgs,Integrated,IntegratedFlux,,7.25E+16,2.42E+18,hz,,
106373.727,,,seconds,3.37E-12,7.82E-13,7.82E-13,cgs,Integrated,IntegratedFlux,,7.25E+16,2.42E+18,hz,,
112170.791,,,seconds,3.76E-12,7.07E-13,7.07E-13,cgs,Integrated,IntegratedFlux,,7.25E+16,2.42E+18,hz,,
117778.431,,,seconds,4.29E-12,1.12E-12,1.12E-12,cgs,Integrated,IntegratedFlux,,7.25E+16,2.42E+18,hz,,
117986.627,,,seconds,3.98E-12,9.74E-13,9.74E-13,cgs,Integrated,IntegratedFlux,,7.25E+16,2.42E+18,hz,,
123519.478,,,seconds,2.05E-12,4.55E-13,4.55E-13,cgs,Integrated,IntegratedFlux,,7.25E+16,2.42E+18,hz,,
128787.464,,,seconds,4.08E-12,1.06E-12,1.06E-12,cgs,Integrated,IntegratedFlux,,7.25E+16,2.42E+18,hz,,
129211.009,,,seconds,2.26E-12,4.66E-13,4.66E-13,cgs,Integrated,IntegratedFlux,,7.25E+16,2.42E+18,hz,,
134765.611,,,seconds,2.14E-12,5.57E-13,5.57E-13,cgs,Integrated,IntegratedFlux,,7.25E+16,2.42E+18,hz,,
135240.825,,,seconds,2.35E-12,6.14E-13,6.14E-13,cgs,Integrated,IntegratedFlux,,7.25E+16,2.42E+18,hz,,
139571.052,,,seconds,2.46E-12,6.41E-13,6.41E-13,cgs,Integrated,IntegratedFlux,,7.25E+16,2.42E+18,hz,,
140390.376,,,seconds,1.79E-12,3.48E-13,3.48E-13,cgs,Integrated,IntegratedFlux,,7.25E+16,2.42E+18,hz,,
145648.009,,,seconds,3.89E-12,1.01E-12,1.01E-12,cgs,Integrated,IntegratedFlux,,7.25E+16,2.42E+18,hz,,
145923.808,,,seconds,3.06E-12,7.95E-13,7.95E-13,cgs,Integrated,IntegratedFlux,,7.25E+16,2.42E+18,hz,,
146500.027,,,seconds,2.04E-12,3.83E-13,3.83E-13,cgs,Integrated,IntegratedFlux,,7.25E+16,2.42E+18,hz,,
158254.414,,,seconds,2.46E-12,4.76E-13,4.76E-13,cgs,Integrated,IntegratedFlux,,7.25E+16,2.42E+18,hz,,
163957.56,,,seconds,2.33E-12,4.44E-13,4.44E-13,cgs,Integrated,IntegratedFlux,,7.25E+16,2.42E+18,hz,,
174495.418,,,seconds,1.14E-12,2.61E-13,2.61E-13,cgs,Integrated,IntegratedFlux,,7.25E+16,2.42E+18,hz,,
179982.192,,,seconds,1.82E-12,4.15E-13,4.15E-13,cgs,Integrated,IntegratedFlux,,7.25E+16,2.42E+18,hz,,
185492.18,,,seconds,2.21E-12,5.76E-13,5.76E-13,cgs,Integrated,IntegratedFlux,,7.25E+16,2.42E+18,hz,,
186271.591,,,seconds,1.32E-12,3.17E-13,3.17E-13,cgs,Integrated,IntegratedFlux,,7.25E+16,2.42E+18,hz,,
198132.808,,,seconds,1.48E-12,3.12E-13,3.12E-13,cgs,Integrated,IntegratedFlux,,7.25E+16,2.42E+18,hz,,
204000.29,,,seconds,1.41E-12,3.06E-13,3.06E-13,cgs,Integrated,IntegratedFlux,,7.25E+16,2.42E+18,hz,,
220798.539,,,seconds,1.27E-12,3.32E-13,3.32E-13,cgs,Integrated,IntegratedFlux,,7.25E+16,2.42E+18,hz,,
221499.014,,,seconds,1.73E-12,4.25E-13,4.25E-13,cgs,Integrated,IntegratedFlux,,7.25E+16,2.42E+18,hz,,
226096.094,,,seconds,1.13E-12,2.95E-13,2.95E-13,cgs,Integrated,IntegratedFlux,,7.25E+16,2.42E+18,hz,,
226999.092,,,seconds,1.60E-12,3.31E-13,3.31E-13,cgs,Integrated,IntegratedFlux,,7.25E+16,2.42E+18,hz,,
231835.338,,,seconds,1.47E-12,3.85E-13,3.85E-13,cgs,Integrated,IntegratedFlux,,7.25E+16,2.42E+18,hz,,
232711.256,,,seconds,1.77E-12,4.11E-13,4.11E-13,cgs,Integrated,IntegratedFlux,,7.25E+16,2.42E+18,hz,,
237436.399,,,seconds,2.31E-12,6.01E-13,6.01E-13,cgs,Integrated,IntegratedFlux,,7.25E+16,2.42E+18,hz,,
238360.418,,,seconds,1.22E-12,2.94E-13,2.94E-13,cgs,Integrated,IntegratedFlux,,7.25E+16,2.42E+18,hz,,
243247.959,,,seconds,1.85E-12,4.87E-13,4.87E-13,cgs,Integrated,IntegratedFlux,,7.25E+16,2.42E+18,hz,,
246146.306,,,seconds,1.21E-12,2.20E-13,2.20E-13,cgs,Integrated,IntegratedFlux,,7.25E+16,2.42E+18,hz,,
258174.339,,,seconds,1.01E-12,2.58E-13,2.58E-13,cgs,Integrated,IntegratedFlux,,7.25E+16,2.42E+18,hz,,
270608.626,,,seconds,1.66E-12,3.68E-13,3.68E-13,cgs,Integrated,IntegratedFlux,,7.25E+16,2.42E+18,hz,,
279809.746,,,seconds,7.70E-13,1.96E-13,1.96E-13,cgs,Integrated,IntegratedFlux,,7.25E+16,2.42E+18,hz,,
292224.843,,,seconds,7.44E-13,1.96E-13,1.96E-13,cgs,Integrated,IntegratedFlux,,7.25E+16,2.42E+18,hz,,
304829.527,,,seconds,1.33E-12,2.59E-13,2.59E-13,cgs,Integrated,IntegratedFlux,,7.25E+16,2.42E+18,hz,,
356187.049,,,seconds,1.01E-12,2.06E-13,2.06E-13,cgs,Integrated,IntegratedFlux,,7.25E+16,2.42E+18,hz,,
372560.474,,,seconds,6.31E-13,1.57E-13,1.57E-13,cgs,Integrated,IntegratedFlux,,7.25E+16,2.42E+18,hz,,
384780.013,,,seconds,7.04E-13,1.75E-13,1.75E-13,cgs,Integrated,IntegratedFlux,,7.25E+16,2.42E+18,hz,,
409022.684,,,seconds,3.13E-13,8.14E-14,8.14E-14,cgs,Integrated,IntegratedFlux,,7.25E+16,2.42E+18,hz,,
417407.798,,,seconds,6.97E-13,1.56E-13,1.56E-13,cgs,Integrated,IntegratedFlux,,7.25E+16,2.42E+18,hz,,
425741.873,,,seconds,4.78E-13,9.84E-14,9.84E-14,cgs,Integrated,IntegratedFlux,,7.25E+16,2.42E+18,hz,,
441470.232,,,seconds,5.06E-13,1.04E-13,1.04E-13,cgs,Integrated,IntegratedFlux,,7.25E+16,2.42E+18,hz,,
462578.971,,,seconds,3.28E-13,5.88E-14,5.88E-14,cgs,Integrated,IntegratedFlux,,7.25E+16,2.42E+18,hz,,
525167.488,,,seconds,2.16E-13,5.89E-14,5.89E-14,cgs,Integrated,IntegratedFlux,,7.25E+16,2.42E+18,hz,,
557867.524,,,seconds,3.11E-13,5.79E-14,5.79E-14,cgs,Integrated,IntegratedFlux,,7.25E+16,2.42E+18,hz,,
644795.862,,,seconds,2.52E-13,5.69E-14,5.69E-14,cgs,Integrated,IntegratedFlux,,7.25E+16,2.42E+18,hz,,
663564.43,,,seconds,2.83E-13,6.45E-14,6.45E-14,cgs,Integrated,IntegratedFlux,,7.25E+16,2.42E+18,hz,,
737018.094,,,seconds,1.14E-13,2.84E-14,2.84E-14,cgs,Integrated,IntegratedFlux,,7.25E+16,2.42E+18,hz,,
802431.129,,,seconds,2.22E-13,5.75E-14,5.75E-14,cgs,Integrated,IntegratedFlux,,7.25E+16,2.42E+18,hz,,
826508.372,,,seconds,1.98E-13,4.87E-14,4.87E-14,cgs,Integrated,IntegratedFlux,,7.25E+16,2.42E+18,hz,,
863178.038,,,seconds,1.90E-13,4.67E-14,4.67E-14,cgs,Integrated,IntegratedFlux,,7.25E+16,2.42E+18,hz,,
906040.007,,,seconds,1.07E-13,2.86E-14,2.86E-14,cgs,Integrated,IntegratedFlux,,7.25E+16,2.42E+18,hz,,
947091.085,,,seconds,1.71E-13,4.16E-14,4.16E-14,cgs,Integrated,IntegratedFlux,,7.25E+16,2.42E+18,hz,,
1025633.444,,,seconds,9.65E-14,2.48E-14,2.48E-14,cgs,Integrated,IntegratedFlux,,7.25E+16,2.42E+18,hz,,
1140679.932,,,seconds,8.33E-14,1.58E-14,1.58E-14,cgs,Integrated,IntegratedFlux,,7.25E+16,2.42E+18,hz,,
1315840.607,,,seconds,7.99E-14,2.29E-14,2.29E-14,cgs,Integrated,IntegratedFlux,,7.25E+16,2.42E+18,hz,,
1426386.625,,,seconds,4.62E-14,1.31E-14,1.31E-14,cgs,Integrated,IntegratedFlux,,7.25E+16,2.42E+18,hz,,
1712604.261,,,seconds,2.94E-14,7.33E-15,7.33E-15,cgs,Integrated,IntegratedFlux,,7.25E+16,2.42E+18,hz,,
2703918.376,,,seconds,1.93E-14,5.72E-15,5.72E-15,cgs,Integrated,IntegratedFlux,,7.25E+16,2.42E+18,hz,,
795,124,2449.334,seconds,-9.26E-01,1.90E-02,1.90E-02,cgs,SpectralIndex,SpectralIndex,,7.25E+16,2.42E+18,hz,,WT
24186,2449.334,59738,seconds,-8.30E-01,4.00E-02,4.00E-02,cgs,SpectralIndex,SpectralIndex,,7.25E+16,2.42E+18,hz,,PC
