Time,TimeLower,TimeUpper,TimeUnits,Value,ValueLower,ValueUpper,ValueUnits,ValueType,Wave,WaveLower,WaveUpper,WaveUnits
3376.254,,,s,7.78E-08,3.17E-09,3.17E-09,erg cm-2 s-1,Integrated Flux,,7.25E+16,2.42E+18,Hz
3381.482,,,s,9.22E-08,3.67E-09,3.67E-09,erg cm-2 s-1,Integrated Flux,,7.25E+16,2.42E+18,Hz
3386.421,,,s,8.45E-08,3.38E-09,3.38E-09,erg cm-2 s-1,Integrated Flux,,7.25E+16,2.42E+18,Hz
3391.608,,,s,8.21E-08,3.29E-09,3.29E-09,erg cm-2 s-1,Integrated Flux,,7.25E+16,2.42E+18,Hz
3396.83,,,s,8.38E-08,3.37E-09,3.37E-09,erg cm-2 s-1,Integrated Flux,,7.25E+16,2.42E+18,Hz
3402.133,,,s,8.62E-08,3.45E-09,3.45E-09,erg cm-2 s-1,Integrated Flux,,7.25E+16,2.42E+18,Hz
3407.352,,,s,8.26E-08,3.30E-09,3.30E-09,erg cm-2 s-1,Integrated Flux,,7.25E+16,2.42E+18,Hz
3412.592,,,s,8.12E-08,3.24E-09,3.24E-09,erg cm-2 s-1,Integrated Flux,,7.25E+16,2.42E+18,Hz
3417.883,,,s,8.35E-08,3.31E-09,3.31E-09,erg cm-2 s-1,Integrated Flux,,7.25E+16,2.42E+18,Hz
3423.1,,,s,8.10E-08,3.30E-09,3.30E-09,erg cm-2 s-1,Integrated Flux,,7.25E+16,2.42E+18,Hz
3428.597,,,s,8.02E-08,3.17E-09,3.17E-09,erg cm-2 s-1,Integrated Flux,,7.25E+16,2.42E+18,Hz
3433.928,,,s,8.26E-08,3.30E-09,3.30E-09,erg cm-2 s-1,Integrated Flux,,7.25E+16,2.42E+18,Hz
3439.36,,,s,7.99E-08,3.23E-09,3.23E-09,erg cm-2 s-1,Integrated Flux,,7.25E+16,2.42E+18,Hz
3444.856,,,s,7.56E-08,3.06E-09,3.06E-09,erg cm-2 s-1,Integrated Flux,,7.25E+16,2.42E+18,Hz
3450.769,,,s,7.55E-08,3.03E-09,3.03E-09,erg cm-2 s-1,Integrated Flux,,7.25E+16,2.42E+18,Hz
3456.297,,,s,8.11E-08,3.25E-09,3.25E-09,erg cm-2 s-1,Integrated Flux,,7.25E+16,2.42E+18,Hz
3461.747,,,s,7.85E-08,3.17E-09,3.17E-09,erg cm-2 s-1,Integrated Flux,,7.25E+16,2.42E+18,Hz
3467.159,,,s,8.55E-08,3.42E-09,3.42E-09,erg cm-2 s-1,Integrated Flux,,7.25E+16,2.42E+18,Hz
3472.455,,,s,7.92E-08,3.17E-09,3.17E-09,erg cm-2 s-1,Integrated Flux,,7.25E+16,2.42E+18,Hz
3478.072,,,s,8.08E-08,3.24E-09,3.24E-09,erg cm-2 s-1,Integrated Flux,,7.25E+16,2.42E+18,Hz
3483.601,,,s,7.95E-08,3.17E-09,3.17E-09,erg cm-2 s-1,Integrated Flux,,7.25E+16,2.42E+18,Hz
3488.73,,,s,8.77E-08,3.47E-09,3.47E-09,erg cm-2 s-1,Integrated Flux,,7.25E+16,2.42E+18,Hz
3494.097,,,s,8.23E-08,3.26E-09,3.26E-09,erg cm-2 s-1,Integrated Flux,,7.25E+16,2.42E+18,Hz
3499.616,,,s,7.23E-08,2.95E-09,2.95E-09,erg cm-2 s-1,Integrated Flux,,7.25E+16,2.42E+18,Hz
3505.827,,,s,7.50E-08,3.00E-09,3.00E-09,erg cm-2 s-1,Integrated Flux,,7.25E+16,2.42E+18,Hz
3511.571,,,s,7.81E-08,3.16E-09,3.16E-09,erg cm-2 s-1,Integrated Flux,,7.25E+16,2.42E+18,Hz
3517.36,,,s,7.19E-08,2.92E-09,2.92E-09,erg cm-2 s-1,Integrated Flux,,7.25E+16,2.42E+18,Hz
3523.327,,,s,7.65E-08,3.05E-09,3.05E-09,erg cm-2 s-1,Integrated Flux,,7.25E+16,2.42E+18,Hz
3529.029,,,s,7.64E-08,3.09E-09,3.09E-09,erg cm-2 s-1,Integrated Flux,,7.25E+16,2.42E+18,Hz
3534.464,,,s,8.03E-08,3.25E-09,3.25E-09,erg cm-2 s-1,Integrated Flux,,7.25E+16,2.42E+18,Hz
3539.836,,,s,8.43E-08,3.35E-09,3.35E-09,erg cm-2 s-1,Integrated Flux,,7.25E+16,2.42E+18,Hz
3545.236,,,s,7.91E-08,3.17E-09,3.17E-09,erg cm-2 s-1,Integrated Flux,,7.25E+16,2.42E+18,Hz
3550.954,,,s,8.15E-08,3.28E-09,3.28E-09,erg cm-2 s-1,Integrated Flux,,7.25E+16,2.42E+18,Hz
3556.307,,,s,7.73E-08,3.09E-09,3.09E-09,erg cm-2 s-1,Integrated Flux,,7.25E+16,2.42E+18,Hz
3561.97,,,s,8.11E-08,3.28E-09,3.28E-09,erg cm-2 s-1,Integrated Flux,,7.25E+16,2.42E+18,Hz
3567.577,,,s,7.67E-08,3.08E-09,3.08E-09,erg cm-2 s-1,Integrated Flux,,7.25E+16,2.42E+18,Hz
3573.534,,,s,6.95E-08,2.83E-09,2.83E-09,erg cm-2 s-1,Integrated Flux,,7.25E+16,2.42E+18,Hz
3579.679,,,s,7.73E-08,3.10E-09,3.10E-09,erg cm-2 s-1,Integrated Flux,,7.25E+16,2.42E+18,Hz
3585.614,,,s,7.47E-08,3.02E-09,3.02E-09,erg cm-2 s-1,Integrated Flux,,7.25E+16,2.42E+18,Hz
3591.568,,,s,7.28E-08,2.94E-09,2.94E-09,erg cm-2 s-1,Integrated Flux,,7.25E+16,2.42E+18,Hz
3597.374,,,s,7.38E-08,2.95E-09,2.95E-09,erg cm-2 s-1,Integrated Flux,,7.25E+16,2.42E+18,Hz
3603.449,,,s,7.35E-08,2.96E-09,2.96E-09,erg cm-2 s-1,Integrated Flux,,7.25E+16,2.42E+18,Hz
3609.124,,,s,8.23E-08,3.28E-09,3.28E-09,erg cm-2 s-1,Integrated Flux,,7.25E+16,2.42E+18,Hz
3615.08,,,s,7.01E-08,2.81E-09,2.81E-09,erg cm-2 s-1,Integrated Flux,,7.25E+16,2.42E+18,Hz
3620.876,,,s,8.16E-08,3.26E-09,3.26E-09,erg cm-2 s-1,Integrated Flux,,7.25E+16,2.42E+18,Hz
3626.416,,,s,7.39E-08,2.95E-09,2.95E-09,erg cm-2 s-1,Integrated Flux,,7.25E+16,2.42E+18,Hz
3632.548,,,s,7.19E-08,2.90E-09,2.90E-09,erg cm-2 s-1,Integrated Flux,,7.25E+16,2.42E+18,Hz
3638.476,,,s,7.62E-08,3.05E-09,3.05E-09,erg cm-2 s-1,Integrated Flux,,7.25E+16,2.42E+18,Hz
3644.38,,,s,7.73E-08,3.10E-09,3.10E-09,erg cm-2 s-1,Integrated Flux,,7.25E+16,2.42E+18,Hz
3650.308,,,s,7.25E-08,2.90E-09,2.90E-09,erg cm-2 s-1,Integrated Flux,,7.25E+16,2.42E+18,Hz
3656.491,,,s,7.22E-08,2.86E-09,2.86E-09,erg cm-2 s-1,Integrated Flux,,7.25E+16,2.42E+18,Hz
3662.389,,,s,7.65E-08,3.07E-09,3.07E-09,erg cm-2 s-1,Integrated Flux,,7.25E+16,2.42E+18,Hz
3668.122,,,s,7.86E-08,3.16E-09,3.16E-09,erg cm-2 s-1,Integrated Flux,,7.25E+16,2.42E+18,Hz
3673.796,,,s,7.48E-08,2.99E-09,2.99E-09,erg cm-2 s-1,Integrated Flux,,7.25E+16,2.42E+18,Hz
3679.702,,,s,7.57E-08,3.03E-09,3.03E-09,erg cm-2 s-1,Integrated Flux,,7.25E+16,2.42E+18,Hz
3685.743,,,s,7.25E-08,2.90E-09,2.90E-09,erg cm-2 s-1,Integrated Flux,,7.25E+16,2.42E+18,Hz
3691.615,,,s,7.82E-08,3.17E-09,3.17E-09,erg cm-2 s-1,Integrated Flux,,7.25E+16,2.42E+18,Hz
3697.643,,,s,6.89E-08,2.76E-09,2.76E-09,erg cm-2 s-1,Integrated Flux,,7.25E+16,2.42E+18,Hz
3703.781,,,s,8.00E-08,3.17E-09,3.17E-09,erg cm-2 s-1,Integrated Flux,,7.25E+16,2.42E+18,Hz
3709.361,,,s,7.10E-08,2.86E-09,2.86E-09,erg cm-2 s-1,Integrated Flux,,7.25E+16,2.42E+18,Hz
3715.716,,,s,6.93E-08,2.76E-09,2.76E-09,erg cm-2 s-1,Integrated Flux,,7.25E+16,2.42E+18,Hz
3722.13,,,s,6.92E-08,2.79E-09,2.79E-09,erg cm-2 s-1,Integrated Flux,,7.25E+16,2.42E+18,Hz
3728.296,,,s,7.08E-08,2.84E-09,2.84E-09,erg cm-2 s-1,Integrated Flux,,7.25E+16,2.42E+18,Hz
3734.92,,,s,6.29E-08,2.57E-09,2.57E-09,erg cm-2 s-1,Integrated Flux,,7.25E+16,2.42E+18,Hz
3741.339,,,s,7.25E-08,2.94E-09,2.94E-09,erg cm-2 s-1,Integrated Flux,,7.25E+16,2.42E+18,Hz
3747.493,,,s,7.08E-08,2.84E-09,2.84E-09,erg cm-2 s-1,Integrated Flux,,7.25E+16,2.42E+18,Hz
3753.853,,,s,6.98E-08,2.78E-09,2.78E-09,erg cm-2 s-1,Integrated Flux,,7.25E+16,2.42E+18,Hz
3760.046,,,s,7.45E-08,3.03E-09,3.03E-09,erg cm-2 s-1,Integrated Flux,,7.25E+16,2.42E+18,Hz
3765.839,,,s,7.90E-08,3.17E-09,3.17E-09,erg cm-2 s-1,Integrated Flux,,7.25E+16,2.42E+18,Hz
3771.748,,,s,6.89E-08,2.77E-09,2.77E-09,erg cm-2 s-1,Integrated Flux,,7.25E+16,2.42E+18,Hz
3777.787,,,s,7.48E-08,3.00E-09,3.00E-09,erg cm-2 s-1,Integrated Flux,,7.25E+16,2.42E+18,Hz
3783.995,,,s,7.18E-08,2.86E-09,2.86E-09,erg cm-2 s-1,Integrated Flux,,7.25E+16,2.42E+18,Hz
3790.018,,,s,7.33E-08,2.94E-09,2.94E-09,erg cm-2 s-1,Integrated Flux,,7.25E+16,2.42E+18,Hz
3796.286,,,s,6.84E-08,2.74E-09,2.74E-09,erg cm-2 s-1,Integrated Flux,,7.25E+16,2.42E+18,Hz
3802.889,,,s,6.80E-08,2.72E-09,2.72E-09,erg cm-2 s-1,Integrated Flux,,7.25E+16,2.42E+18,Hz
3808.821,,,s,7.77E-08,3.09E-09,3.09E-09,erg cm-2 s-1,Integrated Flux,,7.25E+16,2.42E+18,Hz
3814.986,,,s,6.86E-08,2.75E-09,2.75E-09,erg cm-2 s-1,Integrated Flux,,7.25E+16,2.42E+18,Hz
3821.441,,,s,6.80E-08,2.73E-09,2.73E-09,erg cm-2 s-1,Integrated Flux,,7.25E+16,2.42E+18,Hz
3827.985,,,s,6.52E-08,2.63E-09,2.63E-09,erg cm-2 s-1,Integrated Flux,,7.25E+16,2.42E+18,Hz
3834.698,,,s,6.88E-08,2.75E-09,2.75E-09,erg cm-2 s-1,Integrated Flux,,7.25E+16,2.42E+18,Hz
3841.061,,,s,7.22E-08,2.90E-09,2.90E-09,erg cm-2 s-1,Integrated Flux,,7.25E+16,2.42E+18,Hz
3846.992,,,s,7.61E-08,3.04E-09,3.04E-09,erg cm-2 s-1,Integrated Flux,,7.25E+16,2.42E+18,Hz
3853.346,,,s,6.70E-08,2.68E-09,2.68E-09,erg cm-2 s-1,Integrated Flux,,7.25E+16,2.42E+18,Hz
3859.461,,,s,7.18E-08,2.85E-09,2.85E-09,erg cm-2 s-1,Integrated Flux,,7.25E+16,2.42E+18,Hz
3865.962,,,s,6.93E-08,2.76E-09,2.76E-09,erg cm-2 s-1,Integrated Flux,,7.25E+16,2.42E+18,Hz
3872.34,,,s,6.96E-08,2.78E-09,2.78E-09,erg cm-2 s-1,Integrated Flux,,7.25E+16,2.42E+18,Hz
3878.74,,,s,6.87E-08,2.78E-09,2.78E-09,erg cm-2 s-1,Integrated Flux,,7.25E+16,2.42E+18,Hz
3885.034,,,s,7.02E-08,2.82E-09,2.82E-09,erg cm-2 s-1,Integrated Flux,,7.25E+16,2.42E+18,Hz
3891.514,,,s,6.99E-08,2.79E-09,2.79E-09,erg cm-2 s-1,Integrated Flux,,7.25E+16,2.42E+18,Hz
3897.982,,,s,6.71E-08,2.71E-09,2.71E-09,erg cm-2 s-1,Integrated Flux,,7.25E+16,2.42E+18,Hz
3904.656,,,s,6.63E-08,2.64E-09,2.64E-09,erg cm-2 s-1,Integrated Flux,,7.25E+16,2.42E+18,Hz
3911.158,,,s,6.70E-08,2.70E-09,2.70E-09,erg cm-2 s-1,Integrated Flux,,7.25E+16,2.42E+18,Hz
3918.004,,,s,6.58E-08,2.65E-09,2.65E-09,erg cm-2 s-1,Integrated Flux,,7.25E+16,2.42E+18,Hz
3924.474,,,s,6.93E-08,2.79E-09,2.79E-09,erg cm-2 s-1,Integrated Flux,,7.25E+16,2.42E+18,Hz
3931.181,,,s,6.45E-08,2.59E-09,2.59E-09,erg cm-2 s-1,Integrated Flux,,7.25E+16,2.42E+18,Hz
3937.826,,,s,6.53E-08,2.65E-09,2.65E-09,erg cm-2 s-1,Integrated Flux,,7.25E+16,2.42E+18,Hz
3944.684,,,s,6.43E-08,2.59E-09,2.59E-09,erg cm-2 s-1,Integrated Flux,,7.25E+16,2.42E+18,Hz
3951.358,,,s,6.80E-08,2.72E-09,2.72E-09,erg cm-2 s-1,Integrated Flux,,7.25E+16,2.42E+18,Hz
3957.868,,,s,6.83E-08,2.73E-09,2.73E-09,erg cm-2 s-1,Integrated Flux,,7.25E+16,2.42E+18,Hz
3964.543,,,s,6.46E-08,2.60E-09,2.60E-09,erg cm-2 s-1,Integrated Flux,,7.25E+16,2.42E+18,Hz
3971.313,,,s,6.70E-08,2.66E-09,2.66E-09,erg cm-2 s-1,Integrated Flux,,7.25E+16,2.42E+18,Hz
3978.162,,,s,6.29E-08,2.51E-09,2.51E-09,erg cm-2 s-1,Integrated Flux,,7.25E+16,2.42E+18,Hz
3984.863,,,s,6.85E-08,2.75E-09,2.75E-09,erg cm-2 s-1,Integrated Flux,,7.25E+16,2.42E+18,Hz
3991.815,,,s,6.18E-08,2.49E-09,2.49E-09,erg cm-2 s-1,Integrated Flux,,7.25E+16,2.42E+18,Hz
3998.683,,,s,6.45E-08,2.57E-09,2.57E-09,erg cm-2 s-1,Integrated Flux,,7.25E+16,2.42E+18,Hz
4005.307,,,s,6.92E-08,2.77E-09,2.77E-09,erg cm-2 s-1,Integrated Flux,,7.25E+16,2.42E+18,Hz
4012.134,,,s,6.02E-08,2.46E-09,2.46E-09,erg cm-2 s-1,Integrated Flux,,7.25E+16,2.42E+18,Hz
4019.056,,,s,6.67E-08,2.66E-09,2.66E-09,erg cm-2 s-1,Integrated Flux,,7.25E+16,2.42E+18,Hz
4025.765,,,s,6.68E-08,2.68E-09,2.68E-09,erg cm-2 s-1,Integrated Flux,,7.25E+16,2.42E+18,Hz
4032.458,,,s,6.38E-08,2.56E-09,2.56E-09,erg cm-2 s-1,Integrated Flux,,7.25E+16,2.42E+18,Hz
4039.443,,,s,6.29E-08,2.53E-09,2.53E-09,erg cm-2 s-1,Integrated Flux,,7.25E+16,2.42E+18,Hz
4046.528,,,s,6.24E-08,2.51E-09,2.51E-09,erg cm-2 s-1,Integrated Flux,,7.25E+16,2.42E+18,Hz
4053.406,,,s,6.44E-08,2.59E-09,2.59E-09,erg cm-2 s-1,Integrated Flux,,7.25E+16,2.42E+18,Hz
4060.247,,,s,6.48E-08,2.59E-09,2.59E-09,erg cm-2 s-1,Integrated Flux,,7.25E+16,2.42E+18,Hz
4067.133,,,s,6.56E-08,2.64E-09,2.64E-09,erg cm-2 s-1,Integrated Flux,,7.25E+16,2.42E+18,Hz
4073.709,,,s,6.72E-08,2.71E-09,2.71E-09,erg cm-2 s-1,Integrated Flux,,7.25E+16,2.42E+18,Hz
4080.534,,,s,6.23E-08,2.52E-09,2.52E-09,erg cm-2 s-1,Integrated Flux,,7.25E+16,2.42E+18,Hz
4087.444,,,s,6.37E-08,2.62E-09,2.62E-09,erg cm-2 s-1,Integrated Flux,,7.25E+16,2.42E+18,Hz
4094.472,,,s,6.36E-08,2.57E-09,2.57E-09,erg cm-2 s-1,Integrated Flux,,7.25E+16,2.42E+18,Hz
4101.156,,,s,6.35E-08,2.54E-09,2.54E-09,erg cm-2 s-1,Integrated Flux,,7.25E+16,2.42E+18,Hz
4108.454,,,s,6.23E-08,2.48E-09,2.48E-09,erg cm-2 s-1,Integrated Flux,,7.25E+16,2.42E+18,Hz
4115.336,,,s,6.29E-08,2.53E-09,2.53E-09,erg cm-2 s-1,Integrated Flux,,7.25E+16,2.42E+18,Hz
4122.429,,,s,6.25E-08,2.52E-09,2.52E-09,erg cm-2 s-1,Integrated Flux,,7.25E+16,2.42E+18,Hz
4129.324,,,s,6.42E-08,2.58E-09,2.58E-09,erg cm-2 s-1,Integrated Flux,,7.25E+16,2.42E+18,Hz
4136.092,,,s,6.74E-08,2.72E-09,2.72E-09,erg cm-2 s-1,Integrated Flux,,7.25E+16,2.42E+18,Hz
4143.349,,,s,5.55E-08,2.24E-09,2.24E-09,erg cm-2 s-1,Integrated Flux,,7.25E+16,2.42E+18,Hz
4150.966,,,s,6.04E-08,2.42E-09,2.42E-09,erg cm-2 s-1,Integrated Flux,,7.25E+16,2.42E+18,Hz
4157.985,,,s,6.36E-08,2.59E-09,2.59E-09,erg cm-2 s-1,Integrated Flux,,7.25E+16,2.42E+18,Hz
4164.985,,,s,6.49E-08,2.59E-09,2.59E-09,erg cm-2 s-1,Integrated Flux,,7.25E+16,2.42E+18,Hz
4172.019,,,s,5.82E-08,2.37E-09,2.37E-09,erg cm-2 s-1,Integrated Flux,,7.25E+16,2.42E+18,Hz
4179.361,,,s,5.96E-08,2.39E-09,2.39E-09,erg cm-2 s-1,Integrated Flux,,7.25E+16,2.42E+18,Hz
4186.642,,,s,6.15E-08,2.48E-09,2.48E-09,erg cm-2 s-1,Integrated Flux,,7.25E+16,2.42E+18,Hz
4194.074,,,s,5.87E-08,2.39E-09,2.39E-09,erg cm-2 s-1,Integrated Flux,,7.25E+16,2.42E+18,Hz
4201.213,,,s,6.38E-08,2.54E-09,2.54E-09,erg cm-2 s-1,Integrated Flux,,7.25E+16,2.42E+18,Hz
4208.459,,,s,5.97E-08,2.38E-09,2.38E-09,erg cm-2 s-1,Integrated Flux,,7.25E+16,2.42E+18,Hz
4215.996,,,s,6.12E-08,2.42E-09,2.42E-09,erg cm-2 s-1,Integrated Flux,,7.25E+16,2.42E+18,Hz
4223.24,,,s,6.10E-08,2.46E-09,2.46E-09,erg cm-2 s-1,Integrated Flux,,7.25E+16,2.42E+18,Hz
4230.531,,,s,5.84E-08,2.39E-09,2.39E-09,erg cm-2 s-1,Integrated Flux,,7.25E+16,2.42E+18,Hz
4238.071,,,s,6.02E-08,2.40E-09,2.40E-09,erg cm-2 s-1,Integrated Flux,,7.25E+16,2.42E+18,Hz
4245.361,,,s,5.91E-08,2.34E-09,2.34E-09,erg cm-2 s-1,Integrated Flux,,7.25E+16,2.42E+18,Hz
4252.651,,,s,6.31E-08,2.52E-09,2.52E-09,erg cm-2 s-1,Integrated Flux,,7.25E+16,2.42E+18,Hz
4259.685,,,s,6.29E-08,2.51E-09,2.51E-09,erg cm-2 s-1,Integrated Flux,,7.25E+16,2.42E+18,Hz
4266.863,,,s,6.39E-08,2.55E-09,2.55E-09,erg cm-2 s-1,Integrated Flux,,7.25E+16,2.42E+18,Hz
4273.805,,,s,6.21E-08,2.49E-09,2.49E-09,erg cm-2 s-1,Integrated Flux,,7.25E+16,2.42E+18,Hz
4281.207,,,s,5.73E-08,2.31E-09,2.31E-09,erg cm-2 s-1,Integrated Flux,,7.25E+16,2.42E+18,Hz
4288.909,,,s,5.57E-08,2.26E-09,2.26E-09,erg cm-2 s-1,Integrated Flux,,7.25E+16,2.42E+18,Hz
4296.666,,,s,5.98E-08,2.40E-09,2.40E-09,erg cm-2 s-1,Integrated Flux,,7.25E+16,2.42E+18,Hz
4304.396,,,s,5.62E-08,2.27E-09,2.27E-09,erg cm-2 s-1,Integrated Flux,,7.25E+16,2.42E+18,Hz
4312.017,,,s,5.76E-08,2.34E-09,2.34E-09,erg cm-2 s-1,Integrated Flux,,7.25E+16,2.42E+18,Hz
4319.39,,,s,5.98E-08,2.40E-09,2.40E-09,erg cm-2 s-1,Integrated Flux,,7.25E+16,2.42E+18,Hz
4326.891,,,s,5.72E-08,2.30E-09,2.30E-09,erg cm-2 s-1,Integrated Flux,,7.25E+16,2.42E+18,Hz
4334.727,,,s,5.80E-08,2.33E-09,2.33E-09,erg cm-2 s-1,Integrated Flux,,7.25E+16,2.42E+18,Hz
4341.998,,,s,5.90E-08,2.37E-09,2.37E-09,erg cm-2 s-1,Integrated Flux,,7.25E+16,2.42E+18,Hz
4349.63,,,s,5.66E-08,2.31E-09,2.31E-09,erg cm-2 s-1,Integrated Flux,,7.25E+16,2.42E+18,Hz
4357.437,,,s,5.69E-08,2.31E-09,2.31E-09,erg cm-2 s-1,Integrated Flux,,7.25E+16,2.42E+18,Hz
4365.218,,,s,5.80E-08,2.34E-09,2.34E-09,erg cm-2 s-1,Integrated Flux,,7.25E+16,2.42E+18,Hz
4372.788,,,s,5.79E-08,2.33E-09,2.33E-09,erg cm-2 s-1,Integrated Flux,,7.25E+16,2.42E+18,Hz
4380.312,,,s,5.86E-08,2.36E-09,2.36E-09,erg cm-2 s-1,Integrated Flux,,7.25E+16,2.42E+18,Hz
4387.909,,,s,5.91E-08,2.38E-09,2.38E-09,erg cm-2 s-1,Integrated Flux,,7.25E+16,2.42E+18,Hz
4395.831,,,s,5.55E-08,2.23E-09,2.23E-09,erg cm-2 s-1,Integrated Flux,,7.25E+16,2.42E+18,Hz
4403.542,,,s,5.61E-08,2.26E-09,2.26E-09,erg cm-2 s-1,Integrated Flux,,7.25E+16,2.42E+18,Hz
4411.519,,,s,5.44E-08,2.20E-09,2.20E-09,erg cm-2 s-1,Integrated Flux,,7.25E+16,2.42E+18,Hz
4419.209,,,s,5.90E-08,2.34E-09,2.34E-09,erg cm-2 s-1,Integrated Flux,,7.25E+16,2.42E+18,Hz
4426.819,,,s,5.83E-08,2.36E-09,2.36E-09,erg cm-2 s-1,Integrated Flux,,7.25E+16,2.42E+18,Hz
4434.098,,,s,6.27E-08,2.52E-09,2.52E-09,erg cm-2 s-1,Integrated Flux,,7.25E+16,2.42E+18,Hz
4441.237,,,s,5.99E-08,2.41E-09,2.41E-09,erg cm-2 s-1,Integrated Flux,,7.25E+16,2.42E+18,Hz
4448.81,,,s,5.76E-08,2.32E-09,2.32E-09,erg cm-2 s-1,Integrated Flux,,7.25E+16,2.42E+18,Hz
4456.536,,,s,5.67E-08,2.27E-09,2.27E-09,erg cm-2 s-1,Integrated Flux,,7.25E+16,2.42E+18,Hz
4464.58,,,s,5.49E-08,2.24E-09,2.24E-09,erg cm-2 s-1,Integrated Flux,,7.25E+16,2.42E+18,Hz
4472.465,,,s,5.51E-08,2.22E-09,2.22E-09,erg cm-2 s-1,Integrated Flux,,7.25E+16,2.42E+18,Hz
4480.301,,,s,5.39E-08,2.24E-09,2.24E-09,erg cm-2 s-1,Integrated Flux,,7.25E+16,2.42E+18,Hz
4487.94,,,s,5.89E-08,2.40E-09,2.40E-09,erg cm-2 s-1,Integrated Flux,,7.25E+16,2.42E+18,Hz
4495.682,,,s,5.99E-08,2.37E-09,2.37E-09,erg cm-2 s-1,Integrated Flux,,7.25E+16,2.42E+18,Hz
4503.336,,,s,5.59E-08,2.23E-09,2.23E-09,erg cm-2 s-1,Integrated Flux,,7.25E+16,2.42E+18,Hz
4511.075,,,s,5.72E-08,2.31E-09,2.31E-09,erg cm-2 s-1,Integrated Flux,,7.25E+16,2.42E+18,Hz
4519.07,,,s,5.54E-08,2.22E-09,2.22E-09,erg cm-2 s-1,Integrated Flux,,7.25E+16,2.42E+18,Hz
4527.405,,,s,5.25E-08,2.12E-09,2.12E-09,erg cm-2 s-1,Integrated Flux,,7.25E+16,2.42E+18,Hz
11089.98864,,,s,0.313347511,0.023088298,0.023088298,mJy,Spectral Flux,6.29E+14,,,Hz
11323.44144,,,s,1.247458909,0.080426648,0.080426648,mJy,Spectral Flux,4.81E+14,,,Hz
11548.51344,,,s,3.104747234,0.085787336,0.085787336,mJy,Spectral Flux,3.94E+14,,,Hz
11779.37424,,,s,5.754747182,0.212012721,0.212012721,mJy,Spectral Flux,3.29E+14,,,Hz
12433.85424,,,s,0.304807921,0.019651693,0.019651693,mJy,Spectral Flux,6.29E+14,,,Hz
12660.48144,,,s,1.137696046,0.052392839,0.052392839,mJy,Spectral Flux,4.81E+14,,,Hz
12892.81104,,,s,2.805603204,0.077521681,0.077521681,mJy,Spectral Flux,3.94E+14,,,Hz
13118.14224,,,s,5.395432317,0.24846884,0.24846884,mJy,Spectral Flux,3.29E+14,,,Hz
13785.40944,,,s,0.231220454,0.021296191,0.021296191,mJy,Spectral Flux,6.29E+14,,,Hz
14018.77584,,,s,1.076530278,0.049576051,0.049576051,mJy,Spectral Flux,4.81E+14,,,Hz
14244.10704,,,s,2.654766012,0.097805194,0.097805194,mJy,Spectral Flux,3.94E+14,,,Hz
14477.04144,,,s,5.058552351,0.279545934,0.279545934,mJy,Spectral Flux,3.29E+14,,,Hz
14807.26224,,,s,0.242117538,0.024529834,0.024529834,mJy,Spectral Flux,6.29E+14,,,Hz
15040.11024,,,s,1.000060442,0.046054485,0.046054485,mJy,Spectral Flux,4.81E+14,,,Hz
15265.44144,,,s,2.48900775,0.091698434,0.091698434,mJy,Spectral Flux,3.94E+14,,,Hz
15500.10384,,,s,4.742706495,0.305773588,0.305773588,mJy,Spectral Flux,3.29E+14,,,Hz
16166.42064,,,s,0.207026647,0.030508574,0.030508574,mJy,Spectral Flux,6.29E+14,,,Hz
16391.75184,,,s,0.920505206,0.042390831,0.042390831,mJy,Spectral Flux,4.81E+14,,,Hz
16623.04464,,,s,2.355191628,0.108460583,0.108460583,mJy,Spectral Flux,3.94E+14,,,Hz
16847.77104,,,s,4.6992251,0.259688776,0.259688776,mJy,Spectral Flux,3.29E+14,,,Hz
21615.001,,,s,5.17E-09,2.69E-10,2.69E-10,erg cm-2 s-1,Integrated Flux,,7.25E+16,2.42E+18,Hz
21624.512,,,s,4.90E-09,2.46E-10,2.46E-10,erg cm-2 s-1,Integrated Flux,,7.25E+16,2.42E+18,Hz
21633.536,,,s,5.01E-09,2.65E-10,2.65E-10,erg cm-2 s-1,Integrated Flux,,7.25E+16,2.42E+18,Hz
21642.666,,,s,5.14E-09,2.68E-10,2.68E-10,erg cm-2 s-1,Integrated Flux,,7.25E+16,2.42E+18,Hz
21651.746,,,s,5.19E-09,2.65E-10,2.65E-10,erg cm-2 s-1,Integrated Flux,,7.25E+16,2.42E+18,Hz
21660.794,,,s,5.01E-09,2.61E-10,2.61E-10,erg cm-2 s-1,Integrated Flux,,7.25E+16,2.42E+18,Hz
21670.07,,,s,4.99E-09,2.62E-10,2.62E-10,erg cm-2 s-1,Integrated Flux,,7.25E+16,2.42E+18,Hz
21679.191,,,s,4.86E-09,2.55E-10,2.55E-10,erg cm-2 s-1,Integrated Flux,,7.25E+16,2.42E+18,Hz
21688.74,,,s,5.09E-09,2.61E-10,2.61E-10,erg cm-2 s-1,Integrated Flux,,7.25E+16,2.42E+18,Hz
21697.647,,,s,5.07E-09,2.75E-10,2.75E-10,erg cm-2 s-1,Integrated Flux,,7.25E+16,2.42E+18,Hz
21706.77,,,s,5.09E-09,2.71E-10,2.71E-10,erg cm-2 s-1,Integrated Flux,,7.25E+16,2.42E+18,Hz
21715.764,,,s,5.47E-09,2.76E-10,2.76E-10,erg cm-2 s-1,Integrated Flux,,7.25E+16,2.42E+18,Hz
21724.669,,,s,4.98E-09,2.51E-10,2.51E-10,erg cm-2 s-1,Integrated Flux,,7.25E+16,2.42E+18,Hz
21734.041,,,s,5.04E-09,2.56E-10,2.56E-10,erg cm-2 s-1,Integrated Flux,,7.25E+16,2.42E+18,Hz
21743.529,,,s,5.10E-09,2.64E-10,2.64E-10,erg cm-2 s-1,Integrated Flux,,7.25E+16,2.42E+18,Hz
21752.189,,,s,4.88E-09,2.61E-10,2.61E-10,erg cm-2 s-1,Integrated Flux,,7.25E+16,2.42E+18,Hz
21761.313,,,s,5.44E-09,2.80E-10,2.80E-10,erg cm-2 s-1,Integrated Flux,,7.25E+16,2.42E+18,Hz
21770.271,,,s,4.86E-09,2.55E-10,2.55E-10,erg cm-2 s-1,Integrated Flux,,7.25E+16,2.42E+18,Hz
21779.69,,,s,5.13E-09,2.60E-10,2.60E-10,erg cm-2 s-1,Integrated Flux,,7.25E+16,2.42E+18,Hz
21789.104,,,s,4.81E-09,2.47E-10,2.47E-10,erg cm-2 s-1,Integrated Flux,,7.25E+16,2.42E+18,Hz
21798.732,,,s,5.01E-09,2.54E-10,2.54E-10,erg cm-2 s-1,Integrated Flux,,7.25E+16,2.42E+18,Hz
21807.866,,,s,5.26E-09,2.72E-10,2.72E-10,erg cm-2 s-1,Integrated Flux,,7.25E+16,2.42E+18,Hz
21816.782,,,s,5.17E-09,2.66E-10,2.66E-10,erg cm-2 s-1,Integrated Flux,,7.25E+16,2.42E+18,Hz
21826.134,,,s,4.85E-09,2.59E-10,2.59E-10,erg cm-2 s-1,Integrated Flux,,7.25E+16,2.42E+18,Hz
21836.148,,,s,4.25E-09,2.25E-10,2.25E-10,erg cm-2 s-1,Integrated Flux,,7.25E+16,2.42E+18,Hz
21846.166,,,s,4.82E-09,2.49E-10,2.49E-10,erg cm-2 s-1,Integrated Flux,,7.25E+16,2.42E+18,Hz
21855.898,,,s,4.89E-09,2.50E-10,2.50E-10,erg cm-2 s-1,Integrated Flux,,7.25E+16,2.42E+18,Hz
21864.861,,,s,5.38E-09,2.72E-10,2.72E-10,erg cm-2 s-1,Integrated Flux,,7.25E+16,2.42E+18,Hz
21873.742,,,s,5.03E-09,2.66E-10,2.66E-10,erg cm-2 s-1,Integrated Flux,,7.25E+16,2.42E+18,Hz
21883.046,,,s,4.74E-09,2.52E-10,2.52E-10,erg cm-2 s-1,Integrated Flux,,7.25E+16,2.42E+18,Hz
21892.701,,,s,5.09E-09,2.55E-10,2.55E-10,erg cm-2 s-1,Integrated Flux,,7.25E+16,2.42E+18,Hz
21901.747,,,s,5.06E-09,2.66E-10,2.66E-10,erg cm-2 s-1,Integrated Flux,,7.25E+16,2.42E+18,Hz
21911.317,,,s,4.64E-09,2.53E-10,2.53E-10,erg cm-2 s-1,Integrated Flux,,7.25E+16,2.42E+18,Hz
21920.272,,,s,5.23E-09,2.68E-10,2.68E-10,erg cm-2 s-1,Integrated Flux,,7.25E+16,2.42E+18,Hz
21929.382,,,s,4.92E-09,2.57E-10,2.57E-10,erg cm-2 s-1,Integrated Flux,,7.25E+16,2.42E+18,Hz
21938.866,,,s,4.75E-09,2.47E-10,2.47E-10,erg cm-2 s-1,Integrated Flux,,7.25E+16,2.42E+18,Hz
21948.716,,,s,4.68E-09,2.46E-10,2.46E-10,erg cm-2 s-1,Integrated Flux,,7.25E+16,2.42E+18,Hz
21958.237,,,s,5.23E-09,2.69E-10,2.69E-10,erg cm-2 s-1,Integrated Flux,,7.25E+16,2.42E+18,Hz
21966.546,,,s,5.51E-09,2.77E-10,2.77E-10,erg cm-2 s-1,Integrated Flux,,7.25E+16,2.42E+18,Hz
21975.506,,,s,5.26E-09,2.67E-10,2.67E-10,erg cm-2 s-1,Integrated Flux,,7.25E+16,2.42E+18,Hz
21984.167,,,s,5.16E-09,2.68E-10,2.68E-10,erg cm-2 s-1,Integrated Flux,,7.25E+16,2.42E+18,Hz
21993.423,,,s,5.03E-09,2.57E-10,2.57E-10,erg cm-2 s-1,Integrated Flux,,7.25E+16,2.42E+18,Hz
22002.164,,,s,5.52E-09,2.83E-10,2.83E-10,erg cm-2 s-1,Integrated Flux,,7.25E+16,2.42E+18,Hz
22010.826,,,s,5.27E-09,2.76E-10,2.76E-10,erg cm-2 s-1,Integrated Flux,,7.25E+16,2.42E+18,Hz
22020.433,,,s,4.66E-09,2.42E-10,2.42E-10,erg cm-2 s-1,Integrated Flux,,7.25E+16,2.42E+18,Hz
22030.138,,,s,4.53E-09,2.38E-10,2.38E-10,erg cm-2 s-1,Integrated Flux,,7.25E+16,2.42E+18,Hz
22039.968,,,s,5.16E-09,2.64E-10,2.64E-10,erg cm-2 s-1,Integrated Flux,,7.25E+16,2.42E+18,Hz
22048.696,,,s,5.34E-09,2.72E-10,2.72E-10,erg cm-2 s-1,Integrated Flux,,7.25E+16,2.42E+18,Hz
22057.666,,,s,4.91E-09,2.52E-10,2.52E-10,erg cm-2 s-1,Integrated Flux,,7.25E+16,2.42E+18,Hz
22066.865,,,s,5.15E-09,2.66E-10,2.66E-10,erg cm-2 s-1,Integrated Flux,,7.25E+16,2.42E+18,Hz
22076.117,,,s,5.08E-09,2.64E-10,2.64E-10,erg cm-2 s-1,Integrated Flux,,7.25E+16,2.42E+18,Hz
22085.052,,,s,5.09E-09,2.62E-10,2.62E-10,erg cm-2 s-1,Integrated Flux,,7.25E+16,2.42E+18,Hz
22094.017,,,s,5.24E-09,2.72E-10,2.72E-10,erg cm-2 s-1,Integrated Flux,,7.25E+16,2.42E+18,Hz
25492.636,,,s,4.11E-09,2.21E-10,2.21E-10,erg cm-2 s-1,Integrated Flux,,7.25E+16,2.42E+18,Hz
25504.572,,,s,4.12E-09,2.38E-10,2.38E-10,erg cm-2 s-1,Integrated Flux,,7.25E+16,2.42E+18,Hz
25516.959,,,s,3.68E-09,2.35E-10,2.35E-10,erg cm-2 s-1,Integrated Flux,,7.25E+16,2.42E+18,Hz
25530.191,,,s,3.83E-09,2.62E-10,2.62E-10,erg cm-2 s-1,Integrated Flux,,7.25E+16,2.42E+18,Hz
25543.135,,,s,3.94E-09,2.56E-10,2.56E-10,erg cm-2 s-1,Integrated Flux,,7.25E+16,2.42E+18,Hz
25555.346,,,s,4.49E-09,2.75E-10,2.75E-10,erg cm-2 s-1,Integrated Flux,,7.25E+16,2.42E+18,Hz
25567.362,,,s,3.97E-09,2.41E-10,2.41E-10,erg cm-2 s-1,Integrated Flux,,7.25E+16,2.42E+18,Hz
25579.559,,,s,4.04E-09,2.28E-10,2.28E-10,erg cm-2 s-1,Integrated Flux,,7.25E+16,2.42E+18,Hz
25592.031,,,s,3.73E-09,2.14E-10,2.14E-10,erg cm-2 s-1,Integrated Flux,,7.25E+16,2.42E+18,Hz
25604.782,,,s,3.94E-09,2.22E-10,2.22E-10,erg cm-2 s-1,Integrated Flux,,7.25E+16,2.42E+18,Hz
25617.478,,,s,3.78E-09,2.11E-10,2.11E-10,erg cm-2 s-1,Integrated Flux,,7.25E+16,2.42E+18,Hz
25630.526,,,s,3.74E-09,2.20E-10,2.20E-10,erg cm-2 s-1,Integrated Flux,,7.25E+16,2.42E+18,Hz
25642.902,,,s,3.97E-09,2.22E-10,2.22E-10,erg cm-2 s-1,Integrated Flux,,7.25E+16,2.42E+18,Hz
25665.299,,,s,3.62E-09,2.17E-10,2.17E-10,erg cm-2 s-1,Integrated Flux,,7.25E+16,2.42E+18,Hz
25688.395,,,s,3.91E-09,2.31E-10,2.31E-10,erg cm-2 s-1,Integrated Flux,,7.25E+16,2.42E+18,Hz
25700.466,,,s,3.82E-09,2.16E-10,2.16E-10,erg cm-2 s-1,Integrated Flux,,7.25E+16,2.42E+18,Hz
25713.329,,,s,3.87E-09,2.17E-10,2.17E-10,erg cm-2 s-1,Integrated Flux,,7.25E+16,2.42E+18,Hz
25726.924,,,s,3.50E-09,2.07E-10,2.07E-10,erg cm-2 s-1,Integrated Flux,,7.25E+16,2.42E+18,Hz
25739.668,,,s,3.92E-09,2.45E-10,2.45E-10,erg cm-2 s-1,Integrated Flux,,7.25E+16,2.42E+18,Hz
25752.045,,,s,3.92E-09,2.44E-10,2.44E-10,erg cm-2 s-1,Integrated Flux,,7.25E+16,2.42E+18,Hz
25765.907,,,s,3.55E-09,2.37E-10,2.37E-10,erg cm-2 s-1,Integrated Flux,,7.25E+16,2.42E+18,Hz
25778.859,,,s,4.38E-09,2.96E-10,2.96E-10,erg cm-2 s-1,Integrated Flux,,7.25E+16,2.42E+18,Hz
25790.567,,,s,4.18E-09,2.85E-10,2.85E-10,erg cm-2 s-1,Integrated Flux,,7.25E+16,2.42E+18,Hz
25803.568,,,s,4.05E-09,2.79E-10,2.79E-10,erg cm-2 s-1,Integrated Flux,,7.25E+16,2.42E+18,Hz
25816.262,,,s,4.07E-09,2.74E-10,2.74E-10,erg cm-2 s-1,Integrated Flux,,7.25E+16,2.42E+18,Hz
25830.043,,,s,3.64E-09,2.43E-10,2.43E-10,erg cm-2 s-1,Integrated Flux,,7.25E+16,2.42E+18,Hz
25843.659,,,s,3.71E-09,2.50E-10,2.50E-10,erg cm-2 s-1,Integrated Flux,,7.25E+16,2.42E+18,Hz
25856.935,,,s,3.81E-09,2.48E-10,2.48E-10,erg cm-2 s-1,Integrated Flux,,7.25E+16,2.42E+18,Hz
25870.178,,,s,4.02E-09,2.68E-10,2.68E-10,erg cm-2 s-1,Integrated Flux,,7.25E+16,2.42E+18,Hz
25883.616,,,s,3.47E-09,2.32E-10,2.32E-10,erg cm-2 s-1,Integrated Flux,,7.25E+16,2.42E+18,Hz
25897.291,,,s,3.97E-09,2.63E-10,2.63E-10,erg cm-2 s-1,Integrated Flux,,7.25E+16,2.42E+18,Hz
25910.096,,,s,3.73E-09,2.47E-10,2.47E-10,erg cm-2 s-1,Integrated Flux,,7.25E+16,2.42E+18,Hz
25924.039,,,s,3.75E-09,2.54E-10,2.54E-10,erg cm-2 s-1,Integrated Flux,,7.25E+16,2.42E+18,Hz
25937.438,,,s,3.74E-09,2.50E-10,2.50E-10,erg cm-2 s-1,Integrated Flux,,7.25E+16,2.42E+18,Hz
25951.674,,,s,3.51E-09,2.40E-10,2.40E-10,erg cm-2 s-1,Integrated Flux,,7.25E+16,2.42E+18,Hz
25965.094,,,s,3.66E-09,2.56E-10,2.56E-10,erg cm-2 s-1,Integrated Flux,,7.25E+16,2.42E+18,Hz
25979.1,,,s,3.85E-09,2.61E-10,2.61E-10,erg cm-2 s-1,Integrated Flux,,7.25E+16,2.42E+18,Hz
25992.43,,,s,3.92E-09,2.73E-10,2.73E-10,erg cm-2 s-1,Integrated Flux,,7.25E+16,2.42E+18,Hz
26005.311,,,s,3.74E-09,2.54E-10,2.54E-10,erg cm-2 s-1,Integrated Flux,,7.25E+16,2.42E+18,Hz
26019.067,,,s,3.62E-09,2.46E-10,2.46E-10,erg cm-2 s-1,Integrated Flux,,7.25E+16,2.42E+18,Hz
26033.612,,,s,3.32E-09,2.26E-10,2.26E-10,erg cm-2 s-1,Integrated Flux,,7.25E+16,2.42E+18,Hz
26048.296,,,s,3.14E-09,2.31E-10,2.31E-10,erg cm-2 s-1,Integrated Flux,,7.25E+16,2.42E+18,Hz
26062.416,,,s,3.95E-09,2.73E-10,2.73E-10,erg cm-2 s-1,Integrated Flux,,7.25E+16,2.42E+18,Hz
26075.228,,,s,4.01E-09,2.75E-10,2.75E-10,erg cm-2 s-1,Integrated Flux,,7.25E+16,2.42E+18,Hz
26088.428,,,s,3.96E-09,2.60E-10,2.60E-10,erg cm-2 s-1,Integrated Flux,,7.25E+16,2.42E+18,Hz
26102.171,,,s,3.87E-09,2.61E-10,2.61E-10,erg cm-2 s-1,Integrated Flux,,7.25E+16,2.42E+18,Hz
26115.764,,,s,3.99E-09,2.66E-10,2.66E-10,erg cm-2 s-1,Integrated Flux,,7.25E+16,2.42E+18,Hz
26129.236,,,s,3.78E-09,2.56E-10,2.56E-10,erg cm-2 s-1,Integrated Flux,,7.25E+16,2.42E+18,Hz
26142.526,,,s,3.74E-09,2.53E-10,2.53E-10,erg cm-2 s-1,Integrated Flux,,7.25E+16,2.42E+18,Hz
26156.388,,,s,3.74E-09,2.51E-10,2.51E-10,erg cm-2 s-1,Integrated Flux,,7.25E+16,2.42E+18,Hz
26170.091,,,s,3.93E-09,2.66E-10,2.66E-10,erg cm-2 s-1,Integrated Flux,,7.25E+16,2.42E+18,Hz
26183.077,,,s,3.78E-09,2.58E-10,2.58E-10,erg cm-2 s-1,Integrated Flux,,7.25E+16,2.42E+18,Hz
26196.99,,,s,3.60E-09,2.45E-10,2.45E-10,erg cm-2 s-1,Integrated Flux,,7.25E+16,2.42E+18,Hz
26210.252,,,s,3.99E-09,2.77E-10,2.77E-10,erg cm-2 s-1,Integrated Flux,,7.25E+16,2.42E+18,Hz
26223.009,,,s,4.01E-09,2.70E-10,2.70E-10,erg cm-2 s-1,Integrated Flux,,7.25E+16,2.42E+18,Hz
26236.265,,,s,3.95E-09,2.73E-10,2.73E-10,erg cm-2 s-1,Integrated Flux,,7.25E+16,2.42E+18,Hz
26249.181,,,s,3.76E-09,2.62E-10,2.62E-10,erg cm-2 s-1,Integrated Flux,,7.25E+16,2.42E+18,Hz
26262.939,,,s,3.71E-09,2.56E-10,2.56E-10,erg cm-2 s-1,Integrated Flux,,7.25E+16,2.42E+18,Hz
26276.959,,,s,3.55E-09,2.48E-10,2.48E-10,erg cm-2 s-1,Integrated Flux,,7.25E+16,2.42E+18,Hz
26289.944,,,s,4.06E-09,2.78E-10,2.78E-10,erg cm-2 s-1,Integrated Flux,,7.25E+16,2.42E+18,Hz
26302.317,,,s,3.84E-09,2.62E-10,2.62E-10,erg cm-2 s-1,Integrated Flux,,7.25E+16,2.42E+18,Hz
26315.57,,,s,3.93E-09,2.73E-10,2.73E-10,erg cm-2 s-1,Integrated Flux,,7.25E+16,2.42E+18,Hz
26328.053,,,s,4.21E-09,2.98E-10,2.98E-10,erg cm-2 s-1,Integrated Flux,,7.25E+16,2.42E+18,Hz
26341.128,,,s,4.05E-09,2.85E-10,2.85E-10,erg cm-2 s-1,Integrated Flux,,7.25E+16,2.42E+18,Hz
26354.615,,,s,3.80E-09,2.73E-10,2.73E-10,erg cm-2 s-1,Integrated Flux,,7.25E+16,2.42E+18,Hz
26368.221,,,s,3.78E-09,2.66E-10,2.66E-10,erg cm-2 s-1,Integrated Flux,,7.25E+16,2.42E+18,Hz
26381.242,,,s,3.79E-09,2.62E-10,2.62E-10,erg cm-2 s-1,Integrated Flux,,7.25E+16,2.42E+18,Hz
26395.251,,,s,4.10E-09,2.81E-10,2.81E-10,erg cm-2 s-1,Integrated Flux,,7.25E+16,2.42E+18,Hz
26407.898,,,s,3.71E-09,2.65E-10,2.65E-10,erg cm-2 s-1,Integrated Flux,,7.25E+16,2.42E+18,Hz
26421.65,,,s,3.71E-09,2.52E-10,2.52E-10,erg cm-2 s-1,Integrated Flux,,7.25E+16,2.42E+18,Hz
26435.315,,,s,3.73E-09,2.61E-10,2.61E-10,erg cm-2 s-1,Integrated Flux,,7.25E+16,2.42E+18,Hz
26449.093,,,s,3.55E-09,2.46E-10,2.46E-10,erg cm-2 s-1,Integrated Flux,,7.25E+16,2.42E+18,Hz
26463.422,,,s,3.71E-09,2.55E-10,2.55E-10,erg cm-2 s-1,Integrated Flux,,7.25E+16,2.42E+18,Hz
26476.765,,,s,3.88E-09,2.65E-10,2.65E-10,erg cm-2 s-1,Integrated Flux,,7.25E+16,2.42E+18,Hz
26489.781,,,s,4.02E-09,2.75E-10,2.75E-10,erg cm-2 s-1,Integrated Flux,,7.25E+16,2.42E+18,Hz
26502.424,,,s,3.92E-09,2.72E-10,2.72E-10,erg cm-2 s-1,Integrated Flux,,7.25E+16,2.42E+18,Hz
26516.193,,,s,3.68E-09,2.53E-10,2.53E-10,erg cm-2 s-1,Integrated Flux,,7.25E+16,2.42E+18,Hz
26529.552,,,s,3.95E-09,2.75E-10,2.75E-10,erg cm-2 s-1,Integrated Flux,,7.25E+16,2.42E+18,Hz
26543.96,,,s,3.24E-09,2.36E-10,2.36E-10,erg cm-2 s-1,Integrated Flux,,7.25E+16,2.42E+18,Hz
26557.64,,,s,4.03E-09,2.79E-10,2.79E-10,erg cm-2 s-1,Integrated Flux,,7.25E+16,2.42E+18,Hz
26571.558,,,s,3.62E-09,2.44E-10,2.44E-10,erg cm-2 s-1,Integrated Flux,,7.25E+16,2.42E+18,Hz
26585.907,,,s,3.32E-09,2.34E-10,2.34E-10,erg cm-2 s-1,Integrated Flux,,7.25E+16,2.42E+18,Hz
26600.697,,,s,3.82E-09,2.61E-10,2.61E-10,erg cm-2 s-1,Integrated Flux,,7.25E+16,2.42E+18,Hz
26613.868,,,s,3.83E-09,2.61E-10,2.61E-10,erg cm-2 s-1,Integrated Flux,,7.25E+16,2.42E+18,Hz
26627.838,,,s,3.77E-09,2.59E-10,2.59E-10,erg cm-2 s-1,Integrated Flux,,7.25E+16,2.42E+18,Hz
26641.268,,,s,3.68E-09,2.58E-10,2.58E-10,erg cm-2 s-1,Integrated Flux,,7.25E+16,2.42E+18,Hz
26654.906,,,s,3.73E-09,2.54E-10,2.54E-10,erg cm-2 s-1,Integrated Flux,,7.25E+16,2.42E+18,Hz
26668.348,,,s,3.85E-09,2.61E-10,2.61E-10,erg cm-2 s-1,Integrated Flux,,7.25E+16,2.42E+18,Hz
31126.431,,,s,3.00E-09,1.60E-10,1.60E-10,erg cm-2 s-1,Integrated Flux,,7.25E+16,2.42E+18,Hz
31141.842,,,s,2.83E-09,1.53E-10,1.53E-10,erg cm-2 s-1,Integrated Flux,,7.25E+16,2.42E+18,Hz
31157.367,,,s,3.11E-09,1.66E-10,1.66E-10,erg cm-2 s-1,Integrated Flux,,7.25E+16,2.42E+18,Hz
31172.59,,,s,2.98E-09,1.58E-10,1.58E-10,erg cm-2 s-1,Integrated Flux,,7.25E+16,2.42E+18,Hz
31188.482,,,s,2.78E-09,1.54E-10,1.54E-10,erg cm-2 s-1,Integrated Flux,,7.25E+16,2.42E+18,Hz
31203.726,,,s,3.08E-09,1.66E-10,1.66E-10,erg cm-2 s-1,Integrated Flux,,7.25E+16,2.42E+18,Hz
31218.362,,,s,3.12E-09,1.70E-10,1.70E-10,erg cm-2 s-1,Integrated Flux,,7.25E+16,2.42E+18,Hz
31233.161,,,s,3.05E-09,1.66E-10,1.66E-10,erg cm-2 s-1,Integrated Flux,,7.25E+16,2.42E+18,Hz
31247.437,,,s,3.22E-09,1.75E-10,1.75E-10,erg cm-2 s-1,Integrated Flux,,7.25E+16,2.42E+18,Hz
31262.441,,,s,2.75E-09,1.59E-10,1.59E-10,erg cm-2 s-1,Integrated Flux,,7.25E+16,2.42E+18,Hz
31277.004,,,s,3.26E-09,1.76E-10,1.76E-10,erg cm-2 s-1,Integrated Flux,,7.25E+16,2.42E+18,Hz
31291.717,,,s,2.92E-09,1.61E-10,1.61E-10,erg cm-2 s-1,Integrated Flux,,7.25E+16,2.42E+18,Hz
31305.978,,,s,3.24E-09,1.79E-10,1.79E-10,erg cm-2 s-1,Integrated Flux,,7.25E+16,2.42E+18,Hz
31321.125,,,s,2.82E-09,1.55E-10,1.55E-10,erg cm-2 s-1,Integrated Flux,,7.25E+16,2.42E+18,Hz
31336.473,,,s,3.12E-09,1.65E-10,1.65E-10,erg cm-2 s-1,Integrated Flux,,7.25E+16,2.42E+18,Hz
31351.817,,,s,2.80E-09,1.55E-10,1.55E-10,erg cm-2 s-1,Integrated Flux,,7.25E+16,2.42E+18,Hz
31367.134,,,s,2.90E-09,1.58E-10,1.58E-10,erg cm-2 s-1,Integrated Flux,,7.25E+16,2.42E+18,Hz
31382.754,,,s,2.89E-09,1.57E-10,1.57E-10,erg cm-2 s-1,Integrated Flux,,7.25E+16,2.42E+18,Hz
31398.144,,,s,3.08E-09,1.62E-10,1.62E-10,erg cm-2 s-1,Integrated Flux,,7.25E+16,2.42E+18,Hz
31412.391,,,s,3.46E-09,1.82E-10,1.82E-10,erg cm-2 s-1,Integrated Flux,,7.25E+16,2.42E+18,Hz
31427.109,,,s,2.83E-09,1.50E-10,1.50E-10,erg cm-2 s-1,Integrated Flux,,7.25E+16,2.42E+18,Hz
31443.691,,,s,2.86E-09,1.52E-10,1.52E-10,erg cm-2 s-1,Integrated Flux,,7.25E+16,2.42E+18,Hz
31458.929,,,s,2.97E-09,1.63E-10,1.63E-10,erg cm-2 s-1,Integrated Flux,,7.25E+16,2.42E+18,Hz
31474.232,,,s,2.95E-09,1.54E-10,1.54E-10,erg cm-2 s-1,Integrated Flux,,7.25E+16,2.42E+18,Hz
31489.743,,,s,2.99E-09,1.69E-10,1.69E-10,erg cm-2 s-1,Integrated Flux,,7.25E+16,2.42E+18,Hz
31505.14,,,s,2.81E-09,1.55E-10,1.55E-10,erg cm-2 s-1,Integrated Flux,,7.25E+16,2.42E+18,Hz
31521.106,,,s,2.85E-09,1.55E-10,1.55E-10,erg cm-2 s-1,Integrated Flux,,7.25E+16,2.42E+18,Hz
31536.582,,,s,2.64E-09,1.54E-10,1.54E-10,erg cm-2 s-1,Integrated Flux,,7.25E+16,2.42E+18,Hz
31552.955,,,s,2.91E-09,1.58E-10,1.58E-10,erg cm-2 s-1,Integrated Flux,,7.25E+16,2.42E+18,Hz
31567.762,,,s,3.04E-09,1.64E-10,1.64E-10,erg cm-2 s-1,Integrated Flux,,7.25E+16,2.42E+18,Hz
31583.142,,,s,3.09E-09,1.64E-10,1.64E-10,erg cm-2 s-1,Integrated Flux,,7.25E+16,2.42E+18,Hz
31597.932,,,s,3.01E-09,1.66E-10,1.66E-10,erg cm-2 s-1,Integrated Flux,,7.25E+16,2.42E+18,Hz
31613.33,,,s,2.97E-09,1.65E-10,1.65E-10,erg cm-2 s-1,Integrated Flux,,7.25E+16,2.42E+18,Hz
31628.516,,,s,2.93E-09,1.57E-10,1.57E-10,erg cm-2 s-1,Integrated Flux,,7.25E+16,2.42E+18,Hz
31643.971,,,s,3.18E-09,1.67E-10,1.67E-10,erg cm-2 s-1,Integrated Flux,,7.25E+16,2.42E+18,Hz
31658.48,,,s,3.00E-09,1.59E-10,1.59E-10,erg cm-2 s-1,Integrated Flux,,7.25E+16,2.42E+18,Hz
31673.883,,,s,2.97E-09,1.63E-10,1.63E-10,erg cm-2 s-1,Integrated Flux,,7.25E+16,2.42E+18,Hz
31689.323,,,s,3.02E-09,1.59E-10,1.59E-10,erg cm-2 s-1,Integrated Flux,,7.25E+16,2.42E+18,Hz
31704.169,,,s,2.97E-09,1.60E-10,1.60E-10,erg cm-2 s-1,Integrated Flux,,7.25E+16,2.42E+18,Hz
31720.328,,,s,2.64E-09,1.47E-10,1.47E-10,erg cm-2 s-1,Integrated Flux,,7.25E+16,2.42E+18,Hz
31736.053,,,s,3.06E-09,1.67E-10,1.67E-10,erg cm-2 s-1,Integrated Flux,,7.25E+16,2.42E+18,Hz
31750.532,,,s,3.25E-09,1.74E-10,1.74E-10,erg cm-2 s-1,Integrated Flux,,7.25E+16,2.42E+18,Hz
31766.039,,,s,2.57E-09,1.43E-10,1.43E-10,erg cm-2 s-1,Integrated Flux,,7.25E+16,2.42E+18,Hz
31782.131,,,s,3.03E-09,1.63E-10,1.63E-10,erg cm-2 s-1,Integrated Flux,,7.25E+16,2.42E+18,Hz
31796.971,,,s,3.16E-09,1.68E-10,1.68E-10,erg cm-2 s-1,Integrated Flux,,7.25E+16,2.42E+18,Hz
31813.443,,,s,2.52E-09,1.41E-10,1.41E-10,erg cm-2 s-1,Integrated Flux,,7.25E+16,2.42E+18,Hz
31830.306,,,s,2.64E-09,1.47E-10,1.47E-10,erg cm-2 s-1,Integrated Flux,,7.25E+16,2.42E+18,Hz
31846.487,,,s,2.68E-09,1.51E-10,1.51E-10,erg cm-2 s-1,Integrated Flux,,7.25E+16,2.42E+18,Hz
31862.873,,,s,2.75E-09,1.50E-10,1.50E-10,erg cm-2 s-1,Integrated Flux,,7.25E+16,2.42E+18,Hz
31878.037,,,s,3.17E-09,1.68E-10,1.68E-10,erg cm-2 s-1,Integrated Flux,,7.25E+16,2.42E+18,Hz
31892.607,,,s,3.00E-09,1.64E-10,1.64E-10,erg cm-2 s-1,Integrated Flux,,7.25E+16,2.42E+18,Hz
31907.621,,,s,2.93E-09,1.61E-10,1.61E-10,erg cm-2 s-1,Integrated Flux,,7.25E+16,2.42E+18,Hz
31923.163,,,s,2.90E-09,1.57E-10,1.57E-10,erg cm-2 s-1,Integrated Flux,,7.25E+16,2.42E+18,Hz
31939.095,,,s,2.69E-09,1.50E-10,1.50E-10,erg cm-2 s-1,Integrated Flux,,7.25E+16,2.42E+18,Hz
31955.08,,,s,3.00E-09,1.63E-10,1.63E-10,erg cm-2 s-1,Integrated Flux,,7.25E+16,2.42E+18,Hz
31970.632,,,s,2.84E-09,1.54E-10,1.54E-10,erg cm-2 s-1,Integrated Flux,,7.25E+16,2.42E+18,Hz
31986.287,,,s,3.04E-09,1.63E-10,1.63E-10,erg cm-2 s-1,Integrated Flux,,7.25E+16,2.42E+18,Hz
32002.126,,,s,2.62E-09,1.46E-10,1.46E-10,erg cm-2 s-1,Integrated Flux,,7.25E+16,2.42E+18,Hz
32018.117,,,s,2.81E-09,1.55E-10,1.55E-10,erg cm-2 s-1,Integrated Flux,,7.25E+16,2.42E+18,Hz
32033.767,,,s,2.85E-09,1.62E-10,1.62E-10,erg cm-2 s-1,Integrated Flux,,7.25E+16,2.42E+18,Hz
32049.196,,,s,2.82E-09,1.58E-10,1.58E-10,erg cm-2 s-1,Integrated Flux,,7.25E+16,2.42E+18,Hz
32065.529,,,s,2.74E-09,1.47E-10,1.47E-10,erg cm-2 s-1,Integrated Flux,,7.25E+16,2.42E+18,Hz
32081.556,,,s,2.91E-09,1.57E-10,1.57E-10,erg cm-2 s-1,Integrated Flux,,7.25E+16,2.42E+18,Hz
32097.511,,,s,2.54E-09,1.43E-10,1.43E-10,erg cm-2 s-1,Integrated Flux,,7.25E+16,2.42E+18,Hz
32113.791,,,s,3.03E-09,1.63E-10,1.63E-10,erg cm-2 s-1,Integrated Flux,,7.25E+16,2.42E+18,Hz
32128.715,,,s,3.22E-09,1.71E-10,1.71E-10,erg cm-2 s-1,Integrated Flux,,7.25E+16,2.42E+18,Hz
32144.019,,,s,2.93E-09,1.55E-10,1.55E-10,erg cm-2 s-1,Integrated Flux,,7.25E+16,2.42E+18,Hz
32159.125,,,s,3.07E-09,1.68E-10,1.68E-10,erg cm-2 s-1,Integrated Flux,,7.25E+16,2.42E+18,Hz
32173.953,,,s,3.02E-09,1.62E-10,1.62E-10,erg cm-2 s-1,Integrated Flux,,7.25E+16,2.42E+18,Hz
32189.138,,,s,2.83E-09,1.52E-10,1.52E-10,erg cm-2 s-1,Integrated Flux,,7.25E+16,2.42E+18,Hz
32205.326,,,s,2.76E-09,1.49E-10,1.49E-10,erg cm-2 s-1,Integrated Flux,,7.25E+16,2.42E+18,Hz
32221.855,,,s,2.71E-09,1.49E-10,1.49E-10,erg cm-2 s-1,Integrated Flux,,7.25E+16,2.42E+18,Hz
32237.606,,,s,2.97E-09,1.64E-10,1.64E-10,erg cm-2 s-1,Integrated Flux,,7.25E+16,2.42E+18,Hz
32252.702,,,s,2.70E-09,1.49E-10,1.49E-10,erg cm-2 s-1,Integrated Flux,,7.25E+16,2.42E+18,Hz
32269.681,,,s,2.69E-09,1.47E-10,1.47E-10,erg cm-2 s-1,Integrated Flux,,7.25E+16,2.42E+18,Hz
32286.052,,,s,2.87E-09,1.54E-10,1.54E-10,erg cm-2 s-1,Integrated Flux,,7.25E+16,2.42E+18,Hz
32302.187,,,s,2.73E-09,1.50E-10,1.50E-10,erg cm-2 s-1,Integrated Flux,,7.25E+16,2.42E+18,Hz
32318.831,,,s,2.37E-09,1.38E-10,1.38E-10,erg cm-2 s-1,Integrated Flux,,7.25E+16,2.42E+18,Hz
32336.094,,,s,2.75E-09,1.50E-10,1.50E-10,erg cm-2 s-1,Integrated Flux,,7.25E+16,2.42E+18,Hz
32352.254,,,s,2.68E-09,1.51E-10,1.51E-10,erg cm-2 s-1,Integrated Flux,,7.25E+16,2.42E+18,Hz
32368.381,,,s,2.97E-09,1.61E-10,1.61E-10,erg cm-2 s-1,Integrated Flux,,7.25E+16,2.42E+18,Hz
32383.867,,,s,2.88E-09,1.58E-10,1.58E-10,erg cm-2 s-1,Integrated Flux,,7.25E+16,2.42E+18,Hz
32399.038,,,s,2.79E-09,1.50E-10,1.50E-10,erg cm-2 s-1,Integrated Flux,,7.25E+16,2.42E+18,Hz
32416.064,,,s,2.64E-09,1.49E-10,1.49E-10,erg cm-2 s-1,Integrated Flux,,7.25E+16,2.42E+18,Hz
32432.854,,,s,2.69E-09,1.48E-10,1.48E-10,erg cm-2 s-1,Integrated Flux,,7.25E+16,2.42E+18,Hz
32449.231,,,s,2.72E-09,1.50E-10,1.50E-10,erg cm-2 s-1,Integrated Flux,,7.25E+16,2.42E+18,Hz
32465.251,,,s,2.77E-09,1.53E-10,1.53E-10,erg cm-2 s-1,Integrated Flux,,7.25E+16,2.42E+18,Hz
32481.09,,,s,2.84E-09,1.52E-10,1.52E-10,erg cm-2 s-1,Integrated Flux,,7.25E+16,2.42E+18,Hz
32497.063,,,s,2.78E-09,1.53E-10,1.53E-10,erg cm-2 s-1,Integrated Flux,,7.25E+16,2.42E+18,Hz
32513.122,,,s,2.68E-09,1.47E-10,1.47E-10,erg cm-2 s-1,Integrated Flux,,7.25E+16,2.42E+18,Hz
32529.071,,,s,2.70E-09,1.52E-10,1.52E-10,erg cm-2 s-1,Integrated Flux,,7.25E+16,2.42E+18,Hz
32544.934,,,s,2.94E-09,1.60E-10,1.60E-10,erg cm-2 s-1,Integrated Flux,,7.25E+16,2.42E+18,Hz
32559.917,,,s,3.19E-09,1.72E-10,1.72E-10,erg cm-2 s-1,Integrated Flux,,7.25E+16,2.42E+18,Hz
32575.184,,,s,2.74E-09,1.47E-10,1.47E-10,erg cm-2 s-1,Integrated Flux,,7.25E+16,2.42E+18,Hz
32591.433,,,s,2.84E-09,1.60E-10,1.60E-10,erg cm-2 s-1,Integrated Flux,,7.25E+16,2.42E+18,Hz
32606.825,,,s,2.89E-09,1.56E-10,1.56E-10,erg cm-2 s-1,Integrated Flux,,7.25E+16,2.42E+18,Hz
32621.964,,,s,2.92E-09,1.62E-10,1.62E-10,erg cm-2 s-1,Integrated Flux,,7.25E+16,2.42E+18,Hz
32637.528,,,s,2.81E-09,1.50E-10,1.50E-10,erg cm-2 s-1,Integrated Flux,,7.25E+16,2.42E+18,Hz
32654.468,,,s,2.73E-09,1.50E-10,1.50E-10,erg cm-2 s-1,Integrated Flux,,7.25E+16,2.42E+18,Hz
32670.147,,,s,3.01E-09,1.66E-10,1.66E-10,erg cm-2 s-1,Integrated Flux,,7.25E+16,2.42E+18,Hz
32686.461,,,s,2.90E-09,1.60E-10,1.60E-10,erg cm-2 s-1,Integrated Flux,,7.25E+16,2.42E+18,Hz
32703.345,,,s,2.75E-09,1.51E-10,1.51E-10,erg cm-2 s-1,Integrated Flux,,7.25E+16,2.42E+18,Hz
32720.495,,,s,2.76E-09,1.57E-10,1.57E-10,erg cm-2 s-1,Integrated Flux,,7.25E+16,2.42E+18,Hz
32736.92,,,s,2.97E-09,1.66E-10,1.66E-10,erg cm-2 s-1,Integrated Flux,,7.25E+16,2.42E+18,Hz
32753.945,,,s,2.77E-09,1.52E-10,1.52E-10,erg cm-2 s-1,Integrated Flux,,7.25E+16,2.42E+18,Hz
32770.987,,,s,3.06E-09,1.63E-10,1.63E-10,erg cm-2 s-1,Integrated Flux,,7.25E+16,2.42E+18,Hz
32786.785,,,s,3.19E-09,1.72E-10,1.72E-10,erg cm-2 s-1,Integrated Flux,,7.25E+16,2.42E+18,Hz
32802.746,,,s,3.03E-09,1.62E-10,1.62E-10,erg cm-2 s-1,Integrated Flux,,7.25E+16,2.42E+18,Hz
32818.836,,,s,3.21E-09,1.74E-10,1.74E-10,erg cm-2 s-1,Integrated Flux,,7.25E+16,2.42E+18,Hz
32834.538,,,s,2.84E-09,1.60E-10,1.60E-10,erg cm-2 s-1,Integrated Flux,,7.25E+16,2.42E+18,Hz
32850.756,,,s,3.12E-09,1.70E-10,1.70E-10,erg cm-2 s-1,Integrated Flux,,7.25E+16,2.42E+18,Hz
36892.338,,,s,2.41E-09,1.30E-10,1.30E-10,erg cm-2 s-1,Integrated Flux,,7.25E+16,2.42E+18,Hz
36914.322,,,s,2.22E-09,1.23E-10,1.23E-10,erg cm-2 s-1,Integrated Flux,,7.25E+16,2.42E+18,Hz
36934.967,,,s,2.50E-09,1.42E-10,1.42E-10,erg cm-2 s-1,Integrated Flux,,7.25E+16,2.42E+18,Hz
36956.652,,,s,2.26E-09,1.29E-10,1.29E-10,erg cm-2 s-1,Integrated Flux,,7.25E+16,2.42E+18,Hz
36977.684,,,s,2.35E-09,1.35E-10,1.35E-10,erg cm-2 s-1,Integrated Flux,,7.25E+16,2.42E+18,Hz
36999.684,,,s,2.19E-09,1.23E-10,1.23E-10,erg cm-2 s-1,Integrated Flux,,7.25E+16,2.42E+18,Hz
37021.08,,,s,2.23E-09,1.31E-10,1.31E-10,erg cm-2 s-1,Integrated Flux,,7.25E+16,2.42E+18,Hz
37042.538,,,s,2.24E-09,1.26E-10,1.26E-10,erg cm-2 s-1,Integrated Flux,,7.25E+16,2.42E+18,Hz
37064.149,,,s,2.28E-09,1.32E-10,1.32E-10,erg cm-2 s-1,Integrated Flux,,7.25E+16,2.42E+18,Hz
37084.823,,,s,2.46E-09,1.39E-10,1.39E-10,erg cm-2 s-1,Integrated Flux,,7.25E+16,2.42E+18,Hz
37104.578,,,s,2.40E-09,1.37E-10,1.37E-10,erg cm-2 s-1,Integrated Flux,,7.25E+16,2.42E+18,Hz
37125.241,,,s,2.38E-09,1.35E-10,1.35E-10,erg cm-2 s-1,Integrated Flux,,7.25E+16,2.42E+18,Hz
37146.749,,,s,2.36E-09,1.28E-10,1.28E-10,erg cm-2 s-1,Integrated Flux,,7.25E+16,2.42E+18,Hz
37169.207,,,s,2.14E-09,1.22E-10,1.22E-10,erg cm-2 s-1,Integrated Flux,,7.25E+16,2.42E+18,Hz
37190.566,,,s,2.42E-09,1.38E-10,1.38E-10,erg cm-2 s-1,Integrated Flux,,7.25E+16,2.42E+18,Hz
37211.807,,,s,2.33E-09,1.29E-10,1.29E-10,erg cm-2 s-1,Integrated Flux,,7.25E+16,2.42E+18,Hz
37233.182,,,s,2.34E-09,1.32E-10,1.32E-10,erg cm-2 s-1,Integrated Flux,,7.25E+16,2.42E+18,Hz
37253.581,,,s,2.41E-09,1.38E-10,1.38E-10,erg cm-2 s-1,Integrated Flux,,7.25E+16,2.42E+18,Hz
37274.277,,,s,2.22E-09,1.28E-10,1.28E-10,erg cm-2 s-1,Integrated Flux,,7.25E+16,2.42E+18,Hz
37295.801,,,s,2.26E-09,1.30E-10,1.30E-10,erg cm-2 s-1,Integrated Flux,,7.25E+16,2.42E+18,Hz
37317.087,,,s,2.32E-09,1.36E-10,1.36E-10,erg cm-2 s-1,Integrated Flux,,7.25E+16,2.42E+18,Hz
37338.437,,,s,2.26E-09,1.27E-10,1.27E-10,erg cm-2 s-1,Integrated Flux,,7.25E+16,2.42E+18,Hz
37360.323,,,s,2.12E-09,1.23E-10,1.23E-10,erg cm-2 s-1,Integrated Flux,,7.25E+16,2.42E+18,Hz
37381.653,,,s,2.33E-09,1.32E-10,1.32E-10,erg cm-2 s-1,Integrated Flux,,7.25E+16,2.42E+18,Hz
37403.05,,,s,2.38E-09,1.35E-10,1.35E-10,erg cm-2 s-1,Integrated Flux,,7.25E+16,2.42E+18,Hz
37424.169,,,s,2.21E-09,1.32E-10,1.32E-10,erg cm-2 s-1,Integrated Flux,,7.25E+16,2.42E+18,Hz
37446.136,,,s,2.20E-09,1.26E-10,1.26E-10,erg cm-2 s-1,Integrated Flux,,7.25E+16,2.42E+18,Hz
37466.493,,,s,2.53E-09,1.40E-10,1.40E-10,erg cm-2 s-1,Integrated Flux,,7.25E+16,2.42E+18,Hz
37487.381,,,s,2.16E-09,1.31E-10,1.31E-10,erg cm-2 s-1,Integrated Flux,,7.25E+16,2.42E+18,Hz
37508.133,,,s,2.52E-09,1.43E-10,1.43E-10,erg cm-2 s-1,Integrated Flux,,7.25E+16,2.42E+18,Hz
37528.112,,,s,2.13E-09,1.24E-10,1.24E-10,erg cm-2 s-1,Integrated Flux,,7.25E+16,2.42E+18,Hz
37550.158,,,s,2.28E-09,1.31E-10,1.31E-10,erg cm-2 s-1,Integrated Flux,,7.25E+16,2.42E+18,Hz
37571.575,,,s,2.34E-09,1.30E-10,1.30E-10,erg cm-2 s-1,Integrated Flux,,7.25E+16,2.42E+18,Hz
37593.415,,,s,2.17E-09,1.29E-10,1.29E-10,erg cm-2 s-1,Integrated Flux,,7.25E+16,2.42E+18,Hz
37614.079,,,s,2.48E-09,1.38E-10,1.38E-10,erg cm-2 s-1,Integrated Flux,,7.25E+16,2.42E+18,Hz
37635.856,,,s,2.10E-09,1.24E-10,1.24E-10,erg cm-2 s-1,Integrated Flux,,7.25E+16,2.42E+18,Hz
37658.67,,,s,2.06E-09,1.19E-10,1.19E-10,erg cm-2 s-1,Integrated Flux,,7.25E+16,2.42E+18,Hz
37682.066,,,s,2.12E-09,1.23E-10,1.23E-10,erg cm-2 s-1,Integrated Flux,,7.25E+16,2.42E+18,Hz
37704.023,,,s,2.25E-09,1.38E-10,1.38E-10,erg cm-2 s-1,Integrated Flux,,7.25E+16,2.42E+18,Hz
37724.324,,,s,2.27E-09,1.32E-10,1.32E-10,erg cm-2 s-1,Integrated Flux,,7.25E+16,2.42E+18,Hz
37746.005,,,s,2.17E-09,1.29E-10,1.29E-10,erg cm-2 s-1,Integrated Flux,,7.25E+16,2.42E+18,Hz
37767.998,,,s,2.25E-09,1.30E-10,1.30E-10,erg cm-2 s-1,Integrated Flux,,7.25E+16,2.42E+18,Hz
37788.85,,,s,2.27E-09,1.34E-10,1.34E-10,erg cm-2 s-1,Integrated Flux,,7.25E+16,2.42E+18,Hz
37810.514,,,s,2.14E-09,1.27E-10,1.27E-10,erg cm-2 s-1,Integrated Flux,,7.25E+16,2.42E+18,Hz
37833.632,,,s,2.22E-09,1.25E-10,1.25E-10,erg cm-2 s-1,Integrated Flux,,7.25E+16,2.42E+18,Hz
37853.371,,,s,2.48E-09,1.38E-10,1.38E-10,erg cm-2 s-1,Integrated Flux,,7.25E+16,2.42E+18,Hz
37874.927,,,s,2.36E-09,1.30E-10,1.30E-10,erg cm-2 s-1,Integrated Flux,,7.25E+16,2.42E+18,Hz
37895.653,,,s,2.39E-09,1.33E-10,1.33E-10,erg cm-2 s-1,Integrated Flux,,7.25E+16,2.42E+18,Hz
37917.372,,,s,2.19E-09,1.26E-10,1.26E-10,erg cm-2 s-1,Integrated Flux,,7.25E+16,2.42E+18,Hz
37938.841,,,s,2.23E-09,1.32E-10,1.32E-10,erg cm-2 s-1,Integrated Flux,,7.25E+16,2.42E+18,Hz
37959.178,,,s,2.31E-09,1.37E-10,1.37E-10,erg cm-2 s-1,Integrated Flux,,7.25E+16,2.42E+18,Hz
37981.419,,,s,2.16E-09,1.26E-10,1.26E-10,erg cm-2 s-1,Integrated Flux,,7.25E+16,2.42E+18,Hz
38001.741,,,s,2.22E-09,1.43E-10,1.43E-10,erg cm-2 s-1,Integrated Flux,,7.25E+16,2.42E+18,Hz
38022.924,,,s,2.18E-09,1.28E-10,1.28E-10,erg cm-2 s-1,Integrated Flux,,7.25E+16,2.42E+18,Hz
38045.223,,,s,2.28E-09,1.34E-10,1.34E-10,erg cm-2 s-1,Integrated Flux,,7.25E+16,2.42E+18,Hz
38066.793,,,s,2.13E-09,1.25E-10,1.25E-10,erg cm-2 s-1,Integrated Flux,,7.25E+16,2.42E+18,Hz
38088.861,,,s,2.14E-09,1.27E-10,1.27E-10,erg cm-2 s-1,Integrated Flux,,7.25E+16,2.42E+18,Hz
38109.789,,,s,2.41E-09,1.39E-10,1.39E-10,erg cm-2 s-1,Integrated Flux,,7.25E+16,2.42E+18,Hz
38130.778,,,s,2.37E-09,1.33E-10,1.33E-10,erg cm-2 s-1,Integrated Flux,,7.25E+16,2.42E+18,Hz
38152.499,,,s,2.08E-09,1.21E-10,1.21E-10,erg cm-2 s-1,Integrated Flux,,7.25E+16,2.42E+18,Hz
38174.927,,,s,2.21E-09,1.28E-10,1.28E-10,erg cm-2 s-1,Integrated Flux,,7.25E+16,2.42E+18,Hz
38195.674,,,s,2.38E-09,1.33E-10,1.33E-10,erg cm-2 s-1,Integrated Flux,,7.25E+16,2.42E+18,Hz
38217.748,,,s,2.15E-09,1.25E-10,1.25E-10,erg cm-2 s-1,Integrated Flux,,7.25E+16,2.42E+18,Hz
38239.826,,,s,2.24E-09,1.35E-10,1.35E-10,erg cm-2 s-1,Integrated Flux,,7.25E+16,2.42E+18,Hz
38261.768,,,s,2.14E-09,1.25E-10,1.25E-10,erg cm-2 s-1,Integrated Flux,,7.25E+16,2.42E+18,Hz
38283.598,,,s,2.21E-09,1.29E-10,1.29E-10,erg cm-2 s-1,Integrated Flux,,7.25E+16,2.42E+18,Hz
38306.208,,,s,1.96E-09,1.19E-10,1.19E-10,erg cm-2 s-1,Integrated Flux,,7.25E+16,2.42E+18,Hz
38328.368,,,s,2.50E-09,1.39E-10,1.39E-10,erg cm-2 s-1,Integrated Flux,,7.25E+16,2.42E+18,Hz
38349.759,,,s,2.05E-09,1.21E-10,1.21E-10,erg cm-2 s-1,Integrated Flux,,7.25E+16,2.42E+18,Hz
38370.803,,,s,2.46E-09,1.46E-10,1.46E-10,erg cm-2 s-1,Integrated Flux,,7.25E+16,2.42E+18,Hz
38391.826,,,s,2.13E-09,1.25E-10,1.25E-10,erg cm-2 s-1,Integrated Flux,,7.25E+16,2.42E+18,Hz
38414.157,,,s,2.19E-09,1.26E-10,1.26E-10,erg cm-2 s-1,Integrated Flux,,7.25E+16,2.42E+18,Hz
38436.737,,,s,2.01E-09,1.20E-10,1.20E-10,erg cm-2 s-1,Integrated Flux,,7.25E+16,2.42E+18,Hz
38460.059,,,s,1.99E-09,1.25E-10,1.25E-10,erg cm-2 s-1,Integrated Flux,,7.25E+16,2.42E+18,Hz
38481.923,,,s,2.30E-09,1.30E-10,1.30E-10,erg cm-2 s-1,Integrated Flux,,7.25E+16,2.42E+18,Hz
38504.749,,,s,2.02E-09,1.23E-10,1.23E-10,erg cm-2 s-1,Integrated Flux,,7.25E+16,2.42E+18,Hz
38526.483,,,s,2.00E-09,1.21E-10,1.21E-10,erg cm-2 s-1,Integrated Flux,,7.25E+16,2.42E+18,Hz
38550.025,,,s,2.18E-09,1.23E-10,1.23E-10,erg cm-2 s-1,Integrated Flux,,7.25E+16,2.42E+18,Hz
43942.115,,,s,2.19E-09,1.19E-10,1.19E-10,erg cm-2 s-1,Integrated Flux,,7.25E+16,2.42E+18,Hz
43965.807,,,s,2.22E-09,1.24E-10,1.24E-10,erg cm-2 s-1,Integrated Flux,,7.25E+16,2.42E+18,Hz
43989.5,,,s,2.35E-09,1.26E-10,1.26E-10,erg cm-2 s-1,Integrated Flux,,7.25E+16,2.42E+18,Hz
44014.036,,,s,1.97E-09,1.11E-10,1.11E-10,erg cm-2 s-1,Integrated Flux,,7.25E+16,2.42E+18,Hz
44039.821,,,s,2.03E-09,1.15E-10,1.15E-10,erg cm-2 s-1,Integrated Flux,,7.25E+16,2.42E+18,Hz
44065.375,,,s,2.04E-09,1.15E-10,1.15E-10,erg cm-2 s-1,Integrated Flux,,7.25E+16,2.42E+18,Hz
44091.812,,,s,1.78E-09,1.04E-10,1.04E-10,erg cm-2 s-1,Integrated Flux,,7.25E+16,2.42E+18,Hz
44118.808,,,s,1.96E-09,1.14E-10,1.14E-10,erg cm-2 s-1,Integrated Flux,,7.25E+16,2.42E+18,Hz
44144.553,,,s,2.13E-09,1.19E-10,1.19E-10,erg cm-2 s-1,Integrated Flux,,7.25E+16,2.42E+18,Hz
44167.828,,,s,2.27E-09,1.28E-10,1.28E-10,erg cm-2 s-1,Integrated Flux,,7.25E+16,2.42E+18,Hz
44192.422,,,s,1.97E-09,1.11E-10,1.11E-10,erg cm-2 s-1,Integrated Flux,,7.25E+16,2.42E+18,Hz
44217.631,,,s,2.14E-09,1.18E-10,1.18E-10,erg cm-2 s-1,Integrated Flux,,7.25E+16,2.42E+18,Hz
44243.564,,,s,1.88E-09,1.05E-10,1.05E-10,erg cm-2 s-1,Integrated Flux,,7.25E+16,2.42E+18,Hz
44271.444,,,s,1.95E-09,1.08E-10,1.08E-10,erg cm-2 s-1,Integrated Flux,,7.25E+16,2.42E+18,Hz
44296.673,,,s,2.07E-09,1.21E-10,1.21E-10,erg cm-2 s-1,Integrated Flux,,7.25E+16,2.42E+18,Hz
44320.09,,,s,2.26E-09,1.27E-10,1.27E-10,erg cm-2 s-1,Integrated Flux,,7.25E+16,2.42E+18,Hz
44345.963,,,s,1.77E-09,1.06E-10,1.06E-10,erg cm-2 s-1,Integrated Flux,,7.25E+16,2.42E+18,Hz
44372.643,,,s,1.86E-09,1.08E-10,1.08E-10,erg cm-2 s-1,Integrated Flux,,7.25E+16,2.42E+18,Hz
44397.799,,,s,2.19E-09,1.20E-10,1.20E-10,erg cm-2 s-1,Integrated Flux,,7.25E+16,2.42E+18,Hz
44424.456,,,s,1.91E-09,1.06E-10,1.06E-10,erg cm-2 s-1,Integrated Flux,,7.25E+16,2.42E+18,Hz
44450.737,,,s,2.09E-09,1.13E-10,1.13E-10,erg cm-2 s-1,Integrated Flux,,7.25E+16,2.42E+18,Hz
44477.966,,,s,2.01E-09,1.06E-10,1.06E-10,erg cm-2 s-1,Integrated Flux,,7.25E+16,2.42E+18,Hz
44503.733,,,s,2.19E-09,1.20E-10,1.20E-10,erg cm-2 s-1,Integrated Flux,,7.25E+16,2.42E+18,Hz
44528.895,,,s,2.16E-09,1.16E-10,1.16E-10,erg cm-2 s-1,Integrated Flux,,7.25E+16,2.42E+18,Hz
44554.582,,,s,2.10E-09,1.15E-10,1.15E-10,erg cm-2 s-1,Integrated Flux,,7.25E+16,2.42E+18,Hz
44580.276,,,s,2.06E-09,1.13E-10,1.13E-10,erg cm-2 s-1,Integrated Flux,,7.25E+16,2.42E+18,Hz
44606.525,,,s,2.01E-09,1.15E-10,1.15E-10,erg cm-2 s-1,Integrated Flux,,7.25E+16,2.42E+18,Hz
44631.301,,,s,2.13E-09,1.15E-10,1.15E-10,erg cm-2 s-1,Integrated Flux,,7.25E+16,2.42E+18,Hz
44656.429,,,s,2.17E-09,1.18E-10,1.18E-10,erg cm-2 s-1,Integrated Flux,,7.25E+16,2.42E+18,Hz
44681.362,,,s,2.15E-09,1.15E-10,1.15E-10,erg cm-2 s-1,Integrated Flux,,7.25E+16,2.42E+18,Hz
44707.556,,,s,1.98E-09,1.10E-10,1.10E-10,erg cm-2 s-1,Integrated Flux,,7.25E+16,2.42E+18,Hz
44734.742,,,s,1.96E-09,1.09E-10,1.09E-10,erg cm-2 s-1,Integrated Flux,,7.25E+16,2.42E+18,Hz
44761.374,,,s,2.06E-09,1.14E-10,1.14E-10,erg cm-2 s-1,Integrated Flux,,7.25E+16,2.42E+18,Hz
44787.589,,,s,2.07E-09,1.13E-10,1.13E-10,erg cm-2 s-1,Integrated Flux,,7.25E+16,2.42E+18,Hz
44814.044,,,s,2.07E-09,1.13E-10,1.13E-10,erg cm-2 s-1,Integrated Flux,,7.25E+16,2.42E+18,Hz
44840.562,,,s,2.03E-09,1.13E-10,1.13E-10,erg cm-2 s-1,Integrated Flux,,7.25E+16,2.42E+18,Hz
44866.866,,,s,2.00E-09,1.09E-10,1.09E-10,erg cm-2 s-1,Integrated Flux,,7.25E+16,2.42E+18,Hz
44893.628,,,s,2.08E-09,1.12E-10,1.12E-10,erg cm-2 s-1,Integrated Flux,,7.25E+16,2.42E+18,Hz
44919.346,,,s,2.01E-09,1.13E-10,1.13E-10,erg cm-2 s-1,Integrated Flux,,7.25E+16,2.42E+18,Hz
44945.6,,,s,2.13E-09,1.18E-10,1.18E-10,erg cm-2 s-1,Integrated Flux,,7.25E+16,2.42E+18,Hz
44972.7,,,s,1.79E-09,1.02E-10,1.02E-10,erg cm-2 s-1,Integrated Flux,,7.25E+16,2.42E+18,Hz
48382.159,,,s,1.37E-09,8.09E-11,8.09E-11,erg cm-2 s-1,Integrated Flux,,7.25E+16,2.42E+18,Hz
48412.735,,,s,1.40E-09,8.17E-11,8.17E-11,erg cm-2 s-1,Integrated Flux,,7.25E+16,2.42E+18,Hz
48442.107,,,s,1.56E-09,9.10E-11,9.10E-11,erg cm-2 s-1,Integrated Flux,,7.25E+16,2.42E+18,Hz
48470.425,,,s,1.40E-09,8.20E-11,8.20E-11,erg cm-2 s-1,Integrated Flux,,7.25E+16,2.42E+18,Hz
48499.699,,,s,1.52E-09,8.43E-11,8.43E-11,erg cm-2 s-1,Integrated Flux,,7.25E+16,2.42E+18,Hz
48527.609,,,s,1.56E-09,8.48E-11,8.48E-11,erg cm-2 s-1,Integrated Flux,,7.25E+16,2.42E+18,Hz
48556.224,,,s,1.39E-09,8.30E-11,8.30E-11,erg cm-2 s-1,Integrated Flux,,7.25E+16,2.42E+18,Hz
48584.119,,,s,1.61E-09,8.87E-11,8.87E-11,erg cm-2 s-1,Integrated Flux,,7.25E+16,2.42E+18,Hz
48613.982,,,s,1.38E-09,7.68E-11,7.68E-11,erg cm-2 s-1,Integrated Flux,,7.25E+16,2.42E+18,Hz
48643.391,,,s,1.49E-09,8.82E-11,8.82E-11,erg cm-2 s-1,Integrated Flux,,7.25E+16,2.42E+18,Hz
48671.564,,,s,1.50E-09,8.67E-11,8.67E-11,erg cm-2 s-1,Integrated Flux,,7.25E+16,2.42E+18,Hz
48699.624,,,s,1.53E-09,8.69E-11,8.69E-11,erg cm-2 s-1,Integrated Flux,,7.25E+16,2.42E+18,Hz
48726.049,,,s,1.44E-09,9.02E-11,9.02E-11,erg cm-2 s-1,Integrated Flux,,7.25E+16,2.42E+18,Hz
48756.813,,,s,1.30E-09,7.70E-11,7.70E-11,erg cm-2 s-1,Integrated Flux,,7.25E+16,2.42E+18,Hz
48786.934,,,s,1.57E-09,8.53E-11,8.53E-11,erg cm-2 s-1,Integrated Flux,,7.25E+16,2.42E+18,Hz
48815.517,,,s,1.49E-09,8.43E-11,8.43E-11,erg cm-2 s-1,Integrated Flux,,7.25E+16,2.42E+18,Hz
48843.677,,,s,1.56E-09,8.91E-11,8.91E-11,erg cm-2 s-1,Integrated Flux,,7.25E+16,2.42E+18,Hz
48873.213,,,s,1.38E-09,7.98E-11,7.98E-11,erg cm-2 s-1,Integrated Flux,,7.25E+16,2.42E+18,Hz
48902.521,,,s,1.49E-09,8.26E-11,8.26E-11,erg cm-2 s-1,Integrated Flux,,7.25E+16,2.42E+18,Hz
48930.411,,,s,1.63E-09,9.23E-11,9.23E-11,erg cm-2 s-1,Integrated Flux,,7.25E+16,2.42E+18,Hz
48957.443,,,s,1.63E-09,9.15E-11,9.15E-11,erg cm-2 s-1,Integrated Flux,,7.25E+16,2.42E+18,Hz
48985.693,,,s,1.34E-09,7.55E-11,7.55E-11,erg cm-2 s-1,Integrated Flux,,7.25E+16,2.42E+18,Hz
49016.427,,,s,1.50E-09,8.53E-11,8.53E-11,erg cm-2 s-1,Integrated Flux,,7.25E+16,2.42E+18,Hz
49045.286,,,s,1.50E-09,8.50E-11,8.50E-11,erg cm-2 s-1,Integrated Flux,,7.25E+16,2.42E+18,Hz
49073.132,,,s,1.58E-09,8.57E-11,8.57E-11,erg cm-2 s-1,Integrated Flux,,7.25E+16,2.42E+18,Hz
49100.608,,,s,1.54E-09,8.57E-11,8.57E-11,erg cm-2 s-1,Integrated Flux,,7.25E+16,2.42E+18,Hz
49129.613,,,s,1.49E-09,8.26E-11,8.26E-11,erg cm-2 s-1,Integrated Flux,,7.25E+16,2.42E+18,Hz
49157.717,,,s,1.53E-09,8.95E-11,8.95E-11,erg cm-2 s-1,Integrated Flux,,7.25E+16,2.42E+18,Hz
49185.785,,,s,1.43E-09,8.34E-11,8.34E-11,erg cm-2 s-1,Integrated Flux,,7.25E+16,2.42E+18,Hz
49214.869,,,s,1.48E-09,8.19E-11,8.19E-11,erg cm-2 s-1,Integrated Flux,,7.25E+16,2.42E+18,Hz
49242.691,,,s,1.66E-09,9.32E-11,9.32E-11,erg cm-2 s-1,Integrated Flux,,7.25E+16,2.42E+18,Hz
49269.945,,,s,1.37E-09,8.25E-11,8.25E-11,erg cm-2 s-1,Integrated Flux,,7.25E+16,2.42E+18,Hz
49300.24,,,s,1.41E-09,7.87E-11,7.87E-11,erg cm-2 s-1,Integrated Flux,,7.25E+16,2.42E+18,Hz
49331.961,,,s,1.28E-09,7.65E-11,7.65E-11,erg cm-2 s-1,Integrated Flux,,7.25E+16,2.42E+18,Hz
49362.298,,,s,1.49E-09,8.63E-11,8.63E-11,erg cm-2 s-1,Integrated Flux,,7.25E+16,2.42E+18,Hz
49391.798,,,s,1.33E-09,7.92E-11,7.92E-11,erg cm-2 s-1,Integrated Flux,,7.25E+16,2.42E+18,Hz
49421.764,,,s,1.40E-09,8.07E-11,8.07E-11,erg cm-2 s-1,Integrated Flux,,7.25E+16,2.42E+18,Hz
49452.091,,,s,1.42E-09,8.13E-11,8.13E-11,erg cm-2 s-1,Integrated Flux,,7.25E+16,2.42E+18,Hz
49482.095,,,s,1.39E-09,8.14E-11,8.14E-11,erg cm-2 s-1,Integrated Flux,,7.25E+16,2.42E+18,Hz
49510.417,,,s,1.50E-09,8.68E-11,8.68E-11,erg cm-2 s-1,Integrated Flux,,7.25E+16,2.42E+18,Hz
49538.857,,,s,1.47E-09,8.48E-11,8.48E-11,erg cm-2 s-1,Integrated Flux,,7.25E+16,2.42E+18,Hz
49567.704,,,s,1.44E-09,7.99E-11,7.99E-11,erg cm-2 s-1,Integrated Flux,,7.25E+16,2.42E+18,Hz
49597.372,,,s,1.61E-09,8.77E-11,8.77E-11,erg cm-2 s-1,Integrated Flux,,7.25E+16,2.42E+18,Hz
49626.073,,,s,1.44E-09,8.39E-11,8.39E-11,erg cm-2 s-1,Integrated Flux,,7.25E+16,2.42E+18,Hz
49654.45,,,s,1.54E-09,8.85E-11,8.85E-11,erg cm-2 s-1,Integrated Flux,,7.25E+16,2.42E+18,Hz
49681.598,,,s,1.52E-09,8.57E-11,8.57E-11,erg cm-2 s-1,Integrated Flux,,7.25E+16,2.42E+18,Hz
49711.118,,,s,1.43E-09,8.11E-11,8.11E-11,erg cm-2 s-1,Integrated Flux,,7.25E+16,2.42E+18,Hz
49738.932,,,s,1.52E-09,8.85E-11,8.85E-11,erg cm-2 s-1,Integrated Flux,,7.25E+16,2.42E+18,Hz
49767.436,,,s,1.41E-09,8.47E-11,8.47E-11,erg cm-2 s-1,Integrated Flux,,7.25E+16,2.42E+18,Hz
49797.212,,,s,1.35E-09,7.80E-11,7.80E-11,erg cm-2 s-1,Integrated Flux,,7.25E+16,2.42E+18,Hz
49827.492,,,s,1.53E-09,8.63E-11,8.63E-11,erg cm-2 s-1,Integrated Flux,,7.25E+16,2.42E+18,Hz
49854.959,,,s,1.51E-09,8.58E-11,8.58E-11,erg cm-2 s-1,Integrated Flux,,7.25E+16,2.42E+18,Hz
49884.719,,,s,1.39E-09,7.99E-11,7.99E-11,erg cm-2 s-1,Integrated Flux,,7.25E+16,2.42E+18,Hz
49914.484,,,s,1.33E-09,8.35E-11,8.35E-11,erg cm-2 s-1,Integrated Flux,,7.25E+16,2.42E+18,Hz
49944.774,,,s,1.26E-09,7.62E-11,7.62E-11,erg cm-2 s-1,Integrated Flux,,7.25E+16,2.42E+18,Hz
49974.913,,,s,1.55E-09,8.85E-11,8.85E-11,erg cm-2 s-1,Integrated Flux,,7.25E+16,2.42E+18,Hz
50004.81,,,s,1.24E-09,8.07E-11,8.07E-11,erg cm-2 s-1,Integrated Flux,,7.25E+16,2.42E+18,Hz
50033.716,,,s,1.49E-09,8.65E-11,8.65E-11,erg cm-2 s-1,Integrated Flux,,7.25E+16,2.42E+18,Hz
50062.487,,,s,1.44E-09,8.50E-11,8.50E-11,erg cm-2 s-1,Integrated Flux,,7.25E+16,2.42E+18,Hz
50090.342,,,s,1.50E-09,8.86E-11,8.86E-11,erg cm-2 s-1,Integrated Flux,,7.25E+16,2.42E+18,Hz
54005.408,,,s,1.35E-09,9.00E-11,9.00E-11,erg cm-2 s-1,Integrated Flux,,7.25E+16,2.42E+18,Hz
54042.254,,,s,1.18E-09,7.03E-11,7.03E-11,erg cm-2 s-1,Integrated Flux,,7.25E+16,2.42E+18,Hz
54080.891,,,s,1.24E-09,7.60E-11,7.60E-11,erg cm-2 s-1,Integrated Flux,,7.25E+16,2.42E+18,Hz
54119.524,,,s,1.20E-09,7.48E-11,7.48E-11,erg cm-2 s-1,Integrated Flux,,7.25E+16,2.42E+18,Hz
54156.484,,,s,1.49E-09,9.04E-11,9.04E-11,erg cm-2 s-1,Integrated Flux,,7.25E+16,2.42E+18,Hz
54191.214,,,s,1.27E-09,7.82E-11,7.82E-11,erg cm-2 s-1,Integrated Flux,,7.25E+16,2.42E+18,Hz
54229.515,,,s,1.28E-09,8.11E-11,8.11E-11,erg cm-2 s-1,Integrated Flux,,7.25E+16,2.42E+18,Hz
54265.482,,,s,1.28E-09,8.01E-11,8.01E-11,erg cm-2 s-1,Integrated Flux,,7.25E+16,2.42E+18,Hz
54303.288,,,s,1.33E-09,8.18E-11,8.18E-11,erg cm-2 s-1,Integrated Flux,,7.25E+16,2.42E+18,Hz
54340.423,,,s,1.29E-09,7.92E-11,7.92E-11,erg cm-2 s-1,Integrated Flux,,7.25E+16,2.42E+18,Hz
54379.387,,,s,1.24E-09,7.78E-11,7.78E-11,erg cm-2 s-1,Integrated Flux,,7.25E+16,2.42E+18,Hz
54419.345,,,s,1.23E-09,7.76E-11,7.76E-11,erg cm-2 s-1,Integrated Flux,,7.25E+16,2.42E+18,Hz
54454.965,,,s,1.39E-09,8.69E-11,8.69E-11,erg cm-2 s-1,Integrated Flux,,7.25E+16,2.42E+18,Hz
54492.5,,,s,1.13E-09,7.49E-11,7.49E-11,erg cm-2 s-1,Integrated Flux,,7.25E+16,2.42E+18,Hz
54530.968,,,s,1.28E-09,8.05E-11,8.05E-11,erg cm-2 s-1,Integrated Flux,,7.25E+16,2.42E+18,Hz
54570.013,,,s,1.22E-09,7.72E-11,7.72E-11,erg cm-2 s-1,Integrated Flux,,7.25E+16,2.42E+18,Hz
54608.514,,,s,1.24E-09,8.21E-11,8.21E-11,erg cm-2 s-1,Integrated Flux,,7.25E+16,2.42E+18,Hz
54648.103,,,s,1.18E-09,7.63E-11,7.63E-11,erg cm-2 s-1,Integrated Flux,,7.25E+16,2.42E+18,Hz
54687.566,,,s,1.17E-09,7.53E-11,7.53E-11,erg cm-2 s-1,Integrated Flux,,7.25E+16,2.42E+18,Hz
54728.012,,,s,1.22E-09,7.87E-11,7.87E-11,erg cm-2 s-1,Integrated Flux,,7.25E+16,2.42E+18,Hz
54767.421,,,s,1.24E-09,7.86E-11,7.86E-11,erg cm-2 s-1,Integrated Flux,,7.25E+16,2.42E+18,Hz
54808.249,,,s,1.12E-09,7.41E-11,7.41E-11,erg cm-2 s-1,Integrated Flux,,7.25E+16,2.42E+18,Hz
54848.124,,,s,1.28E-09,8.33E-11,8.33E-11,erg cm-2 s-1,Integrated Flux,,7.25E+16,2.42E+18,Hz
54886.229,,,s,1.23E-09,8.16E-11,8.16E-11,erg cm-2 s-1,Integrated Flux,,7.25E+16,2.42E+18,Hz
54925.608,,,s,1.16E-09,7.66E-11,7.66E-11,erg cm-2 s-1,Integrated Flux,,7.25E+16,2.42E+18,Hz
54963.785,,,s,1.30E-09,8.39E-11,8.39E-11,erg cm-2 s-1,Integrated Flux,,7.25E+16,2.42E+18,Hz
55001.35,,,s,1.34E-09,8.62E-11,8.62E-11,erg cm-2 s-1,Integrated Flux,,7.25E+16,2.42E+18,Hz
55038.935,,,s,1.24E-09,8.05E-11,8.05E-11,erg cm-2 s-1,Integrated Flux,,7.25E+16,2.42E+18,Hz
55076.054,,,s,1.29E-09,8.33E-11,8.33E-11,erg cm-2 s-1,Integrated Flux,,7.25E+16,2.42E+18,Hz
55114.746,,,s,1.17E-09,7.66E-11,7.66E-11,erg cm-2 s-1,Integrated Flux,,7.25E+16,2.42E+18,Hz
55155.325,,,s,1.22E-09,7.93E-11,7.93E-11,erg cm-2 s-1,Integrated Flux,,7.25E+16,2.42E+18,Hz
55194.799,,,s,1.19E-09,7.79E-11,7.79E-11,erg cm-2 s-1,Integrated Flux,,7.25E+16,2.42E+18,Hz
55234.911,,,s,1.19E-09,7.87E-11,7.87E-11,erg cm-2 s-1,Integrated Flux,,7.25E+16,2.42E+18,Hz
55274.841,,,s,1.30E-09,8.26E-11,8.26E-11,erg cm-2 s-1,Integrated Flux,,7.25E+16,2.42E+18,Hz
55310.768,,,s,1.25E-09,8.65E-11,8.65E-11,erg cm-2 s-1,Integrated Flux,,7.25E+16,2.42E+18,Hz
55350.012,,,s,1.28E-09,8.33E-11,8.33E-11,erg cm-2 s-1,Integrated Flux,,7.25E+16,2.42E+18,Hz
55387.093,,,s,1.23E-09,8.13E-11,8.13E-11,erg cm-2 s-1,Integrated Flux,,7.25E+16,2.42E+18,Hz
55426.392,,,s,1.19E-09,7.73E-11,7.73E-11,erg cm-2 s-1,Integrated Flux,,7.25E+16,2.42E+18,Hz
55464.027,,,s,1.40E-09,9.04E-11,9.04E-11,erg cm-2 s-1,Integrated Flux,,7.25E+16,2.42E+18,Hz
55500.2,,,s,1.22E-09,8.02E-11,8.02E-11,erg cm-2 s-1,Integrated Flux,,7.25E+16,2.42E+18,Hz
55540.933,,,s,1.08E-09,7.17E-11,7.17E-11,erg cm-2 s-1,Integrated Flux,,7.25E+16,2.42E+18,Hz
55582.077,,,s,1.22E-09,8.05E-11,8.05E-11,erg cm-2 s-1,Integrated Flux,,7.25E+16,2.42E+18,Hz
80138.2,,,s,0.158498899,0.029196576,0.029196576,mJy,Spectral Flux,4.81E+14,,,Hz
80138.2,,,s,0.444658142,0.069622698,0.069622698,mJy,Spectral Flux,3.94E+14,,,Hz
80138.2,,,s,0.731183275,0.101016703,0.101016703,mJy,Spectral Flux,3.29E+14,,,Hz
89121.11184,,,s,0.029924455,0.006339132,0.006339132,mJy,Spectral Flux,6.29E+14,,,Hz
89468.35344,,,s,0.724479747,0.033363525,0.033363525,mJy,Spectral Flux,3.29E+14,,,Hz
89498.892,,,s,6.41E-10,1.43E-10,1.43E-10,erg cm-2 s-1,Integrated Flux,,7.25E+16,2.42E+18,Hz
89520.455,,,s,4.48E-10,1.04E-10,1.04E-10,erg cm-2 s-1,Integrated Flux,,7.25E+16,2.42E+18,Hz
89544.4,,,s,7.32E-10,1.64E-10,1.64E-10,erg cm-2 s-1,Integrated Flux,,7.25E+16,2.42E+18,Hz
89565.402,,,s,5.25E-10,1.15E-10,1.15E-10,erg cm-2 s-1,Integrated Flux,,7.25E+16,2.42E+18,Hz
89594.892,,,s,4.01E-10,8.90E-11,8.90E-11,erg cm-2 s-1,Integrated Flux,,7.25E+16,2.42E+18,Hz
89621.375,,,s,4.99E-10,1.14E-10,1.14E-10,erg cm-2 s-1,Integrated Flux,,7.25E+16,2.42E+18,Hz
89650.531,,,s,4.71E-10,1.06E-10,1.06E-10,erg cm-2 s-1,Integrated Flux,,7.25E+16,2.42E+18,Hz
89678.632,,,s,4.69E-10,1.00E-10,1.00E-10,erg cm-2 s-1,Integrated Flux,,7.25E+16,2.42E+18,Hz
89707.841,,,s,4.80E-10,1.06E-10,1.06E-10,erg cm-2 s-1,Integrated Flux,,7.25E+16,2.42E+18,Hz
89721.15984,,,s,0.737948831,0.040780559,0.040780559,mJy,Spectral Flux,3.29E+14,,,Hz
89732.324,,,s,6.31E-10,1.41E-10,1.41E-10,erg cm-2 s-1,Integrated Flux,,7.25E+16,2.42E+18,Hz
89748.877,,,s,9.68E-10,2.02E-10,2.02E-10,erg cm-2 s-1,Integrated Flux,,7.25E+16,2.42E+18,Hz
89774.544,,,s,5.20E-10,1.03E-10,1.03E-10,erg cm-2 s-1,Integrated Flux,,7.25E+16,2.42E+18,Hz
90104.60304,,,s,0.369850533,0.013625797,0.013625797,mJy,Spectral Flux,3.94E+14,,,Hz
90242.92944,,,s,0.366459723,0.010125656,0.010125656,mJy,Spectral Flux,3.94E+14,,,Hz
90381.25584,,,s,0.356472678,0.013132939,0.013132939,mJy,Spectral Flux,3.94E+14,,,Hz
90739.29744,,,s,0.134284612,0.007420842,0.007420842,mJy,Spectral Flux,4.81E+14,,,Hz
91041.26544,,,s,0.13804677,0.006357289,0.006357289,mJy,Spectral Flux,4.81E+14,,,Hz
93861.62064,,,s,0.022910061,0.003376151,0.003376151,mJy,Spectral Flux,6.29E+14,,,Hz
94335.35184,,,s,0.630995481,0.087175247,0.087175247,mJy,Spectral Flux,3.29E+14,,,Hz
94517.322,,,s,4.34E-10,9.86E-11,9.86E-11,erg cm-2 s-1,Integrated Flux,,7.25E+16,2.42E+18,Hz
94588.936,,,s,3.79E-10,9.37E-11,9.37E-11,erg cm-2 s-1,Integrated Flux,,7.25E+16,2.42E+18,Hz
94659.769,,,s,6.32E-10,1.41E-10,1.41E-10,erg cm-2 s-1,Integrated Flux,,7.25E+16,2.42E+18,Hz
94727.089,,,s,4.10E-10,9.96E-11,9.96E-11,erg cm-2 s-1,Integrated Flux,,7.25E+16,2.42E+18,Hz
94782.753,,,s,6.71E-10,1.56E-10,1.56E-10,erg cm-2 s-1,Integrated Flux,,7.25E+16,2.42E+18,Hz
94843.805,,,s,4.28E-10,9.83E-11,9.83E-11,erg cm-2 s-1,Integrated Flux,,7.25E+16,2.42E+18,Hz
94905.111,,,s,6.45E-10,1.48E-10,1.48E-10,erg cm-2 s-1,Integrated Flux,,7.25E+16,2.42E+18,Hz
94977.821,,,s,4.44E-10,1.05E-10,1.05E-10,erg cm-2 s-1,Integrated Flux,,7.25E+16,2.42E+18,Hz
95045.115,,,s,5.46E-10,1.14E-10,1.14E-10,erg cm-2 s-1,Integrated Flux,,7.25E+16,2.42E+18,Hz
95099.929,,,s,5.85E-10,1.35E-10,1.35E-10,erg cm-2 s-1,Integrated Flux,,7.25E+16,2.42E+18,Hz
95158.225,,,s,6.86E-10,1.56E-10,1.56E-10,erg cm-2 s-1,Integrated Flux,,7.25E+16,2.42E+18,Hz
95167.03824,,,s,0.124745891,0.009191617,0.009191617,mJy,Spectral Flux,4.81E+14,,,Hz
95195.458,,,s,6.07E-10,1.41E-10,1.41E-10,erg cm-2 s-1,Integrated Flux,,7.25E+16,2.42E+18,Hz
95258.392,,,s,6.51E-10,1.48E-10,1.48E-10,erg cm-2 s-1,Integrated Flux,,7.25E+16,2.42E+18,Hz
95312.799,,,s,4.86E-10,1.10E-10,1.10E-10,erg cm-2 s-1,Integrated Flux,,7.25E+16,2.42E+18,Hz
95375.358,,,s,5.48E-10,1.30E-10,1.30E-10,erg cm-2 s-1,Integrated Flux,,7.25E+16,2.42E+18,Hz
95432.148,,,s,5.36E-10,1.23E-10,1.23E-10,erg cm-2 s-1,Integrated Flux,,7.25E+16,2.42E+18,Hz
95507.242,,,s,3.81E-10,8.64E-11,8.64E-11,erg cm-2 s-1,Integrated Flux,,7.25E+16,2.42E+18,Hz
95578.576,,,s,5.54E-10,1.35E-10,1.35E-10,erg cm-2 s-1,Integrated Flux,,7.25E+16,2.42E+18,Hz
95631.982,,,s,5.31E-10,1.24E-10,1.24E-10,erg cm-2 s-1,Integrated Flux,,7.25E+16,2.42E+18,Hz
95699.178,,,s,5.89E-10,1.35E-10,1.35E-10,erg cm-2 s-1,Integrated Flux,,7.25E+16,2.42E+18,Hz
95751.707,,,s,5.81E-10,1.35E-10,1.35E-10,erg cm-2 s-1,Integrated Flux,,7.25E+16,2.42E+18,Hz
95814.802,,,s,5.71E-10,1.26E-10,1.26E-10,erg cm-2 s-1,Integrated Flux,,7.25E+16,2.42E+18,Hz
95856.89,,,s,6.54E-10,1.48E-10,1.48E-10,erg cm-2 s-1,Integrated Flux,,7.25E+16,2.42E+18,Hz
95920.073,,,s,4.21E-10,9.95E-11,9.95E-11,erg cm-2 s-1,Integrated Flux,,7.25E+16,2.42E+18,Hz
96002.731,,,s,5.05E-10,1.13E-10,1.13E-10,erg cm-2 s-1,Integrated Flux,,7.25E+16,2.42E+18,Hz
96098.042,,,s,5.45E-10,9.73E-11,9.73E-11,erg cm-2 s-1,Integrated Flux,,7.25E+16,2.42E+18,Hz
98951.35824,,,s,0.544535564,0.040122863,0.040122863,mJy,Spectral Flux,3.29E+14,,,Hz
99202.26384,,,s,0.570198734,0.078775866,0.078775866,mJy,Spectral Flux,3.29E+14,,,Hz
100146.535,,,s,3.97E-10,9.33E-11,9.33E-11,erg cm-2 s-1,Integrated Flux,,7.25E+16,2.42E+18,Hz
100313.024,,,s,4.31E-10,1.02E-10,1.02E-10,erg cm-2 s-1,Integrated Flux,,7.25E+16,2.42E+18,Hz
100456.572,,,s,5.81E-10,1.34E-10,1.34E-10,erg cm-2 s-1,Integrated Flux,,7.25E+16,2.42E+18,Hz
100566.64,,,s,5.05E-10,1.20E-10,1.20E-10,erg cm-2 s-1,Integrated Flux,,7.25E+16,2.42E+18,Hz
100703.297,,,s,5.72E-10,1.27E-10,1.27E-10,erg cm-2 s-1,Integrated Flux,,7.25E+16,2.42E+18,Hz
100850.717,,,s,4.58E-10,1.05E-10,1.05E-10,erg cm-2 s-1,Integrated Flux,,7.25E+16,2.42E+18,Hz
100988.743,,,s,4.55E-10,1.07E-10,1.07E-10,erg cm-2 s-1,Integrated Flux,,7.25E+16,2.42E+18,Hz
101129.659,,,s,5.15E-10,1.20E-10,1.20E-10,erg cm-2 s-1,Integrated Flux,,7.25E+16,2.42E+18,Hz
105636.766,,,s,5.40E-10,1.29E-10,1.29E-10,erg cm-2 s-1,Integrated Flux,,7.25E+16,2.42E+18,Hz
105679.39,,,s,3.83E-10,8.71E-11,8.71E-11,erg cm-2 s-1,Integrated Flux,,7.25E+16,2.42E+18,Hz
105742.204,,,s,4.02E-10,8.91E-11,8.91E-11,erg cm-2 s-1,Integrated Flux,,7.25E+16,2.42E+18,Hz
105796.105,,,s,3.59E-10,8.31E-11,8.31E-11,erg cm-2 s-1,Integrated Flux,,7.25E+16,2.42E+18,Hz
105848.007,,,s,4.60E-10,1.08E-10,1.08E-10,erg cm-2 s-1,Integrated Flux,,7.25E+16,2.42E+18,Hz
105888.375,,,s,5.38E-10,1.20E-10,1.20E-10,erg cm-2 s-1,Integrated Flux,,7.25E+16,2.42E+18,Hz
105932.082,,,s,5.29E-10,1.18E-10,1.18E-10,erg cm-2 s-1,Integrated Flux,,7.25E+16,2.42E+18,Hz
105978.666,,,s,5.73E-10,1.21E-10,1.21E-10,erg cm-2 s-1,Integrated Flux,,7.25E+16,2.42E+18,Hz
106023.769,,,s,3.11E-10,7.44E-11,7.44E-11,erg cm-2 s-1,Integrated Flux,,7.25E+16,2.42E+18,Hz
106097.861,,,s,3.46E-10,8.00E-11,8.00E-11,erg cm-2 s-1,Integrated Flux,,7.25E+16,2.42E+18,Hz
106136.928,,,s,6.37E-10,1.41E-10,1.41E-10,erg cm-2 s-1,Integrated Flux,,7.25E+16,2.42E+18,Hz
106188.5,,,s,2.82E-10,6.64E-11,6.64E-11,erg cm-2 s-1,Integrated Flux,,7.25E+16,2.42E+18,Hz
106244.79,,,s,6.03E-10,1.37E-10,1.37E-10,erg cm-2 s-1,Integrated Flux,,7.25E+16,2.42E+18,Hz
106293.249,,,s,4.46E-10,1.01E-10,1.01E-10,erg cm-2 s-1,Integrated Flux,,7.25E+16,2.42E+18,Hz
106347.899,,,s,3.17E-10,7.02E-11,7.02E-11,erg cm-2 s-1,Integrated Flux,,7.25E+16,2.42E+18,Hz
106418.296,,,s,3.80E-10,8.63E-11,8.63E-11,erg cm-2 s-1,Integrated Flux,,7.25E+16,2.42E+18,Hz
106459.291,,,s,5.41E-10,1.27E-10,1.27E-10,erg cm-2 s-1,Integrated Flux,,7.25E+16,2.42E+18,Hz
106505.174,,,s,3.26E-10,7.28E-11,7.28E-11,erg cm-2 s-1,Integrated Flux,,7.25E+16,2.42E+18,Hz
106570.096,,,s,3.71E-10,8.51E-11,8.51E-11,erg cm-2 s-1,Integrated Flux,,7.25E+16,2.42E+18,Hz
106626.529,,,s,4.10E-10,9.48E-11,9.48E-11,erg cm-2 s-1,Integrated Flux,,7.25E+16,2.42E+18,Hz
106686.579,,,s,3.17E-10,7.34E-11,7.34E-11,erg cm-2 s-1,Integrated Flux,,7.25E+16,2.42E+18,Hz
106738.606,,,s,4.06E-10,9.08E-11,9.08E-11,erg cm-2 s-1,Integrated Flux,,7.25E+16,2.42E+18,Hz
106785.745,,,s,6.49E-10,1.48E-10,1.48E-10,erg cm-2 s-1,Integrated Flux,,7.25E+16,2.42E+18,Hz
106839.65,,,s,2.70E-10,6.37E-11,6.37E-11,erg cm-2 s-1,Integrated Flux,,7.25E+16,2.42E+18,Hz
106889.422,,,s,6.06E-10,1.36E-10,1.36E-10,erg cm-2 s-1,Integrated Flux,,7.25E+16,2.42E+18,Hz
106927.157,,,s,5.63E-10,1.26E-10,1.26E-10,erg cm-2 s-1,Integrated Flux,,7.25E+16,2.42E+18,Hz
106980.562,,,s,2.96E-10,7.08E-11,7.08E-11,erg cm-2 s-1,Integrated Flux,,7.25E+16,2.42E+18,Hz
107072.297,,,s,3.29E-10,6.07E-11,6.07E-11,erg cm-2 s-1,Integrated Flux,,7.25E+16,2.42E+18,Hz
111947.788,,,s,4.94E-10,1.10E-10,1.10E-10,erg cm-2 s-1,Integrated Flux,,7.25E+16,2.42E+18,Hz
112020.749,,,s,3.46E-10,7.98E-11,7.98E-11,erg cm-2 s-1,Integrated Flux,,7.25E+16,2.42E+18,Hz
112087.056,,,s,3.39E-10,7.63E-11,7.63E-11,erg cm-2 s-1,Integrated Flux,,7.25E+16,2.42E+18,Hz
112167.177,,,s,3.74E-10,8.49E-11,8.49E-11,erg cm-2 s-1,Integrated Flux,,7.25E+16,2.42E+18,Hz
112243.899,,,s,2.56E-10,5.73E-11,5.73E-11,erg cm-2 s-1,Integrated Flux,,7.25E+16,2.42E+18,Hz
112335.292,,,s,2.77E-10,6.40E-11,6.40E-11,erg cm-2 s-1,Integrated Flux,,7.25E+16,2.42E+18,Hz
112434.207,,,s,2.98E-10,7.22E-11,7.22E-11,erg cm-2 s-1,Integrated Flux,,7.25E+16,2.42E+18,Hz
112507.544,,,s,2.94E-10,6.58E-11,6.58E-11,erg cm-2 s-1,Integrated Flux,,7.25E+16,2.42E+18,Hz
112579.381,,,s,4.10E-10,9.17E-11,9.17E-11,erg cm-2 s-1,Integrated Flux,,7.25E+16,2.42E+18,Hz
112669.312,,,s,3.16E-10,7.13E-11,7.13E-11,erg cm-2 s-1,Integrated Flux,,7.25E+16,2.42E+18,Hz
112740.35,,,s,3.65E-10,8.17E-11,8.17E-11,erg cm-2 s-1,Integrated Flux,,7.25E+16,2.42E+18,Hz
112816.947,,,s,2.13E-10,5.25E-11,5.25E-11,erg cm-2 s-1,Integrated Flux,,7.25E+16,2.42E+18,Hz
112922.132,,,s,3.07E-10,7.21E-11,7.21E-11,erg cm-2 s-1,Integrated Flux,,7.25E+16,2.42E+18,Hz
112995.471,,,s,3.37E-10,7.65E-11,7.65E-11,erg cm-2 s-1,Integrated Flux,,7.25E+16,2.42E+18,Hz
113099.952,,,s,3.67E-10,8.47E-11,8.47E-11,erg cm-2 s-1,Integrated Flux,,7.25E+16,2.42E+18,Hz
113223.124,,,s,2.37E-10,5.31E-11,5.31E-11,erg cm-2 s-1,Integrated Flux,,7.25E+16,2.42E+18,Hz
113351.635,,,s,3.71E-10,7.46E-11,7.46E-11,erg cm-2 s-1,Integrated Flux,,7.25E+16,2.42E+18,Hz
117076.366,,,s,2.59E-10,5.89E-11,5.89E-11,erg cm-2 s-1,Integrated Flux,,7.25E+16,2.42E+18,Hz
117139.276,,,s,3.28E-10,7.17E-11,7.17E-11,erg cm-2 s-1,Integrated Flux,,7.25E+16,2.42E+18,Hz
117208,,,s,2.42E-10,5.61E-11,5.61E-11,erg cm-2 s-1,Integrated Flux,,7.25E+16,2.42E+18,Hz
117283.028,,,s,2.63E-10,5.94E-11,5.94E-11,erg cm-2 s-1,Integrated Flux,,7.25E+16,2.42E+18,Hz
117348.034,,,s,3.01E-10,6.72E-11,6.72E-11,erg cm-2 s-1,Integrated Flux,,7.25E+16,2.42E+18,Hz
117398.934,,,s,5.60E-10,1.30E-10,1.30E-10,erg cm-2 s-1,Integrated Flux,,7.25E+16,2.42E+18,Hz
117455.473,,,s,2.78E-10,6.32E-11,6.32E-11,erg cm-2 s-1,Integrated Flux,,7.25E+16,2.42E+18,Hz
117508.879,,,s,3.60E-10,8.05E-11,8.05E-11,erg cm-2 s-1,Integrated Flux,,7.25E+16,2.42E+18,Hz
117567.802,,,s,3.59E-10,8.03E-11,8.03E-11,erg cm-2 s-1,Integrated Flux,,7.25E+16,2.42E+18,Hz
117613.56,,,s,3.75E-10,8.54E-11,8.54E-11,erg cm-2 s-1,Integrated Flux,,7.25E+16,2.42E+18,Hz
117654.949,,,s,4.62E-10,1.03E-10,1.03E-10,erg cm-2 s-1,Integrated Flux,,7.25E+16,2.42E+18,Hz
117706.581,,,s,3.05E-10,7.08E-11,7.08E-11,erg cm-2 s-1,Integrated Flux,,7.25E+16,2.42E+18,Hz
117777.538,,,s,2.54E-10,5.90E-11,5.90E-11,erg cm-2 s-1,Integrated Flux,,7.25E+16,2.42E+18,Hz
117846.365,,,s,3.28E-10,7.46E-11,7.46E-11,erg cm-2 s-1,Integrated Flux,,7.25E+16,2.42E+18,Hz
117888.864,,,s,5.88E-10,1.32E-10,1.32E-10,erg cm-2 s-1,Integrated Flux,,7.25E+16,2.42E+18,Hz
117937.439,,,s,2.96E-10,6.46E-11,6.46E-11,erg cm-2 s-1,Integrated Flux,,7.25E+16,2.42E+18,Hz
117992.541,,,s,3.22E-10,7.48E-11,7.48E-11,erg cm-2 s-1,Integrated Flux,,7.25E+16,2.42E+18,Hz
118049.553,,,s,4.34E-10,9.80E-11,9.80E-11,erg cm-2 s-1,Integrated Flux,,7.25E+16,2.42E+18,Hz
118111.639,,,s,2.81E-10,6.28E-11,6.28E-11,erg cm-2 s-1,Integrated Flux,,7.25E+16,2.42E+18,Hz
118175.7,,,s,2.36E-10,5.37E-11,5.37E-11,erg cm-2 s-1,Integrated Flux,,7.25E+16,2.42E+18,Hz
118243.901,,,s,3.46E-10,7.73E-11,7.73E-11,erg cm-2 s-1,Integrated Flux,,7.25E+16,2.42E+18,Hz
118318.791,,,s,2.72E-10,6.04E-11,6.04E-11,erg cm-2 s-1,Integrated Flux,,7.25E+16,2.42E+18,Hz
118388.638,,,s,2.28E-10,5.16E-11,5.16E-11,erg cm-2 s-1,Integrated Flux,,7.25E+16,2.42E+18,Hz
118475.2,,,s,4.28E-10,7.13E-11,7.13E-11,erg cm-2 s-1,Integrated Flux,,7.25E+16,2.42E+18,Hz
124777.347,,,s,3.85E-10,8.39E-11,8.39E-11,erg cm-2 s-1,Integrated Flux,,7.25E+16,2.42E+18,Hz
124813.084,,,s,3.55E-10,7.86E-11,7.86E-11,erg cm-2 s-1,Integrated Flux,,7.25E+16,2.42E+18,Hz
124846.477,,,s,3.13E-10,6.99E-11,6.99E-11,erg cm-2 s-1,Integrated Flux,,7.25E+16,2.42E+18,Hz
124890.355,,,s,2.78E-10,6.33E-11,6.33E-11,erg cm-2 s-1,Integrated Flux,,7.25E+16,2.42E+18,Hz
124934.359,,,s,3.32E-10,7.58E-11,7.58E-11,erg cm-2 s-1,Integrated Flux,,7.25E+16,2.42E+18,Hz
124982.469,,,s,2.77E-10,6.03E-11,6.03E-11,erg cm-2 s-1,Integrated Flux,,7.25E+16,2.42E+18,Hz
125014.342,,,s,4.51E-10,1.01E-10,1.01E-10,erg cm-2 s-1,Integrated Flux,,7.25E+16,2.42E+18,Hz
125047.063,,,s,2.94E-10,6.70E-11,6.70E-11,erg cm-2 s-1,Integrated Flux,,7.25E+16,2.42E+18,Hz
125090.941,,,s,3.28E-10,7.48E-11,7.48E-11,erg cm-2 s-1,Integrated Flux,,7.25E+16,2.42E+18,Hz
125137.473,,,s,3.26E-10,5.65E-11,5.65E-11,erg cm-2 s-1,Integrated Flux,,7.25E+16,2.42E+18,Hz
129117.917,,,s,3.25E-10,7.26E-11,7.26E-11,erg cm-2 s-1,Integrated Flux,,7.25E+16,2.42E+18,Hz
129159.161,,,s,2.60E-10,6.04E-11,6.04E-11,erg cm-2 s-1,Integrated Flux,,7.25E+16,2.42E+18,Hz
129203.587,,,s,3.60E-10,7.67E-11,7.67E-11,erg cm-2 s-1,Integrated Flux,,7.25E+16,2.42E+18,Hz
129243.533,,,s,3.29E-10,7.35E-11,7.35E-11,erg cm-2 s-1,Integrated Flux,,7.25E+16,2.42E+18,Hz
129296.358,,,s,2.29E-10,5.25E-11,5.25E-11,erg cm-2 s-1,Integrated Flux,,7.25E+16,2.42E+18,Hz
129337.307,,,s,2.68E-10,6.12E-11,6.12E-11,erg cm-2 s-1,Integrated Flux,,7.25E+16,2.42E+18,Hz
129382.176,,,s,3.14E-10,6.81E-11,6.81E-11,erg cm-2 s-1,Integrated Flux,,7.25E+16,2.42E+18,Hz
129430.271,,,s,2.66E-10,5.77E-11,5.77E-11,erg cm-2 s-1,Integrated Flux,,7.25E+16,2.42E+18,Hz
129472.896,,,s,3.82E-10,8.29E-11,8.29E-11,erg cm-2 s-1,Integrated Flux,,7.25E+16,2.42E+18,Hz
129509.309,,,s,2.81E-10,6.54E-11,6.54E-11,erg cm-2 s-1,Integrated Flux,,7.25E+16,2.42E+18,Hz
129553.94,,,s,2.69E-10,6.12E-11,6.12E-11,erg cm-2 s-1,Integrated Flux,,7.25E+16,2.42E+18,Hz
129599.572,,,s,2.07E-10,4.81E-11,4.81E-11,erg cm-2 s-1,Integrated Flux,,7.25E+16,2.42E+18,Hz
129655.54,,,s,2.97E-10,6.60E-11,6.60E-11,erg cm-2 s-1,Integrated Flux,,7.25E+16,2.42E+18,Hz
129695.592,,,s,3.13E-10,6.80E-11,6.80E-11,erg cm-2 s-1,Integrated Flux,,7.25E+16,2.42E+18,Hz
129742.58,,,s,2.25E-10,5.09E-11,5.09E-11,erg cm-2 s-1,Integrated Flux,,7.25E+16,2.42E+18,Hz
129799.783,,,s,2.84E-10,6.49E-11,6.49E-11,erg cm-2 s-1,Integrated Flux,,7.25E+16,2.42E+18,Hz
129830.456,,,s,5.14E-10,1.12E-10,1.12E-10,erg cm-2 s-1,Integrated Flux,,7.25E+16,2.42E+18,Hz
129888.791,,,s,2.67E-10,4.45E-11,4.45E-11,erg cm-2 s-1,Integrated Flux,,7.25E+16,2.42E+18,Hz
134221.12,,,s,2.43E-10,5.54E-11,5.54E-11,erg cm-2 s-1,Integrated Flux,,7.25E+16,2.42E+18,Hz
134251.333,,,s,1.85E-10,4.30E-11,4.30E-11,erg cm-2 s-1,Integrated Flux,,7.25E+16,2.42E+18,Hz
134303.486,,,s,1.87E-10,4.34E-11,4.34E-11,erg cm-2 s-1,Integrated Flux,,7.25E+16,2.42E+18,Hz
134337.962,,,s,3.48E-10,7.79E-11,7.79E-11,erg cm-2 s-1,Integrated Flux,,7.25E+16,2.42E+18,Hz
134368.699,,,s,2.50E-10,5.41E-11,5.41E-11,erg cm-2 s-1,Integrated Flux,,7.25E+16,2.42E+18,Hz
134399.243,,,s,3.38E-10,7.33E-11,7.33E-11,erg cm-2 s-1,Integrated Flux,,7.25E+16,2.42E+18,Hz
134437.764,,,s,1.83E-10,4.03E-11,4.03E-11,erg cm-2 s-1,Integrated Flux,,7.25E+16,2.42E+18,Hz
134489.779,,,s,1.57E-10,3.51E-11,3.51E-11,erg cm-2 s-1,Integrated Flux,,7.25E+16,2.42E+18,Hz
134549.573,,,s,1.56E-10,3.47E-11,3.47E-11,erg cm-2 s-1,Integrated Flux,,7.25E+16,2.42E+18,Hz
134593.207,,,s,2.65E-10,5.92E-11,5.92E-11,erg cm-2 s-1,Integrated Flux,,7.25E+16,2.42E+18,Hz
134625.987,,,s,2.40E-10,5.34E-11,5.34E-11,erg cm-2 s-1,Integrated Flux,,7.25E+16,2.42E+18,Hz
134662.283,,,s,3.04E-10,6.64E-11,6.64E-11,erg cm-2 s-1,Integrated Flux,,7.25E+16,2.42E+18,Hz
134701.087,,,s,2.07E-10,4.59E-11,4.59E-11,erg cm-2 s-1,Integrated Flux,,7.25E+16,2.42E+18,Hz
134744.113,,,s,2.14E-10,4.73E-11,4.73E-11,erg cm-2 s-1,Integrated Flux,,7.25E+16,2.42E+18,Hz
134791.786,,,s,1.56E-10,3.49E-11,3.49E-11,erg cm-2 s-1,Integrated Flux,,7.25E+16,2.42E+18,Hz
134836.918,,,s,2.01E-10,4.49E-11,4.49E-11,erg cm-2 s-1,Integrated Flux,,7.25E+16,2.42E+18,Hz
134874.904,,,s,2.28E-10,5.11E-11,5.11E-11,erg cm-2 s-1,Integrated Flux,,7.25E+16,2.42E+18,Hz
134931.471,,,s,2.09E-10,3.56E-11,3.56E-11,erg cm-2 s-1,Integrated Flux,,7.25E+16,2.42E+18,Hz
142063.79,,,s,5.28E-10,1.20E-10,1.20E-10,erg cm-2 s-1,Integrated Flux,,7.25E+16,2.42E+18,Hz
142093.573,,,s,3.52E-10,7.82E-11,7.82E-11,erg cm-2 s-1,Integrated Flux,,7.25E+16,2.42E+18,Hz
142133.368,,,s,2.85E-10,6.48E-11,6.48E-11,erg cm-2 s-1,Integrated Flux,,7.25E+16,2.42E+18,Hz
142175.992,,,s,3.20E-10,7.42E-11,7.42E-11,erg cm-2 s-1,Integrated Flux,,7.25E+16,2.42E+18,Hz
142224.909,,,s,2.77E-10,6.05E-11,6.05E-11,erg cm-2 s-1,Integrated Flux,,7.25E+16,2.42E+18,Hz
142277.443,,,s,2.42E-10,5.56E-11,5.56E-11,erg cm-2 s-1,Integrated Flux,,7.25E+16,2.42E+18,Hz
142346.2,,,s,0.187079521,0.001723066,0.001723066,mJy,Spectral Flux,3.94E+14,,,Hz
142346.2,,,s,0.353204517,0.006506268,0.006506268,mJy,Spectral Flux,3.29E+14,,,Hz
142356.633,,,s,1.64E-10,3.30E-11,3.30E-11,erg cm-2 s-1,Integrated Flux,,7.25E+16,2.42E+18,Hz
145898.521,,,s,2.28E-10,5.35E-11,5.35E-11,erg cm-2 s-1,Integrated Flux,,7.25E+16,2.42E+18,Hz
145990.053,,,s,3.67E-10,8.13E-11,8.13E-11,erg cm-2 s-1,Integrated Flux,,7.25E+16,2.42E+18,Hz
146049.089,,,s,4.51E-10,1.02E-10,1.02E-10,erg cm-2 s-1,Integrated Flux,,7.25E+16,2.42E+18,Hz
146116.284,,,s,2.97E-10,6.75E-11,6.75E-11,erg cm-2 s-1,Integrated Flux,,7.25E+16,2.42E+18,Hz
146206.039,,,s,2.86E-10,6.33E-11,6.33E-11,erg cm-2 s-1,Integrated Flux,,7.25E+16,2.42E+18,Hz
146296.304,,,s,3.61E-10,7.88E-11,7.88E-11,erg cm-2 s-1,Integrated Flux,,7.25E+16,2.42E+18,Hz
146386.949,,,s,2.52E-10,6.25E-11,6.25E-11,erg cm-2 s-1,Integrated Flux,,7.25E+16,2.42E+18,Hz
146492.755,,,s,1.79E-10,4.22E-11,4.22E-11,erg cm-2 s-1,Integrated Flux,,7.25E+16,2.42E+18,Hz
146591.422,,,s,3.25E-10,7.40E-11,7.40E-11,erg cm-2 s-1,Integrated Flux,,7.25E+16,2.42E+18,Hz
146674.914,,,s,2.20E-10,5.45E-11,5.45E-11,erg cm-2 s-1,Integrated Flux,,7.25E+16,2.42E+18,Hz
146797.02,,,s,2.11E-10,5.06E-11,5.06E-11,erg cm-2 s-1,Integrated Flux,,7.25E+16,2.42E+18,Hz
146890.776,,,s,2.39E-10,5.57E-11,5.57E-11,erg cm-2 s-1,Integrated Flux,,7.25E+16,2.42E+18,Hz
146987.83,,,s,3.13E-10,7.12E-11,7.12E-11,erg cm-2 s-1,Integrated Flux,,7.25E+16,2.42E+18,Hz
147088.747,,,s,1.93E-10,4.69E-11,4.69E-11,erg cm-2 s-1,Integrated Flux,,7.25E+16,2.42E+18,Hz
147183.652,,,s,2.85E-10,6.37E-11,6.37E-11,erg cm-2 s-1,Integrated Flux,,7.25E+16,2.42E+18,Hz
147283.613,,,s,2.32E-10,5.18E-11,5.18E-11,erg cm-2 s-1,Integrated Flux,,7.25E+16,2.42E+18,Hz
152296.619,,,s,2.08E-10,4.83E-11,4.83E-11,erg cm-2 s-1,Integrated Flux,,7.25E+16,2.42E+18,Hz
152361.81,,,s,2.23E-10,5.27E-11,5.27E-11,erg cm-2 s-1,Integrated Flux,,7.25E+16,2.42E+18,Hz
152417.723,,,s,2.68E-10,6.59E-11,6.59E-11,erg cm-2 s-1,Integrated Flux,,7.25E+16,2.42E+18,Hz
152479.403,,,s,2.05E-10,4.59E-11,4.59E-11,erg cm-2 s-1,Integrated Flux,,7.25E+16,2.42E+18,Hz
152549.942,,,s,2.49E-10,5.23E-11,5.23E-11,erg cm-2 s-1,Integrated Flux,,7.25E+16,2.42E+18,Hz
152595.242,,,s,3.62E-10,8.25E-11,8.25E-11,erg cm-2 s-1,Integrated Flux,,7.25E+16,2.42E+18,Hz
152634.857,,,s,2.91E-10,6.50E-11,6.50E-11,erg cm-2 s-1,Integrated Flux,,7.25E+16,2.42E+18,Hz
152686.006,,,s,1.99E-10,4.62E-11,4.62E-11,erg cm-2 s-1,Integrated Flux,,7.25E+16,2.42E+18,Hz
152775.141,,,s,1.59E-10,3.68E-11,3.68E-11,erg cm-2 s-1,Integrated Flux,,7.25E+16,2.42E+18,Hz
152853.996,,,s,1.54E-10,3.70E-11,3.70E-11,erg cm-2 s-1,Integrated Flux,,7.25E+16,2.42E+18,Hz
152931.724,,,s,2.25E-10,5.23E-11,5.23E-11,erg cm-2 s-1,Integrated Flux,,7.25E+16,2.42E+18,Hz
152991.649,,,s,1.70E-10,3.94E-11,3.94E-11,erg cm-2 s-1,Integrated Flux,,7.25E+16,2.42E+18,Hz
153069.705,,,s,2.55E-10,5.76E-11,5.76E-11,erg cm-2 s-1,Integrated Flux,,7.25E+16,2.42E+18,Hz
153115.387,,,s,3.20E-10,7.41E-11,7.41E-11,erg cm-2 s-1,Integrated Flux,,7.25E+16,2.42E+18,Hz
153163.55,,,s,2.16E-10,4.96E-11,4.96E-11,erg cm-2 s-1,Integrated Flux,,7.25E+16,2.42E+18,Hz
153235.11,,,s,1.72E-10,3.91E-11,3.91E-11,erg cm-2 s-1,Integrated Flux,,7.25E+16,2.42E+18,Hz
153296.165,,,s,5.04E-10,1.13E-10,1.13E-10,erg cm-2 s-1,Integrated Flux,,7.25E+16,2.42E+18,Hz
153336.031,,,s,2.64E-10,5.91E-11,5.91E-11,erg cm-2 s-1,Integrated Flux,,7.25E+16,2.42E+18,Hz
153427.533,,,s,1.23E-10,2.88E-11,2.88E-11,erg cm-2 s-1,Integrated Flux,,7.25E+16,2.42E+18,Hz
153505.902,,,s,2.39E-10,5.45E-11,5.45E-11,erg cm-2 s-1,Integrated Flux,,7.25E+16,2.42E+18,Hz
153570.089,,,s,1.72E-10,4.07E-11,4.07E-11,erg cm-2 s-1,Integrated Flux,,7.25E+16,2.42E+18,Hz
153635.733,,,s,3.13E-10,6.75E-11,6.75E-11,erg cm-2 s-1,Integrated Flux,,7.25E+16,2.42E+18,Hz
153705.145,,,s,1.90E-10,3.86E-11,3.86E-11,erg cm-2 s-1,Integrated Flux,,7.25E+16,2.42E+18,Hz
158321.245,,,s,2.39E-10,5.55E-11,5.55E-11,erg cm-2 s-1,Integrated Flux,,7.25E+16,2.42E+18,Hz
158386.31,,,s,2.90E-10,6.73E-11,6.73E-11,erg cm-2 s-1,Integrated Flux,,7.25E+16,2.42E+18,Hz
158453.256,,,s,2.71E-10,6.16E-11,6.16E-11,erg cm-2 s-1,Integrated Flux,,7.25E+16,2.42E+18,Hz
158501.737,,,s,3.30E-10,7.21E-11,7.21E-11,erg cm-2 s-1,Integrated Flux,,7.25E+16,2.42E+18,Hz
158595.581,,,s,1.96E-10,4.43E-11,4.43E-11,erg cm-2 s-1,Integrated Flux,,7.25E+16,2.42E+18,Hz
158649.83,,,s,2.87E-10,6.41E-11,6.41E-11,erg cm-2 s-1,Integrated Flux,,7.25E+16,2.42E+18,Hz
158712.352,,,s,3.04E-10,7.27E-11,7.27E-11,erg cm-2 s-1,Integrated Flux,,7.25E+16,2.42E+18,Hz
158787.482,,,s,2.23E-10,5.39E-11,5.39E-11,erg cm-2 s-1,Integrated Flux,,7.25E+16,2.42E+18,Hz
158841.891,,,s,3.23E-10,7.36E-11,7.36E-11,erg cm-2 s-1,Integrated Flux,,7.25E+16,2.42E+18,Hz
158902.192,,,s,2.41E-10,5.48E-11,5.48E-11,erg cm-2 s-1,Integrated Flux,,7.25E+16,2.42E+18,Hz
158959.622,,,s,3.77E-10,8.22E-11,8.22E-11,erg cm-2 s-1,Integrated Flux,,7.25E+16,2.42E+18,Hz
159011.762,,,s,2.66E-10,6.17E-11,6.17E-11,erg cm-2 s-1,Integrated Flux,,7.25E+16,2.42E+18,Hz
159075.323,,,s,3.25E-10,7.26E-11,7.26E-11,erg cm-2 s-1,Integrated Flux,,7.25E+16,2.42E+18,Hz
159139.134,,,s,2.36E-10,5.29E-11,5.29E-11,erg cm-2 s-1,Integrated Flux,,7.25E+16,2.42E+18,Hz
159217.237,,,s,2.21E-10,5.13E-11,5.13E-11,erg cm-2 s-1,Integrated Flux,,7.25E+16,2.42E+18,Hz
159312.762,,,s,1.32E-10,3.00E-11,3.00E-11,erg cm-2 s-1,Integrated Flux,,7.25E+16,2.42E+18,Hz
159447.768,,,s,2.00E-10,3.50E-11,3.50E-11,erg cm-2 s-1,Integrated Flux,,7.25E+16,2.42E+18,Hz
163873.269,,,s,1.47E-10,3.36E-11,3.36E-11,erg cm-2 s-1,Integrated Flux,,7.25E+16,2.42E+18,Hz
163939.212,,,s,2.16E-10,5.00E-11,5.00E-11,erg cm-2 s-1,Integrated Flux,,7.25E+16,2.42E+18,Hz
163990.988,,,s,2.24E-10,5.00E-11,5.00E-11,erg cm-2 s-1,Integrated Flux,,7.25E+16,2.42E+18,Hz
164049.283,,,s,1.76E-10,3.93E-11,3.93E-11,erg cm-2 s-1,Integrated Flux,,7.25E+16,2.42E+18,Hz
164125.506,,,s,1.59E-10,3.55E-11,3.55E-11,erg cm-2 s-1,Integrated Flux,,7.25E+16,2.42E+18,Hz
164186.184,,,s,2.85E-10,6.49E-11,6.49E-11,erg cm-2 s-1,Integrated Flux,,7.25E+16,2.42E+18,Hz
164254.006,,,s,1.32E-10,3.11E-11,3.11E-11,erg cm-2 s-1,Integrated Flux,,7.25E+16,2.42E+18,Hz
164316.231,,,s,2.98E-10,6.60E-11,6.60E-11,erg cm-2 s-1,Integrated Flux,,7.25E+16,2.42E+18,Hz
164376.883,,,s,1.64E-10,3.64E-11,3.64E-11,erg cm-2 s-1,Integrated Flux,,7.25E+16,2.42E+18,Hz
164456.097,,,s,1.72E-10,3.97E-11,3.97E-11,erg cm-2 s-1,Integrated Flux,,7.25E+16,2.42E+18,Hz
164518.529,,,s,1.90E-10,4.24E-11,4.24E-11,erg cm-2 s-1,Integrated Flux,,7.25E+16,2.42E+18,Hz
164578.455,,,s,2.60E-10,6.15E-11,6.15E-11,erg cm-2 s-1,Integrated Flux,,7.25E+16,2.42E+18,Hz
164622.333,,,s,2.13E-10,5.02E-11,5.02E-11,erg cm-2 s-1,Integrated Flux,,7.25E+16,2.42E+18,Hz
164679.375,,,s,2.33E-10,5.21E-11,5.21E-11,erg cm-2 s-1,Integrated Flux,,7.25E+16,2.42E+18,Hz
164733.658,,,s,1.74E-10,4.10E-11,4.10E-11,erg cm-2 s-1,Integrated Flux,,7.25E+16,2.42E+18,Hz
164799.601,,,s,2.52E-10,5.74E-11,5.74E-11,erg cm-2 s-1,Integrated Flux,,7.25E+16,2.42E+18,Hz
164860.277,,,s,1.46E-10,3.44E-11,3.44E-11,erg cm-2 s-1,Integrated Flux,,7.25E+16,2.42E+18,Hz
164935.498,,,s,1.87E-10,4.26E-11,4.26E-11,erg cm-2 s-1,Integrated Flux,,7.25E+16,2.42E+18,Hz
165000.062,,,s,2.21E-10,4.94E-11,4.94E-11,erg cm-2 s-1,Integrated Flux,,7.25E+16,2.42E+18,Hz
165044.943,,,s,2.53E-10,5.77E-11,5.77E-11,erg cm-2 s-1,Integrated Flux,,7.25E+16,2.42E+18,Hz
165102.862,,,s,1.67E-10,3.88E-11,3.88E-11,erg cm-2 s-1,Integrated Flux,,7.25E+16,2.42E+18,Hz
165202.964,,,s,1.79E-10,2.97E-11,2.97E-11,erg cm-2 s-1,Integrated Flux,,7.25E+16,2.42E+18,Hz
168684.093,,,s,1.91E-10,4.44E-11,4.44E-11,erg cm-2 s-1,Integrated Flux,,7.25E+16,2.42E+18,Hz
168746.401,,,s,3.25E-10,7.41E-11,7.41E-11,erg cm-2 s-1,Integrated Flux,,7.25E+16,2.42E+18,Hz
168816.731,,,s,2.27E-10,5.08E-11,5.08E-11,erg cm-2 s-1,Integrated Flux,,7.25E+16,2.42E+18,Hz
168879.414,,,s,2.30E-10,5.23E-11,5.23E-11,erg cm-2 s-1,Integrated Flux,,7.25E+16,2.42E+18,Hz
168938.587,,,s,3.94E-10,8.80E-11,8.80E-11,erg cm-2 s-1,Integrated Flux,,7.25E+16,2.42E+18,Hz
168996.004,,,s,2.29E-10,5.33E-11,5.33E-11,erg cm-2 s-1,Integrated Flux,,7.25E+16,2.42E+18,Hz
169066.21,,,s,2.68E-10,6.23E-11,6.23E-11,erg cm-2 s-1,Integrated Flux,,7.25E+16,2.42E+18,Hz
169137.12,,,s,2.01E-10,4.35E-11,4.35E-11,erg cm-2 s-1,Integrated Flux,,7.25E+16,2.42E+18,Hz
169219.407,,,s,2.57E-10,5.97E-11,5.97E-11,erg cm-2 s-1,Integrated Flux,,7.25E+16,2.42E+18,Hz
169303.878,,,s,1.76E-10,3.97E-11,3.97E-11,erg cm-2 s-1,Integrated Flux,,7.25E+16,2.42E+18,Hz
169376.115,,,s,2.72E-10,6.44E-11,6.44E-11,erg cm-2 s-1,Integrated Flux,,7.25E+16,2.42E+18,Hz
169438.678,,,s,2.61E-10,5.81E-11,5.81E-11,erg cm-2 s-1,Integrated Flux,,7.25E+16,2.42E+18,Hz
169513.515,,,s,1.94E-10,4.42E-11,4.42E-11,erg cm-2 s-1,Integrated Flux,,7.25E+16,2.42E+18,Hz
169580.712,,,s,2.25E-10,5.23E-11,5.23E-11,erg cm-2 s-1,Integrated Flux,,7.25E+16,2.42E+18,Hz
169640.262,,,s,3.57E-10,8.13E-11,8.13E-11,erg cm-2 s-1,Integrated Flux,,7.25E+16,2.42E+18,Hz
169711.217,,,s,1.77E-10,4.11E-11,4.11E-11,erg cm-2 s-1,Integrated Flux,,7.25E+16,2.42E+18,Hz
169781.705,,,s,3.50E-10,7.93E-11,7.93E-11,erg cm-2 s-1,Integrated Flux,,7.25E+16,2.42E+18,Hz
169836.268,,,s,2.65E-10,5.77E-11,5.77E-11,erg cm-2 s-1,Integrated Flux,,7.25E+16,2.42E+18,Hz
169916.328,,,s,1.99E-10,4.31E-11,4.31E-11,erg cm-2 s-1,Integrated Flux,,7.25E+16,2.42E+18,Hz
169994.826,,,s,2.25E-10,5.01E-11,5.01E-11,erg cm-2 s-1,Integrated Flux,,7.25E+16,2.42E+18,Hz
170079.598,,,s,2.19E-10,4.49E-11,4.49E-11,erg cm-2 s-1,Integrated Flux,,7.25E+16,2.42E+18,Hz
174503.921,,,s,1.70E-10,3.96E-11,3.96E-11,erg cm-2 s-1,Integrated Flux,,7.25E+16,2.42E+18,Hz
174539.65,,,s,1.29E-10,3.07E-11,3.07E-11,erg cm-2 s-1,Integrated Flux,,7.25E+16,2.42E+18,Hz
174577.808,,,s,1.96E-10,4.33E-11,4.33E-11,erg cm-2 s-1,Integrated Flux,,7.25E+16,2.42E+18,Hz
174619.097,,,s,1.16E-10,2.58E-11,2.58E-11,erg cm-2 s-1,Integrated Flux,,7.25E+16,2.42E+18,Hz
174660.527,,,s,1.37E-10,3.11E-11,3.11E-11,erg cm-2 s-1,Integrated Flux,,7.25E+16,2.42E+18,Hz
174694.958,,,s,2.33E-10,4.83E-11,4.83E-11,erg cm-2 s-1,Integrated Flux,,7.25E+16,2.42E+18,Hz
174716.166,,,s,2.41E-10,5.38E-11,5.38E-11,erg cm-2 s-1,Integrated Flux,,7.25E+16,2.42E+18,Hz
174756.411,,,s,1.71E-10,2.83E-11,2.83E-11,erg cm-2 s-1,Integrated Flux,,7.25E+16,2.42E+18,Hz
183129.323,,,s,0.044877251,0.005786687,0.005786687,mJy,Spectral Flux,4.81E+14,,,Hz
185158.6862,,,s,0.231220454,0.031944286,0.031944286,mJy,Spectral Flux,3.29E+14,,,Hz
215929.359,,,s,1.21E-10,2.68E-11,2.68E-11,erg cm-2 s-1,Integrated Flux,,7.25E+16,2.42E+18,Hz
215995.718,,,s,1.41E-10,2.44E-11,2.44E-11,erg cm-2 s-1,Integrated Flux,,7.25E+16,2.42E+18,Hz
221382.544,,,s,1.11E-10,2.88E-11,2.88E-11,erg cm-2 s-1,Integrated Flux,,7.25E+16,2.42E+18,Hz
221469.698,,,s,1.11E-10,2.51E-11,2.51E-11,erg cm-2 s-1,Integrated Flux,,7.25E+16,2.42E+18,Hz
221545.646,,,s,1.65E-10,3.69E-11,3.69E-11,erg cm-2 s-1,Integrated Flux,,7.25E+16,2.42E+18,Hz
221618.234,,,s,1.66E-10,3.87E-11,3.87E-11,erg cm-2 s-1,Integrated Flux,,7.25E+16,2.42E+18,Hz
221680.916,,,s,1.24E-10,2.82E-11,2.82E-11,erg cm-2 s-1,Integrated Flux,,7.25E+16,2.42E+18,Hz
221773.8,,,s,1.09E-10,2.53E-11,2.53E-11,erg cm-2 s-1,Integrated Flux,,7.25E+16,2.42E+18,Hz
221855.551,,,s,1.05E-10,2.60E-11,2.60E-11,erg cm-2 s-1,Integrated Flux,,7.25E+16,2.42E+18,Hz
221947.32,,,s,1.31E-10,2.99E-11,2.99E-11,erg cm-2 s-1,Integrated Flux,,7.25E+16,2.42E+18,Hz
222028.114,,,s,1.22E-10,2.93E-11,2.93E-11,erg cm-2 s-1,Integrated Flux,,7.25E+16,2.42E+18,Hz
222118.139,,,s,1.15E-10,2.76E-11,2.76E-11,erg cm-2 s-1,Integrated Flux,,7.25E+16,2.42E+18,Hz
222198.494,,,s,1.31E-10,2.92E-11,2.92E-11,erg cm-2 s-1,Integrated Flux,,7.25E+16,2.42E+18,Hz
222275.266,,,s,1.45E-10,3.34E-11,3.34E-11,erg cm-2 s-1,Integrated Flux,,7.25E+16,2.42E+18,Hz
222368.404,,,s,1.22E-10,2.20E-11,2.20E-11,erg cm-2 s-1,Integrated Flux,,7.25E+16,2.42E+18,Hz
227069.836,,,s,1.62E-10,3.62E-11,3.62E-11,erg cm-2 s-1,Integrated Flux,,7.25E+16,2.42E+18,Hz
227128.256,,,s,1.17E-10,2.61E-11,2.61E-11,erg cm-2 s-1,Integrated Flux,,7.25E+16,2.42E+18,Hz
227193.918,,,s,1.75E-10,3.90E-11,3.90E-11,erg cm-2 s-1,Integrated Flux,,7.25E+16,2.42E+18,Hz
227237.856,,,s,2.00E-10,4.36E-11,4.36E-11,erg cm-2 s-1,Integrated Flux,,7.25E+16,2.42E+18,Hz
227283.585,,,s,1.62E-10,3.63E-11,3.63E-11,erg cm-2 s-1,Integrated Flux,,7.25E+16,2.42E+18,Hz
227338.996,,,s,1.17E-10,2.73E-11,2.73E-11,erg cm-2 s-1,Integrated Flux,,7.25E+16,2.42E+18,Hz
227402.432,,,s,1.29E-10,2.94E-11,2.94E-11,erg cm-2 s-1,Integrated Flux,,7.25E+16,2.42E+18,Hz
227461.103,,,s,1.48E-10,3.32E-11,3.32E-11,erg cm-2 s-1,Integrated Flux,,7.25E+16,2.42E+18,Hz
227517.96,,,s,1.77E-10,3.95E-11,3.95E-11,erg cm-2 s-1,Integrated Flux,,7.25E+16,2.42E+18,Hz
227567.151,,,s,1.40E-10,3.12E-11,3.12E-11,erg cm-2 s-1,Integrated Flux,,7.25E+16,2.42E+18,Hz
227613.173,,,s,1.84E-10,4.29E-11,4.29E-11,erg cm-2 s-1,Integrated Flux,,7.25E+16,2.42E+18,Hz
227664.34,,,s,2.01E-10,4.48E-11,4.48E-11,erg cm-2 s-1,Integrated Flux,,7.25E+16,2.42E+18,Hz
227708.039,,,s,1.79E-10,3.98E-11,3.98E-11,erg cm-2 s-1,Integrated Flux,,7.25E+16,2.42E+18,Hz
227758.598,,,s,1.61E-10,3.67E-11,3.67E-11,erg cm-2 s-1,Integrated Flux,,7.25E+16,2.42E+18,Hz
227831.433,,,s,7.21E-11,1.72E-11,1.72E-11,erg cm-2 s-1,Integrated Flux,,7.25E+16,2.42E+18,Hz
227918.439,,,s,1.30E-10,3.04E-11,3.04E-11,erg cm-2 s-1,Integrated Flux,,7.25E+16,2.42E+18,Hz
227990.566,,,s,1.49E-10,2.80E-11,2.80E-11,erg cm-2 s-1,Integrated Flux,,7.25E+16,2.42E+18,Hz
231251.8,,,s,0.088720963,0.001634301,0.001634301,mJy,Spectral Flux,3.94E+14,,,Hz
231251.8,,,s,0.158498899,0.002919658,0.002919658,mJy,Spectral Flux,3.29E+14,,,Hz
243569.994,,,s,1.18E-10,2.64E-11,2.64E-11,erg cm-2 s-1,Integrated Flux,,7.25E+16,2.42E+18,Hz
243609.317,,,s,1.14E-10,2.49E-11,2.49E-11,erg cm-2 s-1,Integrated Flux,,7.25E+16,2.42E+18,Hz
243660.508,,,s,8.74E-11,2.10E-11,2.10E-11,erg cm-2 s-1,Integrated Flux,,7.25E+16,2.42E+18,Hz
243715.293,,,s,1.08E-10,2.41E-11,2.41E-11,erg cm-2 s-1,Integrated Flux,,7.25E+16,2.42E+18,Hz
243754.742,,,s,1.41E-10,3.08E-11,3.08E-11,erg cm-2 s-1,Integrated Flux,,7.25E+16,2.42E+18,Hz
243799.664,,,s,8.68E-11,1.98E-11,1.98E-11,erg cm-2 s-1,Integrated Flux,,7.25E+16,2.42E+18,Hz
243850.855,,,s,1.44E-10,3.14E-11,3.14E-11,erg cm-2 s-1,Integrated Flux,,7.25E+16,2.42E+18,Hz
243898.578,,,s,9.56E-11,2.29E-11,2.29E-11,erg cm-2 s-1,Integrated Flux,,7.25E+16,2.42E+18,Hz
243957.625,,,s,1.13E-10,2.08E-11,2.08E-11,erg cm-2 s-1,Integrated Flux,,7.25E+16,2.42E+18,Hz
249007.638,,,s,9.55E-11,2.23E-11,2.23E-11,erg cm-2 s-1,Integrated Flux,,7.25E+16,2.42E+18,Hz
249055.688,,,s,9.29E-11,2.11E-11,2.11E-11,erg cm-2 s-1,Integrated Flux,,7.25E+16,2.42E+18,Hz
249108.261,,,s,1.06E-10,2.31E-11,2.31E-11,erg cm-2 s-1,Integrated Flux,,7.25E+16,2.42E+18,Hz
249149.427,,,s,1.53E-10,3.43E-11,3.43E-11,erg cm-2 s-1,Integrated Flux,,7.25E+16,2.42E+18,Hz
249198.964,,,s,8.04E-11,1.75E-11,1.75E-11,erg cm-2 s-1,Integrated Flux,,7.25E+16,2.42E+18,Hz
249244.83,,,s,1.74E-10,3.98E-11,3.98E-11,erg cm-2 s-1,Integrated Flux,,7.25E+16,2.42E+18,Hz
249279.556,,,s,1.04E-10,2.48E-11,2.48E-11,erg cm-2 s-1,Integrated Flux,,7.25E+16,2.42E+18,Hz
249326.694,,,s,9.64E-11,2.20E-11,2.20E-11,erg cm-2 s-1,Integrated Flux,,7.25E+16,2.42E+18,Hz
249382.231,,,s,1.10E-10,2.46E-11,2.46E-11,erg cm-2 s-1,Integrated Flux,,7.25E+16,2.42E+18,Hz
249422.587,,,s,1.02E-10,2.32E-11,2.32E-11,erg cm-2 s-1,Integrated Flux,,7.25E+16,2.42E+18,Hz
249484.053,,,s,1.00E-10,2.04E-11,2.04E-11,erg cm-2 s-1,Integrated Flux,,7.25E+16,2.42E+18,Hz
259470.635,,,s,0.075862343,0.009782052,0.009782052,mJy,Spectral Flux,3.94E+14,,,Hz
259799.387,,,s,0.024890078,0.003438691,0.003438691,mJy,Spectral Flux,4.81E+14,,,Hz
259802.9294,,,s,0.135527132,0.019972016,0.019972016,mJy,Spectral Flux,3.29E+14,,,Hz
261642.312,,,s,1.57E-10,3.67E-11,3.67E-11,erg cm-2 s-1,Integrated Flux,,7.25E+16,2.42E+18,Hz
261712.141,,,s,8.62E-11,2.01E-11,2.01E-11,erg cm-2 s-1,Integrated Flux,,7.25E+16,2.42E+18,Hz
261807.974,,,s,9.38E-11,2.05E-11,2.05E-11,erg cm-2 s-1,Integrated Flux,,7.25E+16,2.42E+18,Hz
261894.298,,,s,1.18E-10,2.41E-11,2.41E-11,erg cm-2 s-1,Integrated Flux,,7.25E+16,2.42E+18,Hz
278117.953,,,s,5.45E-11,1.24E-11,1.24E-11,erg cm-2 s-1,Integrated Flux,,7.25E+16,2.42E+18,Hz
278189.663,,,s,9.36E-11,2.18E-11,2.18E-11,erg cm-2 s-1,Integrated Flux,,7.25E+16,2.42E+18,Hz
278248.943,,,s,7.46E-11,1.73E-11,1.73E-11,erg cm-2 s-1,Integrated Flux,,7.25E+16,2.42E+18,Hz
278309.513,,,s,1.00E-10,2.28E-11,2.28E-11,erg cm-2 s-1,Integrated Flux,,7.25E+16,2.42E+18,Hz
278359.409,,,s,9.78E-11,2.28E-11,2.28E-11,erg cm-2 s-1,Integrated Flux,,7.25E+16,2.42E+18,Hz
278413.316,,,s,9.64E-11,2.16E-11,2.16E-11,erg cm-2 s-1,Integrated Flux,,7.25E+16,2.42E+18,Hz
278470.985,,,s,8.69E-11,1.94E-11,1.94E-11,erg cm-2 s-1,Integrated Flux,,7.25E+16,2.42E+18,Hz
278532.665,,,s,6.80E-11,1.62E-11,1.62E-11,erg cm-2 s-1,Integrated Flux,,7.25E+16,2.42E+18,Hz
278601.401,,,s,8.25E-11,1.95E-11,1.95E-11,erg cm-2 s-1,Integrated Flux,,7.25E+16,2.42E+18,Hz
278673.917,,,s,6.53E-11,1.39E-11,1.39E-11,erg cm-2 s-1,Integrated Flux,,7.25E+16,2.42E+18,Hz
278739.268,,,s,8.86E-11,2.06E-11,2.06E-11,erg cm-2 s-1,Integrated Flux,,7.25E+16,2.42E+18,Hz
278801.748,,,s,6.77E-11,1.63E-11,1.63E-11,erg cm-2 s-1,Integrated Flux,,7.25E+16,2.42E+18,Hz
278871.78,,,s,1.07E-10,2.43E-11,2.43E-11,erg cm-2 s-1,Integrated Flux,,7.25E+16,2.42E+18,Hz
278929.419,,,s,7.55E-11,1.55E-11,1.55E-11,erg cm-2 s-1,Integrated Flux,,7.25E+16,2.42E+18,Hz
289938.927,,,s,7.65E-11,1.75E-11,1.75E-11,erg cm-2 s-1,Integrated Flux,,7.25E+16,2.42E+18,Hz
290015.777,,,s,7.80E-11,1.82E-11,1.82E-11,erg cm-2 s-1,Integrated Flux,,7.25E+16,2.42E+18,Hz
290084.603,,,s,8.42E-11,1.88E-11,1.88E-11,erg cm-2 s-1,Integrated Flux,,7.25E+16,2.42E+18,Hz
290186.159,,,s,9.91E-11,1.67E-11,1.67E-11,erg cm-2 s-1,Integrated Flux,,7.25E+16,2.42E+18,Hz
300360.795,,,s,7.04E-11,1.57E-11,1.57E-11,erg cm-2 s-1,Integrated Flux,,7.25E+16,2.42E+18,Hz
300427.615,,,s,8.80E-11,2.05E-11,2.05E-11,erg cm-2 s-1,Integrated Flux,,7.25E+16,2.42E+18,Hz
300501.33,,,s,5.49E-11,1.23E-11,1.23E-11,erg cm-2 s-1,Integrated Flux,,7.25E+16,2.42E+18,Hz
300588.083,,,s,6.19E-11,1.48E-11,1.48E-11,erg cm-2 s-1,Integrated Flux,,7.25E+16,2.42E+18,Hz
300651.017,,,s,7.96E-11,1.78E-11,1.78E-11,erg cm-2 s-1,Integrated Flux,,7.25E+16,2.42E+18,Hz
300715.455,,,s,6.44E-11,1.58E-11,1.58E-11,erg cm-2 s-1,Integrated Flux,,7.25E+16,2.42E+18,Hz
300773.876,,,s,9.64E-11,2.21E-11,2.21E-11,erg cm-2 s-1,Integrated Flux,,7.25E+16,2.42E+18,Hz
300832.846,,,s,8.93E-11,1.99E-11,1.99E-11,erg cm-2 s-1,Integrated Flux,,7.25E+16,2.42E+18,Hz
300895.29,,,s,6.58E-11,1.64E-11,1.64E-11,erg cm-2 s-1,Integrated Flux,,7.25E+16,2.42E+18,Hz
300966.563,,,s,7.01E-11,1.57E-11,1.57E-11,erg cm-2 s-1,Integrated Flux,,7.25E+16,2.42E+18,Hz
301035.389,,,s,7.14E-11,1.67E-11,1.67E-11,erg cm-2 s-1,Integrated Flux,,7.25E+16,2.42E+18,Hz
301086.682,,,s,1.02E-10,2.28E-11,2.28E-11,erg cm-2 s-1,Integrated Flux,,7.25E+16,2.42E+18,Hz
301136.309,,,s,1.02E-10,2.34E-11,2.34E-11,erg cm-2 s-1,Integrated Flux,,7.25E+16,2.42E+18,Hz
301199.995,,,s,6.20E-11,1.56E-11,1.56E-11,erg cm-2 s-1,Integrated Flux,,7.25E+16,2.42E+18,Hz
301281.357,,,s,5.50E-11,1.26E-11,1.26E-11,erg cm-2 s-1,Integrated Flux,,7.25E+16,2.42E+18,Hz
301356.327,,,s,8.22E-11,1.84E-11,1.84E-11,erg cm-2 s-1,Integrated Flux,,7.25E+16,2.42E+18,Hz
301429.164,,,s,5.80E-11,1.39E-11,1.39E-11,erg cm-2 s-1,Integrated Flux,,7.25E+16,2.42E+18,Hz
301488.588,,,s,9.63E-11,2.20E-11,2.20E-11,erg cm-2 s-1,Integrated Flux,,7.25E+16,2.42E+18,Hz
301532.842,,,s,1.32E-10,3.17E-11,3.17E-11,erg cm-2 s-1,Integrated Flux,,7.25E+16,2.42E+18,Hz
301580.983,,,s,7.62E-11,1.82E-11,1.82E-11,erg cm-2 s-1,Integrated Flux,,7.25E+16,2.42E+18,Hz
301661.342,,,s,5.25E-11,1.23E-11,1.23E-11,erg cm-2 s-1,Integrated Flux,,7.25E+16,2.42E+18,Hz
301737.189,,,s,6.71E-11,1.54E-11,1.54E-11,erg cm-2 s-1,Integrated Flux,,7.25E+16,2.42E+18,Hz
301811.775,,,s,5.96E-11,1.33E-11,1.33E-11,erg cm-2 s-1,Integrated Flux,,7.25E+16,2.42E+18,Hz
301896.279,,,s,6.09E-11,1.53E-11,1.53E-11,erg cm-2 s-1,Integrated Flux,,7.25E+16,2.42E+18,Hz
301972.483,,,s,6.66E-11,1.52E-11,1.52E-11,erg cm-2 s-1,Integrated Flux,,7.25E+16,2.42E+18,Hz
306121.027,,,s,7.55E-11,1.77E-11,1.77E-11,erg cm-2 s-1,Integrated Flux,,7.25E+16,2.42E+18,Hz
306183.961,,,s,7.00E-11,1.56E-11,1.56E-11,erg cm-2 s-1,Integrated Flux,,7.25E+16,2.42E+18,Hz
306242.256,,,s,1.14E-10,2.60E-11,2.60E-11,erg cm-2 s-1,Integrated Flux,,7.25E+16,2.42E+18,Hz
306284.558,,,s,1.05E-10,2.40E-11,2.40E-11,erg cm-2 s-1,Integrated Flux,,7.25E+16,2.42E+18,Hz
306345.558,,,s,9.05E-11,2.07E-11,2.07E-11,erg cm-2 s-1,Integrated Flux,,7.25E+16,2.42E+18,Hz
306388.433,,,s,9.58E-11,2.14E-11,2.14E-11,erg cm-2 s-1,Integrated Flux,,7.25E+16,2.42E+18,Hz
306435.445,,,s,1.16E-10,2.59E-11,2.59E-11,erg cm-2 s-1,Integrated Flux,,7.25E+16,2.42E+18,Hz
306493.614,,,s,6.43E-11,1.51E-11,1.51E-11,erg cm-2 s-1,Integrated Flux,,7.25E+16,2.42E+18,Hz
306556.172,,,s,5.98E-11,1.37E-11,1.37E-11,erg cm-2 s-1,Integrated Flux,,7.25E+16,2.42E+18,Hz
306628.133,,,s,1.04E-10,2.43E-11,2.43E-11,erg cm-2 s-1,Integrated Flux,,7.25E+16,2.42E+18,Hz
306683.795,,,s,7.07E-11,1.62E-11,1.62E-11,erg cm-2 s-1,Integrated Flux,,7.25E+16,2.42E+18,Hz
306758.639,,,s,7.31E-11,1.67E-11,1.67E-11,erg cm-2 s-1,Integrated Flux,,7.25E+16,2.42E+18,Hz
306814.677,,,s,9.08E-11,2.08E-11,2.08E-11,erg cm-2 s-1,Integrated Flux,,7.25E+16,2.42E+18,Hz
306876.232,,,s,6.50E-11,1.52E-11,1.52E-11,erg cm-2 s-1,Integrated Flux,,7.25E+16,2.42E+18,Hz
306947.69,,,s,6.97E-11,1.63E-11,1.63E-11,erg cm-2 s-1,Integrated Flux,,7.25E+16,2.42E+18,Hz
307016.576,,,s,6.16E-11,1.41E-11,1.41E-11,erg cm-2 s-1,Integrated Flux,,7.25E+16,2.42E+18,Hz
307103.645,,,s,5.77E-11,1.35E-11,1.35E-11,erg cm-2 s-1,Integrated Flux,,7.25E+16,2.42E+18,Hz
307179.868,,,s,4.80E-11,1.15E-11,1.15E-11,erg cm-2 s-1,Integrated Flux,,7.25E+16,2.42E+18,Hz
307267.75,,,s,5.63E-11,1.32E-11,1.32E-11,erg cm-2 s-1,Integrated Flux,,7.25E+16,2.42E+18,Hz
307344.224,,,s,9.39E-11,2.20E-11,2.20E-11,erg cm-2 s-1,Integrated Flux,,7.25E+16,2.42E+18,Hz
307403.772,,,s,7.37E-11,1.69E-11,1.69E-11,erg cm-2 s-1,Integrated Flux,,7.25E+16,2.42E+18,Hz
307472.222,,,s,5.41E-11,1.24E-11,1.24E-11,erg cm-2 s-1,Integrated Flux,,7.25E+16,2.42E+18,Hz
307539.92,,,s,9.54E-11,2.29E-11,2.29E-11,erg cm-2 s-1,Integrated Flux,,7.25E+16,2.42E+18,Hz
307591.822,,,s,9.77E-11,2.19E-11,2.19E-11,erg cm-2 s-1,Integrated Flux,,7.25E+16,2.42E+18,Hz
307654.869,,,s,8.18E-11,1.78E-11,1.78E-11,erg cm-2 s-1,Integrated Flux,,7.25E+16,2.42E+18,Hz
307723.492,,,s,7.40E-11,1.49E-11,1.49E-11,erg cm-2 s-1,Integrated Flux,,7.25E+16,2.42E+18,Hz
311040,,,s,0.005445356,0.000200614,0.000200614,mJy,Spectral Flux,6.29E+14,,,Hz
311040,,,s,0.024211754,0.000891994,0.000891994,mJy,Spectral Flux,4.81E+14,,,Hz
311040,,,s,0.064867364,0.000597451,0.000597451,mJy,Spectral Flux,3.94E+14,,,Hz
311040,,,s,0.123602214,0.001138418,0.001138418,mJy,Spectral Flux,3.29E+14,,,Hz
312490.503,,,s,5.96E-11,1.41E-11,1.41E-11,erg cm-2 s-1,Integrated Flux,,7.25E+16,2.42E+18,Hz
312572.264,,,s,5.08E-11,1.22E-11,1.22E-11,erg cm-2 s-1,Integrated Flux,,7.25E+16,2.42E+18,Hz
312663.28,,,s,5.32E-11,1.24E-11,1.24E-11,erg cm-2 s-1,Integrated Flux,,7.25E+16,2.42E+18,Hz
312721.701,,,s,1.49E-10,3.33E-11,3.33E-11,erg cm-2 s-1,Integrated Flux,,7.25E+16,2.42E+18,Hz
312777.841,,,s,6.44E-11,1.44E-11,1.44E-11,erg cm-2 s-1,Integrated Flux,,7.25E+16,2.42E+18,Hz
312840.423,,,s,1.07E-10,2.44E-11,2.44E-11,erg cm-2 s-1,Integrated Flux,,7.25E+16,2.42E+18,Hz
312889.817,,,s,1.01E-10,2.32E-11,2.32E-11,erg cm-2 s-1,Integrated Flux,,7.25E+16,2.42E+18,Hz
312935.922,,,s,1.04E-10,2.36E-11,2.36E-11,erg cm-2 s-1,Integrated Flux,,7.25E+16,2.42E+18,Hz
312984.092,,,s,9.05E-11,2.07E-11,2.07E-11,erg cm-2 s-1,Integrated Flux,,7.25E+16,2.42E+18,Hz
313051.038,,,s,6.90E-11,1.61E-11,1.61E-11,erg cm-2 s-1,Integrated Flux,,7.25E+16,2.42E+18,Hz
313138.292,,,s,4.85E-11,1.25E-11,1.25E-11,erg cm-2 s-1,Integrated Flux,,7.25E+16,2.42E+18,Hz
313215.894,,,s,6.51E-11,1.52E-11,1.52E-11,erg cm-2 s-1,Integrated Flux,,7.25E+16,2.42E+18,Hz
313291.866,,,s,5.21E-11,1.22E-11,1.22E-11,erg cm-2 s-1,Integrated Flux,,7.25E+16,2.42E+18,Hz
313376.363,,,s,6.53E-11,1.49E-11,1.49E-11,erg cm-2 s-1,Integrated Flux,,7.25E+16,2.42E+18,Hz
313466.954,,,s,6.05E-11,1.12E-11,1.12E-11,erg cm-2 s-1,Integrated Flux,,7.25E+16,2.42E+18,Hz
338733.4,,,s,0.019589631,0.001804272,0.001804272,mJy,Spectral Flux,4.81E+14,,,Hz
338733.4,,,s,0.056497112,0.002081431,0.002081431,mJy,Spectral Flux,3.94E+14,,,Hz
338733.4,,,s,0.106666059,0.005894584,0.005894584,mJy,Spectral Flux,3.29E+14,,,Hz
347922.4622,,,s,0.048755796,0.006286805,0.006286805,mJy,Spectral Flux,3.94E+14,,,Hz
348251.0414,,,s,0.016905431,0.002491276,0.002491276,mJy,Spectral Flux,4.81E+14,,,Hz
348251.9054,,,s,0.107653028,0.016855857,0.016855857,mJy,Spectral Flux,3.29E+14,,,Hz
380160,,,s,0.044465814,0.000819091,0.000819091,mJy,Spectral Flux,3.94E+14,,,Hz
386306.083,,,s,6.82E-11,1.63E-11,1.63E-11,erg cm-2 s-1,Integrated Flux,,7.25E+16,2.42E+18,Hz
386401.986,,,s,3.54E-11,8.91E-12,8.91E-12,erg cm-2 s-1,Integrated Flux,,7.25E+16,2.42E+18,Hz
386512.309,,,s,5.39E-11,1.23E-11,1.23E-11,erg cm-2 s-1,Integrated Flux,,7.25E+16,2.42E+18,Hz
386572.36,,,s,9.65E-11,2.10E-11,2.10E-11,erg cm-2 s-1,Integrated Flux,,7.25E+16,2.42E+18,Hz
386631.407,,,s,6.15E-11,1.41E-11,1.41E-11,erg cm-2 s-1,Integrated Flux,,7.25E+16,2.42E+18,Hz
386704.621,,,s,7.41E-11,1.69E-11,1.69E-11,erg cm-2 s-1,Integrated Flux,,7.25E+16,2.42E+18,Hz
386767.68,,,s,7.32E-11,1.68E-11,1.68E-11,erg cm-2 s-1,Integrated Flux,,7.25E+16,2.42E+18,Hz
386848.665,,,s,4.04E-11,9.23E-12,9.23E-12,erg cm-2 s-1,Integrated Flux,,7.25E+16,2.42E+18,Hz
386938.428,,,s,6.76E-11,1.58E-11,1.58E-11,erg cm-2 s-1,Integrated Flux,,7.25E+16,2.42E+18,Hz
387003.117,,,s,7.04E-11,1.73E-11,1.73E-11,erg cm-2 s-1,Integrated Flux,,7.25E+16,2.42E+18,Hz
387088.366,,,s,4.69E-11,1.10E-11,1.10E-11,erg cm-2 s-1,Integrated Flux,,7.25E+16,2.42E+18,Hz
387184.396,,,s,4.99E-11,1.20E-11,1.20E-11,erg cm-2 s-1,Integrated Flux,,7.25E+16,2.42E+18,Hz
387256.608,,,s,1.04E-10,2.38E-11,2.38E-11,erg cm-2 s-1,Integrated Flux,,7.25E+16,2.42E+18,Hz
387344.238,,,s,4.31E-11,1.01E-11,1.01E-11,erg cm-2 s-1,Integrated Flux,,7.25E+16,2.42E+18,Hz
387425.099,,,s,4.96E-11,1.16E-11,1.16E-11,erg cm-2 s-1,Integrated Flux,,7.25E+16,2.42E+18,Hz
387529.152,,,s,3.88E-11,9.30E-12,9.30E-12,erg cm-2 s-1,Integrated Flux,,7.25E+16,2.42E+18,Hz
387637.792,,,s,5.72E-11,1.28E-11,1.28E-11,erg cm-2 s-1,Integrated Flux,,7.25E+16,2.42E+18,Hz
387734.879,,,s,4.42E-11,1.06E-11,1.06E-11,erg cm-2 s-1,Integrated Flux,,7.25E+16,2.42E+18,Hz
387855.314,,,s,5.73E-11,9.40E-12,9.40E-12,erg cm-2 s-1,Integrated Flux,,7.25E+16,2.42E+18,Hz
392118.948,,,s,4.54E-11,1.06E-11,1.06E-11,erg cm-2 s-1,Integrated Flux,,7.25E+16,2.42E+18,Hz
392192.162,,,s,7.29E-11,1.63E-11,1.63E-11,erg cm-2 s-1,Integrated Flux,,7.25E+16,2.42E+18,Hz
392282.049,,,s,5.74E-11,1.31E-11,1.31E-11,erg cm-2 s-1,Integrated Flux,,7.25E+16,2.42E+18,Hz
392345.155,,,s,7.49E-11,1.67E-11,1.67E-11,erg cm-2 s-1,Integrated Flux,,7.25E+16,2.42E+18,Hz
392417.39,,,s,7.59E-11,1.66E-11,1.66E-11,erg cm-2 s-1,Integrated Flux,,7.25E+16,2.42E+18,Hz
392505.074,,,s,4.84E-11,1.08E-11,1.08E-11,erg cm-2 s-1,Integrated Flux,,7.25E+16,2.42E+18,Hz
392607.999,,,s,4.17E-11,9.72E-12,9.72E-12,erg cm-2 s-1,Integrated Flux,,7.25E+16,2.42E+18,Hz
392717.193,,,s,4.99E-11,1.14E-11,1.14E-11,erg cm-2 s-1,Integrated Flux,,7.25E+16,2.42E+18,Hz
392817.361,,,s,5.22E-11,1.17E-11,1.17E-11,erg cm-2 s-1,Integrated Flux,,7.25E+16,2.42E+18,Hz
392900.604,,,s,5.91E-11,1.35E-11,1.35E-11,erg cm-2 s-1,Integrated Flux,,7.25E+16,2.42E+18,Hz
392989.237,,,s,5.33E-11,1.22E-11,1.22E-11,erg cm-2 s-1,Integrated Flux,,7.25E+16,2.42E+18,Hz
393095.046,,,s,5.47E-11,1.22E-11,1.22E-11,erg cm-2 s-1,Integrated Flux,,7.25E+16,2.42E+18,Hz
393170.141,,,s,5.94E-11,1.33E-11,1.33E-11,erg cm-2 s-1,Integrated Flux,,7.25E+16,2.42E+18,Hz
393269.712,,,s,5.99E-11,1.31E-11,1.31E-11,erg cm-2 s-1,Integrated Flux,,7.25E+16,2.42E+18,Hz
393394.359,,,s,4.84E-11,1.18E-11,1.18E-11,erg cm-2 s-1,Integrated Flux,,7.25E+16,2.42E+18,Hz
393542.45,,,s,5.85E-11,1.31E-11,1.31E-11,erg cm-2 s-1,Integrated Flux,,7.25E+16,2.42E+18,Hz
400423,,,s,0.014997755,0.000690672,0.000690672,mJy,Spectral Flux,4.81E+14,,,Hz
400423,,,s,0.037327272,0.000687594,0.000687594,mJy,Spectral Flux,3.94E+14,,,Hz
400423,,,s,0.069187279,0.001274477,0.001274477,mJy,Spectral Flux,3.29E+14,,,Hz
403566.899,,,s,4.87E-11,1.15E-11,1.15E-11,erg cm-2 s-1,Integrated Flux,,7.25E+16,2.42E+18,Hz
403676.218,,,s,2.77E-11,6.20E-12,6.20E-12,erg cm-2 s-1,Integrated Flux,,7.25E+16,2.42E+18,Hz
403803.589,,,s,4.38E-11,9.97E-12,9.97E-12,erg cm-2 s-1,Integrated Flux,,7.25E+16,2.42E+18,Hz
403924.066,,,s,2.66E-11,5.95E-12,5.95E-12,erg cm-2 s-1,Integrated Flux,,7.25E+16,2.42E+18,Hz
404088.025,,,s,2.40E-11,5.45E-12,5.45E-12,erg cm-2 s-1,Integrated Flux,,7.25E+16,2.42E+18,Hz
404217.046,,,s,2.75E-11,6.14E-12,6.14E-12,erg cm-2 s-1,Integrated Flux,,7.25E+16,2.42E+18,Hz
404380.07,,,s,5.31E-11,1.20E-11,1.20E-11,erg cm-2 s-1,Integrated Flux,,7.25E+16,2.42E+18,Hz
404530.942,,,s,2.36E-11,4.56E-12,4.56E-12,erg cm-2 s-1,Integrated Flux,,7.25E+16,2.42E+18,Hz
438615.1598,,,s,0.015704577,0.003037535,0.003037535,mJy,Spectral Flux,4.81E+14,,,Hz
438615.3326,,,s,0.041689458,0.007295508,0.007295508,mJy,Spectral Flux,3.94E+14,,,Hz
439260.2222,,,s,0.097280602,0.015231787,0.015231787,mJy,Spectral Flux,3.29E+14,,,Hz
478482.908,,,s,3.68E-11,8.23E-12,8.23E-12,erg cm-2 s-1,Integrated Flux,,7.25E+16,2.42E+18,Hz
478599.625,,,s,4.45E-11,1.04E-11,1.04E-11,erg cm-2 s-1,Integrated Flux,,7.25E+16,2.42E+18,Hz
478716.717,,,s,4.35E-11,9.95E-12,9.95E-12,erg cm-2 s-1,Integrated Flux,,7.25E+16,2.42E+18,Hz
478793.065,,,s,5.59E-11,1.25E-11,1.25E-11,erg cm-2 s-1,Integrated Flux,,7.25E+16,2.42E+18,Hz
478917.427,,,s,3.74E-11,8.37E-12,8.37E-12,erg cm-2 s-1,Integrated Flux,,7.25E+16,2.42E+18,Hz
479035.773,,,s,4.85E-11,1.11E-11,1.11E-11,erg cm-2 s-1,Integrated Flux,,7.25E+16,2.42E+18,Hz
479138.323,,,s,2.67E-11,5.83E-12,5.83E-12,erg cm-2 s-1,Integrated Flux,,7.25E+16,2.42E+18,Hz
479281.767,,,s,4.49E-11,7.37E-12,7.37E-12,erg cm-2 s-1,Integrated Flux,,7.25E+16,2.42E+18,Hz
484201.046,,,s,4.09E-11,9.14E-12,9.14E-12,erg cm-2 s-1,Integrated Flux,,7.25E+16,2.42E+18,Hz
484324.031,,,s,5.55E-11,1.29E-11,1.29E-11,erg cm-2 s-1,Integrated Flux,,7.25E+16,2.42E+18,Hz
484461.432,,,s,4.57E-11,1.02E-11,1.02E-11,erg cm-2 s-1,Integrated Flux,,7.25E+16,2.42E+18,Hz
484581.156,,,s,4.67E-11,1.06E-11,1.06E-11,erg cm-2 s-1,Integrated Flux,,7.25E+16,2.42E+18,Hz
484707.077,,,s,2.39E-11,5.21E-12,5.21E-12,erg cm-2 s-1,Integrated Flux,,7.25E+16,2.42E+18,Hz
484808.804,,,s,3.02E-11,6.84E-12,6.84E-12,erg cm-2 s-1,Integrated Flux,,7.25E+16,2.42E+18,Hz
484886.531,,,s,3.92E-11,8.71E-12,8.71E-12,erg cm-2 s-1,Integrated Flux,,7.25E+16,2.42E+18,Hz
484980.323,,,s,2.97E-11,6.65E-12,6.65E-12,erg cm-2 s-1,Integrated Flux,,7.25E+16,2.42E+18,Hz
485059.417,,,s,4.01E-11,8.93E-12,8.93E-12,erg cm-2 s-1,Integrated Flux,,7.25E+16,2.42E+18,Hz
485127.378,,,s,3.35E-11,7.95E-12,7.95E-12,erg cm-2 s-1,Integrated Flux,,7.25E+16,2.42E+18,Hz
485216.065,,,s,3.09E-11,7.01E-12,7.01E-12,erg cm-2 s-1,Integrated Flux,,7.25E+16,2.42E+18,Hz
485333.478,,,s,3.81E-11,9.03E-12,9.03E-12,erg cm-2 s-1,Integrated Flux,,7.25E+16,2.42E+18,Hz
485478.978,,,s,4.27E-11,9.91E-12,9.91E-12,erg cm-2 s-1,Integrated Flux,,7.25E+16,2.42E+18,Hz
485669.069,,,s,3.73E-11,7.09E-12,7.09E-12,erg cm-2 s-1,Integrated Flux,,7.25E+16,2.42E+18,Hz
487168.6,,,s,0.014455271,0.001597656,0.001597656,mJy,Spectral Flux,4.81E+14,,,Hz
487168.6,,,s,0.034675781,0.002874382,0.002874382,mJy,Spectral Flux,3.94E+14,,,Hz
487168.6,,,s,0.055979143,0.003093522,0.003093522,mJy,Spectral Flux,3.29E+14,,,Hz
491272.349,,,s,3.48E-11,8.30E-12,8.30E-12,erg cm-2 s-1,Integrated Flux,,7.25E+16,2.42E+18,Hz
491359.676,,,s,3.99E-11,6.70E-12,6.70E-12,erg cm-2 s-1,Integrated Flux,,7.25E+16,2.42E+18,Hz
513328.271,,,s,4.59E-11,1.00E-11,1.00E-11,erg cm-2 s-1,Integrated Flux,,7.25E+16,2.42E+18,Hz
513448.688,,,s,4.10E-11,9.35E-12,9.35E-12,erg cm-2 s-1,Integrated Flux,,7.25E+16,2.42E+18,Hz
513542.462,,,s,4.47E-11,1.00E-11,1.00E-11,erg cm-2 s-1,Integrated Flux,,7.25E+16,2.42E+18,Hz
513650.026,,,s,3.21E-11,7.19E-12,7.19E-12,erg cm-2 s-1,Integrated Flux,,7.25E+16,2.42E+18,Hz
513740.666,,,s,4.28E-11,9.57E-12,9.57E-12,erg cm-2 s-1,Integrated Flux,,7.25E+16,2.42E+18,Hz
513802.096,,,s,4.18E-11,9.35E-12,9.35E-12,erg cm-2 s-1,Integrated Flux,,7.25E+16,2.42E+18,Hz
513877.441,,,s,3.96E-11,8.86E-12,8.86E-12,erg cm-2 s-1,Integrated Flux,,7.25E+16,2.42E+18,Hz
513974.491,,,s,3.42E-11,5.78E-12,5.78E-12,erg cm-2 s-1,Integrated Flux,,7.25E+16,2.42E+18,Hz
570108.694,,,s,3.40E-11,7.75E-12,7.75E-12,erg cm-2 s-1,Integrated Flux,,7.25E+16,2.42E+18,Hz
570201.089,,,s,2.82E-11,6.30E-12,6.30E-12,erg cm-2 s-1,Integrated Flux,,7.25E+16,2.42E+18,Hz
570297.119,,,s,2.45E-11,5.58E-12,5.58E-12,erg cm-2 s-1,Integrated Flux,,7.25E+16,2.42E+18,Hz
570404.056,,,s,2.82E-11,6.30E-12,6.30E-12,erg cm-2 s-1,Integrated Flux,,7.25E+16,2.42E+18,Hz
570495.197,,,s,2.68E-11,5.98E-12,5.98E-12,erg cm-2 s-1,Integrated Flux,,7.25E+16,2.42E+18,Hz
570576.56,,,s,4.84E-11,1.08E-11,1.08E-11,erg cm-2 s-1,Integrated Flux,,7.25E+16,2.42E+18,Hz
570683.162,,,s,2.31E-11,5.14E-12,5.14E-12,erg cm-2 s-1,Integrated Flux,,7.25E+16,2.42E+18,Hz
570794.196,,,s,6.35E-11,1.42E-11,1.42E-11,erg cm-2 s-1,Integrated Flux,,7.25E+16,2.42E+18,Hz
570917.68,,,s,2.77E-11,6.44E-12,6.44E-12,erg cm-2 s-1,Integrated Flux,,7.25E+16,2.42E+18,Hz
571092.512,,,s,4.07E-11,7.69E-12,7.69E-12,erg cm-2 s-1,Integrated Flux,,7.25E+16,2.42E+18,Hz
604486.042,,,s,3.21E-11,7.17E-12,7.17E-12,erg cm-2 s-1,Integrated Flux,,7.25E+16,2.42E+18,Hz
604644.128,,,s,3.58E-11,8.18E-12,8.18E-12,erg cm-2 s-1,Integrated Flux,,7.25E+16,2.42E+18,Hz
604799.956,,,s,3.75E-11,8.76E-12,8.76E-12,erg cm-2 s-1,Integrated Flux,,7.25E+16,2.42E+18,Hz
604965.441,,,s,2.11E-11,4.61E-12,4.61E-12,erg cm-2 s-1,Integrated Flux,,7.25E+16,2.42E+18,Hz
605086.419,,,s,4.02E-11,9.00E-12,9.00E-12,erg cm-2 s-1,Integrated Flux,,7.25E+16,2.42E+18,Hz
605199.75,,,s,2.63E-11,6.17E-12,6.17E-12,erg cm-2 s-1,Integrated Flux,,7.25E+16,2.42E+18,Hz
605352.32,,,s,1.82E-11,4.08E-12,4.08E-12,erg cm-2 s-1,Integrated Flux,,7.25E+16,2.42E+18,Hz
605462.142,,,s,3.11E-11,6.96E-12,6.96E-12,erg cm-2 s-1,Integrated Flux,,7.25E+16,2.42E+18,Hz
605520.437,,,s,5.29E-11,1.18E-11,1.18E-11,erg cm-2 s-1,Integrated Flux,,7.25E+16,2.42E+18,Hz
605617.721,,,s,2.46E-11,5.50E-12,5.50E-12,erg cm-2 s-1,Integrated Flux,,7.25E+16,2.42E+18,Hz
605695.072,,,s,3.78E-11,8.45E-12,8.45E-12,erg cm-2 s-1,Integrated Flux,,7.25E+16,2.42E+18,Hz
605772.298,,,s,3.31E-11,7.39E-12,7.39E-12,erg cm-2 s-1,Integrated Flux,,7.25E+16,2.42E+18,Hz
605932.622,,,s,2.25E-11,3.73E-12,3.73E-12,erg cm-2 s-1,Integrated Flux,,7.25E+16,2.42E+18,Hz
633104.793,,,s,3.38E-11,7.55E-12,7.55E-12,erg cm-2 s-1,Integrated Flux,,7.25E+16,2.42E+18,Hz
633267.769,,,s,4.02E-11,9.19E-12,9.19E-12,erg cm-2 s-1,Integrated Flux,,7.25E+16,2.42E+18,Hz
633498.621,,,s,3.00E-11,5.75E-12,5.75E-12,erg cm-2 s-1,Integrated Flux,,7.25E+16,2.42E+18,Hz
656023.731,,,s,3.54E-11,7.91E-12,7.91E-12,erg cm-2 s-1,Integrated Flux,,7.25E+16,2.42E+18,Hz
656123.522,,,s,3.41E-11,7.63E-12,7.63E-12,erg cm-2 s-1,Integrated Flux,,7.25E+16,2.42E+18,Hz
656225.444,,,s,2.62E-11,5.85E-12,5.85E-12,erg cm-2 s-1,Integrated Flux,,7.25E+16,2.42E+18,Hz
656424.775,,,s,1.37E-11,3.18E-12,3.18E-12,erg cm-2 s-1,Integrated Flux,,7.25E+16,2.42E+18,Hz
656596.527,,,s,2.40E-11,5.48E-12,5.48E-12,erg cm-2 s-1,Integrated Flux,,7.25E+16,2.42E+18,Hz
656827.724,,,s,2.21E-11,3.58E-12,3.58E-12,erg cm-2 s-1,Integrated Flux,,7.25E+16,2.42E+18,Hz
661759.195,,,s,2.93E-11,6.56E-12,6.56E-12,erg cm-2 s-1,Integrated Flux,,7.25E+16,2.42E+18,Hz
661863.625,,,s,2.71E-11,6.07E-12,6.07E-12,erg cm-2 s-1,Integrated Flux,,7.25E+16,2.42E+18,Hz
661982.222,,,s,2.79E-11,6.24E-12,6.24E-12,erg cm-2 s-1,Integrated Flux,,7.25E+16,2.42E+18,Hz
662081.637,,,s,2.49E-11,5.68E-12,5.68E-12,erg cm-2 s-1,Integrated Flux,,7.25E+16,2.42E+18,Hz
662204.621,,,s,1.88E-11,4.20E-12,4.20E-12,erg cm-2 s-1,Integrated Flux,,7.25E+16,2.42E+18,Hz
662345.031,,,s,2.33E-11,5.31E-12,5.31E-12,erg cm-2 s-1,Integrated Flux,,7.25E+16,2.42E+18,Hz
662513.146,,,s,1.60E-11,3.59E-12,3.59E-12,erg cm-2 s-1,Integrated Flux,,7.25E+16,2.42E+18,Hz
662662.709,,,s,2.06E-11,4.70E-12,4.70E-12,erg cm-2 s-1,Integrated Flux,,7.25E+16,2.42E+18,Hz
685320.642,,,s,2.05E-11,3.56E-12,3.56E-12,erg cm-2 s-1,Integrated Flux,,7.25E+16,2.42E+18,Hz
724406.508,,,s,1.80E-11,4.12E-12,4.12E-12,erg cm-2 s-1,Integrated Flux,,7.25E+16,2.42E+18,Hz
724560.833,,,s,1.79E-11,4.00E-12,4.00E-12,erg cm-2 s-1,Integrated Flux,,7.25E+16,2.42E+18,Hz
724771.68,,,s,1.56E-11,3.25E-12,3.25E-12,erg cm-2 s-1,Integrated Flux,,7.25E+16,2.42E+18,Hz
741987.133,,,s,2.09E-11,4.76E-12,4.76E-12,erg cm-2 s-1,Integrated Flux,,7.25E+16,2.42E+18,Hz
742106.231,,,s,2.46E-11,5.49E-12,5.49E-12,erg cm-2 s-1,Integrated Flux,,7.25E+16,2.42E+18,Hz
742226.582,,,s,2.02E-11,4.61E-12,4.61E-12,erg cm-2 s-1,Integrated Flux,,7.25E+16,2.42E+18,Hz
742371.63,,,s,1.48E-11,3.38E-12,3.38E-12,erg cm-2 s-1,Integrated Flux,,7.25E+16,2.42E+18,Hz
742520.064,,,s,2.06E-11,4.71E-12,4.71E-12,erg cm-2 s-1,Integrated Flux,,7.25E+16,2.42E+18,Hz
742686.048,,,s,1.85E-11,4.14E-12,4.14E-12,erg cm-2 s-1,Integrated Flux,,7.25E+16,2.42E+18,Hz
742823.576,,,s,2.34E-11,5.23E-12,5.23E-12,erg cm-2 s-1,Integrated Flux,,7.25E+16,2.42E+18,Hz
742952.392,,,s,2.12E-11,4.72E-12,4.72E-12,erg cm-2 s-1,Integrated Flux,,7.25E+16,2.42E+18,Hz
743118.938,,,s,1.64E-11,3.82E-12,3.82E-12,erg cm-2 s-1,Integrated Flux,,7.25E+16,2.42E+18,Hz
743244.451,,,s,2.53E-11,5.25E-12,5.25E-12,erg cm-2 s-1,Integrated Flux,,7.25E+16,2.42E+18,Hz
747727.718,,,s,1.80E-11,4.12E-12,4.12E-12,erg cm-2 s-1,Integrated Flux,,7.25E+16,2.42E+18,Hz
747884.424,,,s,1.49E-11,3.33E-12,3.33E-12,erg cm-2 s-1,Integrated Flux,,7.25E+16,2.42E+18,Hz
748061.275,,,s,1.97E-11,4.29E-12,4.29E-12,erg cm-2 s-1,Integrated Flux,,7.25E+16,2.42E+18,Hz
748205.989,,,s,1.44E-11,3.22E-12,3.22E-12,erg cm-2 s-1,Integrated Flux,,7.25E+16,2.42E+18,Hz
748364.077,,,s,3.14E-11,7.35E-12,7.35E-12,erg cm-2 s-1,Integrated Flux,,7.25E+16,2.42E+18,Hz
748477.031,,,s,1.97E-11,4.39E-12,4.39E-12,erg cm-2 s-1,Integrated Flux,,7.25E+16,2.42E+18,Hz
748609.185,,,s,2.62E-11,5.72E-12,5.72E-12,erg cm-2 s-1,Integrated Flux,,7.25E+16,2.42E+18,Hz
748737.919,,,s,2.06E-11,4.72E-12,4.72E-12,erg cm-2 s-1,Integrated Flux,,7.25E+16,2.42E+18,Hz
748852.879,,,s,2.78E-11,6.21E-12,6.21E-12,erg cm-2 s-1,Integrated Flux,,7.25E+16,2.42E+18,Hz
748987.021,,,s,2.55E-11,5.82E-12,5.82E-12,erg cm-2 s-1,Integrated Flux,,7.25E+16,2.42E+18,Hz
749150.662,,,s,2.43E-11,3.99E-12,3.99E-12,erg cm-2 s-1,Integrated Flux,,7.25E+16,2.42E+18,Hz
770985.424,,,s,2.15E-11,4.82E-12,4.82E-12,erg cm-2 s-1,Integrated Flux,,7.25E+16,2.42E+18,Hz
771111.543,,,s,2.18E-11,4.88E-12,4.88E-12,erg cm-2 s-1,Integrated Flux,,7.25E+16,2.42E+18,Hz
771265.867,,,s,1.74E-11,3.89E-12,3.89E-12,erg cm-2 s-1,Integrated Flux,,7.25E+16,2.42E+18,Hz
771492.529,,,s,1.27E-11,2.90E-12,2.90E-12,erg cm-2 s-1,Integrated Flux,,7.25E+16,2.42E+18,Hz
771656.885,,,s,2.80E-11,6.39E-12,6.39E-12,erg cm-2 s-1,Integrated Flux,,7.25E+16,2.42E+18,Hz
771857.252,,,s,1.00E-11,2.45E-12,2.45E-12,erg cm-2 s-1,Integrated Flux,,7.25E+16,2.42E+18,Hz
772071.665,,,s,2.02E-11,3.88E-12,3.88E-12,erg cm-2 s-1,Integrated Flux,,7.25E+16,2.42E+18,Hz
782713.359,,,s,1.40E-11,3.21E-12,3.21E-12,erg cm-2 s-1,Integrated Flux,,7.25E+16,2.42E+18,Hz
782915.073,,,s,1.51E-11,3.37E-12,3.37E-12,erg cm-2 s-1,Integrated Flux,,7.25E+16,2.42E+18,Hz
783107.718,,,s,1.72E-11,3.65E-12,3.65E-12,erg cm-2 s-1,Integrated Flux,,7.25E+16,2.42E+18,Hz
827831.931,,,s,1.48E-11,3.30E-12,3.30E-12,erg cm-2 s-1,Integrated Flux,,7.25E+16,2.42E+18,Hz
828067.243,,,s,1.30E-11,3.04E-12,3.04E-12,erg cm-2 s-1,Integrated Flux,,7.25E+16,2.42E+18,Hz
828222.698,,,s,1.77E-11,3.96E-12,3.96E-12,erg cm-2 s-1,Integrated Flux,,7.25E+16,2.42E+18,Hz
828396.58,,,s,1.56E-11,3.66E-12,3.66E-12,erg cm-2 s-1,Integrated Flux,,7.25E+16,2.42E+18,Hz
828575.979,,,s,1.28E-11,2.85E-12,2.85E-12,erg cm-2 s-1,Integrated Flux,,7.25E+16,2.42E+18,Hz
828797.125,,,s,1.32E-11,3.10E-12,3.10E-12,erg cm-2 s-1,Integrated Flux,,7.25E+16,2.42E+18,Hz
828996.082,,,s,1.58E-11,3.37E-12,3.37E-12,erg cm-2 s-1,Integrated Flux,,7.25E+16,2.42E+18,Hz
829148.277,,,s,1.73E-11,3.87E-12,3.87E-12,erg cm-2 s-1,Integrated Flux,,7.25E+16,2.42E+18,Hz
829319.647,,,s,1.68E-11,3.74E-12,3.74E-12,erg cm-2 s-1,Integrated Flux,,7.25E+16,2.42E+18,Hz
845151.987,,,s,2.11E-11,4.91E-12,4.91E-12,erg cm-2 s-1,Integrated Flux,,7.25E+16,2.42E+18,Hz
845341.041,,,s,1.73E-11,3.96E-12,3.96E-12,erg cm-2 s-1,Integrated Flux,,7.25E+16,2.42E+18,Hz
845518.183,,,s,1.19E-11,2.74E-12,2.74E-12,erg cm-2 s-1,Integrated Flux,,7.25E+16,2.42E+18,Hz
845726.041,,,s,1.42E-11,3.17E-12,3.17E-12,erg cm-2 s-1,Integrated Flux,,7.25E+16,2.42E+18,Hz
845952.829,,,s,1.21E-11,2.77E-12,2.77E-12,erg cm-2 s-1,Integrated Flux,,7.25E+16,2.42E+18,Hz
846114.176,,,s,1.72E-11,3.93E-12,3.93E-12,erg cm-2 s-1,Integrated Flux,,7.25E+16,2.42E+18,Hz
846280.789,,,s,1.89E-11,4.23E-12,4.23E-12,erg cm-2 s-1,Integrated Flux,,7.25E+16,2.42E+18,Hz
846405.904,,,s,2.54E-11,5.82E-12,5.82E-12,erg cm-2 s-1,Integrated Flux,,7.25E+16,2.42E+18,Hz
846535.315,,,s,1.76E-11,3.75E-12,3.75E-12,erg cm-2 s-1,Integrated Flux,,7.25E+16,2.42E+18,Hz
851162.209,,,s,1.30E-11,3.02E-12,3.02E-12,erg cm-2 s-1,Integrated Flux,,7.25E+16,2.42E+18,Hz
851351.748,,,s,1.05E-11,2.54E-12,2.54E-12,erg cm-2 s-1,Integrated Flux,,7.25E+16,2.42E+18,Hz
851568.087,,,s,1.38E-11,3.15E-12,3.15E-12,erg cm-2 s-1,Integrated Flux,,7.25E+16,2.42E+18,Hz
851745.481,,,s,2.32E-11,5.18E-12,5.18E-12,erg cm-2 s-1,Integrated Flux,,7.25E+16,2.42E+18,Hz
851895.168,,,s,1.70E-11,3.81E-12,3.81E-12,erg cm-2 s-1,Integrated Flux,,7.25E+16,2.42E+18,Hz
852100.787,,,s,1.23E-11,2.69E-12,2.69E-12,erg cm-2 s-1,Integrated Flux,,7.25E+16,2.42E+18,Hz
890525.217,,,s,9.37E-12,2.42E-12,2.42E-12,erg cm-2 s-1,Integrated Flux,,7.25E+16,2.42E+18,Hz
890739.303,,,s,1.59E-11,3.69E-12,3.69E-12,erg cm-2 s-1,Integrated Flux,,7.25E+16,2.42E+18,Hz
890938.852,,,s,1.72E-11,3.80E-12,3.80E-12,erg cm-2 s-1,Integrated Flux,,7.25E+16,2.42E+18,Hz
919077.634,,,s,1.28E-11,2.92E-12,2.92E-12,erg cm-2 s-1,Integrated Flux,,7.25E+16,2.42E+18,Hz
919323.854,,,s,1.04E-11,2.67E-12,2.67E-12,erg cm-2 s-1,Integrated Flux,,7.25E+16,2.42E+18,Hz
941793.927,,,s,1.58E-11,3.54E-12,3.54E-12,erg cm-2 s-1,Integrated Flux,,7.25E+16,2.42E+18,Hz
941976.963,,,s,1.44E-11,3.22E-12,3.22E-12,erg cm-2 s-1,Integrated Flux,,7.25E+16,2.42E+18,Hz
942178.635,,,s,9.74E-12,2.67E-12,2.67E-12,erg cm-2 s-1,Integrated Flux,,7.25E+16,2.42E+18,Hz
942382.02,,,s,1.26E-11,2.81E-12,2.81E-12,erg cm-2 s-1,Integrated Flux,,7.25E+16,2.42E+18,Hz
942586.242,,,s,1.13E-11,2.59E-12,2.59E-12,erg cm-2 s-1,Integrated Flux,,7.25E+16,2.42E+18,Hz
942835.971,,,s,1.06E-11,2.60E-12,2.60E-12,erg cm-2 s-1,Integrated Flux,,7.25E+16,2.42E+18,Hz
943165.591,,,s,1.18E-11,2.08E-12,2.08E-12,erg cm-2 s-1,Integrated Flux,,7.25E+16,2.42E+18,Hz
947773.385,,,s,1.27E-11,2.89E-12,2.89E-12,erg cm-2 s-1,Integrated Flux,,7.25E+16,2.42E+18,Hz
948218.441,,,s,1.62E-11,3.73E-12,3.73E-12,erg cm-2 s-1,Integrated Flux,,7.25E+16,2.42E+18,Hz
948713.652,,,s,1.05E-11,2.44E-12,2.44E-12,erg cm-2 s-1,Integrated Flux,,7.25E+16,2.42E+18,Hz
953318.823,,,s,1.50E-11,3.34E-12,3.34E-12,erg cm-2 s-1,Integrated Flux,,7.25E+16,2.42E+18,Hz
953541.348,,,s,9.65E-12,2.78E-12,2.78E-12,erg cm-2 s-1,Integrated Flux,,7.25E+16,2.42E+18,Hz
953737.588,,,s,9.69E-12,2.71E-12,2.71E-12,erg cm-2 s-1,Integrated Flux,,7.25E+16,2.42E+18,Hz
954123.069,,,s,1.19E-11,2.02E-12,2.02E-12,erg cm-2 s-1,Integrated Flux,,7.25E+16,2.42E+18,Hz
1005156.806,,,s,8.87E-12,1.73E-12,1.73E-12,erg cm-2 s-1,Integrated Flux,,7.25E+16,2.42E+18,Hz
1039401.2,,,s,1.62E-11,3.70E-12,3.70E-12,erg cm-2 s-1,Integrated Flux,,7.25E+16,2.42E+18,Hz
1039585.821,,,s,1.23E-11,2.73E-12,2.73E-12,erg cm-2 s-1,Integrated Flux,,7.25E+16,2.42E+18,Hz
1039790.085,,,s,8.76E-12,2.41E-12,2.41E-12,erg cm-2 s-1,Integrated Flux,,7.25E+16,2.42E+18,Hz
1040030.787,,,s,1.09E-11,2.55E-12,2.55E-12,erg cm-2 s-1,Integrated Flux,,7.25E+16,2.42E+18,Hz
1040252.937,,,s,9.80E-12,2.53E-12,2.53E-12,erg cm-2 s-1,Integrated Flux,,7.25E+16,2.42E+18,Hz
1040474.665,,,s,7.44E-12,1.90E-12,1.90E-12,erg cm-2 s-1,Integrated Flux,,7.25E+16,2.42E+18,Hz
1044925.61,,,s,8.49E-12,2.19E-12,2.19E-12,erg cm-2 s-1,Integrated Flux,,7.25E+16,2.42E+18,Hz
1045185.746,,,s,1.19E-11,2.78E-12,2.78E-12,erg cm-2 s-1,Integrated Flux,,7.25E+16,2.42E+18,Hz
1045404.776,,,s,1.08E-11,2.62E-12,2.62E-12,erg cm-2 s-1,Integrated Flux,,7.25E+16,2.42E+18,Hz
1045642.874,,,s,9.28E-12,2.53E-12,2.53E-12,erg cm-2 s-1,Integrated Flux,,7.25E+16,2.42E+18,Hz
1045810.573,,,s,1.50E-11,3.42E-12,3.42E-12,erg cm-2 s-1,Integrated Flux,,7.25E+16,2.42E+18,Hz
1046036.523,,,s,8.64E-12,2.23E-12,2.23E-12,erg cm-2 s-1,Integrated Flux,,7.25E+16,2.42E+18,Hz
1046305.365,,,s,1.31E-11,2.53E-12,2.53E-12,erg cm-2 s-1,Integrated Flux,,7.25E+16,2.42E+18,Hz
1050603.639,,,s,8.96E-12,2.38E-12,2.38E-12,erg cm-2 s-1,Integrated Flux,,7.25E+16,2.42E+18,Hz
1051160.479,,,s,5.38E-12,9.86E-13,9.86E-13,erg cm-2 s-1,Integrated Flux,,7.25E+16,2.42E+18,Hz
1068138.066,,,s,1.01E-11,2.61E-12,2.61E-12,erg cm-2 s-1,Integrated Flux,,7.25E+16,2.42E+18,Hz
1068338.401,,,s,1.18E-11,2.77E-12,2.77E-12,erg cm-2 s-1,Integrated Flux,,7.25E+16,2.42E+18,Hz
1068633.65,,,s,8.73E-12,1.90E-12,1.90E-12,erg cm-2 s-1,Integrated Flux,,7.25E+16,2.42E+18,Hz
1091898.942,,,s,9.72E-12,2.59E-12,2.59E-12,erg cm-2 s-1,Integrated Flux,,7.25E+16,2.42E+18,Hz
1092157.443,,,s,8.90E-12,2.28E-12,2.28E-12,erg cm-2 s-1,Integrated Flux,,7.25E+16,2.42E+18,Hz
1096420.472,,,s,1.10E-11,2.52E-12,2.52E-12,erg cm-2 s-1,Integrated Flux,,7.25E+16,2.42E+18,Hz
1096644.501,,,s,1.27E-11,2.89E-12,2.89E-12,erg cm-2 s-1,Integrated Flux,,7.25E+16,2.42E+18,Hz
1096851.773,,,s,9.36E-12,2.42E-12,2.42E-12,erg cm-2 s-1,Integrated Flux,,7.25E+16,2.42E+18,Hz
1097122.563,,,s,6.58E-12,1.75E-12,1.75E-12,erg cm-2 s-1,Integrated Flux,,7.25E+16,2.42E+18,Hz
1097405.693,,,s,9.42E-12,2.35E-12,2.35E-12,erg cm-2 s-1,Integrated Flux,,7.25E+16,2.42E+18,Hz
1097697.275,,,s,9.18E-12,1.84E-12,1.84E-12,erg cm-2 s-1,Integrated Flux,,7.25E+16,2.42E+18,Hz
1102154.707,,,s,1.12E-11,2.57E-12,2.57E-12,erg cm-2 s-1,Integrated Flux,,7.25E+16,2.42E+18,Hz
1102458.802,,,s,6.99E-12,1.86E-12,1.86E-12,erg cm-2 s-1,Integrated Flux,,7.25E+16,2.42E+18,Hz
1102737.616,,,s,7.48E-12,1.99E-12,1.99E-12,erg cm-2 s-1,Integrated Flux,,7.25E+16,2.42E+18,Hz
1103052.537,,,s,8.19E-12,2.18E-12,2.18E-12,erg cm-2 s-1,Integrated Flux,,7.25E+16,2.42E+18,Hz
1103428.315,,,s,8.86E-12,1.70E-12,1.70E-12,erg cm-2 s-1,Integrated Flux,,7.25E+16,2.42E+18,Hz
1108284.94,,,s,7.96E-12,2.06E-12,2.06E-12,erg cm-2 s-1,Integrated Flux,,7.25E+16,2.42E+18,Hz
1108494.762,,,s,1.65E-11,3.86E-12,3.86E-12,erg cm-2 s-1,Integrated Flux,,7.25E+16,2.42E+18,Hz
1108738.174,,,s,6.81E-12,1.56E-12,1.56E-12,erg cm-2 s-1,Integrated Flux,,7.25E+16,2.42E+18,Hz
1130802.898,,,s,8.81E-12,2.34E-12,2.34E-12,erg cm-2 s-1,Integrated Flux,,7.25E+16,2.42E+18,Hz
1131038.643,,,s,1.02E-11,2.40E-12,2.40E-12,erg cm-2 s-1,Integrated Flux,,7.25E+16,2.42E+18,Hz
1131328.336,,,s,1.55E-11,2.92E-12,2.92E-12,erg cm-2 s-1,Integrated Flux,,7.25E+16,2.42E+18,Hz
1176612.539,,,s,7.56E-12,2.01E-12,2.01E-12,erg cm-2 s-1,Integrated Flux,,7.25E+16,2.42E+18,Hz
1176856.25,,,s,8.57E-12,2.28E-12,2.28E-12,erg cm-2 s-1,Integrated Flux,,7.25E+16,2.42E+18,Hz
1177108.822,,,s,9.41E-12,2.50E-12,2.50E-12,erg cm-2 s-1,Integrated Flux,,7.25E+16,2.42E+18,Hz
1177351.03,,,s,9.85E-12,2.69E-12,2.69E-12,erg cm-2 s-1,Integrated Flux,,7.25E+16,2.42E+18,Hz
1177774.74,,,s,6.58E-12,1.28E-12,1.28E-12,erg cm-2 s-1,Integrated Flux,,7.25E+16,2.42E+18,Hz
1182401.364,,,s,7.29E-12,1.94E-12,1.94E-12,erg cm-2 s-1,Integrated Flux,,7.25E+16,2.42E+18,Hz
1182646.414,,,s,1.24E-11,2.83E-12,2.83E-12,erg cm-2 s-1,Integrated Flux,,7.25E+16,2.42E+18,Hz
1182898.414,,,s,7.30E-12,1.77E-12,1.77E-12,erg cm-2 s-1,Integrated Flux,,7.25E+16,2.42E+18,Hz
1188214.475,,,s,8.46E-12,1.68E-12,1.68E-12,erg cm-2 s-1,Integrated Flux,,7.25E+16,2.42E+18,Hz
1211049.355,,,s,7.36E-12,1.95E-12,1.95E-12,erg cm-2 s-1,Integrated Flux,,7.25E+16,2.42E+18,Hz
1211421.773,,,s,5.66E-12,1.48E-12,1.48E-12,erg cm-2 s-1,Integrated Flux,,7.25E+16,2.42E+18,Hz
1212042.453,,,s,6.43E-12,1.24E-12,1.24E-12,erg cm-2 s-1,Integrated Flux,,7.25E+16,2.42E+18,Hz
1222388.256,,,s,7.23E-12,1.87E-12,1.87E-12,erg cm-2 s-1,Integrated Flux,,7.25E+16,2.42E+18,Hz
1222806.641,,,s,5.31E-12,1.39E-12,1.39E-12,erg cm-2 s-1,Integrated Flux,,7.25E+16,2.42E+18,Hz
1223244.046,,,s,8.70E-12,1.73E-12,1.73E-12,erg cm-2 s-1,Integrated Flux,,7.25E+16,2.42E+18,Hz
1257506.849,,,s,6.60E-12,1.75E-12,1.75E-12,erg cm-2 s-1,Integrated Flux,,7.25E+16,2.42E+18,Hz
1262498.207,,,s,6.46E-12,1.71E-12,1.71E-12,erg cm-2 s-1,Integrated Flux,,7.25E+16,2.42E+18,Hz
1262811.96,,,s,8.55E-12,2.33E-12,2.33E-12,erg cm-2 s-1,Integrated Flux,,7.25E+16,2.42E+18,Hz
1263007.865,,,s,9.63E-12,2.49E-12,2.49E-12,erg cm-2 s-1,Integrated Flux,,7.25E+16,2.42E+18,Hz
1263230.851,,,s,8.83E-12,2.28E-12,2.28E-12,erg cm-2 s-1,Integrated Flux,,7.25E+16,2.42E+18,Hz
1263452.666,,,s,8.78E-12,2.39E-12,2.39E-12,erg cm-2 s-1,Integrated Flux,,7.25E+16,2.42E+18,Hz
1265323.843,,,s,6.65E-12,1.13E-12,1.13E-12,erg cm-2 s-1,Integrated Flux,,7.25E+16,2.42E+18,Hz
1273923.54,,,s,9.95E-12,2.43E-12,2.43E-12,erg cm-2 s-1,Integrated Flux,,7.25E+16,2.42E+18,Hz
1274255.586,,,s,5.40E-12,1.39E-12,1.39E-12,erg cm-2 s-1,Integrated Flux,,7.25E+16,2.42E+18,Hz
1274581.543,,,s,9.28E-12,2.52E-12,2.52E-12,erg cm-2 s-1,Integrated Flux,,7.25E+16,2.42E+18,Hz
1274763.91,,,s,1.01E-11,2.74E-12,2.74E-12,erg cm-2 s-1,Integrated Flux,,7.25E+16,2.42E+18,Hz
1275225.332,,,s,5.32E-12,1.19E-12,1.19E-12,erg cm-2 s-1,Integrated Flux,,7.25E+16,2.42E+18,Hz
1279628.007,,,s,1.06E-11,2.73E-12,2.73E-12,erg cm-2 s-1,Integrated Flux,,7.25E+16,2.42E+18,Hz
1279883.251,,,s,6.58E-12,1.90E-12,1.90E-12,erg cm-2 s-1,Integrated Flux,,7.25E+16,2.42E+18,Hz
1280167.249,,,s,8.31E-12,2.14E-12,2.14E-12,erg cm-2 s-1,Integrated Flux,,7.25E+16,2.42E+18,Hz
1280493.799,,,s,7.72E-12,1.60E-12,1.60E-12,erg cm-2 s-1,Integrated Flux,,7.25E+16,2.42E+18,Hz
1349489.274,,,s,4.93E-12,9.58E-13,9.58E-13,erg cm-2 s-1,Integrated Flux,,7.25E+16,2.42E+18,Hz
1359725.211,,,s,8.15E-12,2.02E-12,2.02E-12,erg cm-2 s-1,Integrated Flux,,7.25E+16,2.42E+18,Hz
1360041.133,,,s,8.37E-12,2.16E-12,2.16E-12,erg cm-2 s-1,Integrated Flux,,7.25E+16,2.42E+18,Hz
1360275.779,,,s,1.01E-11,2.52E-12,2.52E-12,erg cm-2 s-1,Integrated Flux,,7.25E+16,2.42E+18,Hz
1360569.51,,,s,5.72E-12,1.57E-12,1.57E-12,erg cm-2 s-1,Integrated Flux,,7.25E+16,2.42E+18,Hz
1361057.07,,,s,5.01E-12,1.12E-12,1.12E-12,erg cm-2 s-1,Integrated Flux,,7.25E+16,2.42E+18,Hz
1388577.273,,,s,5.43E-12,1.42E-12,1.42E-12,erg cm-2 s-1,Integrated Flux,,7.25E+16,2.42E+18,Hz
1389062.22,,,s,6.01E-12,1.28E-12,1.28E-12,erg cm-2 s-1,Integrated Flux,,7.25E+16,2.42E+18,Hz
1400082.409,,,s,6.63E-12,1.71E-12,1.71E-12,erg cm-2 s-1,Integrated Flux,,7.25E+16,2.42E+18,Hz
1400430.426,,,s,6.74E-12,1.74E-12,1.74E-12,erg cm-2 s-1,Integrated Flux,,7.25E+16,2.42E+18,Hz
1400744.434,,,s,6.52E-12,1.73E-12,1.73E-12,erg cm-2 s-1,Integrated Flux,,7.25E+16,2.42E+18,Hz
1402079.074,,,s,3.60E-12,8.33E-13,8.33E-13,erg cm-2 s-1,Integrated Flux,,7.25E+16,2.42E+18,Hz
1436038.924,,,s,5.61E-12,1.38E-12,1.38E-12,erg cm-2 s-1,Integrated Flux,,7.25E+16,2.42E+18,Hz
1440927.741,,,s,6.92E-12,1.79E-12,1.79E-12,erg cm-2 s-1,Integrated Flux,,7.25E+16,2.42E+18,Hz
1441283.78,,,s,6.12E-12,1.53E-12,1.53E-12,erg cm-2 s-1,Integrated Flux,,7.25E+16,2.42E+18,Hz
1452044.136,,,s,7.10E-12,1.78E-12,1.78E-12,erg cm-2 s-1,Integrated Flux,,7.25E+16,2.42E+18,Hz
1452298.736,,,s,8.29E-12,2.14E-12,2.14E-12,erg cm-2 s-1,Integrated Flux,,7.25E+16,2.42E+18,Hz
1452603.292,,,s,6.11E-12,1.67E-12,1.67E-12,erg cm-2 s-1,Integrated Flux,,7.25E+16,2.42E+18,Hz
1452912.028,,,s,7.35E-12,1.95E-12,1.95E-12,erg cm-2 s-1,Integrated Flux,,7.25E+16,2.42E+18,Hz
1453288.209,,,s,5.95E-12,1.39E-12,1.39E-12,erg cm-2 s-1,Integrated Flux,,7.25E+16,2.42E+18,Hz
1457749.96,,,s,2.78E-12,5.35E-13,5.35E-13,erg cm-2 s-1,Integrated Flux,,7.25E+16,2.42E+18,Hz
1480179.997,,,s,5.11E-12,1.34E-12,1.34E-12,erg cm-2 s-1,Integrated Flux,,7.25E+16,2.42E+18,Hz
1480602.226,,,s,4.89E-12,1.33E-12,1.33E-12,erg cm-2 s-1,Integrated Flux,,7.25E+16,2.42E+18,Hz
1481163.751,,,s,4.81E-12,1.01E-12,1.01E-12,erg cm-2 s-1,Integrated Flux,,7.25E+16,2.42E+18,Hz
1508987.885,,,s,3.64E-12,9.68E-13,9.68E-13,erg cm-2 s-1,Integrated Flux,,7.25E+16,2.42E+18,Hz
1509609.833,,,s,4.98E-12,1.02E-12,1.02E-12,erg cm-2 s-1,Integrated Flux,,7.25E+16,2.42E+18,Hz
1514620.961,,,s,3.72E-12,1.01E-12,1.01E-12,erg cm-2 s-1,Integrated Flux,,7.25E+16,2.42E+18,Hz
1515121.264,,,s,6.24E-12,1.41E-12,1.41E-12,erg cm-2 s-1,Integrated Flux,,7.25E+16,2.42E+18,Hz
1520332.182,,,s,3.56E-12,9.50E-13,9.50E-13,erg cm-2 s-1,Integrated Flux,,7.25E+16,2.42E+18,Hz
1520884.143,,,s,5.42E-12,1.35E-12,1.35E-12,erg cm-2 s-1,Integrated Flux,,7.25E+16,2.42E+18,Hz
1531716.783,,,s,5.17E-12,1.34E-12,1.34E-12,erg cm-2 s-1,Integrated Flux,,7.25E+16,2.42E+18,Hz
1532162.254,,,s,6.43E-12,1.66E-12,1.66E-12,erg cm-2 s-1,Integrated Flux,,7.25E+16,2.42E+18,Hz
1532600.978,,,s,6.07E-12,1.47E-12,1.47E-12,erg cm-2 s-1,Integrated Flux,,7.25E+16,2.42E+18,Hz
1612707.221,,,s,3.93E-12,1.02E-12,1.02E-12,erg cm-2 s-1,Integrated Flux,,7.25E+16,2.42E+18,Hz
1613081.486,,,s,8.05E-12,2.08E-12,2.08E-12,erg cm-2 s-1,Integrated Flux,,7.25E+16,2.42E+18,Hz
1613507.055,,,s,5.75E-12,1.16E-12,1.16E-12,erg cm-2 s-1,Integrated Flux,,7.25E+16,2.42E+18,Hz
1633068.6,,,s,3.22E-12,5.48E-13,5.48E-13,erg cm-2 s-1,Integrated Flux,,7.25E+16,2.42E+18,Hz
1692468.623,,,s,5.91E-12,1.55E-12,1.55E-12,erg cm-2 s-1,Integrated Flux,,7.25E+16,2.42E+18,Hz
1692919.105,,,s,6.19E-12,1.64E-12,1.64E-12,erg cm-2 s-1,Integrated Flux,,7.25E+16,2.42E+18,Hz
1693238.539,,,s,7.46E-12,1.93E-12,1.93E-12,erg cm-2 s-1,Integrated Flux,,7.25E+16,2.42E+18,Hz
1693612.958,,,s,7.98E-12,1.87E-12,1.87E-12,erg cm-2 s-1,Integrated Flux,,7.25E+16,2.42E+18,Hz
1698777.483,,,s,3.65E-12,9.76E-13,9.76E-13,erg cm-2 s-1,Integrated Flux,,7.25E+16,2.42E+18,Hz
1699416.261,,,s,3.88E-12,9.12E-13,9.12E-13,erg cm-2 s-1,Integrated Flux,,7.25E+16,2.42E+18,Hz
1721315.171,,,s,3.12E-12,8.66E-13,8.66E-13,erg cm-2 s-1,Integrated Flux,,7.25E+16,2.42E+18,Hz
1721923.622,,,s,3.84E-12,9.92E-13,9.92E-13,erg cm-2 s-1,Integrated Flux,,7.25E+16,2.42E+18,Hz
1722406.268,,,s,5.16E-12,1.28E-12,1.28E-12,erg cm-2 s-1,Integrated Flux,,7.25E+16,2.42E+18,Hz
1784528.28,,,s,2.73E-12,6.65E-13,6.65E-13,erg cm-2 s-1,Integrated Flux,,7.25E+16,2.42E+18,Hz
1790388.043,,,s,4.01E-12,1.03E-12,1.03E-12,erg cm-2 s-1,Integrated Flux,,7.25E+16,2.42E+18,Hz
1790987.377,,,s,3.94E-12,8.68E-13,8.68E-13,erg cm-2 s-1,Integrated Flux,,7.25E+16,2.42E+18,Hz
1801444.57,,,s,3.47E-12,9.11E-13,9.11E-13,erg cm-2 s-1,Integrated Flux,,7.25E+16,2.42E+18,Hz
1801998.688,,,s,2.90E-12,7.76E-13,7.76E-13,erg cm-2 s-1,Integrated Flux,,7.25E+16,2.42E+18,Hz
1802573.04,,,s,5.45E-12,1.43E-12,1.43E-12,erg cm-2 s-1,Integrated Flux,,7.25E+16,2.42E+18,Hz
1870576.037,,,s,3.18E-12,6.22E-13,6.22E-13,erg cm-2 s-1,Integrated Flux,,7.25E+16,2.42E+18,Hz
1875731.86,,,s,4.48E-12,1.20E-12,1.20E-12,erg cm-2 s-1,Integrated Flux,,7.25E+16,2.42E+18,Hz
1876533.921,,,s,3.16E-12,6.02E-13,6.02E-13,erg cm-2 s-1,Integrated Flux,,7.25E+16,2.42E+18,Hz
1881862.267,,,s,5.38E-12,1.41E-12,1.41E-12,erg cm-2 s-1,Integrated Flux,,7.25E+16,2.42E+18,Hz
1882585.146,,,s,4.09E-12,8.01E-13,8.01E-13,erg cm-2 s-1,Integrated Flux,,7.25E+16,2.42E+18,Hz
1893303.233,,,s,4.99E-12,1.29E-12,1.29E-12,erg cm-2 s-1,Integrated Flux,,7.25E+16,2.42E+18,Hz
1949761.829,,,s,3.77E-12,1.01E-12,1.01E-12,erg cm-2 s-1,Integrated Flux,,7.25E+16,2.42E+18,Hz
1950270.559,,,s,5.57E-12,1.49E-12,1.49E-12,erg cm-2 s-1,Integrated Flux,,7.25E+16,2.42E+18,Hz
1950695.962,,,s,4.97E-12,1.01E-12,1.01E-12,erg cm-2 s-1,Integrated Flux,,7.25E+16,2.42E+18,Hz
1961381.736,,,s,2.98E-12,8.05E-13,8.05E-13,erg cm-2 s-1,Integrated Flux,,7.25E+16,2.42E+18,Hz
1963822.752,,,s,3.79E-12,6.46E-13,6.46E-13,erg cm-2 s-1,Integrated Flux,,7.25E+16,2.42E+18,Hz
2042125.066,,,s,2.59E-12,6.56E-13,6.56E-13,erg cm-2 s-1,Integrated Flux,,7.25E+16,2.42E+18,Hz
2047528.538,,,s,3.00E-12,5.91E-13,5.91E-13,erg cm-2 s-1,Integrated Flux,,7.25E+16,2.42E+18,Hz
2052856.866,,,s,4.61E-12,1.24E-12,1.24E-12,erg cm-2 s-1,Integrated Flux,,7.25E+16,2.42E+18,Hz
2053391.76,,,s,3.56E-12,9.18E-13,9.18E-13,erg cm-2 s-1,Integrated Flux,,7.25E+16,2.42E+18,Hz
2076235.028,,,s,4.13E-12,7.79E-13,7.79E-13,erg cm-2 s-1,Integrated Flux,,7.25E+16,2.42E+18,Hz
2121943.737,,,s,2.24E-12,4.43E-13,4.43E-13,erg cm-2 s-1,Integrated Flux,,7.25E+16,2.42E+18,Hz
2144497.671,,,s,3.85E-12,1.03E-12,1.03E-12,erg cm-2 s-1,Integrated Flux,,7.25E+16,2.42E+18,Hz
2145267.361,,,s,2.62E-12,6.00E-13,6.00E-13,erg cm-2 s-1,Integrated Flux,,7.25E+16,2.42E+18,Hz
2150446.303,,,s,2.07E-12,4.94E-13,4.94E-13,erg cm-2 s-1,Integrated Flux,,7.25E+16,2.42E+18,Hz
2162800.699,,,s,2.78E-12,7.06E-13,7.06E-13,erg cm-2 s-1,Integrated Flux,,7.25E+16,2.42E+18,Hz
2202547.74,,,s,3.08E-12,5.92E-13,5.92E-13,erg cm-2 s-1,Integrated Flux,,7.25E+16,2.42E+18,Hz
2207409.444,,,s,5.77E-12,1.51E-12,1.51E-12,erg cm-2 s-1,Integrated Flux,,7.25E+16,2.42E+18,Hz
2208047.719,,,s,3.76E-12,9.06E-13,9.06E-13,erg cm-2 s-1,Integrated Flux,,7.25E+16,2.42E+18,Hz
2224755.117,,,s,2.53E-12,6.87E-13,6.87E-13,erg cm-2 s-1,Integrated Flux,,7.25E+16,2.42E+18,Hz
2229684.712,,,s,1.46E-12,3.14E-13,3.14E-13,erg cm-2 s-1,Integrated Flux,,7.25E+16,2.42E+18,Hz
2293907.853,,,s,2.16E-12,4.52E-13,4.52E-13,erg cm-2 s-1,Integrated Flux,,7.25E+16,2.42E+18,Hz
2304873.852,,,s,4.61E-12,1.17E-12,1.17E-12,erg cm-2 s-1,Integrated Flux,,7.25E+16,2.42E+18,Hz
2305549.872,,,s,2.30E-12,5.76E-13,5.76E-13,erg cm-2 s-1,Integrated Flux,,7.25E+16,2.42E+18,Hz
2310466.795,,,s,4.06E-12,1.08E-12,1.08E-12,erg cm-2 s-1,Integrated Flux,,7.25E+16,2.42E+18,Hz
2311060.689,,,s,2.77E-12,7.28E-13,7.28E-13,erg cm-2 s-1,Integrated Flux,,7.25E+16,2.42E+18,Hz
2385538.644,,,s,2.54E-12,4.86E-13,4.86E-13,erg cm-2 s-1,Integrated Flux,,7.25E+16,2.42E+18,Hz
2397535.133,,,s,2.56E-12,4.97E-13,4.97E-13,erg cm-2 s-1,Integrated Flux,,7.25E+16,2.42E+18,Hz
2402561.904,,,s,2.47E-12,5.95E-13,5.95E-13,erg cm-2 s-1,Integrated Flux,,7.25E+16,2.42E+18,Hz
2448206.091,,,s,4.45E-12,9.72E-13,9.72E-13,erg cm-2 s-1,Integrated Flux,,7.25E+16,2.42E+18,Hz
2471812.258,,,s,1.91E-12,4.11E-13,4.11E-13,erg cm-2 s-1,Integrated Flux,,7.25E+16,2.42E+18,Hz
2477069.494,,,s,3.51E-12,9.22E-13,9.22E-13,erg cm-2 s-1,Integrated Flux,,7.25E+16,2.42E+18,Hz
2478039.35,,,s,2.63E-12,5.81E-13,5.81E-13,erg cm-2 s-1,Integrated Flux,,7.25E+16,2.42E+18,Hz
2482963.881,,,s,3.02E-12,5.61E-13,5.61E-13,erg cm-2 s-1,Integrated Flux,,7.25E+16,2.42E+18,Hz
2557773.95,,,s,2.29E-12,4.52E-13,4.52E-13,erg cm-2 s-1,Integrated Flux,,7.25E+16,2.42E+18,Hz
2563233.279,,,s,2.54E-12,6.78E-13,6.78E-13,erg cm-2 s-1,Integrated Flux,,7.25E+16,2.42E+18,Hz
2563960.481,,,s,2.71E-12,6.78E-13,6.78E-13,erg cm-2 s-1,Integrated Flux,,7.25E+16,2.42E+18,Hz
2569505.339,,,s,2.13E-12,5.01E-13,5.01E-13,erg cm-2 s-1,Integrated Flux,,7.25E+16,2.42E+18,Hz
2648798.53,,,s,5.18E-12,1.34E-12,1.34E-12,erg cm-2 s-1,Integrated Flux,,7.25E+16,2.42E+18,Hz
2649223.437,,,s,5.08E-12,1.31E-12,1.31E-12,erg cm-2 s-1,Integrated Flux,,7.25E+16,2.42E+18,Hz
2649739.227,,,s,3.10E-12,7.29E-13,7.29E-13,erg cm-2 s-1,Integrated Flux,,7.25E+16,2.42E+18,Hz
2655112.369,,,s,1.72E-12,3.83E-13,3.83E-13,erg cm-2 s-1,Integrated Flux,,7.25E+16,2.42E+18,Hz
2662649.384,,,s,2.67E-12,4.67E-13,4.67E-13,erg cm-2 s-1,Integrated Flux,,7.25E+16,2.42E+18,Hz
2728419.879,,,s,2.81E-12,7.32E-13,7.32E-13,erg cm-2 s-1,Integrated Flux,,7.25E+16,2.42E+18,Hz
2741020.367,,,s,2.18E-12,4.50E-13,4.50E-13,erg cm-2 s-1,Integrated Flux,,7.25E+16,2.42E+18,Hz
2752766.502,,,s,2.81E-12,5.79E-13,5.79E-13,erg cm-2 s-1,Integrated Flux,,7.25E+16,2.42E+18,Hz
2809905.986,,,s,1.80E-12,3.98E-13,3.98E-13,erg cm-2 s-1,Integrated Flux,,7.25E+16,2.42E+18,Hz
2821143.415,,,s,2.03E-12,4.22E-13,4.22E-13,erg cm-2 s-1,Integrated Flux,,7.25E+16,2.42E+18,Hz
2827163.211,,,s,2.24E-12,5.27E-13,5.27E-13,erg cm-2 s-1,Integrated Flux,,7.25E+16,2.42E+18,Hz
2900900.765,,,s,2.18E-12,4.77E-13,4.77E-13,erg cm-2 s-1,Integrated Flux,,7.25E+16,2.42E+18,Hz
2913815.764,,,s,1.08E-12,2.79E-13,2.79E-13,erg cm-2 s-1,Integrated Flux,,7.25E+16,2.42E+18,Hz
2992757.041,,,s,2.15E-12,4.53E-13,4.53E-13,erg cm-2 s-1,Integrated Flux,,7.25E+16,2.42E+18,Hz
2998400.703,,,s,1.75E-12,4.19E-13,4.19E-13,erg cm-2 s-1,Integrated Flux,,7.25E+16,2.42E+18,Hz
3004003.228,,,s,2.25E-12,5.42E-13,5.42E-13,erg cm-2 s-1,Integrated Flux,,7.25E+16,2.42E+18,Hz
3078019.713,,,s,3.54E-12,9.15E-13,9.15E-13,erg cm-2 s-1,Integrated Flux,,7.25E+16,2.42E+18,Hz
3078816.948,,,s,2.75E-12,6.44E-13,6.44E-13,erg cm-2 s-1,Integrated Flux,,7.25E+16,2.42E+18,Hz
3089945.302,,,s,1.84E-12,4.61E-13,4.61E-13,erg cm-2 s-1,Integrated Flux,,7.25E+16,2.42E+18,Hz
3095405.523,,,s,2.09E-12,5.11E-13,5.11E-13,erg cm-2 s-1,Integrated Flux,,7.25E+16,2.42E+18,Hz
3158569.844,,,s,1.62E-12,3.81E-13,3.81E-13,erg cm-2 s-1,Integrated Flux,,7.25E+16,2.42E+18,Hz
3170125.61,,,s,2.37E-12,4.60E-13,4.60E-13,erg cm-2 s-1,Integrated Flux,,7.25E+16,2.42E+18,Hz
3181383.422,,,s,2.80E-12,6.02E-13,6.02E-13,erg cm-2 s-1,Integrated Flux,,7.25E+16,2.42E+18,Hz
3244414.851,,,s,1.87E-12,4.04E-13,4.04E-13,erg cm-2 s-1,Integrated Flux,,7.25E+16,2.42E+18,Hz
3261392.82,,,s,2.19E-12,5.75E-13,5.75E-13,erg cm-2 s-1,Integrated Flux,,7.25E+16,2.42E+18,Hz
3262188.485,,,s,2.83E-12,9.17E-13,9.17E-13,erg cm-2 s-1,Integrated Flux,,7.25E+16,2.42E+18,Hz
3267384.332,,,s,2.97E-12,6.20E-13,6.20E-13,erg cm-2 s-1,Integrated Flux,,7.25E+16,2.42E+18,Hz
3351832.831,,,s,1.69E-12,2.73E-13,2.73E-13,erg cm-2 s-1,Integrated Flux,,7.25E+16,2.42E+18,Hz
3410985.339,,,s,2.22E-12,4.44E-13,4.44E-13,erg cm-2 s-1,Integrated Flux,,7.25E+16,2.42E+18,Hz
3417010.585,,,s,1.73E-12,4.39E-13,4.39E-13,erg cm-2 s-1,Integrated Flux,,7.25E+16,2.42E+18,Hz
3491237.635,,,s,1.72E-12,3.81E-13,3.81E-13,erg cm-2 s-1,Integrated Flux,,7.25E+16,2.42E+18,Hz
3508454.344,,,s,1.61E-12,3.87E-13,3.87E-13,erg cm-2 s-1,Integrated Flux,,7.25E+16,2.42E+18,Hz
3519885.03,,,s,2.21E-12,4.61E-13,4.61E-13,erg cm-2 s-1,Integrated Flux,,7.25E+16,2.42E+18,Hz
3577324.569,,,s,1.70E-12,4.36E-13,4.36E-13,erg cm-2 s-1,Integrated Flux,,7.25E+16,2.42E+18,Hz
3617382.426,,,s,1.87E-12,4.60E-13,4.60E-13,erg cm-2 s-1,Integrated Flux,,7.25E+16,2.42E+18,Hz
3659682.149,,,s,1.11E-12,2.55E-13,2.55E-13,erg cm-2 s-1,Integrated Flux,,7.25E+16,2.42E+18,Hz
3676585.263,,,s,1.06E-12,2.82E-13,2.82E-13,erg cm-2 s-1,Integrated Flux,,7.25E+16,2.42E+18,Hz
3688077.446,,,s,1.33E-12,2.76E-13,2.76E-13,erg cm-2 s-1,Integrated Flux,,7.25E+16,2.42E+18,Hz
3775750.194,,,s,1.20E-12,2.32E-13,2.32E-13,erg cm-2 s-1,Integrated Flux,,7.25E+16,2.42E+18,Hz
3829124.121,,,s,1.92E-12,4.91E-13,4.91E-13,erg cm-2 s-1,Integrated Flux,,7.25E+16,2.42E+18,Hz
3845757.25,,,s,2.08E-12,4.36E-13,4.36E-13,erg cm-2 s-1,Integrated Flux,,7.25E+16,2.42E+18,Hz
3863025.879,,,s,2.17E-12,3.52E-13,3.52E-13,erg cm-2 s-1,Integrated Flux,,7.25E+16,2.42E+18,Hz
3943655.115,,,s,1.28E-12,3.57E-13,3.57E-13,erg cm-2 s-1,Integrated Flux,,7.25E+16,2.42E+18,Hz
3955562.157,,,s,1.39E-12,2.92E-13,2.92E-13,erg cm-2 s-1,Integrated Flux,,7.25E+16,2.42E+18,Hz
4034564.505,,,s,1.46E-12,3.53E-13,3.53E-13,erg cm-2 s-1,Integrated Flux,,7.25E+16,2.42E+18,Hz
4042264.814,,,s,2.02E-12,3.42E-13,3.42E-13,erg cm-2 s-1,Integrated Flux,,7.25E+16,2.42E+18,Hz
4103395.126,,,s,1.53E-12,3.80E-13,3.80E-13,erg cm-2 s-1,Integrated Flux,,7.25E+16,2.42E+18,Hz
4114728.728,,,s,1.91E-12,4.17E-13,4.17E-13,erg cm-2 s-1,Integrated Flux,,7.25E+16,2.42E+18,Hz
4160225.475,,,s,1.87E-12,4.67E-13,4.67E-13,erg cm-2 s-1,Integrated Flux,,7.25E+16,2.42E+18,Hz
4208658.566,,,s,1.05E-12,2.77E-13,2.77E-13,erg cm-2 s-1,Integrated Flux,,7.25E+16,2.42E+18,Hz
4245895.103,,,s,2.04E-12,4.88E-13,4.88E-13,erg cm-2 s-1,Integrated Flux,,7.25E+16,2.42E+18,Hz
4280523.714,,,s,1.11E-12,1.95E-13,1.95E-13,erg cm-2 s-1,Integrated Flux,,7.25E+16,2.42E+18,Hz
4369902.208,,,s,1.27E-12,2.62E-13,2.62E-13,erg cm-2 s-1,Integrated Flux,,7.25E+16,2.42E+18,Hz
4436354.113,,,s,1.26E-12,3.47E-13,3.47E-13,erg cm-2 s-1,Integrated Flux,,7.25E+16,2.42E+18,Hz
4452993.827,,,s,1.52E-12,3.95E-13,3.95E-13,erg cm-2 s-1,Integrated Flux,,7.25E+16,2.42E+18,Hz
4493031.653,,,s,1.29E-12,2.58E-13,2.58E-13,erg cm-2 s-1,Integrated Flux,,7.25E+16,2.42E+18,Hz
4633402.116,,,s,1.02E-12,2.31E-13,2.31E-13,erg cm-2 s-1,Integrated Flux,,7.25E+16,2.42E+18,Hz
4652950.054,,,s,2.20E-12,5.12E-13,5.12E-13,erg cm-2 s-1,Integrated Flux,,7.25E+16,2.42E+18,Hz
4896413.077,,,s,1.07E-12,1.94E-13,1.94E-13,erg cm-2 s-1,Integrated Flux,,7.25E+16,2.42E+18,Hz
5150710.043,,,s,1.43E-12,3.63E-13,3.63E-13,erg cm-2 s-1,Integrated Flux,,7.25E+16,2.42E+18,Hz
5170772.402,,,s,9.64E-13,2.42E-13,2.42E-13,erg cm-2 s-1,Integrated Flux,,7.25E+16,2.42E+18,Hz
5353859.98,,,s,1.15E-12,1.75E-13,1.75E-13,erg cm-2 s-1,Integrated Flux,,7.25E+16,2.42E+18,Hz
5505780.675,,,s,5.40E-13,1.42E-13,1.42E-13,erg cm-2 s-1,Integrated Flux,,7.25E+16,2.42E+18,Hz
5683420.091,,,s,8.38E-13,1.74E-13,1.74E-13,erg cm-2 s-1,Integrated Flux,,7.25E+16,2.42E+18,Hz
5872861.36,,,s,7.10E-13,1.55E-13,1.55E-13,erg cm-2 s-1,Integrated Flux,,7.25E+16,2.42E+18,Hz
6018079.021,,,s,6.87E-13,1.52E-13,1.52E-13,erg cm-2 s-1,Integrated Flux,,7.25E+16,2.42E+18,Hz
6111846.283,,,s,7.47E-13,1.65E-13,1.65E-13,erg cm-2 s-1,Integrated Flux,,7.25E+16,2.42E+18,Hz
6215105.568,,,s,6.71E-13,1.10E-13,1.10E-13,erg cm-2 s-1,Integrated Flux,,7.25E+16,2.42E+18,Hz
10590271.07,,,s,2.25E-13,4.71E-14,4.71E-14,erg cm-2 s-1,Integrated Flux,,7.25E+16,2.42E+18,Hz
11903520.42,,,s,1.09E-13,3.03E-14,3.03E-14,erg cm-2 s-1,Integrated Flux,,7.25E+16,2.42E+18,Hz
13560053.59,,,s,1.28E-13,3.74E-14,3.74E-14,erg cm-2 s-1,Integrated Flux,,7.25E+16,2.42E+18,Hz
14795139.07,,,s,9.07E-14,2.50E-14,2.50E-14,erg cm-2 s-1,Integrated Flux,,7.25E+16,2.42E+18,Hz
1023470,134874.904,14795139.07,s,-8.30E-01,5.00E-02,5.00E-02,erg cm-2 s-1,Spectral Index,,7.25E+16,2.42E+18,Hz
