Time,TimeLower,TimeUpper,TimeUnits,Value,ValueLower,ValueUpper,ValueUnits,ValueType,Wave,WaveLower,WaveUpper,WaveUnits
4924.8,,,s,0.466924672,0.023652943,0.023652943,mJy,Spectral Flux,6.74E+14,,,Hz
5097.6,,,s,0.453363782,0.022130864,0.022130864,mJy,Spectral Flux,6.74E+14,,,Hz
5356.8,,,s,0.431764392,0.021076494,0.021076494,mJy,Spectral Flux,6.74E+14,,,Hz
5788.8,,,s,0.403688913,0.025654975,0.025654975,mJy,Spectral Flux,6.74E+14,,,Hz
6307.2,,,s,0.368507917,0.018667458,0.018667458,mJy,Spectral Flux,6.74E+14,,,Hz
6998.4,,,s,0.340758598,0.017261765,0.017261765,mJy,Spectral Flux,6.74E+14,,,Hz
7344,,,s,0.305384382,0.0478158,0.0478158,mJy,Spectral Flux,6.74E+14,,,Hz
7516.8,,,s,0.321252727,0.012131273,0.012131273,mJy,Spectral Flux,6.74E+14,,,Hz
8208,,,s,0.299810489,0.006627256,0.006627256,mJy,Spectral Flux,6.74E+14,,,Hz
8812.8,,,s,0.276469242,0.015278255,0.015278255,mJy,Spectral Flux,6.74E+14,,,Hz
9072,,,s,0.298983225,0.014319434,0.014319434,mJy,Spectral Flux,6.74E+14,,,Hz
9158.4,,,s,0.286316794,0.036919052,0.036919052,mJy,Spectral Flux,6.74E+14,,,Hz
9331.2,,,s,0.278770505,0.009500014,0.009500014,mJy,Spectral Flux,6.74E+14,,,Hz
9676.8,,,s,0.263783012,0.009961078,0.009961078,mJy,Spectral Flux,6.74E+14,,,Hz
10195.2,,,s,0.24527135,0.01039155,0.01039155,mJy,Spectral Flux,6.74E+14,,,Hz
10886.4,,,s,0.231018533,0.007872709,0.007872709,mJy,Spectral Flux,6.74E+14,,,Hz
12182.4,,,s,0.213425753,0.005700599,0.005700599,mJy,Spectral Flux,6.74E+14,,,Hz
12787.2,,,s,0.192684519,0.013665113,0.013665113,mJy,Spectral Flux,6.74E+14,,,Hz
13046.4,,,s,0.191446232,0.014458937,0.014458937,mJy,Spectral Flux,6.74E+14,,,Hz
13305.6,,,s,0.205705935,0.004926016,0.004926016,mJy,Spectral Flux,6.74E+14,,,Hz
13651.2,,,s,0.191269984,0.005813483,0.005813483,mJy,Spectral Flux,6.74E+14,,,Hz
14169.6,,,s,0.179492713,0.007769988,0.007769988,mJy,Spectral Flux,6.74E+14,,,Hz
14860.8,,,s,0.173958968,0.00448622,0.00448622,mJy,Spectral Flux,6.74E+14,,,Hz
15379.2,,,s,0.172522929,0.007786075,0.007786075,mJy,Spectral Flux,6.74E+14,,,Hz
16156.8,,,s,0.16294717,0.006603515,0.006603515,mJy,Spectral Flux,6.74E+14,,,Hz
16588.8,,,s,0.165976584,0.014064048,0.014064048,mJy,Spectral Flux,6.74E+14,,,Hz
16848,,,s,0.145494582,0.008442344,0.008442344,mJy,Spectral Flux,6.74E+14,,,Hz
17107.2,,,s,0.147654546,0.006799743,0.006799743,mJy,Spectral Flux,6.74E+14,,,Hz
17452.8,,,s,0.153054754,0.00620262,0.00620262,mJy,Spectral Flux,6.74E+14,,,Hz
18057.6,,,s,0.146570585,0.003644905,0.003644905,mJy,Spectral Flux,6.74E+14,,,Hz
18662.4,,,s,0.135908564,0.004381174,0.004381174,mJy,Spectral Flux,6.74E+14,,,Hz
19267.2,,,s,0.139459088,0.002954271,0.002954271,mJy,Spectral Flux,6.74E+14,,,Hz
20044.8,,,s,0.128720235,0.005097896,0.005097896,mJy,Spectral Flux,6.74E+14,,,Hz
20390.4,,,s,0.118262437,0.013397619,0.013397619,mJy,Spectral Flux,6.74E+14,,,Hz
20649.6,,,s,0.130631172,0.008061156,0.008061156,mJy,Spectral Flux,6.74E+14,,,Hz
20908.8,,,s,0.127422706,0.005868032,0.005868032,mJy,Spectral Flux,6.74E+14,,,Hz
21254.4,,,s,0.123721969,0.003874373,0.003874373,mJy,Spectral Flux,6.74E+14,,,Hz
21772.8,,,s,0.113879833,0.004719924,0.004719924,mJy,Spectral Flux,6.74E+14,,,Hz
41040,,,s,0.046994477,0.007228347,0.007228347,mJy,Spectral Flux,6.74E+14,,,Hz
41299.2,,,s,0.049209259,0.007115774,0.007115774,mJy,Spectral Flux,6.74E+14,,,Hz
41558.4,,,s,0.071787168,0.008595395,0.008595395,mJy,Spectral Flux,6.74E+14,,,Hz
42163.2,,,s,0.058458386,0.012383698,0.012383698,mJy,Spectral Flux,6.74E+14,,,Hz
42422.4,,,s,0.063218884,0.001164535,0.001164535,mJy,Spectral Flux,6.74E+14,,,Hz
42422.4,,,s,0.062754782,0.013120439,0.013120439,mJy,Spectral Flux,6.74E+14,,,Hz
42681.6,,,s,0.058297083,0.015302675,0.015302675,mJy,Spectral Flux,6.74E+14,,,Hz
42768,,,s,0.062065009,0.00114328,0.00114328,mJy,Spectral Flux,6.74E+14,,,Hz
43459.2,,,s,0.06392148,0.017838779,0.017838779,mJy,Spectral Flux,6.74E+14,,,Hz
43718.4,,,s,0.058297083,0.010470251,0.010470251,mJy,Spectral Flux,6.74E+14,,,Hz
43891.2,,,s,0.060373565,0.001668183,0.001668183,mJy,Spectral Flux,6.74E+14,,,Hz
43977.6,,,s,0.059380906,0.008696002,0.008696002,mJy,Spectral Flux,6.74E+14,,,Hz
44236.8,,,s,0.060373565,0.001112122,0.001112122,mJy,Spectral Flux,6.74E+14,,,Hz
44323.2,,,s,0.052341579,0.014366096,0.014366096,mJy,Spectral Flux,6.74E+14,,,Hz
44582.4,,,s,0.045294641,0.007008608,0.007008608,mJy,Spectral Flux,6.74E+14,,,Hz
44841.6,,,s,0.058999295,0.006575183,0.006575183,mJy,Spectral Flux,6.74E+14,,,Hz
45100.8,,,s,0.054305876,0.00410144,0.00410144,mJy,Spectral Flux,6.74E+14,,,Hz
45360,,,s,0.057656307,0.001593103,0.001593103,mJy,Spectral Flux,6.74E+14,,,Hz
45619.2,,,s,0.058189794,0.001607843,0.001607843,mJy,Spectral Flux,6.74E+14,,,Hz
45619.2,,,s,0.044755542,0.003256489,0.003256489,mJy,Spectral Flux,6.74E+14,,,Hz
45878.4,,,s,0.051718607,0.004048941,0.004048941,mJy,Spectral Flux,6.74E+14,,,Hz
46137.6,,,s,0.050448333,0.003577777,0.003577777,mJy,Spectral Flux,6.74E+14,,,Hz
46396.8,,,s,0.05058792,0.003913828,0.003913828,mJy,Spectral Flux,6.74E+14,,,Hz
46656,,,s,0.057127711,0.001052331,0.001052331,mJy,Spectral Flux,6.74E+14,,,Hz
46742.4,,,s,0.046994477,0.004198501,0.004198501,mJy,Spectral Flux,6.74E+14,,,Hz
47001.6,,,s,0.041961096,0.003671522,0.003671522,mJy,Spectral Flux,6.74E+14,,,Hz
47001.6,,,s,0.056085013,0.001549686,0.001549686,mJy,Spectral Flux,6.74E+14,,,Hz
47260.8,,,s,0.041691433,0.003532729,0.003532729,mJy,Spectral Flux,6.74E+14,,,Hz
47520,,,s,0.046307019,0.003881181,0.003881181,mJy,Spectral Flux,6.74E+14,,,Hz
47779.2,,,s,0.05455654,0.001507453,0.001507453,mJy,Spectral Flux,6.74E+14,,,Hz
47779.2,,,s,0.046563629,0.003988462,0.003988462,mJy,Spectral Flux,6.74E+14,,,Hz
48038.4,,,s,0.046009427,0.003771486,0.003771486,mJy,Spectral Flux,6.74E+14,,,Hz
48470.4,,,s,0.047736088,0.002989726,0.002989726,mJy,Spectral Flux,6.74E+14,,,Hz
48729.6,,,s,0.046435147,0.003464236,0.003464236,mJy,Spectral Flux,6.74E+14,,,Hz
48988.8,,,s,0.042077199,0.003565417,0.003565417,mJy,Spectral Flux,6.74E+14,,,Hz
49248,,,s,0.042741211,0.004330272,0.004330272,mJy,Spectral Flux,6.74E+14,,,Hz
49507.2,,,s,0.043817422,0.003551446,0.003551446,mJy,Spectral Flux,6.74E+14,,,Hz
49680,,,s,0.046009427,0.003347724,0.003347724,mJy,Spectral Flux,6.74E+14,,,Hz
49939.2,,,s,0.047167931,0.003779564,0.003779564,mJy,Spectral Flux,6.74E+14,,,Hz
50198.4,,,s,0.044060236,0.00413926,0.00413926,mJy,Spectral Flux,6.74E+14,,,Hz
50457.6,,,s,0.038163379,0.003198629,0.003198629,mJy,Spectral Flux,6.74E+14,,,Hz
50716.8,,,s,0.03631172,0.003411322,0.003411322,mJy,Spectral Flux,6.74E+14,,,Hz
50976,,,s,0.038623073,0.003948621,0.003948621,mJy,Spectral Flux,6.74E+14,,,Hz
51235.2,,,s,0.043415701,0.003119012,0.003119012,mJy,Spectral Flux,6.74E+14,,,Hz
51580.8,,,s,0.04108155,0.004313476,0.004313476,mJy,Spectral Flux,6.74E+14,,,Hz
51753.6,,,s,0.04108155,0.005335088,0.005335088,mJy,Spectral Flux,6.74E+14,,,Hz
52012.8,,,s,0.03191882,0.005585681,0.005585681,mJy,Spectral Flux,6.74E+14,,,Hz
52272,,,s,0.04119522,0.008081688,0.008081688,mJy,Spectral Flux,6.74E+14,,,Hz
52531.2,,,s,0.03959559,0.006527931,0.006527931,mJy,Spectral Flux,6.74E+14,,,Hz
52790.4,,,s,0.039449983,0.005050534,0.005050534,mJy,Spectral Flux,6.74E+14,,,Hz
53136,,,s,0.037918122,0.005063963,0.005063963,mJy,Spectral Flux,6.74E+14,,,Hz
53395.2,,,s,0.038623073,0.006189731,0.006189731,mJy,Spectral Flux,6.74E+14,,,Hz
53654.4,,,s,0.038374862,0.00675081,0.00675081,mJy,Spectral Flux,6.74E+14,,,Hz
53913.6,,,s,0.04516966,0.005907597,0.005907597,mJy,Spectral Flux,6.74E+14,,,Hz
54172.8,,,s,0.042349357,0.005109681,0.005109681,mJy,Spectral Flux,6.74E+14,,,Hz
54432,,,s,0.036111608,0.004656403,0.004656403,mJy,Spectral Flux,6.74E+14,,,Hz
54691.2,,,s,0.035879536,0.003833368,0.003833368,mJy,Spectral Flux,6.74E+14,,,Hz
54950.4,,,s,0.034805415,0.003333925,0.003333925,mJy,Spectral Flux,6.74E+14,,,Hz
55209.6,,,s,0.040072536,0.004133715,0.004133715,mJy,Spectral Flux,6.74E+14,,,Hz
55468.8,,,s,0.039961964,0.003386182,0.003386182,mJy,Spectral Flux,6.74E+14,,,Hz
55728,,,s,0.035452496,0.004604067,0.004604067,mJy,Spectral Flux,6.74E+14,,,Hz
55987.2,,,s,0.037570487,0.004290858,0.004290858,mJy,Spectral Flux,6.74E+14,,,Hz
56246.4,,,s,0.032512235,0.003024432,0.003024432,mJy,Spectral Flux,6.74E+14,,,Hz
56505.6,,,s,0.039341129,0.003442279,0.003442279,mJy,Spectral Flux,6.74E+14,,,Hz
56764.8,,,s,0.034805415,0.003590381,0.003590381,mJy,Spectral Flux,6.74E+14,,,Hz
57024,,,s,0.033025304,0.004897206,0.004897206,mJy,Spectral Flux,6.74E+14,,,Hz
57283.2,,,s,0.038980448,0.004739106,0.004739106,mJy,Spectral Flux,6.74E+14,,,Hz
57542.4,,,s,0.034044489,0.005769529,0.005769529,mJy,Spectral Flux,6.74E+14,,,Hz
57801.6,,,s,0.038872889,0.008628584,0.008628584,mJy,Spectral Flux,6.74E+14,,,Hz
58060.8,,,s,0.034805415,0.007052534,0.007052534,mJy,Spectral Flux,6.74E+14,,,Hz
58320,,,s,0.037813495,0.009612394,0.009612394,mJy,Spectral Flux,6.74E+14,,,Hz
58579.2,,,s,0.041691433,0.012594947,0.012594947,mJy,Spectral Flux,6.74E+14,,,Hz
5011.2,,,s,0.619189915,0.035358289,0.035358289,mJy,Spectral Flux,5.44E+14,,,Hz
8899.2,,,s,0.375858066,0.004846493,0.004846493,mJy,Spectral Flux,5.44E+14,,,Hz
12614.4,,,s,0.29690935,0.087508358,0.087508358,mJy,Spectral Flux,5.44E+14,,,Hz
12873.6,,,s,0.276072962,0.005085452,0.005085452,mJy,Spectral Flux,5.44E+14,,,Hz
13046.4,,,s,0.305227651,0.070281264,0.070281264,mJy,Spectral Flux,5.44E+14,,,Hz
13651.2,,,s,0.265842171,0.061212422,0.061212422,mJy,Spectral Flux,5.44E+14,,,Hz
14083.2,,,s,0.240228138,0.061952322,0.061952322,mJy,Spectral Flux,5.44E+14,,,Hz
15984,,,s,0.201661909,0.044576996,0.044576996,mJy,Spectral Flux,5.44E+14,,,Hz
16675.2,,,s,0.225644044,0.00498782,0.00498782,mJy,Spectral Flux,5.44E+14,,,Hz
20476.8,,,s,0.166964397,0.01445531,0.01445531,mJy,Spectral Flux,5.44E+14,,,Hz
41126.4,,,s,0.079547013,0.006227568,0.006227568,mJy,Spectral Flux,5.44E+14,,,Hz
41299.2,,,s,0.089171049,0.006159718,0.006159718,mJy,Spectral Flux,5.44E+14,,,Hz
41644.8,,,s,0.087221565,0.008113737,0.008113737,mJy,Spectral Flux,5.44E+14,,,Hz
42249.6,,,s,0.075966807,0.010635138,0.010635138,mJy,Spectral Flux,5.44E+14,,,Hz
42508.8,,,s,0.071684271,0.009969572,0.009969572,mJy,Spectral Flux,5.44E+14,,,Hz
42768,,,s,0.074580257,0.014631173,0.014631173,mJy,Spectral Flux,5.44E+14,,,Hz
43027.2,,,s,0.061294834,0.013718475,0.013718475,mJy,Spectral Flux,5.44E+14,,,Hz
43286.4,,,s,0.066592278,0.014413432,0.014413432,mJy,Spectral Flux,5.44E+14,,,Hz
43545.6,,,s,0.073692599,0.01099549,0.01099549,mJy,Spectral Flux,5.44E+14,,,Hz
43804.8,,,s,0.074374468,0.009727201,0.009727201,mJy,Spectral Flux,5.44E+14,,,Hz
44064,,,s,0.07932752,0.008840665,0.008840665,mJy,Spectral Flux,5.44E+14,,,Hz
44323.2,,,s,0.080579371,0.009648125,0.009648125,mJy,Spectral Flux,5.44E+14,,,Hz
44582.4,,,s,0.074169248,0.004986805,0.004986805,mJy,Spectral Flux,5.44E+14,,,Hz
44841.6,,,s,0.075548157,0.003896616,0.003896616,mJy,Spectral Flux,5.44E+14,,,Hz
45187.2,,,s,0.074855527,0.003791947,0.003791947,mJy,Spectral Flux,5.44E+14,,,Hz
45705.6,,,s,0.068457948,0.002585136,0.002585136,mJy,Spectral Flux,5.44E+14,,,Hz
45964.8,,,s,0.064956688,0.002572575,0.002572575,mJy,Spectral Flux,5.44E+14,,,Hz
46224,,,s,0.067643158,0.002616669,0.002616669,mJy,Spectral Flux,5.44E+14,,,Hz
46483.2,,,s,0.070831082,0.00332713,0.00332713,mJy,Spectral Flux,5.44E+14,,,Hz
46742.4,,,s,0.067643158,0.002741273,0.002741273,mJy,Spectral Flux,5.44E+14,,,Hz
46915.2,,,s,0.068018003,0.008770565,0.008770565,mJy,Spectral Flux,5.44E+14,,,Hz
47001.6,,,s,0.067830321,0.002748858,0.002748858,mJy,Spectral Flux,5.44E+14,,,Hz
47347.2,,,s,0.064183571,0.002660186,0.002660186,mJy,Spectral Flux,5.44E+14,,,Hz
47606.4,,,s,0.066776534,0.002829159,0.002829159,mJy,Spectral Flux,5.44E+14,,,Hz
47865.6,,,s,0.06739441,0.002731192,0.002731192,mJy,Spectral Flux,5.44E+14,,,Hz
48124.8,,,s,0.074580257,0.006182186,0.006182186,mJy,Spectral Flux,5.44E+14,,,Hz
48124.8,,,s,0.069282552,0.002169594,0.002169594,mJy,Spectral Flux,5.44E+14,,,Hz
48470.4,,,s,0.066592278,0.002637351,0.002637351,mJy,Spectral Flux,5.44E+14,,,Hz
48729.6,,,s,0.063419655,0.003329465,0.003329465,mJy,Spectral Flux,5.44E+14,,,Hz
48988.8,,,s,0.06073288,0.003076538,0.003076538,mJy,Spectral Flux,5.44E+14,,,Hz
49248,,,s,0.063419655,0.003271053,0.003271053,mJy,Spectral Flux,5.44E+14,,,Hz
49507.2,,,s,0.061294834,0.003726005,0.003726005,mJy,Spectral Flux,5.44E+14,,,Hz
49766.4,,,s,0.062607141,0.003113819,0.003113819,mJy,Spectral Flux,5.44E+14,,,Hz
50025.6,,,s,0.064598714,0.00273689,0.00273689,mJy,Spectral Flux,5.44E+14,,,Hz
50284.8,,,s,0.063186438,0.002444268,0.002444268,mJy,Spectral Flux,5.44E+14,,,Hz
50544,,,s,0.055901553,0.002728823,0.002728823,mJy,Spectral Flux,5.44E+14,,,Hz
50803.2,,,s,0.056940841,0.003933334,0.003933334,mJy,Spectral Flux,5.44E+14,,,Hz
51062.4,,,s,0.0605653,0.003625876,0.003625876,mJy,Spectral Flux,5.44E+14,,,Hz
51235.2,,,s,0.071223592,0.005903942,0.005903942,mJy,Spectral Flux,5.44E+14,,,Hz
51321.6,,,s,0.05657491,0.004220701,0.004220701,mJy,Spectral Flux,5.44E+14,,,Hz
51580.8,,,s,0.05657491,0.004272808,0.004272808,mJy,Spectral Flux,5.44E+14,,,Hz
51840,,,s,0.058536112,0.004528755,0.004528755,mJy,Spectral Flux,5.44E+14,,,Hz
52099.2,,,s,0.047931815,0.005209326,0.005209326,mJy,Spectral Flux,5.44E+14,,,Hz
52358.4,,,s,0.050052281,0.005624182,0.005624182,mJy,Spectral Flux,5.44E+14,,,Hz
52617.6,,,s,0.058536112,0.005391375,0.005391375,mJy,Spectral Flux,5.44E+14,,,Hz
52963.2,,,s,0.05907774,0.004951547,0.004951547,mJy,Spectral Flux,5.44E+14,,,Hz
53222.4,,,s,0.060010034,0.005029687,0.005029687,mJy,Spectral Flux,5.44E+14,,,Hz
53481.6,,,s,0.057098392,0.004470113,0.004470113,mJy,Spectral Flux,5.44E+14,,,Hz
53568,,,s,0.053533283,0.005423657,0.005423657,mJy,Spectral Flux,5.44E+14,,,Hz
53740.8,,,s,0.060176077,0.0052653,0.0052653,mJy,Spectral Flux,5.44E+14,,,Hz
54000,,,s,0.053533283,0.004831986,0.004831986,mJy,Spectral Flux,5.44E+14,,,Hz
54259.2,,,s,0.05373087,0.004354941,0.004354941,mJy,Spectral Flux,5.44E+14,,,Hz
54518.4,,,s,0.048553873,0.00393534,0.00393534,mJy,Spectral Flux,5.44E+14,,,Hz
54777.6,,,s,0.05523621,0.003255964,0.003255964,mJy,Spectral Flux,5.44E+14,,,Hz
55036.8,,,s,0.056056228,0.003201041,0.003201041,mJy,Spectral Flux,5.44E+14,,,Hz
55036.8,,,s,0.052074352,0.006235093,0.006235093,mJy,Spectral Flux,5.44E+14,,,Hz
55296,,,s,0.058536112,0.003666135,0.003666135,mJy,Spectral Flux,5.44E+14,,,Hz
55555.2,,,s,0.050190772,0.004206694,0.004206694,mJy,Spectral Flux,5.44E+14,,,Hz
55814.4,,,s,0.056418804,0.004261018,0.004261018,mJy,Spectral Flux,5.44E+14,,,Hz
56073.6,,,s,0.055901553,0.003037747,0.003037747,mJy,Spectral Flux,5.44E+14,,,Hz
56332.8,,,s,0.054528541,0.003113804,0.003113804,mJy,Spectral Flux,5.44E+14,,,Hz
56592,,,s,0.05255619,0.004017701,0.004017701,mJy,Spectral Flux,5.44E+14,,,Hz
56851.2,,,s,0.048688217,0.00358748,0.00358748,mJy,Spectral Flux,5.44E+14,,,Hz
57110.4,,,s,0.048553873,0.003667021,0.003667021,mJy,Spectral Flux,5.44E+14,,,Hz
57369.6,,,s,0.046927117,0.00380349,0.00380349,mJy,Spectral Flux,5.44E+14,,,Hz
57628.8,,,s,0.053533283,0.003451418,0.003451418,mJy,Spectral Flux,5.44E+14,,,Hz
57888,,,s,0.05657491,0.005940246,0.005940246,mJy,Spectral Flux,5.44E+14,,,Hz
58147.2,,,s,0.046797632,0.005560185,0.005560185,mJy,Spectral Flux,5.44E+14,,,Hz
58406.4,,,s,0.051123888,0.006780505,0.006780505,mJy,Spectral Flux,5.44E+14,,,Hz
58665.6,,,s,0.051454561,0.00744045,0.00744045,mJy,Spectral Flux,5.44E+14,,,Hz
58924.8,,,s,0.04662554,0.011680689,0.011680689,mJy,Spectral Flux,5.44E+14,,,Hz
3196.8,,,s,0.798525448,0.058837529,0.058837529,mJy,Spectral Flux,4.56E+14,,,Hz
3369.6,,,s,0.573177008,0.100303951,0.100303951,mJy,Spectral Flux,4.56E+14,,,Hz
4838.4,,,s,0.64311518,0.014808274,0.014808274,mJy,Spectral Flux,4.56E+14,,,Hz
5184,,,s,0.581150694,0.009099413,0.009099413,mJy,Spectral Flux,4.56E+14,,,Hz
5529.6,,,s,0.571069231,0.005259742,0.005259742,mJy,Spectral Flux,4.56E+14,,,Hz
5961.6,,,s,0.537388986,0.004454582,0.004454582,mJy,Spectral Flux,4.56E+14,,,Hz
5961.6,,,s,0.532462174,0.039233263,0.039233263,mJy,Spectral Flux,4.56E+14,,,Hz
6652.8,,,s,0.48875224,0.004051417,0.004051417,mJy,Spectral Flux,4.56E+14,,,Hz
7257.6,,,s,0.468909208,0.004318813,0.004318813,mJy,Spectral Flux,4.56E+14,,,Hz
7862.4,,,s,0.445747341,0.003694936,0.003694936,mJy,Spectral Flux,4.56E+14,,,Hz
8208,,,s,0.442882746,0.044870109,0.044870109,mJy,Spectral Flux,4.56E+14,,,Hz
8812.8,,,s,0.429624224,0.014245147,0.014245147,mJy,Spectral Flux,4.56E+14,,,Hz
9158.4,,,s,0.398371959,0.008439025,0.008439025,mJy,Spectral Flux,4.56E+14,,,Hz
9417.6,,,s,0.367695878,0.006095888,0.006095888,mJy,Spectral Flux,4.56E+14,,,Hz
9936,,,s,0.382550489,0.004580446,0.004580446,mJy,Spectral Flux,4.56E+14,,,Hz
10108.8,,,s,0.396541606,0.021913699,0.021913699,mJy,Spectral Flux,4.56E+14,,,Hz
10540.8,,,s,0.335033906,0.002777199,0.002777199,mJy,Spectral Flux,4.56E+14,,,Hz
11145.6,,,s,0.343469961,0.004112518,0.004112518,mJy,Spectral Flux,4.56E+14,,,Hz
11750.4,,,s,0.343786454,0.004749585,0.004749585,mJy,Spectral Flux,4.56E+14,,,Hz
12787.2,,,s,0.321135828,0.014493074,0.014493074,mJy,Spectral Flux,4.56E+14,,,Hz
13132.8,,,s,0.289660156,0.007470032,0.007470032,mJy,Spectral Flux,4.56E+14,,,Hz
13392,,,s,0.274087204,0.005301317,0.005301317,mJy,Spectral Flux,4.56E+14,,,Hz
13910.4,,,s,0.261751248,0.003375145,0.003375145,mJy,Spectral Flux,4.56E+14,,,Hz
14515.2,,,s,0.258635873,0.002858549,0.002858549,mJy,Spectral Flux,4.56E+14,,,Hz
15120,,,s,0.240707023,0.003768889,0.003768889,mJy,Spectral Flux,4.56E+14,,,Hz
15724.8,,,s,0.218518777,0.003018948,0.003018948,mJy,Spectral Flux,4.56E+14,,,Hz
16934.4,,,s,0.220947332,0.007326,0.007326,mJy,Spectral Flux,4.56E+14,,,Hz
17193.6,,,s,0.21571918,0.005761857,0.005761857,mJy,Spectral Flux,4.56E+14,,,Hz
17712,,,s,0.215520587,0.003970036,0.003970036,mJy,Spectral Flux,4.56E+14,,,Hz
18316.8,,,s,0.205252644,0.003213759,0.003213759,mJy,Spectral Flux,4.56E+14,,,Hz
18921.6,,,s,0.20076535,0.003698234,0.003698234,mJy,Spectral Flux,4.56E+14,,,Hz
19526.4,,,s,0.203745845,0.00300251,0.00300251,mJy,Spectral Flux,4.56E+14,,,Hz
20390.4,,,s,0.199475132,0.013962977,0.013962977,mJy,Spectral Flux,4.56E+14,,,Hz
20649.6,,,s,0.171984283,0.007128152,0.007128152,mJy,Spectral Flux,4.56E+14,,,Hz
20995.2,,,s,0.170879026,0.005351104,0.005351104,mJy,Spectral Flux,4.56E+14,,,Hz
21513.6,,,s,0.185989643,0.003597359,0.003597359,mJy,Spectral Flux,4.56E+14,,,Hz
22118.4,,,s,0.177946218,0.003441785,0.003441785,mJy,Spectral Flux,4.56E+14,,,Hz
35251.2,,,s,0.095123706,0.011389582,0.011389582,mJy,Spectral Flux,4.56E+14,,,Hz
36460.8,,,s,0.091682988,0.01097761,0.01097761,mJy,Spectral Flux,4.56E+14,,,Hz
39657.6,,,s,0.088366725,0.00325555,0.00325555,mJy,Spectral Flux,4.56E+14,,,Hz
40089.6,,,s,0.085958487,0.003166828,0.003166828,mJy,Spectral Flux,4.56E+14,,,Hz
41126.4,,,s,0.089348808,0.005349064,0.005349064,mJy,Spectral Flux,4.56E+14,,,Hz
41385.6,,,s,0.08885641,0.004746707,0.004746707,mJy,Spectral Flux,4.56E+14,,,Hz
41644.8,,,s,0.09653588,0.007113027,0.007113027,mJy,Spectral Flux,4.56E+14,,,Hz
41731.2,,,s,0.085170415,0.001568897,0.001568897,mJy,Spectral Flux,4.56E+14,,,Hz
42076.8,,,s,0.085170415,0.001568897,0.001568897,mJy,Spectral Flux,4.56E+14,,,Hz
42336,,,s,0.091598584,0.00717106,0.00717106,mJy,Spectral Flux,4.56E+14,,,Hz
42595.2,,,s,0.094773902,0.008903579,0.008903579,mJy,Spectral Flux,4.56E+14,,,Hz
43113.6,,,s,0.079852545,0.001470938,0.001470938,mJy,Spectral Flux,4.56E+14,,,Hz
43372.8,,,s,0.075978158,0.00776761,0.00776761,mJy,Spectral Flux,4.56E+14,,,Hz
43459.2,,,s,0.081337114,0.001498285,0.001498285,mJy,Spectral Flux,4.56E+14,,,Hz
43632,,,s,0.091345837,0.008497395,0.008497395,mJy,Spectral Flux,4.56E+14,,,Hz
43891.2,,,s,0.084311878,0.007765411,0.007765411,mJy,Spectral Flux,4.56E+14,,,Hz
44150.4,,,s,0.095036134,0.008840683,0.008840683,mJy,Spectral Flux,4.56E+14,,,Hz
44409.6,,,s,0.082773012,0.007623676,0.007623676,mJy,Spectral Flux,4.56E+14,,,Hz
44582.4,,,s,0.077676341,0.001430851,0.001430851,mJy,Spectral Flux,4.56E+14,,,Hz
44668.8,,,s,0.076399191,0.003096115,0.003096115,mJy,Spectral Flux,4.56E+14,,,Hz
44928,,,s,0.077604832,0.003645311,0.003645311,mJy,Spectral Flux,4.56E+14,,,Hz
44928,,,s,0.079120452,0.001457453,0.001457453,mJy,Spectral Flux,4.56E+14,,,Hz
45273.6,,,s,0.081262235,0.003517728,0.003517728,mJy,Spectral Flux,4.56E+14,,,Hz
45792,,,s,0.078829498,0.00217814,0.00217814,mJy,Spectral Flux,4.56E+14,,,Hz
45964.8,,,s,0.0769642,0.001417733,0.001417733,mJy,Spectral Flux,4.56E+14,,,Hz
46051.2,,,s,0.075281586,0.00291215,0.00291215,mJy,Spectral Flux,4.56E+14,,,Hz
46310.4,,,s,0.073635758,0.001898989,0.001898989,mJy,Spectral Flux,4.56E+14,,,Hz
46310.4,,,s,0.075559445,0.000695928,0.000695928,mJy,Spectral Flux,4.56E+14,,,Hz
46569.6,,,s,0.071234234,0.002558757,0.002558757,mJy,Spectral Flux,4.56E+14,,,Hz
46828.8,,,s,0.073432576,0.001758481,0.001758481,mJy,Spectral Flux,4.56E+14,,,Hz
47088,,,s,0.074797789,0.001928957,0.001928957,mJy,Spectral Flux,4.56E+14,,,Hz
47433.6,,,s,0.073500241,0.001353924,0.001353924,mJy,Spectral Flux,4.56E+14,,,Hz
47606.4,,,s,0.075004749,0.003039605,0.003039605,mJy,Spectral Flux,4.56E+14,,,Hz
47952,,,s,0.066540914,0.002390171,0.002390171,mJy,Spectral Flux,4.56E+14,,,Hz
48211.2,,,s,0.070321603,0.002525975,0.002525975,mJy,Spectral Flux,4.56E+14,,,Hz
48384,,,s,0.071365574,0.001248872,0.001248872,mJy,Spectral Flux,4.56E+14,,,Hz
48556.8,,,s,0.068405144,0.002016111,0.002016111,mJy,Spectral Flux,4.56E+14,,,Hz
48729.6,,,s,0.070256864,0.001100052,0.001100052,mJy,Spectral Flux,4.56E+14,,,Hz
48816,,,s,0.071893357,0.002052703,0.002052703,mJy,Spectral Flux,4.56E+14,,,Hz
48988.8,,,s,0.071959603,0.001060436,0.001060436,mJy,Spectral Flux,4.56E+14,,,Hz
49075.2,,,s,0.071431334,0.002631628,0.002631628,mJy,Spectral Flux,4.56E+14,,,Hz
49334.4,,,s,0.068028166,0.002255625,0.002255625,mJy,Spectral Flux,4.56E+14,,,Hz
49593.6,,,s,0.066174209,0.002986486,0.002986486,mJy,Spectral Flux,4.56E+14,,,Hz
49852.8,,,s,0.067590983,0.002552397,0.002552397,mJy,Spectral Flux,4.56E+14,,,Hz
50112,,,s,0.067590983,0.003299441,0.003299441,mJy,Spectral Flux,4.56E+14,,,Hz
50371.2,,,s,0.066540914,0.002574031,0.002574031,mJy,Spectral Flux,4.56E+14,,,Hz
50630.4,,,s,0.067590983,0.002303383,0.002303383,mJy,Spectral Flux,4.56E+14,,,Hz
50889.6,,,s,0.066174209,0.002986486,0.002986486,mJy,Spectral Flux,4.56E+14,,,Hz
51148.8,,,s,0.068216394,0.002764503,0.002764503,mJy,Spectral Flux,4.56E+14,,,Hz
51408,,,s,0.0639571,0.00282752,0.00282752,mJy,Spectral Flux,4.56E+14,,,Hz
51667.2,,,s,0.065748941,0.003027851,0.003027851,mJy,Spectral Flux,4.56E+14,,,Hz
51926.4,,,s,0.066540914,0.002880463,0.002880463,mJy,Spectral Flux,4.56E+14,,,Hz
52099.2,,,s,0.065870166,0.001213373,0.001213373,mJy,Spectral Flux,4.56E+14,,,Hz
52185.6,,,s,0.063195879,0.003259511,0.003259511,mJy,Spectral Flux,4.56E+14,,,Hz
52444.8,,,s,0.065627938,0.00108802,0.00108802,mJy,Spectral Flux,4.56E+14,,,Hz
52444.8,,,s,0.067156609,0.003587504,0.003587504,mJy,Spectral Flux,4.56E+14,,,Hz
52704,,,s,0.064966394,0.00095738,0.00095738,mJy,Spectral Flux,4.56E+14,,,Hz
52704,,,s,0.066971305,0.003824337,0.003824337,mJy,Spectral Flux,4.56E+14,,,Hz
53049.6,,,s,0.064966394,0.003650012,0.003650012,mJy,Spectral Flux,4.56E+14,,,Hz
53308.8,,,s,0.067590983,0.003735216,0.003735216,mJy,Spectral Flux,4.56E+14,,,Hz
53568,,,s,0.061814272,0.003814514,0.003814514,mJy,Spectral Flux,4.56E+14,,,Hz
53827.2,,,s,0.057264934,0.00374475,0.00374475,mJy,Spectral Flux,4.56E+14,,,Hz
54086.4,,,s,0.062386233,0.00350505,0.00350505,mJy,Spectral Flux,4.56E+14,,,Hz
54345.6,,,s,0.060686035,0.002906483,0.002906483,mJy,Spectral Flux,4.56E+14,,,Hz
54604.8,,,s,0.054536688,0.003666801,0.003666801,mJy,Spectral Flux,4.56E+14,,,Hz
54864,,,s,0.05957839,0.003457045,0.003457045,mJy,Spectral Flux,4.56E+14,,,Hz
55123.2,,,s,0.056375286,0.002959643,0.002959643,mJy,Spectral Flux,4.56E+14,,,Hz
55382.4,,,s,0.059250055,0.003656278,0.003656278,mJy,Spectral Flux,4.56E+14,,,Hz
55641.6,,,s,0.057954713,0.002562157,0.002562157,mJy,Spectral Flux,4.56E+14,,,Hz
55900.8,,,s,0.055346321,0.004078068,0.004078068,mJy,Spectral Flux,4.56E+14,,,Hz
56160,,,s,0.053837981,0.00262809,0.00262809,mJy,Spectral Flux,4.56E+14,,,Hz
56160,,,s,0.060910023,0.000953703,0.000953703,mJy,Spectral Flux,4.56E+14,,,Hz
56419.2,,,s,0.060686035,0.002068074,0.002068074,mJy,Spectral Flux,4.56E+14,,,Hz
56505.6,,,s,0.060910023,0.000897603,0.000897603,mJy,Spectral Flux,4.56E+14,,,Hz
56678.4,,,s,0.059250055,0.002401138,0.002401138,mJy,Spectral Flux,4.56E+14,,,Hz
56764.8,,,s,0.058977826,0.000977771,0.000977771,mJy,Spectral Flux,4.56E+14,,,Hz
56937.6,,,s,0.054186208,0.002694996,0.002694996,mJy,Spectral Flux,4.56E+14,,,Hz
57196.8,,,s,0.058706848,0.002541337,0.002541337,mJy,Spectral Flux,4.56E+14,,,Hz
57456,,,s,0.053541281,0.000838327,0.000838327,mJy,Spectral Flux,4.56E+14,,,Hz
57456,,,s,0.054036693,0.002787099,0.002787099,mJy,Spectral Flux,4.56E+14,,,Hz
57715.2,,,s,0.053442746,0.000886007,0.000886007,mJy,Spectral Flux,4.56E+14,,,Hz
57715.2,,,s,0.052370746,0.003376467,0.003376467,mJy,Spectral Flux,4.56E+14,,,Hz
57974.4,,,s,0.05689692,0.003615876,0.003615876,mJy,Spectral Flux,4.56E+14,,,Hz
58060.8,,,s,0.052904031,0.000974528,0.000974528,mJy,Spectral Flux,4.56E+14,,,Hz
58233.6,,,s,0.063780624,0.003994601,0.003994601,mJy,Spectral Flux,4.56E+14,,,Hz
58492.8,,,s,0.060910023,0.00549782,0.00549782,mJy,Spectral Flux,4.56E+14,,,Hz
58752,,,s,0.054186208,0.0054399,0.0054399,mJy,Spectral Flux,4.56E+14,,,Hz
59011.2,,,s,0.050013674,0.008660088,0.008660088,mJy,Spectral Flux,4.56E+14,,,Hz
63936,,,s,0.052467305,0.001304753,0.001304753,mJy,Spectral Flux,4.56E+14,,,Hz
64195.2,,,s,0.053541281,0.001380774,0.001380774,mJy,Spectral Flux,4.56E+14,,,Hz
64540.8,,,s,0.052660959,0.001406574,0.001406574,mJy,Spectral Flux,4.56E+14,,,Hz
5011.2,,,s,0.493738428,0.006821248,0.006821248,mJy,Spectral Flux,3.72E+14,,,Hz
5270.4,,,s,0.471082455,0.00433883,0.00433883,mJy,Spectral Flux,3.72E+14,,,Hz
5616,,,s,0.453624946,0.002506824,0.002506824,mJy,Spectral Flux,3.72E+14,,,Hz
6048,,,s,0.418308732,0.001926383,0.001926383,mJy,Spectral Flux,3.72E+14,,,Hz
6739.2,,,s,0.392551761,0.001446214,0.001446214,mJy,Spectral Flux,3.72E+14,,,Hz
7344,,,s,0.367364283,0.00203013,0.00203013,mJy,Spectral Flux,3.72E+14,,,Hz
7948.8,,,s,0.34474417,0.001587606,0.001587606,mJy,Spectral Flux,3.72E+14,,,Hz
8985.6,,,s,0.324710947,0.006579536,0.006579536,mJy,Spectral Flux,3.72E+14,,,Hz
9244.8,,,s,0.31095456,0.003723197,0.003723197,mJy,Spectral Flux,3.72E+14,,,Hz
9504,,,s,0.293424876,0.002972797,0.002972797,mJy,Spectral Flux,3.72E+14,,,Hz
10022.4,,,s,0.286217992,0.001845316,0.001845316,mJy,Spectral Flux,3.72E+14,,,Hz
10713.6,,,s,0.272581847,0.001506343,0.001506343,mJy,Spectral Flux,3.72E+14,,,Hz
11232,,,s,0.264178172,0.00170322,0.00170322,mJy,Spectral Flux,3.72E+14,,,Hz
11923.2,,,s,0.247455397,0.001595404,0.001595404,mJy,Spectral Flux,3.72E+14,,,Hz
12960,,,s,0.235449043,0.006288841,0.006288841,mJy,Spectral Flux,3.72E+14,,,Hz
13219.2,,,s,0.223407079,0.003498014,0.003498014,mJy,Spectral Flux,3.72E+14,,,Hz
13478.4,,,s,0.219733832,0.002428588,0.002428588,mJy,Spectral Flux,3.72E+14,,,Hz
13996.8,,,s,0.21315569,0.001766913,0.001766913,mJy,Spectral Flux,3.72E+14,,,Hz
14688,,,s,0.206393934,0.001330671,0.001330671,mJy,Spectral Flux,3.72E+14,,,Hz
15206.4,,,s,0.196379853,0.001808725,0.001808725,mJy,Spectral Flux,3.72E+14,,,Hz
15897.6,,,s,0.190150263,0.001401079,0.001401079,mJy,Spectral Flux,3.72E+14,,,Hz
17020.8,,,s,0.196560809,0.003801823,0.003801823,mJy,Spectral Flux,3.72E+14,,,Hz
17280,,,s,0.174862599,0.002737925,0.002737925,mJy,Spectral Flux,3.72E+14,,,Hz
17798.4,,,s,0.167763288,0.001699673,0.001699673,mJy,Spectral Flux,3.72E+14,,,Hz
18489.6,,,s,0.162441477,0.001645755,0.001645755,mJy,Spectral Flux,3.72E+14,,,Hz
19008,,,s,0.161397547,0.001783832,0.001783832,mJy,Spectral Flux,3.72E+14,,,Hz
19699.2,,,s,0.155702982,0.00129067,0.00129067,mJy,Spectral Flux,3.72E+14,,,Hz
20563.2,,,s,0.166378395,0.006742567,0.006742567,mJy,Spectral Flux,3.72E+14,,,Hz
20736,,,s,0.159623537,0.003528449,0.003528449,mJy,Spectral Flux,3.72E+14,,,Hz
21081.6,,,s,0.149932896,0.002623773,0.002623773,mJy,Spectral Flux,3.72E+14,,,Hz
21600,,,s,0.139796703,0.00154509,0.00154509,mJy,Spectral Flux,3.72E+14,,,Hz
22291.2,,,s,0.137751688,0.001649362,0.001649362,mJy,Spectral Flux,3.72E+14,,,Hz
49334.4,,,s,0.057530339,0.000900786,0.000900786,mJy,Spectral Flux,3.72E+14,,,Hz
49680,,,s,0.058276966,0.000805126,0.000805126,mJy,Spectral Flux,3.72E+14,,,Hz
50025.6,,,s,0.056480292,0.000728284,0.000728284,mJy,Spectral Flux,3.72E+14,,,Hz
53049.6,,,s,0.055756683,0.001027076,0.001027076,mJy,Spectral Flux,3.72E+14,,,Hz
53395.2,,,s,0.057213291,0.000790431,0.000790431,mJy,Spectral Flux,3.72E+14,,,Hz
53654.4,,,s,0.056740993,0.000679385,0.000679385,mJy,Spectral Flux,3.72E+14,,,Hz
58406.4,,,s,0.04896626,0.000631394,0.000631394,mJy,Spectral Flux,3.72E+14,,,Hz
58665.6,,,s,0.050850699,0.000562023,0.000562023,mJy,Spectral Flux,3.72E+14,,,Hz
59011.2,,,s,0.050384497,0.000649682,0.000649682,mJy,Spectral Flux,3.72E+14,,,Hz
64886.4,,,s,0.043601048,0.000562213,0.000562213,mJy,Spectral Flux,3.72E+14,,,Hz
65145.6,,,s,0.04340072,0.00055963,0.00055963,mJy,Spectral Flux,3.72E+14,,,Hz
65491.2,,,s,0.041600345,0.000651361,0.000651361,mJy,Spectral Flux,3.72E+14,,,Hz
850.747,,,s,6.11E-10,9.48E-11,9.48E-11,erg cm-2 s-1,Integrated Flux,,7.25E+16,2.42E+18,Hz
853.762,,,s,7.94E-10,1.18E-10,1.18E-10,erg cm-2 s-1,Integrated Flux,,7.25E+16,2.42E+18,Hz
857.433,,,s,6.60E-10,9.83E-11,9.83E-11,erg cm-2 s-1,Integrated Flux,,7.25E+16,2.42E+18,Hz
860.457,,,s,9.06E-10,1.38E-10,1.38E-10,erg cm-2 s-1,Integrated Flux,,7.25E+16,2.42E+18,Hz
863.261,,,s,8.03E-10,1.20E-10,1.20E-10,erg cm-2 s-1,Integrated Flux,,7.25E+16,2.42E+18,Hz
866.418,,,s,7.70E-10,1.15E-10,1.15E-10,erg cm-2 s-1,Integrated Flux,,7.25E+16,2.42E+18,Hz
869.571,,,s,6.62E-10,1.03E-10,1.03E-10,erg cm-2 s-1,Integrated Flux,,7.25E+16,2.42E+18,Hz
873.327,,,s,5.65E-10,8.59E-11,8.59E-11,erg cm-2 s-1,Integrated Flux,,7.25E+16,2.42E+18,Hz
877.002,,,s,7.60E-10,1.16E-10,1.16E-10,erg cm-2 s-1,Integrated Flux,,7.25E+16,2.42E+18,Hz
880.022,,,s,8.46E-10,1.26E-10,1.26E-10,erg cm-2 s-1,Integrated Flux,,7.25E+16,2.42E+18,Hz
883.423,,,s,6.47E-10,9.65E-11,9.65E-11,erg cm-2 s-1,Integrated Flux,,7.25E+16,2.42E+18,Hz
886.387,,,s,7.70E-10,1.20E-10,1.20E-10,erg cm-2 s-1,Integrated Flux,,7.25E+16,2.42E+18,Hz
890.271,,,s,5.59E-10,8.34E-11,8.34E-11,erg cm-2 s-1,Integrated Flux,,7.25E+16,2.42E+18,Hz
894.023,,,s,6.62E-10,1.01E-10,1.01E-10,erg cm-2 s-1,Integrated Flux,,7.25E+16,2.42E+18,Hz
897.283,,,s,8.24E-10,1.23E-10,1.23E-10,erg cm-2 s-1,Integrated Flux,,7.25E+16,2.42E+18,Hz
900.339,,,s,8.08E-10,1.20E-10,1.20E-10,erg cm-2 s-1,Integrated Flux,,7.25E+16,2.42E+18,Hz
903.216,,,s,8.93E-10,1.33E-10,1.33E-10,erg cm-2 s-1,Integrated Flux,,7.25E+16,2.42E+18,Hz
906.001,,,s,7.72E-10,1.17E-10,1.17E-10,erg cm-2 s-1,Integrated Flux,,7.25E+16,2.42E+18,Hz
909.278,,,s,6.87E-10,1.05E-10,1.05E-10,erg cm-2 s-1,Integrated Flux,,7.25E+16,2.42E+18,Hz
912.478,,,s,7.15E-10,1.07E-10,1.07E-10,erg cm-2 s-1,Integrated Flux,,7.25E+16,2.42E+18,Hz
916.199,,,s,6.43E-10,9.59E-11,9.59E-11,erg cm-2 s-1,Integrated Flux,,7.25E+16,2.42E+18,Hz
920.201,,,s,6.13E-10,9.14E-11,9.14E-11,erg cm-2 s-1,Integrated Flux,,7.25E+16,2.42E+18,Hz
923.249,,,s,8.66E-10,1.29E-10,1.29E-10,erg cm-2 s-1,Integrated Flux,,7.25E+16,2.42E+18,Hz
926.296,,,s,7.86E-10,1.17E-10,1.17E-10,erg cm-2 s-1,Integrated Flux,,7.25E+16,2.42E+18,Hz
929.241,,,s,7.54E-10,1.12E-10,1.12E-10,erg cm-2 s-1,Integrated Flux,,7.25E+16,2.42E+18,Hz
932.094,,,s,1.01E-09,1.54E-10,1.54E-10,erg cm-2 s-1,Integrated Flux,,7.25E+16,2.42E+18,Hz
935.416,,,s,5.70E-10,8.49E-11,8.49E-11,erg cm-2 s-1,Integrated Flux,,7.25E+16,2.42E+18,Hz
939.281,,,s,6.05E-10,9.60E-11,9.60E-11,erg cm-2 s-1,Integrated Flux,,7.25E+16,2.42E+18,Hz
942.892,,,s,6.44E-10,9.60E-11,9.60E-11,erg cm-2 s-1,Integrated Flux,,7.25E+16,2.42E+18,Hz
946.759,,,s,6.25E-10,9.91E-11,9.91E-11,erg cm-2 s-1,Integrated Flux,,7.25E+16,2.42E+18,Hz
950.136,,,s,6.10E-10,9.88E-11,9.88E-11,erg cm-2 s-1,Integrated Flux,,7.25E+16,2.42E+18,Hz
953.512,,,s,7.71E-10,1.17E-10,1.17E-10,erg cm-2 s-1,Integrated Flux,,7.25E+16,2.42E+18,Hz
956.994,,,s,6.85E-10,1.02E-10,1.02E-10,erg cm-2 s-1,Integrated Flux,,7.25E+16,2.42E+18,Hz
960.519,,,s,6.44E-10,1.00E-10,1.00E-10,erg cm-2 s-1,Integrated Flux,,7.25E+16,2.42E+18,Hz
964.282,,,s,6.12E-10,9.31E-11,9.31E-11,erg cm-2 s-1,Integrated Flux,,7.25E+16,2.42E+18,Hz
968.065,,,s,6.58E-10,9.80E-11,9.80E-11,erg cm-2 s-1,Integrated Flux,,7.25E+16,2.42E+18,Hz
971.368,,,s,8.13E-10,1.21E-10,1.21E-10,erg cm-2 s-1,Integrated Flux,,7.25E+16,2.42E+18,Hz
974.472,,,s,6.79E-10,1.05E-10,1.05E-10,erg cm-2 s-1,Integrated Flux,,7.25E+16,2.42E+18,Hz
977.777,,,s,7.01E-10,1.07E-10,1.07E-10,erg cm-2 s-1,Integrated Flux,,7.25E+16,2.42E+18,Hz
980.927,,,s,8.12E-10,1.21E-10,1.21E-10,erg cm-2 s-1,Integrated Flux,,7.25E+16,2.42E+18,Hz
984.244,,,s,4.78E-10,8.84E-11,8.84E-11,erg cm-2 s-1,Integrated Flux,,7.25E+16,2.42E+18,Hz
987.508,,,s,7.59E-10,1.15E-10,1.15E-10,erg cm-2 s-1,Integrated Flux,,7.25E+16,2.42E+18,Hz
990.31,,,s,7.71E-10,1.15E-10,1.15E-10,erg cm-2 s-1,Integrated Flux,,7.25E+16,2.42E+18,Hz
993.396,,,s,8.44E-10,1.26E-10,1.26E-10,erg cm-2 s-1,Integrated Flux,,7.25E+16,2.42E+18,Hz
996.418,,,s,7.06E-10,1.05E-10,1.05E-10,erg cm-2 s-1,Integrated Flux,,7.25E+16,2.42E+18,Hz
1000.235,,,s,5.86E-10,8.74E-11,8.74E-11,erg cm-2 s-1,Integrated Flux,,7.25E+16,2.42E+18,Hz
1004.241,,,s,6.25E-10,9.32E-11,9.32E-11,erg cm-2 s-1,Integrated Flux,,7.25E+16,2.42E+18,Hz
1007.996,,,s,6.45E-10,9.62E-11,9.62E-11,erg cm-2 s-1,Integrated Flux,,7.25E+16,2.42E+18,Hz
1011.744,,,s,5.97E-10,8.90E-11,8.90E-11,erg cm-2 s-1,Integrated Flux,,7.25E+16,2.42E+18,Hz
1015.393,,,s,6.90E-10,1.09E-10,1.09E-10,erg cm-2 s-1,Integrated Flux,,7.25E+16,2.42E+18,Hz
1018.421,,,s,8.83E-10,1.37E-10,1.37E-10,erg cm-2 s-1,Integrated Flux,,7.25E+16,2.42E+18,Hz
1021.803,,,s,5.27E-10,7.86E-11,7.86E-11,erg cm-2 s-1,Integrated Flux,,7.25E+16,2.42E+18,Hz
1025.956,,,s,6.15E-10,9.36E-11,9.36E-11,erg cm-2 s-1,Integrated Flux,,7.25E+16,2.42E+18,Hz
1029.444,,,s,8.06E-10,1.23E-10,1.23E-10,erg cm-2 s-1,Integrated Flux,,7.25E+16,2.42E+18,Hz
1032.531,,,s,7.69E-10,1.15E-10,1.15E-10,erg cm-2 s-1,Integrated Flux,,7.25E+16,2.42E+18,Hz
1035.647,,,s,6.27E-10,9.74E-11,9.74E-11,erg cm-2 s-1,Integrated Flux,,7.25E+16,2.42E+18,Hz
1039.652,,,s,4.64E-10,9.00E-11,9.00E-11,erg cm-2 s-1,Integrated Flux,,7.25E+16,2.42E+18,Hz
1042.889,,,s,6.65E-10,1.03E-10,1.03E-10,erg cm-2 s-1,Integrated Flux,,7.25E+16,2.42E+18,Hz
1046.191,,,s,7.74E-10,1.15E-10,1.15E-10,erg cm-2 s-1,Integrated Flux,,7.25E+16,2.42E+18,Hz
1049.11,,,s,6.68E-10,1.04E-10,1.04E-10,erg cm-2 s-1,Integrated Flux,,7.25E+16,2.42E+18,Hz
1052.681,,,s,7.02E-10,1.07E-10,1.07E-10,erg cm-2 s-1,Integrated Flux,,7.25E+16,2.42E+18,Hz
1056.371,,,s,6.23E-10,9.48E-11,9.48E-11,erg cm-2 s-1,Integrated Flux,,7.25E+16,2.42E+18,Hz
1059.97,,,s,6.97E-10,1.04E-10,1.04E-10,erg cm-2 s-1,Integrated Flux,,7.25E+16,2.42E+18,Hz
1063.208,,,s,7.46E-10,1.13E-10,1.13E-10,erg cm-2 s-1,Integrated Flux,,7.25E+16,2.42E+18,Hz
1066.827,,,s,5.33E-10,7.95E-11,7.95E-11,erg cm-2 s-1,Integrated Flux,,7.25E+16,2.42E+18,Hz
1070.955,,,s,6.60E-10,9.84E-11,9.84E-11,erg cm-2 s-1,Integrated Flux,,7.25E+16,2.42E+18,Hz
1074.4,,,s,8.49E-10,1.29E-10,1.29E-10,erg cm-2 s-1,Integrated Flux,,7.25E+16,2.42E+18,Hz
1077.355,,,s,7.17E-10,1.09E-10,1.09E-10,erg cm-2 s-1,Integrated Flux,,7.25E+16,2.42E+18,Hz
1080.542,,,s,6.47E-10,9.64E-11,9.64E-11,erg cm-2 s-1,Integrated Flux,,7.25E+16,2.42E+18,Hz
1084.251,,,s,6.78E-10,1.05E-10,1.05E-10,erg cm-2 s-1,Integrated Flux,,7.25E+16,2.42E+18,Hz
1087.692,,,s,6.65E-10,1.03E-10,1.03E-10,erg cm-2 s-1,Integrated Flux,,7.25E+16,2.42E+18,Hz
1091.572,,,s,5.42E-10,8.09E-11,8.09E-11,erg cm-2 s-1,Integrated Flux,,7.25E+16,2.42E+18,Hz
1095.56,,,s,7.09E-10,1.06E-10,1.06E-10,erg cm-2 s-1,Integrated Flux,,7.25E+16,2.42E+18,Hz
1099.032,,,s,7.40E-10,1.13E-10,1.13E-10,erg cm-2 s-1,Integrated Flux,,7.25E+16,2.42E+18,Hz
1102.237,,,s,6.52E-10,9.72E-11,9.72E-11,erg cm-2 s-1,Integrated Flux,,7.25E+16,2.42E+18,Hz
1105.792,,,s,7.32E-10,1.09E-10,1.09E-10,erg cm-2 s-1,Integrated Flux,,7.25E+16,2.42E+18,Hz
1109.612,,,s,5.61E-10,8.54E-11,8.54E-11,erg cm-2 s-1,Integrated Flux,,7.25E+16,2.42E+18,Hz
1113.433,,,s,6.32E-10,9.62E-11,9.62E-11,erg cm-2 s-1,Integrated Flux,,7.25E+16,2.42E+18,Hz
1117.037,,,s,7.47E-10,1.11E-10,1.11E-10,erg cm-2 s-1,Integrated Flux,,7.25E+16,2.42E+18,Hz
1120.47,,,s,5.16E-10,8.18E-11,8.18E-11,erg cm-2 s-1,Integrated Flux,,7.25E+16,2.42E+18,Hz
1125.039,,,s,6.12E-10,9.12E-11,9.12E-11,erg cm-2 s-1,Integrated Flux,,7.25E+16,2.42E+18,Hz
1128.631,,,s,6.55E-10,9.77E-11,9.77E-11,erg cm-2 s-1,Integrated Flux,,7.25E+16,2.42E+18,Hz
1131.941,,,s,6.72E-10,1.00E-10,1.00E-10,erg cm-2 s-1,Integrated Flux,,7.25E+16,2.42E+18,Hz
1135.869,,,s,6.13E-10,9.52E-11,9.52E-11,erg cm-2 s-1,Integrated Flux,,7.25E+16,2.42E+18,Hz
1139.588,,,s,6.57E-10,1.00E-10,1.00E-10,erg cm-2 s-1,Integrated Flux,,7.25E+16,2.42E+18,Hz
1142.686,,,s,7.51E-10,1.14E-10,1.14E-10,erg cm-2 s-1,Integrated Flux,,7.25E+16,2.42E+18,Hz
1146.28,,,s,6.63E-10,1.01E-10,1.01E-10,erg cm-2 s-1,Integrated Flux,,7.25E+16,2.42E+18,Hz
1149.802,,,s,4.49E-10,8.72E-11,8.72E-11,erg cm-2 s-1,Integrated Flux,,7.25E+16,2.42E+18,Hz
1153.401,,,s,5.63E-10,8.57E-11,8.57E-11,erg cm-2 s-1,Integrated Flux,,7.25E+16,2.42E+18,Hz
1157.899,,,s,5.01E-10,7.46E-11,7.46E-11,erg cm-2 s-1,Integrated Flux,,7.25E+16,2.42E+18,Hz
1162.244,,,s,5.90E-10,8.97E-11,8.97E-11,erg cm-2 s-1,Integrated Flux,,7.25E+16,2.42E+18,Hz
1166.331,,,s,5.45E-10,8.46E-11,8.46E-11,erg cm-2 s-1,Integrated Flux,,7.25E+16,2.42E+18,Hz
1171.033,,,s,5.09E-10,7.90E-11,7.90E-11,erg cm-2 s-1,Integrated Flux,,7.25E+16,2.42E+18,Hz
1175.258,,,s,5.82E-10,9.22E-11,9.22E-11,erg cm-2 s-1,Integrated Flux,,7.25E+16,2.42E+18,Hz
1179.266,,,s,5.73E-10,9.08E-11,9.08E-11,erg cm-2 s-1,Integrated Flux,,7.25E+16,2.42E+18,Hz
1182.835,,,s,5.68E-10,8.64E-11,8.64E-11,erg cm-2 s-1,Integrated Flux,,7.25E+16,2.42E+18,Hz
1186.711,,,s,7.43E-10,1.13E-10,1.13E-10,erg cm-2 s-1,Integrated Flux,,7.25E+16,2.42E+18,Hz
1190.209,,,s,6.55E-10,9.76E-11,9.76E-11,erg cm-2 s-1,Integrated Flux,,7.25E+16,2.42E+18,Hz
1194.096,,,s,6.45E-10,1.02E-10,1.02E-10,erg cm-2 s-1,Integrated Flux,,7.25E+16,2.42E+18,Hz
1197.465,,,s,5.94E-10,9.03E-11,9.03E-11,erg cm-2 s-1,Integrated Flux,,7.25E+16,2.42E+18,Hz
1201.396,,,s,6.36E-10,9.48E-11,9.48E-11,erg cm-2 s-1,Integrated Flux,,7.25E+16,2.42E+18,Hz
1205.185,,,s,6.28E-10,9.56E-11,9.56E-11,erg cm-2 s-1,Integrated Flux,,7.25E+16,2.42E+18,Hz
1209.048,,,s,4.83E-10,7.50E-11,7.50E-11,erg cm-2 s-1,Integrated Flux,,7.25E+16,2.42E+18,Hz
1213.618,,,s,6.26E-10,9.24E-11,9.24E-11,erg cm-2 s-1,Integrated Flux,,7.25E+16,2.42E+18,Hz
1217.536,,,s,5.10E-10,7.76E-11,7.76E-11,erg cm-2 s-1,Integrated Flux,,7.25E+16,2.42E+18,Hz
1222.03,,,s,6.20E-10,9.24E-11,9.24E-11,erg cm-2 s-1,Integrated Flux,,7.25E+16,2.42E+18,Hz
1225.966,,,s,5.86E-10,8.74E-11,8.74E-11,erg cm-2 s-1,Integrated Flux,,7.25E+16,2.42E+18,Hz
1230.063,,,s,6.84E-10,1.02E-10,1.02E-10,erg cm-2 s-1,Integrated Flux,,7.25E+16,2.42E+18,Hz
1233.669,,,s,5.60E-10,8.34E-11,8.34E-11,erg cm-2 s-1,Integrated Flux,,7.25E+16,2.42E+18,Hz
1237.865,,,s,4.59E-10,8.18E-11,8.18E-11,erg cm-2 s-1,Integrated Flux,,7.25E+16,2.42E+18,Hz
1241.332,,,s,4.47E-10,8.40E-11,8.40E-11,erg cm-2 s-1,Integrated Flux,,7.25E+16,2.42E+18,Hz
1245.842,,,s,6.00E-10,9.31E-11,9.31E-11,erg cm-2 s-1,Integrated Flux,,7.25E+16,2.42E+18,Hz
1249.89,,,s,4.73E-10,7.19E-11,7.19E-11,erg cm-2 s-1,Integrated Flux,,7.25E+16,2.42E+18,Hz
1254.537,,,s,6.20E-10,9.24E-11,9.24E-11,erg cm-2 s-1,Integrated Flux,,7.25E+16,2.42E+18,Hz
1258.408,,,s,5.86E-10,8.73E-11,8.73E-11,erg cm-2 s-1,Integrated Flux,,7.25E+16,2.42E+18,Hz
1261.7,,,s,8.24E-10,1.23E-10,1.23E-10,erg cm-2 s-1,Integrated Flux,,7.25E+16,2.42E+18,Hz
1265.436,,,s,5.74E-10,8.56E-11,8.56E-11,erg cm-2 s-1,Integrated Flux,,7.25E+16,2.42E+18,Hz
1269.111,,,s,7.53E-10,1.12E-10,1.12E-10,erg cm-2 s-1,Integrated Flux,,7.25E+16,2.42E+18,Hz
1272.848,,,s,5.18E-10,7.72E-11,7.72E-11,erg cm-2 s-1,Integrated Flux,,7.25E+16,2.42E+18,Hz
1277.229,,,s,5.26E-10,8.00E-11,8.00E-11,erg cm-2 s-1,Integrated Flux,,7.25E+16,2.42E+18,Hz
1281.779,,,s,5.65E-10,8.59E-11,8.59E-11,erg cm-2 s-1,Integrated Flux,,7.25E+16,2.42E+18,Hz
1285.515,,,s,4.86E-10,8.88E-11,8.88E-11,erg cm-2 s-1,Integrated Flux,,7.25E+16,2.42E+18,Hz
1288.871,,,s,7.19E-10,1.07E-10,1.07E-10,erg cm-2 s-1,Integrated Flux,,7.25E+16,2.42E+18,Hz
1292.742,,,s,5.80E-10,9.01E-11,9.01E-11,erg cm-2 s-1,Integrated Flux,,7.25E+16,2.42E+18,Hz
1296.582,,,s,6.57E-10,9.80E-11,9.80E-11,erg cm-2 s-1,Integrated Flux,,7.25E+16,2.42E+18,Hz
1299.559,,,s,6.91E-10,1.05E-10,1.05E-10,erg cm-2 s-1,Integrated Flux,,7.25E+16,2.42E+18,Hz
1303.286,,,s,4.32E-10,9.02E-11,9.02E-11,erg cm-2 s-1,Integrated Flux,,7.25E+16,2.42E+18,Hz
1306.579,,,s,4.55E-10,7.90E-11,7.90E-11,erg cm-2 s-1,Integrated Flux,,7.25E+16,2.42E+18,Hz
1310.546,,,s,6.06E-10,9.22E-11,9.22E-11,erg cm-2 s-1,Integrated Flux,,7.25E+16,2.42E+18,Hz
1314.623,,,s,6.19E-10,9.41E-11,9.41E-11,erg cm-2 s-1,Integrated Flux,,7.25E+16,2.42E+18,Hz
1318.484,,,s,5.68E-10,9.01E-11,9.01E-11,erg cm-2 s-1,Integrated Flux,,7.25E+16,2.42E+18,Hz
1322.895,,,s,3.83E-10,7.21E-11,7.21E-11,erg cm-2 s-1,Integrated Flux,,7.25E+16,2.42E+18,Hz
1326.443,,,s,5.74E-10,8.91E-11,8.91E-11,erg cm-2 s-1,Integrated Flux,,7.25E+16,2.42E+18,Hz
1329.828,,,s,7.95E-10,1.21E-10,1.21E-10,erg cm-2 s-1,Integrated Flux,,7.25E+16,2.42E+18,Hz
1333.417,,,s,6.56E-10,9.99E-11,9.99E-11,erg cm-2 s-1,Integrated Flux,,7.25E+16,2.42E+18,Hz
1337.009,,,s,6.91E-10,1.05E-10,1.05E-10,erg cm-2 s-1,Integrated Flux,,7.25E+16,2.42E+18,Hz
1340.389,,,s,6.27E-10,9.34E-11,9.34E-11,erg cm-2 s-1,Integrated Flux,,7.25E+16,2.42E+18,Hz
1344.41,,,s,6.17E-10,9.19E-11,9.19E-11,erg cm-2 s-1,Integrated Flux,,7.25E+16,2.42E+18,Hz
1347.685,,,s,4.43E-10,8.34E-11,8.34E-11,erg cm-2 s-1,Integrated Flux,,7.25E+16,2.42E+18,Hz
1351.725,,,s,6.67E-10,9.94E-11,9.94E-11,erg cm-2 s-1,Integrated Flux,,7.25E+16,2.42E+18,Hz
1355.391,,,s,6.52E-10,9.91E-11,9.91E-11,erg cm-2 s-1,Integrated Flux,,7.25E+16,2.42E+18,Hz
1358.53,,,s,7.49E-10,1.12E-10,1.12E-10,erg cm-2 s-1,Integrated Flux,,7.25E+16,2.42E+18,Hz
1361.987,,,s,6.75E-10,1.03E-10,1.03E-10,erg cm-2 s-1,Integrated Flux,,7.25E+16,2.42E+18,Hz
1365.904,,,s,5.46E-10,8.14E-11,8.14E-11,erg cm-2 s-1,Integrated Flux,,7.25E+16,2.42E+18,Hz
1370.079,,,s,5.70E-10,8.67E-11,8.67E-11,erg cm-2 s-1,Integrated Flux,,7.25E+16,2.42E+18,Hz
1374.007,,,s,6.13E-10,9.14E-11,9.14E-11,erg cm-2 s-1,Integrated Flux,,7.25E+16,2.42E+18,Hz
1378.032,,,s,5.56E-10,8.28E-11,8.28E-11,erg cm-2 s-1,Integrated Flux,,7.25E+16,2.42E+18,Hz
1381.907,,,s,6.49E-10,1.01E-10,1.01E-10,erg cm-2 s-1,Integrated Flux,,7.25E+16,2.42E+18,Hz
1385.679,,,s,4.47E-10,8.16E-11,8.16E-11,erg cm-2 s-1,Integrated Flux,,7.25E+16,2.42E+18,Hz
1389.699,,,s,5.97E-10,9.08E-11,9.08E-11,erg cm-2 s-1,Integrated Flux,,7.25E+16,2.42E+18,Hz
1393.71,,,s,5.14E-10,7.82E-11,7.82E-11,erg cm-2 s-1,Integrated Flux,,7.25E+16,2.42E+18,Hz
1397.609,,,s,6.91E-10,1.03E-10,1.03E-10,erg cm-2 s-1,Integrated Flux,,7.25E+16,2.42E+18,Hz
1401.465,,,s,5.18E-10,8.04E-11,8.04E-11,erg cm-2 s-1,Integrated Flux,,7.25E+16,2.42E+18,Hz
1405.985,,,s,5.19E-10,7.89E-11,7.89E-11,erg cm-2 s-1,Integrated Flux,,7.25E+16,2.42E+18,Hz
1410.239,,,s,6.13E-10,9.33E-11,9.33E-11,erg cm-2 s-1,Integrated Flux,,7.25E+16,2.42E+18,Hz
1414.652,,,s,4.94E-10,7.37E-11,7.37E-11,erg cm-2 s-1,Integrated Flux,,7.25E+16,2.42E+18,Hz
1419.191,,,s,5.65E-10,8.59E-11,8.59E-11,erg cm-2 s-1,Integrated Flux,,7.25E+16,2.42E+18,Hz
1423.099,,,s,6.55E-10,9.76E-11,9.76E-11,erg cm-2 s-1,Integrated Flux,,7.25E+16,2.42E+18,Hz
1426.901,,,s,6.18E-10,9.21E-11,9.21E-11,erg cm-2 s-1,Integrated Flux,,7.25E+16,2.42E+18,Hz
1430.466,,,s,4.77E-10,8.71E-11,8.71E-11,erg cm-2 s-1,Integrated Flux,,7.25E+16,2.42E+18,Hz
1434.112,,,s,6.21E-10,9.85E-11,9.85E-11,erg cm-2 s-1,Integrated Flux,,7.25E+16,2.42E+18,Hz
1437.304,,,s,4.80E-10,8.62E-11,8.62E-11,erg cm-2 s-1,Integrated Flux,,7.25E+16,2.42E+18,Hz
1440.787,,,s,8.01E-10,1.22E-10,1.22E-10,erg cm-2 s-1,Integrated Flux,,7.25E+16,2.42E+18,Hz
1444.025,,,s,4.76E-10,8.04E-11,8.04E-11,erg cm-2 s-1,Integrated Flux,,7.25E+16,2.42E+18,Hz
1448.11,,,s,6.67E-10,1.04E-10,1.04E-10,erg cm-2 s-1,Integrated Flux,,7.25E+16,2.42E+18,Hz
1451.292,,,s,6.66E-10,9.93E-11,9.93E-11,erg cm-2 s-1,Integrated Flux,,7.25E+16,2.42E+18,Hz
1454.745,,,s,4.59E-10,8.90E-11,8.90E-11,erg cm-2 s-1,Integrated Flux,,7.25E+16,2.42E+18,Hz
1457.88,,,s,4.70E-10,8.54E-11,8.54E-11,erg cm-2 s-1,Integrated Flux,,7.25E+16,2.42E+18,Hz
1461.614,,,s,6.76E-10,1.01E-10,1.01E-10,erg cm-2 s-1,Integrated Flux,,7.25E+16,2.42E+18,Hz
1465.774,,,s,4.07E-10,7.43E-11,7.43E-11,erg cm-2 s-1,Integrated Flux,,7.25E+16,2.42E+18,Hz
1469.582,,,s,5.23E-10,7.80E-11,7.80E-11,erg cm-2 s-1,Integrated Flux,,7.25E+16,2.42E+18,Hz
1473.652,,,s,6.73E-10,1.00E-10,1.00E-10,erg cm-2 s-1,Integrated Flux,,7.25E+16,2.42E+18,Hz
1477.452,,,s,5.94E-10,8.85E-11,8.85E-11,erg cm-2 s-1,Integrated Flux,,7.25E+16,2.42E+18,Hz
1481.171,,,s,4.51E-10,8.07E-11,8.07E-11,erg cm-2 s-1,Integrated Flux,,7.25E+16,2.42E+18,Hz
1485.33,,,s,5.82E-10,9.22E-11,9.22E-11,erg cm-2 s-1,Integrated Flux,,7.25E+16,2.42E+18,Hz
1489.336,,,s,6.20E-10,9.43E-11,9.43E-11,erg cm-2 s-1,Integrated Flux,,7.25E+16,2.42E+18,Hz
1492.89,,,s,6.19E-10,9.42E-11,9.42E-11,erg cm-2 s-1,Integrated Flux,,7.25E+16,2.42E+18,Hz
1496.316,,,s,7.86E-10,1.17E-10,1.17E-10,erg cm-2 s-1,Integrated Flux,,7.25E+16,2.42E+18,Hz
1499.9,,,s,5.23E-10,7.96E-11,7.96E-11,erg cm-2 s-1,Integrated Flux,,7.25E+16,2.42E+18,Hz
1504.259,,,s,4.28E-10,7.82E-11,7.82E-11,erg cm-2 s-1,Integrated Flux,,7.25E+16,2.42E+18,Hz
1507.738,,,s,7.57E-10,1.15E-10,1.15E-10,erg cm-2 s-1,Integrated Flux,,7.25E+16,2.42E+18,Hz
1511.217,,,s,3.89E-10,7.32E-11,7.32E-11,erg cm-2 s-1,Integrated Flux,,7.25E+16,2.42E+18,Hz
1515.214,,,s,4.85E-10,7.77E-11,7.77E-11,erg cm-2 s-1,Integrated Flux,,7.25E+16,2.42E+18,Hz
1519.369,,,s,6.24E-10,9.69E-11,9.69E-11,erg cm-2 s-1,Integrated Flux,,7.25E+16,2.42E+18,Hz
1522.628,,,s,4.56E-10,8.32E-11,8.32E-11,erg cm-2 s-1,Integrated Flux,,7.25E+16,2.42E+18,Hz
1526.456,,,s,4.43E-10,8.34E-11,8.34E-11,erg cm-2 s-1,Integrated Flux,,7.25E+16,2.42E+18,Hz
1529.913,,,s,6.72E-10,1.00E-10,1.00E-10,erg cm-2 s-1,Integrated Flux,,7.25E+16,2.42E+18,Hz
1533.811,,,s,5.53E-10,8.59E-11,8.59E-11,erg cm-2 s-1,Integrated Flux,,7.25E+16,2.42E+18,Hz
1537.524,,,s,4.45E-10,7.72E-11,7.72E-11,erg cm-2 s-1,Integrated Flux,,7.25E+16,2.42E+18,Hz
1541.824,,,s,6.12E-10,9.50E-11,9.50E-11,erg cm-2 s-1,Integrated Flux,,7.25E+16,2.42E+18,Hz
1546.092,,,s,4.90E-10,7.61E-11,7.61E-11,erg cm-2 s-1,Integrated Flux,,7.25E+16,2.42E+18,Hz
1550.533,,,s,5.13E-10,8.12E-11,8.12E-11,erg cm-2 s-1,Integrated Flux,,7.25E+16,2.42E+18,Hz
1555.061,,,s,4.86E-10,7.71E-11,7.71E-11,erg cm-2 s-1,Integrated Flux,,7.25E+16,2.42E+18,Hz
1559.143,,,s,7.24E-10,1.08E-10,1.08E-10,erg cm-2 s-1,Integrated Flux,,7.25E+16,2.42E+18,Hz
1563.223,,,s,5.17E-10,8.03E-11,8.03E-11,erg cm-2 s-1,Integrated Flux,,7.25E+16,2.42E+18,Hz
1567.695,,,s,5.34E-10,8.13E-11,8.13E-11,erg cm-2 s-1,Integrated Flux,,7.25E+16,2.42E+18,Hz
1571.839,,,s,5.62E-10,8.55E-11,8.55E-11,erg cm-2 s-1,Integrated Flux,,7.25E+16,2.42E+18,Hz
1575.564,,,s,4.75E-10,8.94E-11,8.94E-11,erg cm-2 s-1,Integrated Flux,,7.25E+16,2.42E+18,Hz
1579.541,,,s,5.53E-10,8.77E-11,8.77E-11,erg cm-2 s-1,Integrated Flux,,7.25E+16,2.42E+18,Hz
1583.445,,,s,5.68E-10,8.47E-11,8.47E-11,erg cm-2 s-1,Integrated Flux,,7.25E+16,2.42E+18,Hz
1587.43,,,s,5.73E-10,8.54E-11,8.54E-11,erg cm-2 s-1,Integrated Flux,,7.25E+16,2.42E+18,Hz
1591.27,,,s,5.78E-10,9.17E-11,9.17E-11,erg cm-2 s-1,Integrated Flux,,7.25E+16,2.42E+18,Hz
1595.61,,,s,5.88E-10,8.77E-11,8.77E-11,erg cm-2 s-1,Integrated Flux,,7.25E+16,2.42E+18,Hz
1599.676,,,s,5.91E-10,8.81E-11,8.81E-11,erg cm-2 s-1,Integrated Flux,,7.25E+16,2.42E+18,Hz
1603.358,,,s,4.69E-10,8.27E-11,8.27E-11,erg cm-2 s-1,Integrated Flux,,7.25E+16,2.42E+18,Hz
1607.389,,,s,6.90E-10,1.05E-10,1.05E-10,erg cm-2 s-1,Integrated Flux,,7.25E+16,2.42E+18,Hz
1611.048,,,s,6.37E-10,9.49E-11,9.49E-11,erg cm-2 s-1,Integrated Flux,,7.25E+16,2.42E+18,Hz
1614.871,,,s,5.46E-10,8.14E-11,8.14E-11,erg cm-2 s-1,Integrated Flux,,7.25E+16,2.42E+18,Hz
1619.825,,,s,5.57E-10,8.47E-11,8.47E-11,erg cm-2 s-1,Integrated Flux,,7.25E+16,2.42E+18,Hz
1623.117,,,s,8.30E-10,1.24E-10,1.24E-10,erg cm-2 s-1,Integrated Flux,,7.25E+16,2.42E+18,Hz
1626.561,,,s,5.02E-10,8.88E-11,8.88E-11,erg cm-2 s-1,Integrated Flux,,7.25E+16,2.42E+18,Hz
1630.555,,,s,5.43E-10,8.26E-11,8.26E-11,erg cm-2 s-1,Integrated Flux,,7.25E+16,2.42E+18,Hz
1634.277,,,s,4.88E-10,9.02E-11,9.02E-11,erg cm-2 s-1,Integrated Flux,,7.25E+16,2.42E+18,Hz
1638.027,,,s,4.41E-10,8.56E-11,8.56E-11,erg cm-2 s-1,Integrated Flux,,7.25E+16,2.42E+18,Hz
1642.094,,,s,5.81E-10,8.84E-11,8.84E-11,erg cm-2 s-1,Integrated Flux,,7.25E+16,2.42E+18,Hz
1646.285,,,s,4.06E-10,7.64E-11,7.64E-11,erg cm-2 s-1,Integrated Flux,,7.25E+16,2.42E+18,Hz
1649.988,,,s,7.00E-10,1.04E-10,1.04E-10,erg cm-2 s-1,Integrated Flux,,7.25E+16,2.42E+18,Hz
1653.851,,,s,4.26E-10,7.78E-11,7.78E-11,erg cm-2 s-1,Integrated Flux,,7.25E+16,2.42E+18,Hz
1657.516,,,s,4.96E-10,8.27E-11,8.27E-11,erg cm-2 s-1,Integrated Flux,,7.25E+16,2.42E+18,Hz
1661.878,,,s,6.09E-10,9.09E-11,9.09E-11,erg cm-2 s-1,Integrated Flux,,7.25E+16,2.42E+18,Hz
1665.986,,,s,4.93E-10,7.49E-11,7.49E-11,erg cm-2 s-1,Integrated Flux,,7.25E+16,2.42E+18,Hz
1670.723,,,s,5.44E-10,8.12E-11,8.12E-11,erg cm-2 s-1,Integrated Flux,,7.25E+16,2.42E+18,Hz
1675.566,,,s,5.28E-10,7.87E-11,7.87E-11,erg cm-2 s-1,Integrated Flux,,7.25E+16,2.42E+18,Hz
1680.123,,,s,5.03E-10,8.16E-11,8.16E-11,erg cm-2 s-1,Integrated Flux,,7.25E+16,2.42E+18,Hz
1684.128,,,s,6.50E-10,9.69E-11,9.69E-11,erg cm-2 s-1,Integrated Flux,,7.25E+16,2.42E+18,Hz
1688.097,,,s,5.76E-10,8.77E-11,8.77E-11,erg cm-2 s-1,Integrated Flux,,7.25E+16,2.42E+18,Hz
1692.249,,,s,6.63E-10,9.88E-11,9.88E-11,erg cm-2 s-1,Integrated Flux,,7.25E+16,2.42E+18,Hz
1696.289,,,s,4.14E-10,7.57E-11,7.57E-11,erg cm-2 s-1,Integrated Flux,,7.25E+16,2.42E+18,Hz
1700.65,,,s,4.90E-10,7.39E-11,7.39E-11,erg cm-2 s-1,Integrated Flux,,7.25E+16,2.42E+18,Hz
1705.567,,,s,5.48E-10,8.17E-11,8.17E-11,erg cm-2 s-1,Integrated Flux,,7.25E+16,2.42E+18,Hz
1709.455,,,s,4.84E-10,8.84E-11,8.84E-11,erg cm-2 s-1,Integrated Flux,,7.25E+16,2.42E+18,Hz
1712.794,,,s,6.58E-10,9.80E-11,9.80E-11,erg cm-2 s-1,Integrated Flux,,7.25E+16,2.42E+18,Hz
1717.217,,,s,5.76E-10,8.59E-11,8.59E-11,erg cm-2 s-1,Integrated Flux,,7.25E+16,2.42E+18,Hz
1721.399,,,s,5.29E-10,8.05E-11,8.05E-11,erg cm-2 s-1,Integrated Flux,,7.25E+16,2.42E+18,Hz
1726.197,,,s,5.70E-10,8.50E-11,8.50E-11,erg cm-2 s-1,Integrated Flux,,7.25E+16,2.42E+18,Hz
1730.2,,,s,4.35E-10,8.19E-11,8.19E-11,erg cm-2 s-1,Integrated Flux,,7.25E+16,2.42E+18,Hz
1734.288,,,s,5.93E-10,9.40E-11,9.40E-11,erg cm-2 s-1,Integrated Flux,,7.25E+16,2.42E+18,Hz
1737.896,,,s,4.81E-10,8.86E-11,8.86E-11,erg cm-2 s-1,Integrated Flux,,7.25E+16,2.42E+18,Hz
1742.044,,,s,5.42E-10,8.41E-11,8.41E-11,erg cm-2 s-1,Integrated Flux,,7.25E+16,2.42E+18,Hz
1746.145,,,s,4.47E-10,8.42E-11,8.42E-11,erg cm-2 s-1,Integrated Flux,,7.25E+16,2.42E+18,Hz
1750.221,,,s,5.28E-10,8.03E-11,8.03E-11,erg cm-2 s-1,Integrated Flux,,7.25E+16,2.42E+18,Hz
1754.513,,,s,3.50E-10,6.39E-11,6.39E-11,erg cm-2 s-1,Integrated Flux,,7.25E+16,2.42E+18,Hz
1758.456,,,s,8.00E-10,1.19E-10,1.19E-10,erg cm-2 s-1,Integrated Flux,,7.25E+16,2.42E+18,Hz
1762.12,,,s,4.68E-10,9.09E-11,9.09E-11,erg cm-2 s-1,Integrated Flux,,7.25E+16,2.42E+18,Hz
1765.558,,,s,3.95E-10,7.67E-11,7.67E-11,erg cm-2 s-1,Integrated Flux,,7.25E+16,2.42E+18,Hz
1769.766,,,s,5.43E-10,8.79E-11,8.79E-11,erg cm-2 s-1,Integrated Flux,,7.25E+16,2.42E+18,Hz
1773.816,,,s,4.63E-10,8.45E-11,8.45E-11,erg cm-2 s-1,Integrated Flux,,7.25E+16,2.42E+18,Hz
1777.644,,,s,4.67E-10,8.36E-11,8.36E-11,erg cm-2 s-1,Integrated Flux,,7.25E+16,2.42E+18,Hz
1781.472,,,s,4.93E-10,8.06E-11,8.06E-11,erg cm-2 s-1,Integrated Flux,,7.25E+16,2.42E+18,Hz
1785.574,,,s,5.10E-10,9.31E-11,9.31E-11,erg cm-2 s-1,Integrated Flux,,7.25E+16,2.42E+18,Hz
1788.916,,,s,4.21E-10,7.69E-11,7.69E-11,erg cm-2 s-1,Integrated Flux,,7.25E+16,2.42E+18,Hz
1793.431,,,s,3.73E-10,7.03E-11,7.03E-11,erg cm-2 s-1,Integrated Flux,,7.25E+16,2.42E+18,Hz
1797.729,,,s,5.48E-10,8.33E-11,8.33E-11,erg cm-2 s-1,Integrated Flux,,7.25E+16,2.42E+18,Hz
1802.119,,,s,6.20E-10,9.43E-11,9.43E-11,erg cm-2 s-1,Integrated Flux,,7.25E+16,2.42E+18,Hz
1805.824,,,s,4.34E-10,8.17E-11,8.17E-11,erg cm-2 s-1,Integrated Flux,,7.25E+16,2.42E+18,Hz
1810.053,,,s,5.09E-10,8.07E-11,8.07E-11,erg cm-2 s-1,Integrated Flux,,7.25E+16,2.42E+18,Hz
1814.637,,,s,3.61E-10,6.80E-11,6.80E-11,erg cm-2 s-1,Integrated Flux,,7.25E+16,2.42E+18,Hz
1818.817,,,s,4.80E-10,8.76E-11,8.76E-11,erg cm-2 s-1,Integrated Flux,,7.25E+16,2.42E+18,Hz
1822.225,,,s,6.04E-10,9.01E-11,9.01E-11,erg cm-2 s-1,Integrated Flux,,7.25E+16,2.42E+18,Hz
1826.671,,,s,5.47E-10,8.50E-11,8.50E-11,erg cm-2 s-1,Integrated Flux,,7.25E+16,2.42E+18,Hz
1830.695,,,s,4.76E-10,8.96E-11,8.96E-11,erg cm-2 s-1,Integrated Flux,,7.25E+16,2.42E+18,Hz
1833.964,,,s,4.78E-10,8.72E-11,8.72E-11,erg cm-2 s-1,Integrated Flux,,7.25E+16,2.42E+18,Hz
1838.327,,,s,3.67E-10,6.92E-11,6.92E-11,erg cm-2 s-1,Integrated Flux,,7.25E+16,2.42E+18,Hz
1842.498,,,s,4.99E-10,8.61E-11,8.61E-11,erg cm-2 s-1,Integrated Flux,,7.25E+16,2.42E+18,Hz
1846.714,,,s,5.36E-10,8.00E-11,8.00E-11,erg cm-2 s-1,Integrated Flux,,7.25E+16,2.42E+18,Hz
1851.268,,,s,3.85E-10,7.03E-11,7.03E-11,erg cm-2 s-1,Integrated Flux,,7.25E+16,2.42E+18,Hz
1855.771,,,s,4.41E-10,8.30E-11,8.30E-11,erg cm-2 s-1,Integrated Flux,,7.25E+16,2.42E+18,Hz
1859.384,,,s,5.42E-10,8.42E-11,8.42E-11,erg cm-2 s-1,Integrated Flux,,7.25E+16,2.42E+18,Hz
1864.066,,,s,5.52E-10,8.40E-11,8.40E-11,erg cm-2 s-1,Integrated Flux,,7.25E+16,2.42E+18,Hz
1868.085,,,s,7.08E-10,1.05E-10,1.05E-10,erg cm-2 s-1,Integrated Flux,,7.25E+16,2.42E+18,Hz
1871.875,,,s,4.29E-10,8.08E-11,8.08E-11,erg cm-2 s-1,Integrated Flux,,7.25E+16,2.42E+18,Hz
1876.031,,,s,5.00E-10,7.76E-11,7.76E-11,erg cm-2 s-1,Integrated Flux,,7.25E+16,2.42E+18,Hz
1879.967,,,s,7.01E-10,1.04E-10,1.04E-10,erg cm-2 s-1,Integrated Flux,,7.25E+16,2.42E+18,Hz
1884.469,,,s,5.88E-10,8.77E-11,8.77E-11,erg cm-2 s-1,Integrated Flux,,7.25E+16,2.42E+18,Hz
1888.803,,,s,3.94E-10,7.19E-11,7.19E-11,erg cm-2 s-1,Integrated Flux,,7.25E+16,2.42E+18,Hz
1893.816,,,s,2.92E-10,5.33E-11,5.33E-11,erg cm-2 s-1,Integrated Flux,,7.25E+16,2.42E+18,Hz
1898.652,,,s,3.77E-10,6.87E-11,6.87E-11,erg cm-2 s-1,Integrated Flux,,7.25E+16,2.42E+18,Hz
1902.342,,,s,4.55E-10,8.31E-11,8.31E-11,erg cm-2 s-1,Integrated Flux,,7.25E+16,2.42E+18,Hz
1906.2,,,s,4.17E-10,7.62E-11,7.62E-11,erg cm-2 s-1,Integrated Flux,,7.25E+16,2.42E+18,Hz
1910.005,,,s,4.66E-10,8.08E-11,8.08E-11,erg cm-2 s-1,Integrated Flux,,7.25E+16,2.42E+18,Hz
1914.678,,,s,4.04E-10,7.61E-11,7.61E-11,erg cm-2 s-1,Integrated Flux,,7.25E+16,2.42E+18,Hz
1917.998,,,s,4.46E-10,8.15E-11,8.15E-11,erg cm-2 s-1,Integrated Flux,,7.25E+16,2.42E+18,Hz
1921.921,,,s,4.07E-10,7.66E-11,7.66E-11,erg cm-2 s-1,Integrated Flux,,7.25E+16,2.42E+18,Hz
1926.234,,,s,5.00E-10,7.79E-11,7.79E-11,erg cm-2 s-1,Integrated Flux,,7.25E+16,2.42E+18,Hz
1930.517,,,s,4.97E-10,8.93E-11,8.93E-11,erg cm-2 s-1,Integrated Flux,,7.25E+16,2.42E+18,Hz
1934.084,,,s,4.88E-10,8.91E-11,8.91E-11,erg cm-2 s-1,Integrated Flux,,7.25E+16,2.42E+18,Hz
1938.067,,,s,3.48E-10,6.35E-11,6.35E-11,erg cm-2 s-1,Integrated Flux,,7.25E+16,2.42E+18,Hz
1942.13,,,s,4.68E-10,8.82E-11,8.82E-11,erg cm-2 s-1,Integrated Flux,,7.25E+16,2.42E+18,Hz
1945.541,,,s,4.40E-10,8.29E-11,8.29E-11,erg cm-2 s-1,Integrated Flux,,7.25E+16,2.42E+18,Hz
1949.426,,,s,5.97E-10,8.90E-11,8.90E-11,erg cm-2 s-1,Integrated Flux,,7.25E+16,2.42E+18,Hz
1953.41,,,s,4.93E-10,8.85E-11,8.85E-11,erg cm-2 s-1,Integrated Flux,,7.25E+16,2.42E+18,Hz
1957.511,,,s,5.93E-10,8.84E-11,8.84E-11,erg cm-2 s-1,Integrated Flux,,7.25E+16,2.42E+18,Hz
1961.207,,,s,7.18E-10,1.07E-10,1.07E-10,erg cm-2 s-1,Integrated Flux,,7.25E+16,2.42E+18,Hz
1964.909,,,s,5.79E-10,8.62E-11,8.62E-11,erg cm-2 s-1,Integrated Flux,,7.25E+16,2.42E+18,Hz
1968.791,,,s,4.64E-10,9.30E-11,9.30E-11,erg cm-2 s-1,Integrated Flux,,7.25E+16,2.42E+18,Hz
1972.423,,,s,5.92E-10,8.82E-11,8.82E-11,erg cm-2 s-1,Integrated Flux,,7.25E+16,2.42E+18,Hz
1976.961,,,s,4.93E-10,8.86E-11,8.86E-11,erg cm-2 s-1,Integrated Flux,,7.25E+16,2.42E+18,Hz
1979.669,,,s,7.70E-10,1.17E-10,1.17E-10,erg cm-2 s-1,Integrated Flux,,7.25E+16,2.42E+18,Hz
1983.463,,,s,4.24E-10,7.74E-11,7.74E-11,erg cm-2 s-1,Integrated Flux,,7.25E+16,2.42E+18,Hz
1987.515,,,s,5.86E-10,8.73E-11,8.73E-11,erg cm-2 s-1,Integrated Flux,,7.25E+16,2.42E+18,Hz
1991.428,,,s,4.64E-10,8.48E-11,8.48E-11,erg cm-2 s-1,Integrated Flux,,7.25E+16,2.42E+18,Hz
1994.773,,,s,4.76E-10,8.67E-11,8.67E-11,erg cm-2 s-1,Integrated Flux,,7.25E+16,2.42E+18,Hz
1998.975,,,s,5.18E-10,7.73E-11,7.73E-11,erg cm-2 s-1,Integrated Flux,,7.25E+16,2.42E+18,Hz
2003.748,,,s,4.91E-10,7.78E-11,7.78E-11,erg cm-2 s-1,Integrated Flux,,7.25E+16,2.42E+18,Hz
2009.007,,,s,3.35E-10,6.12E-11,6.12E-11,erg cm-2 s-1,Integrated Flux,,7.25E+16,2.42E+18,Hz
2013.138,,,s,4.71E-10,8.59E-11,8.59E-11,erg cm-2 s-1,Integrated Flux,,7.25E+16,2.42E+18,Hz
2016.896,,,s,4.35E-10,7.95E-11,7.95E-11,erg cm-2 s-1,Integrated Flux,,7.25E+16,2.42E+18,Hz
2020.635,,,s,6.65E-10,1.05E-10,1.05E-10,erg cm-2 s-1,Integrated Flux,,7.25E+16,2.42E+18,Hz
2024.048,,,s,4.78E-10,8.56E-11,8.56E-11,erg cm-2 s-1,Integrated Flux,,7.25E+16,2.42E+18,Hz
2028.285,,,s,5.20E-10,7.91E-11,7.91E-11,erg cm-2 s-1,Integrated Flux,,7.25E+16,2.42E+18,Hz
2032.821,,,s,4.90E-10,8.94E-11,8.94E-11,erg cm-2 s-1,Integrated Flux,,7.25E+16,2.42E+18,Hz
2036.238,,,s,5.77E-10,8.51E-11,8.51E-11,erg cm-2 s-1,Integrated Flux,,7.25E+16,2.42E+18,Hz
2040.407,,,s,4.91E-10,8.39E-11,8.39E-11,erg cm-2 s-1,Integrated Flux,,7.25E+16,2.42E+18,Hz
2044.435,,,s,6.26E-10,9.33E-11,9.33E-11,erg cm-2 s-1,Integrated Flux,,7.25E+16,2.42E+18,Hz
2048.519,,,s,5.07E-10,7.87E-11,7.87E-11,erg cm-2 s-1,Integrated Flux,,7.25E+16,2.42E+18,Hz
2052.853,,,s,5.07E-10,8.69E-11,8.69E-11,erg cm-2 s-1,Integrated Flux,,7.25E+16,2.42E+18,Hz
2056.761,,,s,7.27E-10,1.11E-10,1.11E-10,erg cm-2 s-1,Integrated Flux,,7.25E+16,2.42E+18,Hz
2060.004,,,s,5.08E-10,9.27E-11,9.27E-11,erg cm-2 s-1,Integrated Flux,,7.25E+16,2.42E+18,Hz
2063.402,,,s,4.66E-10,8.77E-11,8.77E-11,erg cm-2 s-1,Integrated Flux,,7.25E+16,2.42E+18,Hz
2067.184,,,s,4.29E-10,7.83E-11,7.83E-11,erg cm-2 s-1,Integrated Flux,,7.25E+16,2.42E+18,Hz
2070.941,,,s,4.75E-10,9.22E-11,9.22E-11,erg cm-2 s-1,Integrated Flux,,7.25E+16,2.42E+18,Hz
2074.297,,,s,3.92E-10,7.85E-11,7.85E-11,erg cm-2 s-1,Integrated Flux,,7.25E+16,2.42E+18,Hz
2078.739,,,s,3.58E-10,6.75E-11,6.75E-11,erg cm-2 s-1,Integrated Flux,,7.25E+16,2.42E+18,Hz
2082.966,,,s,4.23E-10,7.96E-11,7.96E-11,erg cm-2 s-1,Integrated Flux,,7.25E+16,2.42E+18,Hz
2087.077,,,s,4.16E-10,7.83E-11,7.83E-11,erg cm-2 s-1,Integrated Flux,,7.25E+16,2.42E+18,Hz
2090.812,,,s,4.24E-10,7.74E-11,7.74E-11,erg cm-2 s-1,Integrated Flux,,7.25E+16,2.42E+18,Hz
2094.635,,,s,4.92E-10,8.29E-11,8.29E-11,erg cm-2 s-1,Integrated Flux,,7.25E+16,2.42E+18,Hz
2098.626,,,s,4.36E-10,7.97E-11,7.97E-11,erg cm-2 s-1,Integrated Flux,,7.25E+16,2.42E+18,Hz
2102.123,,,s,4.65E-10,9.02E-11,9.02E-11,erg cm-2 s-1,Integrated Flux,,7.25E+16,2.42E+18,Hz
2106.478,,,s,5.15E-10,7.83E-11,7.83E-11,erg cm-2 s-1,Integrated Flux,,7.25E+16,2.42E+18,Hz
2110.778,,,s,4.95E-10,9.04E-11,9.04E-11,erg cm-2 s-1,Integrated Flux,,7.25E+16,2.42E+18,Hz
2114.19,,,s,6.33E-10,9.43E-11,9.43E-11,erg cm-2 s-1,Integrated Flux,,7.25E+16,2.42E+18,Hz
2118.411,,,s,5.10E-10,7.77E-11,7.77E-11,erg cm-2 s-1,Integrated Flux,,7.25E+16,2.42E+18,Hz
2123.938,,,s,3.33E-10,6.08E-11,6.08E-11,erg cm-2 s-1,Integrated Flux,,7.25E+16,2.42E+18,Hz
2127.805,,,s,4.93E-10,8.99E-11,8.99E-11,erg cm-2 s-1,Integrated Flux,,7.25E+16,2.42E+18,Hz
2131.814,,,s,3.51E-10,6.40E-11,6.40E-11,erg cm-2 s-1,Integrated Flux,,7.25E+16,2.42E+18,Hz
2136.361,,,s,4.68E-10,7.14E-11,7.14E-11,erg cm-2 s-1,Integrated Flux,,7.25E+16,2.42E+18,Hz
2140.982,,,s,3.45E-10,6.29E-11,6.29E-11,erg cm-2 s-1,Integrated Flux,,7.25E+16,2.42E+18,Hz
2146.075,,,s,5.09E-10,8.48E-11,8.48E-11,erg cm-2 s-1,Integrated Flux,,7.25E+16,2.42E+18,Hz
2149.957,,,s,4.04E-10,7.85E-11,7.85E-11,erg cm-2 s-1,Integrated Flux,,7.25E+16,2.42E+18,Hz
2154.031,,,s,3.76E-10,7.08E-11,7.08E-11,erg cm-2 s-1,Integrated Flux,,7.25E+16,2.42E+18,Hz
2157.889,,,s,5.07E-10,8.83E-11,8.83E-11,erg cm-2 s-1,Integrated Flux,,7.25E+16,2.42E+18,Hz
2161.461,,,s,4.96E-10,9.06E-11,9.06E-11,erg cm-2 s-1,Integrated Flux,,7.25E+16,2.42E+18,Hz
2165.342,,,s,6.17E-10,9.19E-11,9.19E-11,erg cm-2 s-1,Integrated Flux,,7.25E+16,2.42E+18,Hz
2169.97,,,s,4.02E-10,7.33E-11,7.33E-11,erg cm-2 s-1,Integrated Flux,,7.25E+16,2.42E+18,Hz
2172.906,,,s,4.54E-10,8.28E-11,8.28E-11,erg cm-2 s-1,Integrated Flux,,7.25E+16,2.42E+18,Hz
2177.026,,,s,4.08E-10,7.45E-11,7.45E-11,erg cm-2 s-1,Integrated Flux,,7.25E+16,2.42E+18,Hz
2180.912,,,s,4.51E-10,8.49E-11,8.49E-11,erg cm-2 s-1,Integrated Flux,,7.25E+16,2.42E+18,Hz
2185.447,,,s,3.29E-10,6.00E-11,6.00E-11,erg cm-2 s-1,Integrated Flux,,7.25E+16,2.42E+18,Hz
2189.464,,,s,4.85E-10,9.41E-11,9.41E-11,erg cm-2 s-1,Integrated Flux,,7.25E+16,2.42E+18,Hz
2192.561,,,s,7.29E-10,1.09E-10,1.09E-10,erg cm-2 s-1,Integrated Flux,,7.25E+16,2.42E+18,Hz
2196.048,,,s,4.61E-10,8.95E-11,8.95E-11,erg cm-2 s-1,Integrated Flux,,7.25E+16,2.42E+18,Hz
2199.55,,,s,4.97E-10,9.06E-11,9.06E-11,erg cm-2 s-1,Integrated Flux,,7.25E+16,2.42E+18,Hz
2203.17,,,s,4.17E-10,7.61E-11,7.61E-11,erg cm-2 s-1,Integrated Flux,,7.25E+16,2.42E+18,Hz
2207.346,,,s,4.13E-10,7.78E-11,7.78E-11,erg cm-2 s-1,Integrated Flux,,7.25E+16,2.42E+18,Hz
2211.507,,,s,3.38E-10,6.18E-11,6.18E-11,erg cm-2 s-1,Integrated Flux,,7.25E+16,2.42E+18,Hz
2215.439,,,s,4.69E-10,8.56E-11,8.56E-11,erg cm-2 s-1,Integrated Flux,,7.25E+16,2.42E+18,Hz
2219.264,,,s,4.91E-10,8.97E-11,8.97E-11,erg cm-2 s-1,Integrated Flux,,7.25E+16,2.42E+18,Hz
2222.72,,,s,4.77E-10,8.71E-11,8.71E-11,erg cm-2 s-1,Integrated Flux,,7.25E+16,2.42E+18,Hz
2226.596,,,s,3.45E-10,6.50E-11,6.50E-11,erg cm-2 s-1,Integrated Flux,,7.25E+16,2.42E+18,Hz
2231.097,,,s,4.06E-10,7.41E-11,7.41E-11,erg cm-2 s-1,Integrated Flux,,7.25E+16,2.42E+18,Hz
2235.229,,,s,4.77E-10,8.72E-11,8.72E-11,erg cm-2 s-1,Integrated Flux,,7.25E+16,2.42E+18,Hz
2238.361,,,s,4.43E-10,8.09E-11,8.09E-11,erg cm-2 s-1,Integrated Flux,,7.25E+16,2.42E+18,Hz
2242.736,,,s,4.11E-10,7.51E-11,7.51E-11,erg cm-2 s-1,Integrated Flux,,7.25E+16,2.42E+18,Hz
2247.087,,,s,3.50E-10,6.58E-11,6.58E-11,erg cm-2 s-1,Integrated Flux,,7.25E+16,2.42E+18,Hz
2250.994,,,s,4.57E-10,8.34E-11,8.34E-11,erg cm-2 s-1,Integrated Flux,,7.25E+16,2.42E+18,Hz
2254.644,,,s,4.56E-10,8.59E-11,8.59E-11,erg cm-2 s-1,Integrated Flux,,7.25E+16,2.42E+18,Hz
2258.263,,,s,4.69E-10,8.56E-11,8.56E-11,erg cm-2 s-1,Integrated Flux,,7.25E+16,2.42E+18,Hz
2261.386,,,s,5.08E-10,9.27E-11,9.27E-11,erg cm-2 s-1,Integrated Flux,,7.25E+16,2.42E+18,Hz
2265.708,,,s,3.67E-10,7.13E-11,7.13E-11,erg cm-2 s-1,Integrated Flux,,7.25E+16,2.42E+18,Hz
2270.392,,,s,3.43E-10,6.25E-11,6.25E-11,erg cm-2 s-1,Integrated Flux,,7.25E+16,2.42E+18,Hz
2274.288,,,s,5.79E-10,8.99E-11,8.99E-11,erg cm-2 s-1,Integrated Flux,,7.25E+16,2.42E+18,Hz
2278.173,,,s,4.44E-10,8.37E-11,8.37E-11,erg cm-2 s-1,Integrated Flux,,7.25E+16,2.42E+18,Hz
2282.393,,,s,4.13E-10,7.54E-11,7.54E-11,erg cm-2 s-1,Integrated Flux,,7.25E+16,2.42E+18,Hz
2286.115,,,s,6.73E-10,1.02E-10,1.02E-10,erg cm-2 s-1,Integrated Flux,,7.25E+16,2.42E+18,Hz
2289.885,,,s,4.38E-10,8.00E-11,8.00E-11,erg cm-2 s-1,Integrated Flux,,7.25E+16,2.42E+18,Hz
2294.261,,,s,3.71E-10,6.78E-11,6.78E-11,erg cm-2 s-1,Integrated Flux,,7.25E+16,2.42E+18,Hz
2298.369,,,s,3.78E-10,6.90E-11,6.90E-11,erg cm-2 s-1,Integrated Flux,,7.25E+16,2.42E+18,Hz
2303.002,,,s,3.75E-10,6.84E-11,6.84E-11,erg cm-2 s-1,Integrated Flux,,7.25E+16,2.42E+18,Hz
2307.035,,,s,4.85E-10,8.85E-11,8.85E-11,erg cm-2 s-1,Integrated Flux,,7.25E+16,2.42E+18,Hz
2310.067,,,s,5.08E-10,8.58E-11,8.58E-11,erg cm-2 s-1,Integrated Flux,,7.25E+16,2.42E+18,Hz
2315.039,,,s,3.77E-10,7.09E-11,7.09E-11,erg cm-2 s-1,Integrated Flux,,7.25E+16,2.42E+18,Hz
2318.301,,,s,4.75E-10,8.52E-11,8.52E-11,erg cm-2 s-1,Integrated Flux,,7.25E+16,2.42E+18,Hz
2322.854,,,s,3.66E-10,7.10E-11,7.10E-11,erg cm-2 s-1,Integrated Flux,,7.25E+16,2.42E+18,Hz
2326.381,,,s,4.65E-10,8.48E-11,8.48E-11,erg cm-2 s-1,Integrated Flux,,7.25E+16,2.42E+18,Hz
2329.927,,,s,4.64E-10,8.74E-11,8.74E-11,erg cm-2 s-1,Integrated Flux,,7.25E+16,2.42E+18,Hz
2333.726,,,s,3.94E-10,7.41E-11,7.41E-11,erg cm-2 s-1,Integrated Flux,,7.25E+16,2.42E+18,Hz
2337.741,,,s,4.31E-10,7.88E-11,7.88E-11,erg cm-2 s-1,Integrated Flux,,7.25E+16,2.42E+18,Hz
2341.425,,,s,4.38E-10,7.99E-11,7.99E-11,erg cm-2 s-1,Integrated Flux,,7.25E+16,2.42E+18,Hz
2345.246,,,s,4.88E-10,8.36E-11,8.36E-11,erg cm-2 s-1,Integrated Flux,,7.25E+16,2.42E+18,Hz
2349.37,,,s,4.17E-10,7.85E-11,7.85E-11,erg cm-2 s-1,Integrated Flux,,7.25E+16,2.42E+18,Hz
2353.224,,,s,3.48E-10,6.56E-11,6.56E-11,erg cm-2 s-1,Integrated Flux,,7.25E+16,2.42E+18,Hz
2357.113,,,s,4.66E-10,8.50E-11,8.50E-11,erg cm-2 s-1,Integrated Flux,,7.25E+16,2.42E+18,Hz
2361.513,,,s,4.02E-10,7.34E-11,7.34E-11,erg cm-2 s-1,Integrated Flux,,7.25E+16,2.42E+18,Hz
2365.609,,,s,4.01E-10,7.32E-11,7.32E-11,erg cm-2 s-1,Integrated Flux,,7.25E+16,2.42E+18,Hz
2369.601,,,s,4.68E-10,8.54E-11,8.54E-11,erg cm-2 s-1,Integrated Flux,,7.25E+16,2.42E+18,Hz
2372.989,,,s,4.99E-10,9.12E-11,9.12E-11,erg cm-2 s-1,Integrated Flux,,7.25E+16,2.42E+18,Hz
2376.636,,,s,3.19E-10,6.00E-11,6.00E-11,erg cm-2 s-1,Integrated Flux,,7.25E+16,2.42E+18,Hz
2381.594,,,s,4.30E-10,7.85E-11,7.85E-11,erg cm-2 s-1,Integrated Flux,,7.25E+16,2.42E+18,Hz
2385.404,,,s,4.69E-10,8.82E-11,8.82E-11,erg cm-2 s-1,Integrated Flux,,7.25E+16,2.42E+18,Hz
2389.278,,,s,4.17E-10,7.85E-11,7.85E-11,erg cm-2 s-1,Integrated Flux,,7.25E+16,2.42E+18,Hz
2393.134,,,s,3.43E-10,7.32E-11,7.32E-11,erg cm-2 s-1,Integrated Flux,,7.25E+16,2.42E+18,Hz
2397.85,,,s,3.91E-10,7.13E-11,7.13E-11,erg cm-2 s-1,Integrated Flux,,7.25E+16,2.42E+18,Hz
2401.83,,,s,3.46E-10,6.32E-11,6.32E-11,erg cm-2 s-1,Integrated Flux,,7.25E+16,2.42E+18,Hz
2406.458,,,s,4.11E-10,7.50E-11,7.50E-11,erg cm-2 s-1,Integrated Flux,,7.25E+16,2.42E+18,Hz
2410.012,,,s,4.30E-10,7.84E-11,7.84E-11,erg cm-2 s-1,Integrated Flux,,7.25E+16,2.42E+18,Hz
2414.727,,,s,3.29E-10,6.39E-11,6.39E-11,erg cm-2 s-1,Integrated Flux,,7.25E+16,2.42E+18,Hz
2418.783,,,s,4.65E-10,8.75E-11,8.75E-11,erg cm-2 s-1,Integrated Flux,,7.25E+16,2.42E+18,Hz
2422.295,,,s,4.04E-10,7.38E-11,7.38E-11,erg cm-2 s-1,Integrated Flux,,7.25E+16,2.42E+18,Hz
2426.152,,,s,4.57E-10,8.87E-11,8.87E-11,erg cm-2 s-1,Integrated Flux,,7.25E+16,2.42E+18,Hz
2430.718,,,s,3.55E-10,6.68E-11,6.68E-11,erg cm-2 s-1,Integrated Flux,,7.25E+16,2.42E+18,Hz
2434.746,,,s,3.71E-10,6.77E-11,6.77E-11,erg cm-2 s-1,Integrated Flux,,7.25E+16,2.42E+18,Hz
2440.186,,,s,3.06E-10,5.59E-11,5.59E-11,erg cm-2 s-1,Integrated Flux,,7.25E+16,2.42E+18,Hz
2445.316,,,s,3.35E-10,6.30E-11,6.30E-11,erg cm-2 s-1,Integrated Flux,,7.25E+16,2.42E+18,Hz
2449.334,,,s,5.00E-10,8.22E-11,8.22E-11,erg cm-2 s-1,Integrated Flux,,7.25E+16,2.42E+18,Hz
2463.725,,,s,2.72E-10,5.60E-11,5.60E-11,erg cm-2 s-1,Integrated Flux,,7.25E+16,2.42E+18,Hz
2482.086,,,s,2.70E-10,5.91E-11,5.91E-11,erg cm-2 s-1,Integrated Flux,,7.25E+16,2.42E+18,Hz
2495.701,,,s,4.54E-10,1.02E-10,1.02E-10,erg cm-2 s-1,Integrated Flux,,7.25E+16,2.42E+18,Hz
2510.172,,,s,3.32E-10,7.10E-11,7.10E-11,erg cm-2 s-1,Integrated Flux,,7.25E+16,2.42E+18,Hz
2526.811,,,s,2.84E-10,6.08E-11,6.08E-11,erg cm-2 s-1,Integrated Flux,,7.25E+16,2.42E+18,Hz
2542.141,,,s,3.20E-10,7.01E-11,7.01E-11,erg cm-2 s-1,Integrated Flux,,7.25E+16,2.42E+18,Hz
2555.976,,,s,4.55E-10,9.14E-11,9.14E-11,erg cm-2 s-1,Integrated Flux,,7.25E+16,2.42E+18,Hz
2569.5,,,s,3.45E-10,7.23E-11,7.23E-11,erg cm-2 s-1,Integrated Flux,,7.25E+16,2.42E+18,Hz
2585.526,,,s,3.48E-10,7.28E-11,7.28E-11,erg cm-2 s-1,Integrated Flux,,7.25E+16,2.42E+18,Hz
2598.249,,,s,3.64E-10,8.16E-11,8.16E-11,erg cm-2 s-1,Integrated Flux,,7.25E+16,2.42E+18,Hz
2612.235,,,s,4.19E-10,8.78E-11,8.78E-11,erg cm-2 s-1,Integrated Flux,,7.25E+16,2.42E+18,Hz
5982.563,,,s,1.40E-10,3.07E-11,3.07E-11,erg cm-2 s-1,Integrated Flux,,7.25E+16,2.42E+18,Hz
6013.968,,,s,1.62E-10,3.57E-11,3.57E-11,erg cm-2 s-1,Integrated Flux,,7.25E+16,2.42E+18,Hz
6047.748,,,s,1.15E-10,2.52E-11,2.52E-11,erg cm-2 s-1,Integrated Flux,,7.25E+16,2.42E+18,Hz
6086.591,,,s,2.02E-10,4.14E-11,4.14E-11,erg cm-2 s-1,Integrated Flux,,7.25E+16,2.42E+18,Hz
6114.619,,,s,1.50E-10,3.29E-11,3.29E-11,erg cm-2 s-1,Integrated Flux,,7.25E+16,2.42E+18,Hz
6148.153,,,s,1.70E-10,3.66E-11,3.66E-11,erg cm-2 s-1,Integrated Flux,,7.25E+16,2.42E+18,Hz
6178.018,,,s,1.49E-10,3.28E-11,3.28E-11,erg cm-2 s-1,Integrated Flux,,7.25E+16,2.42E+18,Hz
6214.554,,,s,1.38E-10,3.02E-11,3.02E-11,erg cm-2 s-1,Integrated Flux,,7.25E+16,2.42E+18,Hz
6243.34,,,s,1.52E-10,3.42E-11,3.42E-11,erg cm-2 s-1,Integrated Flux,,7.25E+16,2.42E+18,Hz
6273.053,,,s,1.68E-10,3.78E-11,3.78E-11,erg cm-2 s-1,Integrated Flux,,7.25E+16,2.42E+18,Hz
6302.789,,,s,1.50E-10,3.28E-11,3.28E-11,erg cm-2 s-1,Integrated Flux,,7.25E+16,2.42E+18,Hz
6332.28,,,s,1.76E-10,3.88E-11,3.88E-11,erg cm-2 s-1,Integrated Flux,,7.25E+16,2.42E+18,Hz
6369.53,,,s,1.22E-10,2.68E-11,2.68E-11,erg cm-2 s-1,Integrated Flux,,7.25E+16,2.42E+18,Hz
6403.936,,,s,1.43E-10,3.20E-11,3.20E-11,erg cm-2 s-1,Integrated Flux,,7.25E+16,2.42E+18,Hz
6436.155,,,s,1.64E-10,3.60E-11,3.60E-11,erg cm-2 s-1,Integrated Flux,,7.25E+16,2.42E+18,Hz
6467.077,,,s,1.50E-10,3.31E-11,3.31E-11,erg cm-2 s-1,Integrated Flux,,7.25E+16,2.42E+18,Hz
6494.542,,,s,2.18E-10,4.77E-11,4.77E-11,erg cm-2 s-1,Integrated Flux,,7.25E+16,2.42E+18,Hz
6516.517,,,s,1.87E-10,4.21E-11,4.21E-11,erg cm-2 s-1,Integrated Flux,,7.25E+16,2.42E+18,Hz
6543.596,,,s,1.86E-10,4.17E-11,4.17E-11,erg cm-2 s-1,Integrated Flux,,7.25E+16,2.42E+18,Hz
6567.538,,,s,1.55E-10,3.50E-11,3.50E-11,erg cm-2 s-1,Integrated Flux,,7.25E+16,2.42E+18,Hz
6602.472,,,s,1.39E-10,3.06E-11,3.06E-11,erg cm-2 s-1,Integrated Flux,,7.25E+16,2.42E+18,Hz
6633.985,,,s,1.85E-10,4.17E-11,4.17E-11,erg cm-2 s-1,Integrated Flux,,7.25E+16,2.42E+18,Hz
6664.798,,,s,1.40E-10,3.07E-11,3.07E-11,erg cm-2 s-1,Integrated Flux,,7.25E+16,2.42E+18,Hz
6695.28,,,s,1.78E-10,3.73E-11,3.73E-11,erg cm-2 s-1,Integrated Flux,,7.25E+16,2.42E+18,Hz
6720.441,,,s,2.41E-10,5.29E-11,5.29E-11,erg cm-2 s-1,Integrated Flux,,7.25E+16,2.42E+18,Hz
6753.786,,,s,1.37E-10,2.94E-11,2.94E-11,erg cm-2 s-1,Integrated Flux,,7.25E+16,2.42E+18,Hz
6778.032,,,s,2.35E-10,5.27E-11,5.27E-11,erg cm-2 s-1,Integrated Flux,,7.25E+16,2.42E+18,Hz
6805.36,,,s,1.68E-10,3.80E-11,3.80E-11,erg cm-2 s-1,Integrated Flux,,7.25E+16,2.42E+18,Hz
6828.676,,,s,1.42E-10,3.20E-11,3.20E-11,erg cm-2 s-1,Integrated Flux,,7.25E+16,2.42E+18,Hz
6864.339,,,s,1.86E-10,3.97E-11,3.97E-11,erg cm-2 s-1,Integrated Flux,,7.25E+16,2.42E+18,Hz
6890.86,,,s,1.70E-10,3.80E-11,3.80E-11,erg cm-2 s-1,Integrated Flux,,7.25E+16,2.42E+18,Hz
6921.074,,,s,1.55E-10,3.49E-11,3.49E-11,erg cm-2 s-1,Integrated Flux,,7.25E+16,2.42E+18,Hz
6949.917,,,s,1.62E-10,3.57E-11,3.57E-11,erg cm-2 s-1,Integrated Flux,,7.25E+16,2.42E+18,Hz
6984.777,,,s,1.22E-10,2.68E-11,2.68E-11,erg cm-2 s-1,Integrated Flux,,7.25E+16,2.42E+18,Hz
7023.119,,,s,1.24E-10,2.79E-11,2.79E-11,erg cm-2 s-1,Integrated Flux,,7.25E+16,2.42E+18,Hz
7055.344,,,s,1.64E-10,3.59E-11,3.59E-11,erg cm-2 s-1,Integrated Flux,,7.25E+16,2.42E+18,Hz
7084.676,,,s,1.69E-10,3.81E-11,3.81E-11,erg cm-2 s-1,Integrated Flux,,7.25E+16,2.42E+18,Hz
7121.45,,,s,1.36E-10,2.93E-11,2.93E-11,erg cm-2 s-1,Integrated Flux,,7.25E+16,2.42E+18,Hz
7156.009,,,s,1.44E-10,3.22E-11,3.22E-11,erg cm-2 s-1,Integrated Flux,,7.25E+16,2.42E+18,Hz
7187.973,,,s,1.33E-10,2.99E-11,2.99E-11,erg cm-2 s-1,Integrated Flux,,7.25E+16,2.42E+18,Hz
7221.069,,,s,1.26E-10,2.81E-11,2.81E-11,erg cm-2 s-1,Integrated Flux,,7.25E+16,2.42E+18,Hz
7263.943,,,s,1.16E-10,2.61E-11,2.61E-11,erg cm-2 s-1,Integrated Flux,,7.25E+16,2.42E+18,Hz
7301.532,,,s,1.09E-10,2.39E-11,2.39E-11,erg cm-2 s-1,Integrated Flux,,7.25E+16,2.42E+18,Hz
7340.173,,,s,1.86E-10,4.17E-11,4.17E-11,erg cm-2 s-1,Integrated Flux,,7.25E+16,2.42E+18,Hz
7369.123,,,s,1.15E-10,2.60E-11,2.60E-11,erg cm-2 s-1,Integrated Flux,,7.25E+16,2.42E+18,Hz
7412.377,,,s,1.65E-10,3.45E-11,3.45E-11,erg cm-2 s-1,Integrated Flux,,7.25E+16,2.42E+18,Hz
7444.725,,,s,1.33E-10,3.00E-11,3.00E-11,erg cm-2 s-1,Integrated Flux,,7.25E+16,2.42E+18,Hz
7476.822,,,s,1.55E-10,3.49E-11,3.49E-11,erg cm-2 s-1,Integrated Flux,,7.25E+16,2.42E+18,Hz
7522.289,,,s,8.82E-11,1.94E-11,1.94E-11,erg cm-2 s-1,Integrated Flux,,7.25E+16,2.42E+18,Hz
7564.201,,,s,1.43E-10,3.21E-11,3.21E-11,erg cm-2 s-1,Integrated Flux,,7.25E+16,2.42E+18,Hz
7596.328,,,s,1.39E-10,3.04E-11,3.04E-11,erg cm-2 s-1,Integrated Flux,,7.25E+16,2.42E+18,Hz
7628.262,,,s,1.33E-10,2.98E-11,2.98E-11,erg cm-2 s-1,Integrated Flux,,7.25E+16,2.42E+18,Hz
7665.223,,,s,1.50E-10,3.30E-11,3.30E-11,erg cm-2 s-1,Integrated Flux,,7.25E+16,2.42E+18,Hz
7699.006,,,s,1.30E-10,2.86E-11,2.86E-11,erg cm-2 s-1,Integrated Flux,,7.25E+16,2.42E+18,Hz
7734.071,,,s,1.44E-10,3.24E-11,3.24E-11,erg cm-2 s-1,Integrated Flux,,7.25E+16,2.42E+18,Hz
7778.821,,,s,8.80E-11,2.00E-11,2.00E-11,erg cm-2 s-1,Integrated Flux,,7.25E+16,2.42E+18,Hz
7820.306,,,s,1.78E-10,3.74E-11,3.74E-11,erg cm-2 s-1,Integrated Flux,,7.25E+16,2.42E+18,Hz
7850.512,,,s,1.48E-10,3.15E-11,3.15E-11,erg cm-2 s-1,Integrated Flux,,7.25E+16,2.42E+18,Hz
7890.402,,,s,1.24E-10,2.76E-11,2.76E-11,erg cm-2 s-1,Integrated Flux,,7.25E+16,2.42E+18,Hz
7934.397,,,s,8.85E-11,1.99E-11,1.99E-11,erg cm-2 s-1,Integrated Flux,,7.25E+16,2.42E+18,Hz
7979.162,,,s,1.43E-10,3.21E-11,3.21E-11,erg cm-2 s-1,Integrated Flux,,7.25E+16,2.42E+18,Hz
8004.989,,,s,1.68E-10,3.78E-11,3.78E-11,erg cm-2 s-1,Integrated Flux,,7.25E+16,2.42E+18,Hz
8042.338,,,s,1.02E-10,2.30E-11,2.30E-11,erg cm-2 s-1,Integrated Flux,,7.25E+16,2.42E+18,Hz
8076.573,,,s,1.86E-10,4.17E-11,4.17E-11,erg cm-2 s-1,Integrated Flux,,7.25E+16,2.42E+18,Hz
8107.038,,,s,1.68E-10,3.77E-11,3.77E-11,erg cm-2 s-1,Integrated Flux,,7.25E+16,2.42E+18,Hz
8133.859,,,s,1.16E-10,2.60E-11,2.60E-11,erg cm-2 s-1,Integrated Flux,,7.25E+16,2.42E+18,Hz
8180.647,,,s,1.08E-10,2.37E-11,2.37E-11,erg cm-2 s-1,Integrated Flux,,7.25E+16,2.42E+18,Hz
8221.116,,,s,1.32E-10,2.97E-11,2.97E-11,erg cm-2 s-1,Integrated Flux,,7.25E+16,2.42E+18,Hz
8262.983,,,s,1.02E-10,2.30E-11,2.30E-11,erg cm-2 s-1,Integrated Flux,,7.25E+16,2.42E+18,Hz
8313.26,,,s,9.24E-11,2.09E-11,2.09E-11,erg cm-2 s-1,Integrated Flux,,7.25E+16,2.42E+18,Hz
8345.358,,,s,1.85E-10,4.16E-11,4.16E-11,erg cm-2 s-1,Integrated Flux,,7.25E+16,2.42E+18,Hz
8375.316,,,s,1.15E-10,2.59E-11,2.59E-11,erg cm-2 s-1,Integrated Flux,,7.25E+16,2.42E+18,Hz
8413.427,,,s,1.32E-10,2.98E-11,2.98E-11,erg cm-2 s-1,Integrated Flux,,7.25E+16,2.42E+18,Hz
11779.228,,,s,7.66E-11,1.68E-11,1.68E-11,erg cm-2 s-1,Integrated Flux,,7.25E+16,2.42E+18,Hz
11833.997,,,s,8.71E-11,1.96E-11,1.96E-11,erg cm-2 s-1,Integrated Flux,,7.25E+16,2.42E+18,Hz
11884.14,,,s,8.38E-11,1.88E-11,1.88E-11,erg cm-2 s-1,Integrated Flux,,7.25E+16,2.42E+18,Hz
11928.959,,,s,1.11E-10,2.44E-11,2.44E-11,erg cm-2 s-1,Integrated Flux,,7.25E+16,2.42E+18,Hz
11977.54,,,s,9.66E-11,2.17E-11,2.17E-11,erg cm-2 s-1,Integrated Flux,,7.25E+16,2.42E+18,Hz
12030.069,,,s,8.70E-11,1.96E-11,1.96E-11,erg cm-2 s-1,Integrated Flux,,7.25E+16,2.42E+18,Hz
12089.729,,,s,5.45E-11,1.24E-11,1.24E-11,erg cm-2 s-1,Integrated Flux,,7.25E+16,2.42E+18,Hz
12162.581,,,s,9.17E-11,2.07E-11,2.07E-11,erg cm-2 s-1,Integrated Flux,,7.25E+16,2.42E+18,Hz
12209.09,,,s,8.64E-11,1.95E-11,1.95E-11,erg cm-2 s-1,Integrated Flux,,7.25E+16,2.42E+18,Hz
12264.422,,,s,9.96E-11,2.15E-11,2.15E-11,erg cm-2 s-1,Integrated Flux,,7.25E+16,2.42E+18,Hz
12315.899,,,s,8.31E-11,1.87E-11,1.87E-11,erg cm-2 s-1,Integrated Flux,,7.25E+16,2.42E+18,Hz
12379.194,,,s,7.08E-11,1.57E-11,1.57E-11,erg cm-2 s-1,Integrated Flux,,7.25E+16,2.42E+18,Hz
12445.702,,,s,7.40E-11,1.63E-11,1.63E-11,erg cm-2 s-1,Integrated Flux,,7.25E+16,2.42E+18,Hz
12487.381,,,s,1.60E-10,3.50E-11,3.50E-11,erg cm-2 s-1,Integrated Flux,,7.25E+16,2.42E+18,Hz
12538.299,,,s,7.34E-11,1.65E-11,1.65E-11,erg cm-2 s-1,Integrated Flux,,7.25E+16,2.42E+18,Hz
12607.718,,,s,7.09E-11,1.56E-11,1.56E-11,erg cm-2 s-1,Integrated Flux,,7.25E+16,2.42E+18,Hz
12659.653,,,s,9.21E-11,2.07E-11,2.07E-11,erg cm-2 s-1,Integrated Flux,,7.25E+16,2.42E+18,Hz
12724.969,,,s,7.70E-11,1.70E-11,1.70E-11,erg cm-2 s-1,Integrated Flux,,7.25E+16,2.42E+18,Hz
12777.375,,,s,7.69E-11,1.73E-11,1.73E-11,erg cm-2 s-1,Integrated Flux,,7.25E+16,2.42E+18,Hz
12843.064,,,s,6.53E-11,1.47E-11,1.47E-11,erg cm-2 s-1,Integrated Flux,,7.25E+16,2.42E+18,Hz
12924.032,,,s,5.03E-11,1.14E-11,1.14E-11,erg cm-2 s-1,Integrated Flux,,7.25E+16,2.42E+18,Hz
13003.282,,,s,6.75E-11,1.52E-11,1.52E-11,erg cm-2 s-1,Integrated Flux,,7.25E+16,2.42E+18,Hz
13062.834,,,s,7.95E-11,1.79E-11,1.79E-11,erg cm-2 s-1,Integrated Flux,,7.25E+16,2.42E+18,Hz
13120.882,,,s,9.60E-11,2.17E-11,2.17E-11,erg cm-2 s-1,Integrated Flux,,7.25E+16,2.42E+18,Hz
13182.917,,,s,5.71E-11,1.29E-11,1.29E-11,erg cm-2 s-1,Integrated Flux,,7.25E+16,2.42E+18,Hz
13256.048,,,s,8.34E-11,1.84E-11,1.84E-11,erg cm-2 s-1,Integrated Flux,,7.25E+16,2.42E+18,Hz
13313.557,,,s,6.30E-11,1.41E-11,1.41E-11,erg cm-2 s-1,Integrated Flux,,7.25E+16,2.42E+18,Hz
13384.644,,,s,6.71E-11,1.53E-11,1.53E-11,erg cm-2 s-1,Integrated Flux,,7.25E+16,2.42E+18,Hz
13445.575,,,s,8.68E-11,1.96E-11,1.96E-11,erg cm-2 s-1,Integrated Flux,,7.25E+16,2.42E+18,Hz
13503.37,,,s,7.53E-11,1.71E-11,1.71E-11,erg cm-2 s-1,Integrated Flux,,7.25E+16,2.42E+18,Hz
13560.165,,,s,9.10E-11,2.05E-11,2.05E-11,erg cm-2 s-1,Integrated Flux,,7.25E+16,2.42E+18,Hz
13611.935,,,s,6.95E-11,1.57E-11,1.57E-11,erg cm-2 s-1,Integrated Flux,,7.25E+16,2.42E+18,Hz
13690.282,,,s,5.88E-11,1.32E-11,1.32E-11,erg cm-2 s-1,Integrated Flux,,7.25E+16,2.42E+18,Hz
13784.656,,,s,4.41E-11,9.99E-12,9.99E-12,erg cm-2 s-1,Integrated Flux,,7.25E+16,2.42E+18,Hz
13889.722,,,s,4.91E-11,1.07E-11,1.07E-11,erg cm-2 s-1,Integrated Flux,,7.25E+16,2.42E+18,Hz
13956.441,,,s,7.02E-11,1.57E-11,1.57E-11,erg cm-2 s-1,Integrated Flux,,7.25E+16,2.42E+18,Hz
14026.959,,,s,9.47E-11,2.04E-11,2.04E-11,erg cm-2 s-1,Integrated Flux,,7.25E+16,2.42E+18,Hz
14078.923,,,s,7.24E-11,1.64E-11,1.64E-11,erg cm-2 s-1,Integrated Flux,,7.25E+16,2.42E+18,Hz
14164.158,,,s,6.51E-11,1.25E-11,1.25E-11,erg cm-2 s-1,Integrated Flux,,7.25E+16,2.42E+18,Hz
17533.181,,,s,6.28E-11,1.40E-11,1.40E-11,erg cm-2 s-1,Integrated Flux,,7.25E+16,2.42E+18,Hz
17593.851,,,s,3.45E-11,7.44E-12,7.44E-12,erg cm-2 s-1,Integrated Flux,,7.25E+16,2.42E+18,Hz
17666.818,,,s,4.31E-11,9.78E-12,9.78E-12,erg cm-2 s-1,Integrated Flux,,7.25E+16,2.42E+18,Hz
17729.247,,,s,3.36E-11,7.57E-12,7.57E-12,erg cm-2 s-1,Integrated Flux,,7.25E+16,2.42E+18,Hz
17801.741,,,s,4.46E-11,9.58E-12,9.58E-12,erg cm-2 s-1,Integrated Flux,,7.25E+16,2.42E+18,Hz
17862.26,,,s,3.59E-11,8.10E-12,8.10E-12,erg cm-2 s-1,Integrated Flux,,7.25E+16,2.42E+18,Hz
17938.359,,,s,3.70E-11,8.31E-12,8.31E-12,erg cm-2 s-1,Integrated Flux,,7.25E+16,2.42E+18,Hz
18006.553,,,s,4.17E-11,9.19E-12,9.19E-12,erg cm-2 s-1,Integrated Flux,,7.25E+16,2.42E+18,Hz
18050.943,,,s,5.24E-11,1.18E-11,1.18E-11,erg cm-2 s-1,Integrated Flux,,7.25E+16,2.42E+18,Hz
18103.848,,,s,5.57E-11,1.25E-11,1.25E-11,erg cm-2 s-1,Integrated Flux,,7.25E+16,2.42E+18,Hz
18156.997,,,s,4.00E-11,9.01E-12,9.01E-12,erg cm-2 s-1,Integrated Flux,,7.25E+16,2.42E+18,Hz
18223.693,,,s,3.70E-11,8.35E-12,8.35E-12,erg cm-2 s-1,Integrated Flux,,7.25E+16,2.42E+18,Hz
18281.367,,,s,5.28E-11,1.19E-11,1.19E-11,erg cm-2 s-1,Integrated Flux,,7.25E+16,2.42E+18,Hz
18332.033,,,s,5.50E-11,1.20E-11,1.20E-11,erg cm-2 s-1,Integrated Flux,,7.25E+16,2.42E+18,Hz
18390.174,,,s,3.55E-11,8.00E-12,8.00E-12,erg cm-2 s-1,Integrated Flux,,7.25E+16,2.42E+18,Hz
18460.634,,,s,3.55E-11,8.04E-12,8.04E-12,erg cm-2 s-1,Integrated Flux,,7.25E+16,2.42E+18,Hz
18524.948,,,s,3.81E-11,8.59E-12,8.59E-12,erg cm-2 s-1,Integrated Flux,,7.25E+16,2.42E+18,Hz
18589.69,,,s,4.83E-11,1.06E-11,1.06E-11,erg cm-2 s-1,Integrated Flux,,7.25E+16,2.42E+18,Hz
18635.301,,,s,6.62E-11,1.45E-11,1.45E-11,erg cm-2 s-1,Integrated Flux,,7.25E+16,2.42E+18,Hz
18677.021,,,s,5.06E-11,1.14E-11,1.14E-11,erg cm-2 s-1,Integrated Flux,,7.25E+16,2.42E+18,Hz
18720.276,,,s,7.20E-11,1.61E-11,1.61E-11,erg cm-2 s-1,Integrated Flux,,7.25E+16,2.42E+18,Hz
18785.946,,,s,2.49E-11,5.61E-12,5.61E-12,erg cm-2 s-1,Integrated Flux,,7.25E+16,2.42E+18,Hz
18860.679,,,s,4.04E-11,9.11E-12,9.11E-12,erg cm-2 s-1,Integrated Flux,,7.25E+16,2.42E+18,Hz
18932.888,,,s,4.26E-11,9.58E-12,9.58E-12,erg cm-2 s-1,Integrated Flux,,7.25E+16,2.42E+18,Hz
18988.301,,,s,4.21E-11,9.44E-12,9.44E-12,erg cm-2 s-1,Integrated Flux,,7.25E+16,2.42E+18,Hz
19059.747,,,s,3.93E-11,8.65E-12,8.65E-12,erg cm-2 s-1,Integrated Flux,,7.25E+16,2.42E+18,Hz
19114.172,,,s,4.37E-11,9.81E-12,9.81E-12,erg cm-2 s-1,Integrated Flux,,7.25E+16,2.42E+18,Hz
19186.541,,,s,3.94E-11,8.64E-12,8.64E-12,erg cm-2 s-1,Integrated Flux,,7.25E+16,2.42E+18,Hz
19241.114,,,s,5.05E-11,1.10E-11,1.10E-11,erg cm-2 s-1,Integrated Flux,,7.25E+16,2.42E+18,Hz
19290.307,,,s,5.91E-11,1.30E-11,1.30E-11,erg cm-2 s-1,Integrated Flux,,7.25E+16,2.42E+18,Hz
19333.646,,,s,5.60E-11,1.23E-11,1.23E-11,erg cm-2 s-1,Integrated Flux,,7.25E+16,2.42E+18,Hz
19390.605,,,s,4.61E-11,1.03E-11,1.03E-11,erg cm-2 s-1,Integrated Flux,,7.25E+16,2.42E+18,Hz
19436.114,,,s,5.33E-11,1.20E-11,1.20E-11,erg cm-2 s-1,Integrated Flux,,7.25E+16,2.42E+18,Hz
19507.561,,,s,3.03E-11,6.89E-12,6.89E-12,erg cm-2 s-1,Integrated Flux,,7.25E+16,2.42E+18,Hz
19577.65,,,s,4.58E-11,1.04E-11,1.04E-11,erg cm-2 s-1,Integrated Flux,,7.25E+16,2.42E+18,Hz
19624.035,,,s,5.08E-11,1.14E-11,1.14E-11,erg cm-2 s-1,Integrated Flux,,7.25E+16,2.42E+18,Hz
19681.325,,,s,3.75E-11,8.42E-12,8.42E-12,erg cm-2 s-1,Integrated Flux,,7.25E+16,2.42E+18,Hz
19740.124,,,s,4.81E-11,1.08E-11,1.08E-11,erg cm-2 s-1,Integrated Flux,,7.25E+16,2.42E+18,Hz
19803.707,,,s,4.40E-11,9.67E-12,9.67E-12,erg cm-2 s-1,Integrated Flux,,7.25E+16,2.42E+18,Hz
19865.737,,,s,4.22E-11,9.48E-12,9.48E-12,erg cm-2 s-1,Integrated Flux,,7.25E+16,2.42E+18,Hz
19931.55,,,s,4.63E-11,7.91E-12,7.91E-12,erg cm-2 s-1,Integrated Flux,,7.25E+16,2.42E+18,Hz
23322.623,,,s,3.30E-11,7.43E-12,7.43E-12,erg cm-2 s-1,Integrated Flux,,7.25E+16,2.42E+18,Hz
23382.994,,,s,3.37E-11,7.40E-12,7.40E-12,erg cm-2 s-1,Integrated Flux,,7.25E+16,2.42E+18,Hz
23451.05,,,s,3.14E-11,6.91E-12,6.91E-12,erg cm-2 s-1,Integrated Flux,,7.25E+16,2.42E+18,Hz
23523.829,,,s,2.18E-11,4.93E-12,4.93E-12,erg cm-2 s-1,Integrated Flux,,7.25E+16,2.42E+18,Hz
23587.397,,,s,3.76E-11,8.47E-12,8.47E-12,erg cm-2 s-1,Integrated Flux,,7.25E+16,2.42E+18,Hz
23642.43,,,s,2.77E-11,6.22E-12,6.22E-12,erg cm-2 s-1,Integrated Flux,,7.25E+16,2.42E+18,Hz
23697.095,,,s,4.19E-11,9.40E-12,9.40E-12,erg cm-2 s-1,Integrated Flux,,7.25E+16,2.42E+18,Hz
23754.26,,,s,3.24E-11,7.29E-12,7.29E-12,erg cm-2 s-1,Integrated Flux,,7.25E+16,2.42E+18,Hz
23816.762,,,s,3.13E-11,6.86E-12,6.86E-12,erg cm-2 s-1,Integrated Flux,,7.25E+16,2.42E+18,Hz
23866.843,,,s,4.97E-11,1.12E-11,1.12E-11,erg cm-2 s-1,Integrated Flux,,7.25E+16,2.42E+18,Hz
23904.953,,,s,4.64E-11,1.04E-11,1.04E-11,erg cm-2 s-1,Integrated Flux,,7.25E+16,2.42E+18,Hz
23956.471,,,s,2.33E-11,5.27E-12,5.27E-12,erg cm-2 s-1,Integrated Flux,,7.25E+16,2.42E+18,Hz
24040.708,,,s,2.06E-11,4.67E-12,4.67E-12,erg cm-2 s-1,Integrated Flux,,7.25E+16,2.42E+18,Hz
24118.073,,,s,3.53E-11,8.01E-12,8.01E-12,erg cm-2 s-1,Integrated Flux,,7.25E+16,2.42E+18,Hz
24184.383,,,s,2.94E-11,6.44E-12,6.44E-12,erg cm-2 s-1,Integrated Flux,,7.25E+16,2.42E+18,Hz
24245.318,,,s,3.12E-11,7.03E-12,7.03E-12,erg cm-2 s-1,Integrated Flux,,7.25E+16,2.42E+18,Hz
24313.634,,,s,2.14E-11,4.83E-12,4.83E-12,erg cm-2 s-1,Integrated Flux,,7.25E+16,2.42E+18,Hz
24388.236,,,s,3.01E-11,6.77E-12,6.77E-12,erg cm-2 s-1,Integrated Flux,,7.25E+16,2.42E+18,Hz
24468.962,,,s,2.19E-11,4.96E-12,4.96E-12,erg cm-2 s-1,Integrated Flux,,7.25E+16,2.42E+18,Hz
24534.163,,,s,3.40E-11,7.65E-12,7.65E-12,erg cm-2 s-1,Integrated Flux,,7.25E+16,2.42E+18,Hz
24602.985,,,s,2.50E-11,5.63E-12,5.63E-12,erg cm-2 s-1,Integrated Flux,,7.25E+16,2.42E+18,Hz
24670.684,,,s,2.68E-11,6.04E-12,6.04E-12,erg cm-2 s-1,Integrated Flux,,7.25E+16,2.42E+18,Hz
24739.383,,,s,2.99E-11,6.76E-12,6.76E-12,erg cm-2 s-1,Integrated Flux,,7.25E+16,2.42E+18,Hz
24824.332,,,s,1.89E-11,4.21E-12,4.21E-12,erg cm-2 s-1,Integrated Flux,,7.25E+16,2.42E+18,Hz
24913.294,,,s,2.53E-11,5.58E-12,5.58E-12,erg cm-2 s-1,Integrated Flux,,7.25E+16,2.42E+18,Hz
24972.194,,,s,4.43E-11,9.94E-12,9.94E-12,erg cm-2 s-1,Integrated Flux,,7.25E+16,2.42E+18,Hz
25030.609,,,s,2.90E-11,6.51E-12,6.51E-12,erg cm-2 s-1,Integrated Flux,,7.25E+16,2.42E+18,Hz
25107.74,,,s,2.05E-11,4.41E-12,4.41E-12,erg cm-2 s-1,Integrated Flux,,7.25E+16,2.42E+18,Hz
25193.459,,,s,2.58E-11,5.89E-12,5.89E-12,erg cm-2 s-1,Integrated Flux,,7.25E+16,2.42E+18,Hz
25265.048,,,s,3.37E-11,7.65E-12,7.65E-12,erg cm-2 s-1,Integrated Flux,,7.25E+16,2.42E+18,Hz
25314.69,,,s,3.41E-11,7.64E-12,7.64E-12,erg cm-2 s-1,Integrated Flux,,7.25E+16,2.42E+18,Hz
25367.723,,,s,4.40E-11,9.89E-12,9.89E-12,erg cm-2 s-1,Integrated Flux,,7.25E+16,2.42E+18,Hz
25426.763,,,s,2.59E-11,5.81E-12,5.81E-12,erg cm-2 s-1,Integrated Flux,,7.25E+16,2.42E+18,Hz
25484.563,,,s,3.76E-11,8.47E-12,8.47E-12,erg cm-2 s-1,Integrated Flux,,7.25E+16,2.42E+18,Hz
25549.123,,,s,2.81E-11,6.32E-12,6.32E-12,erg cm-2 s-1,Integrated Flux,,7.25E+16,2.42E+18,Hz
25619.403,,,s,2.70E-11,5.96E-12,5.96E-12,erg cm-2 s-1,Integrated Flux,,7.25E+16,2.42E+18,Hz
25715.996,,,s,2.69E-11,4.70E-12,4.70E-12,erg cm-2 s-1,Integrated Flux,,7.25E+16,2.42E+18,Hz
29112.933,,,s,3.06E-11,6.87E-12,6.87E-12,erg cm-2 s-1,Integrated Flux,,7.25E+16,2.42E+18,Hz
29200.558,,,s,1.94E-11,4.36E-12,4.36E-12,erg cm-2 s-1,Integrated Flux,,7.25E+16,2.42E+18,Hz
29293.238,,,s,2.87E-11,6.31E-12,6.31E-12,erg cm-2 s-1,Integrated Flux,,7.25E+16,2.42E+18,Hz
29353.39,,,s,3.05E-11,6.86E-12,6.86E-12,erg cm-2 s-1,Integrated Flux,,7.25E+16,2.42E+18,Hz
29424.578,,,s,3.30E-11,7.25E-12,7.25E-12,erg cm-2 s-1,Integrated Flux,,7.25E+16,2.42E+18,Hz
29484.271,,,s,3.79E-11,8.50E-12,8.50E-12,erg cm-2 s-1,Integrated Flux,,7.25E+16,2.42E+18,Hz
29551.465,,,s,2.56E-11,5.78E-12,5.78E-12,erg cm-2 s-1,Integrated Flux,,7.25E+16,2.42E+18,Hz
29632.575,,,s,2.86E-11,6.44E-12,6.44E-12,erg cm-2 s-1,Integrated Flux,,7.25E+16,2.42E+18,Hz
29684.859,,,s,4.28E-11,9.61E-12,9.61E-12,erg cm-2 s-1,Integrated Flux,,7.25E+16,2.42E+18,Hz
29787.643,,,s,1.73E-11,3.91E-12,3.91E-12,erg cm-2 s-1,Integrated Flux,,7.25E+16,2.42E+18,Hz
29875.037,,,s,2.63E-11,5.89E-12,5.89E-12,erg cm-2 s-1,Integrated Flux,,7.25E+16,2.42E+18,Hz
29972.064,,,s,1.96E-11,4.43E-12,4.43E-12,erg cm-2 s-1,Integrated Flux,,7.25E+16,2.42E+18,Hz
30059.328,,,s,3.13E-11,7.03E-12,7.03E-12,erg cm-2 s-1,Integrated Flux,,7.25E+16,2.42E+18,Hz
30136.671,,,s,2.22E-11,4.98E-12,4.98E-12,erg cm-2 s-1,Integrated Flux,,7.25E+16,2.42E+18,Hz
30238.364,,,s,1.54E-11,3.39E-12,3.39E-12,erg cm-2 s-1,Integrated Flux,,7.25E+16,2.42E+18,Hz
30371.984,,,s,2.11E-11,4.77E-12,4.77E-12,erg cm-2 s-1,Integrated Flux,,7.25E+16,2.42E+18,Hz
30448.578,,,s,2.08E-11,4.69E-12,4.69E-12,erg cm-2 s-1,Integrated Flux,,7.25E+16,2.42E+18,Hz
30563.534,,,s,1.75E-11,3.95E-12,3.95E-12,erg cm-2 s-1,Integrated Flux,,7.25E+16,2.42E+18,Hz
30696.617,,,s,1.89E-11,4.15E-12,4.15E-12,erg cm-2 s-1,Integrated Flux,,7.25E+16,2.42E+18,Hz
30800.231,,,s,1.86E-11,4.20E-12,4.20E-12,erg cm-2 s-1,Integrated Flux,,7.25E+16,2.42E+18,Hz
30926.196,,,s,1.35E-11,2.98E-12,2.98E-12,erg cm-2 s-1,Integrated Flux,,7.25E+16,2.42E+18,Hz
31051.212,,,s,1.86E-11,4.20E-12,4.20E-12,erg cm-2 s-1,Integrated Flux,,7.25E+16,2.42E+18,Hz
31150.506,,,s,2.35E-11,5.27E-12,5.27E-12,erg cm-2 s-1,Integrated Flux,,7.25E+16,2.42E+18,Hz
31245.521,,,s,1.80E-11,4.07E-12,4.07E-12,erg cm-2 s-1,Integrated Flux,,7.25E+16,2.42E+18,Hz
31378.724,,,s,1.79E-11,3.93E-12,3.93E-12,erg cm-2 s-1,Integrated Flux,,7.25E+16,2.42E+18,Hz
31477.952,,,s,2.72E-11,4.99E-12,4.99E-12,erg cm-2 s-1,Integrated Flux,,7.25E+16,2.42E+18,Hz
34910.244,,,s,1.38E-11,3.11E-12,3.11E-12,erg cm-2 s-1,Integrated Flux,,7.25E+16,2.42E+18,Hz
35050.96,,,s,3.16E-11,6.90E-12,6.90E-12,erg cm-2 s-1,Integrated Flux,,7.25E+16,2.42E+18,Hz
35178.339,,,s,1.80E-11,3.97E-12,3.97E-12,erg cm-2 s-1,Integrated Flux,,7.25E+16,2.42E+18,Hz
35310.064,,,s,2.40E-11,5.42E-12,5.42E-12,erg cm-2 s-1,Integrated Flux,,7.25E+16,2.42E+18,Hz
35415.862,,,s,1.25E-11,2.81E-12,2.81E-12,erg cm-2 s-1,Integrated Flux,,7.25E+16,2.42E+18,Hz
35554.159,,,s,1.32E-11,2.84E-12,2.84E-12,erg cm-2 s-1,Integrated Flux,,7.25E+16,2.42E+18,Hz
35652.196,,,s,1.88E-11,4.20E-12,4.20E-12,erg cm-2 s-1,Integrated Flux,,7.25E+16,2.42E+18,Hz
35726.511,,,s,1.80E-11,3.95E-12,3.95E-12,erg cm-2 s-1,Integrated Flux,,7.25E+16,2.42E+18,Hz
35821.432,,,s,1.32E-11,2.99E-12,2.99E-12,erg cm-2 s-1,Integrated Flux,,7.25E+16,2.42E+18,Hz
35918.962,,,s,1.44E-11,3.25E-12,3.25E-12,erg cm-2 s-1,Integrated Flux,,7.25E+16,2.42E+18,Hz
36060.992,,,s,2.03E-11,4.59E-12,4.59E-12,erg cm-2 s-1,Integrated Flux,,7.25E+16,2.42E+18,Hz
36223.79,,,s,1.16E-11,2.63E-12,2.63E-12,erg cm-2 s-1,Integrated Flux,,7.25E+16,2.42E+18,Hz
36463.508,,,s,1.24E-11,2.80E-12,2.80E-12,erg cm-2 s-1,Integrated Flux,,7.25E+16,2.42E+18,Hz
36620.13,,,s,1.10E-11,2.49E-12,2.49E-12,erg cm-2 s-1,Integrated Flux,,7.25E+16,2.42E+18,Hz
36739.111,,,s,1.42E-11,3.20E-12,3.20E-12,erg cm-2 s-1,Integrated Flux,,7.25E+16,2.42E+18,Hz
36880.113,,,s,1.31E-11,2.96E-12,2.96E-12,erg cm-2 s-1,Integrated Flux,,7.25E+16,2.42E+18,Hz
37029.575,,,s,2.08E-11,4.69E-12,4.69E-12,erg cm-2 s-1,Integrated Flux,,7.25E+16,2.42E+18,Hz
37219.74,,,s,1.74E-11,3.32E-12,3.32E-12,erg cm-2 s-1,Integrated Flux,,7.25E+16,2.42E+18,Hz
40754.924,,,s,1.10E-11,2.48E-12,2.48E-12,erg cm-2 s-1,Integrated Flux,,7.25E+16,2.42E+18,Hz
40890.955,,,s,1.24E-11,2.78E-12,2.78E-12,erg cm-2 s-1,Integrated Flux,,7.25E+16,2.42E+18,Hz
41000.77,,,s,1.16E-11,2.62E-12,2.62E-12,erg cm-2 s-1,Integrated Flux,,7.25E+16,2.42E+18,Hz
41117.934,,,s,1.16E-11,2.55E-12,2.55E-12,erg cm-2 s-1,Integrated Flux,,7.25E+16,2.42E+18,Hz
41251.003,,,s,1.23E-11,2.77E-12,2.77E-12,erg cm-2 s-1,Integrated Flux,,7.25E+16,2.42E+18,Hz
41380.263,,,s,1.14E-11,2.57E-12,2.57E-12,erg cm-2 s-1,Integrated Flux,,7.25E+16,2.42E+18,Hz
41556.789,,,s,2.35E-11,5.20E-12,5.20E-12,erg cm-2 s-1,Integrated Flux,,7.25E+16,2.42E+18,Hz
41787.441,,,s,1.01E-11,2.27E-12,2.27E-12,erg cm-2 s-1,Integrated Flux,,7.25E+16,2.42E+18,Hz
41981.234,,,s,1.06E-11,2.41E-12,2.41E-12,erg cm-2 s-1,Integrated Flux,,7.25E+16,2.42E+18,Hz
42134.085,,,s,1.20E-11,2.70E-12,2.70E-12,erg cm-2 s-1,Integrated Flux,,7.25E+16,2.42E+18,Hz
42244.41,,,s,1.47E-11,3.32E-12,3.32E-12,erg cm-2 s-1,Integrated Flux,,7.25E+16,2.42E+18,Hz
42340.937,,,s,1.28E-11,2.87E-12,2.87E-12,erg cm-2 s-1,Integrated Flux,,7.25E+16,2.42E+18,Hz
42463.303,,,s,1.28E-11,2.79E-12,2.79E-12,erg cm-2 s-1,Integrated Flux,,7.25E+16,2.42E+18,Hz
42585.273,,,s,1.06E-11,2.38E-12,2.38E-12,erg cm-2 s-1,Integrated Flux,,7.25E+16,2.42E+18,Hz
42715.407,,,s,1.30E-11,2.91E-12,2.91E-12,erg cm-2 s-1,Integrated Flux,,7.25E+16,2.42E+18,Hz
42830.558,,,s,1.23E-11,2.69E-12,2.69E-12,erg cm-2 s-1,Integrated Flux,,7.25E+16,2.42E+18,Hz
43006.439,,,s,1.16E-11,2.00E-12,2.00E-12,erg cm-2 s-1,Integrated Flux,,7.25E+16,2.42E+18,Hz
46463.497,,,s,1.43E-11,3.20E-12,3.20E-12,erg cm-2 s-1,Integrated Flux,,7.25E+16,2.42E+18,Hz
46559.2,,,s,1.14E-11,2.50E-12,2.50E-12,erg cm-2 s-1,Integrated Flux,,7.25E+16,2.42E+18,Hz
46648.535,,,s,1.30E-11,2.93E-12,2.93E-12,erg cm-2 s-1,Integrated Flux,,7.25E+16,2.42E+18,Hz
46737.044,,,s,1.40E-11,3.13E-12,3.13E-12,erg cm-2 s-1,Integrated Flux,,7.25E+16,2.42E+18,Hz
46834.947,,,s,1.67E-11,3.75E-12,3.75E-12,erg cm-2 s-1,Integrated Flux,,7.25E+16,2.42E+18,Hz
46979.87,,,s,9.62E-12,2.16E-12,2.16E-12,erg cm-2 s-1,Integrated Flux,,7.25E+16,2.42E+18,Hz
47073.4,,,s,1.34E-11,3.02E-12,3.02E-12,erg cm-2 s-1,Integrated Flux,,7.25E+16,2.42E+18,Hz
47166.418,,,s,9.67E-12,2.18E-12,2.18E-12,erg cm-2 s-1,Integrated Flux,,7.25E+16,2.42E+18,Hz
47312.685,,,s,1.75E-11,3.95E-12,3.95E-12,erg cm-2 s-1,Integrated Flux,,7.25E+16,2.42E+18,Hz
47592.264,,,s,1.18E-11,2.68E-12,2.68E-12,erg cm-2 s-1,Integrated Flux,,7.25E+16,2.42E+18,Hz
47708.005,,,s,1.31E-11,2.93E-12,2.93E-12,erg cm-2 s-1,Integrated Flux,,7.25E+16,2.42E+18,Hz
47826.592,,,s,8.89E-12,2.01E-12,2.01E-12,erg cm-2 s-1,Integrated Flux,,7.25E+16,2.42E+18,Hz
47923.259,,,s,1.43E-11,3.20E-12,3.20E-12,erg cm-2 s-1,Integrated Flux,,7.25E+16,2.42E+18,Hz
48002.366,,,s,1.52E-11,3.41E-12,3.41E-12,erg cm-2 s-1,Integrated Flux,,7.25E+16,2.42E+18,Hz
48096.636,,,s,1.04E-11,2.33E-12,2.33E-12,erg cm-2 s-1,Integrated Flux,,7.25E+16,2.42E+18,Hz
48193.171,,,s,1.34E-11,3.01E-12,3.01E-12,erg cm-2 s-1,Integrated Flux,,7.25E+16,2.42E+18,Hz
48279.794,,,s,1.13E-11,2.56E-12,2.56E-12,erg cm-2 s-1,Integrated Flux,,7.25E+16,2.42E+18,Hz
48378.841,,,s,1.52E-11,3.41E-12,3.41E-12,erg cm-2 s-1,Integrated Flux,,7.25E+16,2.42E+18,Hz
48453.424,,,s,1.14E-11,2.56E-12,2.56E-12,erg cm-2 s-1,Integrated Flux,,7.25E+16,2.42E+18,Hz
48559.11,,,s,1.20E-11,2.70E-12,2.70E-12,erg cm-2 s-1,Integrated Flux,,7.25E+16,2.42E+18,Hz
48656.272,,,s,1.11E-11,2.50E-12,2.50E-12,erg cm-2 s-1,Integrated Flux,,7.25E+16,2.42E+18,Hz
48783.577,,,s,1.26E-11,2.08E-12,2.08E-12,erg cm-2 s-1,Integrated Flux,,7.25E+16,2.42E+18,Hz
52214.915,,,s,9.49E-12,2.09E-12,2.09E-12,erg cm-2 s-1,Integrated Flux,,7.25E+16,2.42E+18,Hz
52338.577,,,s,1.35E-11,3.04E-12,3.04E-12,erg cm-2 s-1,Integrated Flux,,7.25E+16,2.42E+18,Hz
52488.007,,,s,2.08E-11,4.69E-12,4.69E-12,erg cm-2 s-1,Integrated Flux,,7.25E+16,2.42E+18,Hz
52616.138,,,s,1.37E-11,3.09E-12,3.09E-12,erg cm-2 s-1,Integrated Flux,,7.25E+16,2.42E+18,Hz
52718.318,,,s,1.30E-11,2.93E-12,2.93E-12,erg cm-2 s-1,Integrated Flux,,7.25E+16,2.42E+18,Hz
52830.767,,,s,1.14E-11,2.58E-12,2.58E-12,erg cm-2 s-1,Integrated Flux,,7.25E+16,2.42E+18,Hz
52941.967,,,s,1.11E-11,2.49E-12,2.49E-12,erg cm-2 s-1,Integrated Flux,,7.25E+16,2.42E+18,Hz
53032.863,,,s,1.52E-11,3.41E-12,3.41E-12,erg cm-2 s-1,Integrated Flux,,7.25E+16,2.42E+18,Hz
53119.112,,,s,1.28E-11,2.88E-12,2.88E-12,erg cm-2 s-1,Integrated Flux,,7.25E+16,2.42E+18,Hz
53214.646,,,s,1.79E-11,4.00E-12,4.00E-12,erg cm-2 s-1,Integrated Flux,,7.25E+16,2.42E+18,Hz
53319.803,,,s,6.90E-12,1.56E-12,1.56E-12,erg cm-2 s-1,Integrated Flux,,7.25E+16,2.42E+18,Hz
53498.837,,,s,1.59E-11,3.58E-12,3.58E-12,erg cm-2 s-1,Integrated Flux,,7.25E+16,2.42E+18,Hz
53645.397,,,s,9.38E-12,2.06E-12,2.06E-12,erg cm-2 s-1,Integrated Flux,,7.25E+16,2.42E+18,Hz
53778.536,,,s,1.10E-11,2.47E-12,2.47E-12,erg cm-2 s-1,Integrated Flux,,7.25E+16,2.42E+18,Hz
53905.376,,,s,1.02E-11,2.20E-12,2.20E-12,erg cm-2 s-1,Integrated Flux,,7.25E+16,2.42E+18,Hz
54038.294,,,s,1.05E-11,2.37E-12,2.37E-12,erg cm-2 s-1,Integrated Flux,,7.25E+16,2.42E+18,Hz
54137.801,,,s,1.36E-11,2.97E-12,2.97E-12,erg cm-2 s-1,Integrated Flux,,7.25E+16,2.42E+18,Hz
54253.921,,,s,1.02E-11,2.28E-12,2.28E-12,erg cm-2 s-1,Integrated Flux,,7.25E+16,2.42E+18,Hz
54378.282,,,s,8.61E-12,1.94E-12,1.94E-12,erg cm-2 s-1,Integrated Flux,,7.25E+16,2.42E+18,Hz
54547.501,,,s,1.17E-11,2.04E-12,2.04E-12,erg cm-2 s-1,Integrated Flux,,7.25E+16,2.42E+18,Hz
58020.216,,,s,1.02E-11,2.30E-12,2.30E-12,erg cm-2 s-1,Integrated Flux,,7.25E+16,2.42E+18,Hz
58126.528,,,s,1.14E-11,2.57E-12,2.57E-12,erg cm-2 s-1,Integrated Flux,,7.25E+16,2.42E+18,Hz
58280.097,,,s,7.10E-12,1.60E-12,1.60E-12,erg cm-2 s-1,Integrated Flux,,7.25E+16,2.42E+18,Hz
58412.979,,,s,7.60E-12,1.71E-12,1.71E-12,erg cm-2 s-1,Integrated Flux,,7.25E+16,2.42E+18,Hz
58600.776,,,s,6.31E-12,1.43E-12,1.43E-12,erg cm-2 s-1,Integrated Flux,,7.25E+16,2.42E+18,Hz
58745.824,,,s,7.58E-12,1.72E-12,1.72E-12,erg cm-2 s-1,Integrated Flux,,7.25E+16,2.42E+18,Hz
58903.415,,,s,7.04E-12,1.58E-12,1.58E-12,erg cm-2 s-1,Integrated Flux,,7.25E+16,2.42E+18,Hz
59070.295,,,s,1.12E-11,2.47E-12,2.47E-12,erg cm-2 s-1,Integrated Flux,,7.25E+16,2.42E+18,Hz
59324.755,,,s,9.61E-12,2.16E-12,2.16E-12,erg cm-2 s-1,Integrated Flux,,7.25E+16,2.42E+18,Hz
59446.89,,,s,1.48E-11,3.33E-12,3.33E-12,erg cm-2 s-1,Integrated Flux,,7.25E+16,2.42E+18,Hz
59530.629,,,s,1.10E-11,2.50E-12,2.50E-12,erg cm-2 s-1,Integrated Flux,,7.25E+16,2.42E+18,Hz
59673.773,,,s,8.77E-12,1.80E-12,1.80E-12,erg cm-2 s-1,Integrated Flux,,7.25E+16,2.42E+18,Hz
64088.132,,,s,6.86E-12,1.56E-12,1.56E-12,erg cm-2 s-1,Integrated Flux,,7.25E+16,2.42E+18,Hz
64550.568,,,s,9.44E-12,1.56E-12,1.56E-12,erg cm-2 s-1,Integrated Flux,,7.25E+16,2.42E+18,Hz
69779.661,,,s,7.17E-12,1.61E-12,1.61E-12,erg cm-2 s-1,Integrated Flux,,7.25E+16,2.42E+18,Hz
69925.456,,,s,7.60E-12,1.71E-12,1.71E-12,erg cm-2 s-1,Integrated Flux,,7.25E+16,2.42E+18,Hz
70096.465,,,s,7.35E-12,1.66E-12,1.66E-12,erg cm-2 s-1,Integrated Flux,,7.25E+16,2.42E+18,Hz
70243.88,,,s,5.60E-12,1.27E-12,1.27E-12,erg cm-2 s-1,Integrated Flux,,7.25E+16,2.42E+18,Hz
70454.11,,,s,8.01E-12,1.80E-12,1.80E-12,erg cm-2 s-1,Integrated Flux,,7.25E+16,2.42E+18,Hz
70643.688,,,s,8.66E-12,1.96E-12,1.96E-12,erg cm-2 s-1,Integrated Flux,,7.25E+16,2.42E+18,Hz
70822.947,,,s,5.48E-12,1.23E-12,1.23E-12,erg cm-2 s-1,Integrated Flux,,7.25E+16,2.42E+18,Hz
71033.932,,,s,7.51E-12,1.70E-12,1.70E-12,erg cm-2 s-1,Integrated Flux,,7.25E+16,2.42E+18,Hz
71246.478,,,s,7.61E-12,1.38E-12,1.38E-12,erg cm-2 s-1,Integrated Flux,,7.25E+16,2.42E+18,Hz
76457.768,,,s,4.52E-12,1.05E-12,1.05E-12,erg cm-2 s-1,Integrated Flux,,7.25E+16,2.42E+18,Hz
76680.204,,,s,4.45E-12,1.16E-12,1.16E-12,erg cm-2 s-1,Integrated Flux,,7.25E+16,2.42E+18,Hz
76915.178,,,s,4.98E-12,1.12E-12,1.12E-12,erg cm-2 s-1,Integrated Flux,,7.25E+16,2.42E+18,Hz
77096.219,,,s,7.97E-12,1.75E-12,1.75E-12,erg cm-2 s-1,Integrated Flux,,7.25E+16,2.42E+18,Hz
77238.885,,,s,7.60E-12,1.71E-12,1.71E-12,erg cm-2 s-1,Integrated Flux,,7.25E+16,2.42E+18,Hz
77472.15,,,s,6.04E-12,1.02E-12,1.02E-12,erg cm-2 s-1,Integrated Flux,,7.25E+16,2.42E+18,Hz
81397.38,,,s,4.65E-12,1.08E-12,1.08E-12,erg cm-2 s-1,Integrated Flux,,7.25E+16,2.42E+18,Hz
81660.065,,,s,4.27E-12,1.05E-12,1.05E-12,erg cm-2 s-1,Integrated Flux,,7.25E+16,2.42E+18,Hz
81879.928,,,s,5.78E-12,1.30E-12,1.30E-12,erg cm-2 s-1,Integrated Flux,,7.25E+16,2.42E+18,Hz
82107.476,,,s,7.98E-12,1.80E-12,1.80E-12,erg cm-2 s-1,Integrated Flux,,7.25E+16,2.42E+18,Hz
82274.825,,,s,6.18E-12,1.40E-12,1.40E-12,erg cm-2 s-1,Integrated Flux,,7.25E+16,2.42E+18,Hz
82529.948,,,s,5.49E-12,1.24E-12,1.24E-12,erg cm-2 s-1,Integrated Flux,,7.25E+16,2.42E+18,Hz
82785.427,,,s,6.09E-12,1.12E-12,1.12E-12,erg cm-2 s-1,Integrated Flux,,7.25E+16,2.42E+18,Hz
87938.111,,,s,5.03E-12,1.13E-12,1.13E-12,erg cm-2 s-1,Integrated Flux,,7.25E+16,2.42E+18,Hz
88129.689,,,s,8.50E-12,1.90E-12,1.90E-12,erg cm-2 s-1,Integrated Flux,,7.25E+16,2.42E+18,Hz
88312.295,,,s,4.16E-12,1.09E-12,1.09E-12,erg cm-2 s-1,Integrated Flux,,7.25E+16,2.42E+18,Hz
88502.767,,,s,5.72E-12,1.29E-12,1.29E-12,erg cm-2 s-1,Integrated Flux,,7.25E+16,2.42E+18,Hz
88726.666,,,s,3.81E-12,9.97E-13,9.97E-13,erg cm-2 s-1,Integrated Flux,,7.25E+16,2.42E+18,Hz
88984.775,,,s,4.48E-12,8.69E-13,8.69E-13,erg cm-2 s-1,Integrated Flux,,7.25E+16,2.42E+18,Hz
93668.378,,,s,6.04E-12,1.36E-12,1.36E-12,erg cm-2 s-1,Integrated Flux,,7.25E+16,2.42E+18,Hz
93902.228,,,s,4.62E-12,1.21E-12,1.21E-12,erg cm-2 s-1,Integrated Flux,,7.25E+16,2.42E+18,Hz
94063.745,,,s,3.80E-12,9.60E-13,9.60E-13,erg cm-2 s-1,Integrated Flux,,7.25E+16,2.42E+18,Hz
94367.08,,,s,3.51E-12,9.16E-13,9.16E-13,erg cm-2 s-1,Integrated Flux,,7.25E+16,2.42E+18,Hz
94631.653,,,s,2.77E-12,7.23E-13,7.23E-13,erg cm-2 s-1,Integrated Flux,,7.25E+16,2.42E+18,Hz
94884.92,,,s,5.50E-12,1.23E-12,1.23E-12,erg cm-2 s-1,Integrated Flux,,7.25E+16,2.42E+18,Hz
99518.69,,,s,4.31E-12,1.12E-12,1.12E-12,erg cm-2 s-1,Integrated Flux,,7.25E+16,2.42E+18,Hz
99733.481,,,s,4.24E-12,1.11E-12,1.11E-12,erg cm-2 s-1,Integrated Flux,,7.25E+16,2.42E+18,Hz
99959.819,,,s,4.52E-12,1.14E-12,1.14E-12,erg cm-2 s-1,Integrated Flux,,7.25E+16,2.42E+18,Hz
100298.439,,,s,2.86E-12,7.24E-13,7.24E-13,erg cm-2 s-1,Integrated Flux,,7.25E+16,2.42E+18,Hz
100541.509,,,s,4.22E-12,1.10E-12,1.10E-12,erg cm-2 s-1,Integrated Flux,,7.25E+16,2.42E+18,Hz
106373.727,,,s,3.37E-12,7.82E-13,7.82E-13,erg cm-2 s-1,Integrated Flux,,7.25E+16,2.42E+18,Hz
112170.791,,,s,3.76E-12,7.07E-13,7.07E-13,erg cm-2 s-1,Integrated Flux,,7.25E+16,2.42E+18,Hz
117778.431,,,s,4.29E-12,1.12E-12,1.12E-12,erg cm-2 s-1,Integrated Flux,,7.25E+16,2.42E+18,Hz
117986.627,,,s,3.98E-12,9.74E-13,9.74E-13,erg cm-2 s-1,Integrated Flux,,7.25E+16,2.42E+18,Hz
123519.478,,,s,2.05E-12,4.55E-13,4.55E-13,erg cm-2 s-1,Integrated Flux,,7.25E+16,2.42E+18,Hz
128787.464,,,s,4.08E-12,1.06E-12,1.06E-12,erg cm-2 s-1,Integrated Flux,,7.25E+16,2.42E+18,Hz
129211.009,,,s,2.26E-12,4.66E-13,4.66E-13,erg cm-2 s-1,Integrated Flux,,7.25E+16,2.42E+18,Hz
134765.611,,,s,2.14E-12,5.57E-13,5.57E-13,erg cm-2 s-1,Integrated Flux,,7.25E+16,2.42E+18,Hz
135240.825,,,s,2.35E-12,6.14E-13,6.14E-13,erg cm-2 s-1,Integrated Flux,,7.25E+16,2.42E+18,Hz
139571.052,,,s,2.46E-12,6.41E-13,6.41E-13,erg cm-2 s-1,Integrated Flux,,7.25E+16,2.42E+18,Hz
140390.376,,,s,1.79E-12,3.48E-13,3.48E-13,erg cm-2 s-1,Integrated Flux,,7.25E+16,2.42E+18,Hz
145648.009,,,s,3.89E-12,1.01E-12,1.01E-12,erg cm-2 s-1,Integrated Flux,,7.25E+16,2.42E+18,Hz
145923.808,,,s,3.06E-12,7.95E-13,7.95E-13,erg cm-2 s-1,Integrated Flux,,7.25E+16,2.42E+18,Hz
146500.027,,,s,2.04E-12,3.83E-13,3.83E-13,erg cm-2 s-1,Integrated Flux,,7.25E+16,2.42E+18,Hz
158254.414,,,s,2.46E-12,4.76E-13,4.76E-13,erg cm-2 s-1,Integrated Flux,,7.25E+16,2.42E+18,Hz
163957.56,,,s,2.33E-12,4.44E-13,4.44E-13,erg cm-2 s-1,Integrated Flux,,7.25E+16,2.42E+18,Hz
174495.418,,,s,1.14E-12,2.61E-13,2.61E-13,erg cm-2 s-1,Integrated Flux,,7.25E+16,2.42E+18,Hz
179982.192,,,s,1.82E-12,4.15E-13,4.15E-13,erg cm-2 s-1,Integrated Flux,,7.25E+16,2.42E+18,Hz
185492.18,,,s,2.21E-12,5.76E-13,5.76E-13,erg cm-2 s-1,Integrated Flux,,7.25E+16,2.42E+18,Hz
186271.591,,,s,1.32E-12,3.17E-13,3.17E-13,erg cm-2 s-1,Integrated Flux,,7.25E+16,2.42E+18,Hz
198132.808,,,s,1.48E-12,3.12E-13,3.12E-13,erg cm-2 s-1,Integrated Flux,,7.25E+16,2.42E+18,Hz
204000.29,,,s,1.41E-12,3.06E-13,3.06E-13,erg cm-2 s-1,Integrated Flux,,7.25E+16,2.42E+18,Hz
220798.539,,,s,1.27E-12,3.32E-13,3.32E-13,erg cm-2 s-1,Integrated Flux,,7.25E+16,2.42E+18,Hz
221499.014,,,s,1.73E-12,4.25E-13,4.25E-13,erg cm-2 s-1,Integrated Flux,,7.25E+16,2.42E+18,Hz
226096.094,,,s,1.13E-12,2.95E-13,2.95E-13,erg cm-2 s-1,Integrated Flux,,7.25E+16,2.42E+18,Hz
226999.092,,,s,1.60E-12,3.31E-13,3.31E-13,erg cm-2 s-1,Integrated Flux,,7.25E+16,2.42E+18,Hz
231835.338,,,s,1.47E-12,3.85E-13,3.85E-13,erg cm-2 s-1,Integrated Flux,,7.25E+16,2.42E+18,Hz
232711.256,,,s,1.77E-12,4.11E-13,4.11E-13,erg cm-2 s-1,Integrated Flux,,7.25E+16,2.42E+18,Hz
237436.399,,,s,2.31E-12,6.01E-13,6.01E-13,erg cm-2 s-1,Integrated Flux,,7.25E+16,2.42E+18,Hz
238360.418,,,s,1.22E-12,2.94E-13,2.94E-13,erg cm-2 s-1,Integrated Flux,,7.25E+16,2.42E+18,Hz
243247.959,,,s,1.85E-12,4.87E-13,4.87E-13,erg cm-2 s-1,Integrated Flux,,7.25E+16,2.42E+18,Hz
246146.306,,,s,1.21E-12,2.20E-13,2.20E-13,erg cm-2 s-1,Integrated Flux,,7.25E+16,2.42E+18,Hz
258174.339,,,s,1.01E-12,2.58E-13,2.58E-13,erg cm-2 s-1,Integrated Flux,,7.25E+16,2.42E+18,Hz
270608.626,,,s,1.66E-12,3.68E-13,3.68E-13,erg cm-2 s-1,Integrated Flux,,7.25E+16,2.42E+18,Hz
279809.746,,,s,7.70E-13,1.96E-13,1.96E-13,erg cm-2 s-1,Integrated Flux,,7.25E+16,2.42E+18,Hz
292224.843,,,s,7.44E-13,1.96E-13,1.96E-13,erg cm-2 s-1,Integrated Flux,,7.25E+16,2.42E+18,Hz
304829.527,,,s,1.33E-12,2.59E-13,2.59E-13,erg cm-2 s-1,Integrated Flux,,7.25E+16,2.42E+18,Hz
356187.049,,,s,1.01E-12,2.06E-13,2.06E-13,erg cm-2 s-1,Integrated Flux,,7.25E+16,2.42E+18,Hz
372560.474,,,s,6.31E-13,1.57E-13,1.57E-13,erg cm-2 s-1,Integrated Flux,,7.25E+16,2.42E+18,Hz
384780.013,,,s,7.04E-13,1.75E-13,1.75E-13,erg cm-2 s-1,Integrated Flux,,7.25E+16,2.42E+18,Hz
409022.684,,,s,3.13E-13,8.14E-14,8.14E-14,erg cm-2 s-1,Integrated Flux,,7.25E+16,2.42E+18,Hz
417407.798,,,s,6.97E-13,1.56E-13,1.56E-13,erg cm-2 s-1,Integrated Flux,,7.25E+16,2.42E+18,Hz
425741.873,,,s,4.78E-13,9.84E-14,9.84E-14,erg cm-2 s-1,Integrated Flux,,7.25E+16,2.42E+18,Hz
441470.232,,,s,5.06E-13,1.04E-13,1.04E-13,erg cm-2 s-1,Integrated Flux,,7.25E+16,2.42E+18,Hz
462578.971,,,s,3.28E-13,5.88E-14,5.88E-14,erg cm-2 s-1,Integrated Flux,,7.25E+16,2.42E+18,Hz
525167.488,,,s,2.16E-13,5.89E-14,5.89E-14,erg cm-2 s-1,Integrated Flux,,7.25E+16,2.42E+18,Hz
557867.524,,,s,3.11E-13,5.79E-14,5.79E-14,erg cm-2 s-1,Integrated Flux,,7.25E+16,2.42E+18,Hz
644795.862,,,s,2.52E-13,5.69E-14,5.69E-14,erg cm-2 s-1,Integrated Flux,,7.25E+16,2.42E+18,Hz
663564.43,,,s,2.83E-13,6.45E-14,6.45E-14,erg cm-2 s-1,Integrated Flux,,7.25E+16,2.42E+18,Hz
737018.094,,,s,1.14E-13,2.84E-14,2.84E-14,erg cm-2 s-1,Integrated Flux,,7.25E+16,2.42E+18,Hz
802431.129,,,s,2.22E-13,5.75E-14,5.75E-14,erg cm-2 s-1,Integrated Flux,,7.25E+16,2.42E+18,Hz
826508.372,,,s,1.98E-13,4.87E-14,4.87E-14,erg cm-2 s-1,Integrated Flux,,7.25E+16,2.42E+18,Hz
863178.038,,,s,1.90E-13,4.67E-14,4.67E-14,erg cm-2 s-1,Integrated Flux,,7.25E+16,2.42E+18,Hz
906040.007,,,s,1.07E-13,2.86E-14,2.86E-14,erg cm-2 s-1,Integrated Flux,,7.25E+16,2.42E+18,Hz
947091.085,,,s,1.71E-13,4.16E-14,4.16E-14,erg cm-2 s-1,Integrated Flux,,7.25E+16,2.42E+18,Hz
1025633.444,,,s,9.65E-14,2.48E-14,2.48E-14,erg cm-2 s-1,Integrated Flux,,7.25E+16,2.42E+18,Hz
1140679.932,,,s,8.33E-14,1.58E-14,1.58E-14,erg cm-2 s-1,Integrated Flux,,7.25E+16,2.42E+18,Hz
1315840.607,,,s,7.99E-14,2.29E-14,2.29E-14,erg cm-2 s-1,Integrated Flux,,7.25E+16,2.42E+18,Hz
1426386.625,,,s,4.62E-14,1.31E-14,1.31E-14,erg cm-2 s-1,Integrated Flux,,7.25E+16,2.42E+18,Hz
1712604.261,,,s,2.94E-14,7.33E-15,7.33E-15,erg cm-2 s-1,Integrated Flux,,7.25E+16,2.42E+18,Hz
2703918.376,,,s,1.93E-14,5.72E-15,5.72E-15,erg cm-2 s-1,Integrated Flux,,7.25E+16,2.42E+18,Hz
53288,11779.228,304829.527,s,-8.00E-01,5.00E-02,5.00E-02,erg cm-2 s-1,Spectral Index,,7.25E+16,2.42E+18,Hz
