Time,TimeLower,TimeUpper,TimeUnits,Value,ValueLower,ValueUpper,ValueUnits,ValueType,Model,Frequency,FrequencyLower,FrequencyUpper,FrequencyUnits
11089.98864,,,seconds,0.313347511,0.023088298,0.023088298,mjy,Spectral,SpectralFlux,6.29E+14,,,hz
11323.44144,,,seconds,1.247458909,0.080426648,0.080426648,mjy,Spectral,SpectralFlux,4.81E+14,,,hz
11548.51344,,,seconds,3.104747234,0.085787336,0.085787336,mjy,Spectral,SpectralFlux,3.94E+14,,,hz
11779.37424,,,seconds,5.754747182,0.212012721,0.212012721,mjy,Spectral,SpectralFlux,3.29E+14,,,hz
12433.85424,,,seconds,0.304807921,0.019651693,0.019651693,mjy,Spectral,SpectralFlux,6.29E+14,,,hz
12660.48144,,,seconds,1.137696046,0.052392839,0.052392839,mjy,Spectral,SpectralFlux,4.81E+14,,,hz
12892.81104,,,seconds,2.805603204,0.077521681,0.077521681,mjy,Spectral,SpectralFlux,3.94E+14,,,hz
13118.14224,,,seconds,5.395432317,0.24846884,0.24846884,mjy,Spectral,SpectralFlux,3.29E+14,,,hz
13785.40944,,,seconds,0.231220454,0.021296191,0.021296191,mjy,Spectral,SpectralFlux,6.29E+14,,,hz
14018.77584,,,seconds,1.076530278,0.049576051,0.049576051,mjy,Spectral,SpectralFlux,4.81E+14,,,hz
14244.10704,,,seconds,2.654766012,0.097805194,0.097805194,mjy,Spectral,SpectralFlux,3.94E+14,,,hz
14477.04144,,,seconds,5.058552351,0.279545934,0.279545934,mjy,Spectral,SpectralFlux,3.29E+14,,,hz
14807.26224,,,seconds,0.242117538,0.024529834,0.024529834,mjy,Spectral,SpectralFlux,6.29E+14,,,hz
15040.11024,,,seconds,1.000060442,0.046054485,0.046054485,mjy,Spectral,SpectralFlux,4.81E+14,,,hz
15265.44144,,,seconds,2.48900775,0.091698434,0.091698434,mjy,Spectral,SpectralFlux,3.94E+14,,,hz
15500.10384,,,seconds,4.742706495,0.305773588,0.305773588,mjy,Spectral,SpectralFlux,3.29E+14,,,hz
16166.42064,,,seconds,0.207026647,0.030508574,0.030508574,mjy,Spectral,SpectralFlux,6.29E+14,,,hz
16391.75184,,,seconds,0.920505206,0.042390831,0.042390831,mjy,Spectral,SpectralFlux,4.81E+14,,,hz
16623.04464,,,seconds,2.355191628,0.108460583,0.108460583,mjy,Spectral,SpectralFlux,3.94E+14,,,hz
16847.77104,,,seconds,4.6992251,0.259688776,0.259688776,mjy,Spectral,SpectralFlux,3.29E+14,,,hz
89121.11184,,,seconds,0.029924455,0.006339132,0.006339132,mjy,Spectral,SpectralFlux,6.29E+14,,,hz
89468.35344,,,seconds,0.724479747,0.033363525,0.033363525,mjy,Spectral,SpectralFlux,3.29E+14,,,hz
89721.15984,,,seconds,0.737948831,0.040780559,0.040780559,mjy,Spectral,SpectralFlux,3.29E+14,,,hz
90104.60304,,,seconds,0.369850533,0.013625797,0.013625797,mjy,Spectral,SpectralFlux,3.94E+14,,,hz
90242.92944,,,seconds,0.366459723,0.010125656,0.010125656,mjy,Spectral,SpectralFlux,3.94E+14,,,hz
90381.25584,,,seconds,0.356472678,0.013132939,0.013132939,mjy,Spectral,SpectralFlux,3.94E+14,,,hz
90739.29744,,,seconds,0.134284612,0.007420842,0.007420842,mjy,Spectral,SpectralFlux,4.81E+14,,,hz
91041.26544,,,seconds,0.13804677,0.006357289,0.006357289,mjy,Spectral,SpectralFlux,4.81E+14,,,hz
93861.62064,,,seconds,0.022910061,0.003376151,0.003376151,mjy,Spectral,SpectralFlux,6.29E+14,,,hz
94335.35184,,,seconds,0.630995481,0.087175247,0.087175247,mjy,Spectral,SpectralFlux,3.29E+14,,,hz
95167.03824,,,seconds,0.124745891,0.009191617,0.009191617,mjy,Spectral,SpectralFlux,4.81E+14,,,hz
98951.35824,,,seconds,0.544535564,0.040122863,0.040122863,mjy,Spectral,SpectralFlux,3.29E+14,,,hz
99202.26384,,,seconds,0.570198734,0.078775866,0.078775866,mjy,Spectral,SpectralFlux,3.29E+14,,,hz
183129.323,,,seconds,0.044877251,0.005786687,0.005786687,mjy,Spectral,SpectralFlux,4.81E+14,,,hz
185158.6862,,,seconds,0.231220454,0.031944286,0.031944286,mjy,Spectral,SpectralFlux,3.29E+14,,,hz
259470.635,,,seconds,0.075862343,0.009782052,0.009782052,mjy,Spectral,SpectralFlux,3.94E+14,,,hz
259799.387,,,seconds,0.024890078,0.003438691,0.003438691,mjy,Spectral,SpectralFlux,4.81E+14,,,hz
259802.9294,,,seconds,0.135527132,0.019972016,0.019972016,mjy,Spectral,SpectralFlux,3.29E+14,,,hz
347922.4622,,,seconds,0.048755796,0.006286805,0.006286805,mjy,Spectral,SpectralFlux,3.94E+14,,,hz
348251.0414,,,seconds,0.016905431,0.002491276,0.002491276,mjy,Spectral,SpectralFlux,4.81E+14,,,hz
348251.9054,,,seconds,0.107653028,0.016855857,0.016855857,mjy,Spectral,SpectralFlux,3.29E+14,,,hz
438615.1598,,,seconds,0.015704577,0.003037535,0.003037535,mjy,Spectral,SpectralFlux,4.81E+14,,,hz
438615.3326,,,seconds,0.041689458,0.007295508,0.007295508,mjy,Spectral,SpectralFlux,3.94E+14,,,hz
439260.2222,,,seconds,0.097280602,0.015231787,0.015231787,mjy,Spectral,SpectralFlux,3.29E+14,,,hz
526960.3694,,,seconds,0.024435782,0.004051114,0.004051114,mjy,Spectral,SpectralFlux,3.94E+14,,,hz
527443.7774,,,seconds,0.062521048,0.010940963,0.010940963,mjy,Spectral,SpectralFlux,3.29E+14,,,hz
311040,,,seconds,0.005445356,0.000200614,0.000200614,mjy,Spectral,SpectralFlux,6.29E+14,,,hz
311040,,,seconds,0.024211754,0.000891994,0.000891994,mjy,Spectral,SpectralFlux,4.81E+14,,,hz
311040,,,seconds,0.064867364,0.000597451,0.000597451,mjy,Spectral,SpectralFlux,3.94E+14,,,hz
311040,,,seconds,0.123602214,0.001138418,0.001138418,mjy,Spectral,SpectralFlux,3.29E+14,,,hz
820800,,,seconds,0.00912066,0.000672035,0.000672035,mjy,Spectral,SpectralFlux,4.81E+14,,,hz
820800,,,seconds,0.018198108,0.000838054,0.000838054,mjy,Spectral,SpectralFlux,3.94E+14,,,hz
820800,,,seconds,0.035977108,0.000994084,0.000994084,mjy,Spectral,SpectralFlux,3.29E+14,,,hz
1598400,,,seconds,0.000474271,6.55E-05,6.55E-05,mjy,Spectral,SpectralFlux,6.29E+14,,,hz
1598400,,,seconds,0.002992445,0.000165369,0.000165369,mjy,Spectral,SpectralFlux,4.81E+14,,,hz
1598400,,,seconds,0.006730173,0.000929808,0.000929808,mjy,Spectral,SpectralFlux,3.94E+14,,,hz
1598400,,,seconds,0.014860255,0.00068434,0.00068434,mjy,Spectral,SpectralFlux,3.29E+14,,,hz
1857600,,,seconds,0.002489008,0.000137548,0.000137548,mjy,Spectral,SpectralFlux,4.81E+14,,,hz
1857600,,,seconds,0.006792447,0.000125121,0.000125121,mjy,Spectral,SpectralFlux,3.94E+14,,,hz
1857600,,,seconds,0.010280784,0.000378758,0.000378758,mjy,Spectral,SpectralFlux,3.29E+14,,,hz
2462400,,,seconds,0.001380468,0.000190719,0.000190719,mjy,Spectral,SpectralFlux,4.81E+14,,,hz
2462400,,,seconds,0.005395432,0.000447244,0.000447244,mjy,Spectral,SpectralFlux,3.94E+14,,,hz
2462400,,,seconds,0.009550503,0.000615744,0.000615744,mjy,Spectral,SpectralFlux,3.29E+14,,,hz
3156192,,,seconds,0.001270651,0.000128734,0.000128734,mjy,Spectral,SpectralFlux,4.81E+14,,,hz
3156192,,,seconds,0.003802124,0.000175094,0.000175094,mjy,Spectral,SpectralFlux,3.94E+14,,,hz
3156192,,,seconds,0.006792447,0.000437925,0.000437925,mjy,Spectral,SpectralFlux,3.29E+14,,,hz
4538592,,,seconds,0.002937827,0.000405876,0.000405876,mjy,Spectral,SpectralFlux,3.94E+14,,,hz
380160,,,seconds,0.044465814,0.000819091,0.000819091,mjy,Spectral,SpectralFlux,3.94E+14,,,hz
1503360,,,seconds,0.007516683,0.000346156,0.000346156,mjy,Spectral,SpectralFlux,3.94E+14,,,hz
80138.2,,,seconds,0.158498899,0.029196576,0.029196576,mjy,Spectral,SpectralFlux,4.81E+14,,,hz
338733.4,,,seconds,0.019589631,0.001804272,0.001804272,mjy,Spectral,SpectralFlux,4.81E+14,,,hz
400423,,,seconds,0.014997755,0.000690672,0.000690672,mjy,Spectral,SpectralFlux,4.81E+14,,,hz
487168.6,,,seconds,0.014455271,0.001597656,0.001597656,mjy,Spectral,SpectralFlux,4.81E+14,,,hz
554647,,,seconds,0.01148223,0.000105755,0.000105755,mjy,Spectral,SpectralFlux,4.81E+14,,,hz
574259.8,,,seconds,0.010000604,0.000736872,0.000736872,mjy,Spectral,SpectralFlux,4.81E+14,,,hz
659363.8,,,seconds,0.009037041,0.000665874,0.000665874,mjy,Spectral,SpectralFlux,4.81E+14,,,hz
746714.2,,,seconds,0.006607334,0.00073027,0.00073027,mjy,Spectral,SpectralFlux,4.81E+14,,,hz
833632.6,,,seconds,0.005200274,0.00038317,0.00038317,mjy,Spectral,SpectralFlux,4.81E+14,,,hz
858861.4,,,seconds,0.005445356,0.000952918,0.000952918,mjy,Spectral,SpectralFlux,4.81E+14,,,hz
939558.9997,,,seconds,0.005445356,0.000802457,0.000802457,mjy,Spectral,SpectralFlux,4.81E+14,,,hz
1073219.8,,,seconds,0.004699225,0.000822348,0.000822348,mjy,Spectral,SpectralFlux,4.81E+14,,,hz
1159187.8,,,seconds,0.003872811,0.00017835,0.00017835,mjy,Spectral,SpectralFlux,4.81E+14,,,hz
1245501.4,,,seconds,0.003564727,0.000328323,0.000328323,mjy,Spectral,SpectralFlux,4.81E+14,,,hz
1331987.8,,,seconds,0.003281151,0.000181323,0.000181323,mjy,Spectral,SpectralFlux,4.81E+14,,,hz
1505047,,,seconds,0.002910893,0.000268103,0.000268103,mjy,Spectral,SpectralFlux,4.81E+14,,,hz
1591360.6,,,seconds,0.002421175,0.000156099,0.000156099,mjy,Spectral,SpectralFlux,4.81E+14,,,hz
1592224.6,,,seconds,0.002421175,0.000200699,0.000200699,mjy,Spectral,SpectralFlux,4.81E+14,,,hz
1699187.8,,,seconds,0.001614456,0.000193306,0.000193306,mjy,Spectral,SpectralFlux,4.81E+14,,,hz
1764247,,,seconds,0.00214796,0.000296752,0.000296752,mjy,Spectral,SpectralFlux,4.81E+14,,,hz
1783514.2,,,seconds,0.002051286,0.000226717,0.000226717,mjy,Spectral,SpectralFlux,4.81E+14,,,hz
1850733.4,,,seconds,0.002249191,0.000186442,0.000186442,mjy,Spectral,SpectralFlux,4.81E+14,,,hz
1871642.2,,,seconds,0.001659687,0.000198722,0.000198722,mjy,Spectral,SpectralFlux,4.81E+14,,,hz
2567680.6,,,seconds,0.001270651,2.34E-05,2.34E-05,mjy,Spectral,SpectralFlux,4.81E+14,,,hz
3508663,,,seconds,0.000855118,2.36E-05,2.36E-05,mjy,Spectral,SpectralFlux,4.81E+14,,,hz
3856250.2,,,seconds,0.000731183,0.000114486,0.000114486,mjy,Spectral,SpectralFlux,4.81E+14,,,hz
4829805.4,,,seconds,0.000559791,4.12E-05,4.12E-05,mjy,Spectral,SpectralFlux,4.81E+14,,,hz
80138.2,,,seconds,0.444658142,0.069622698,0.069622698,mjy,Spectral,SpectralFlux,3.94E+14,,,hz
142346.2,,,seconds,0.187079521,0.001723066,0.001723066,mjy,Spectral,SpectralFlux,3.94E+14,,,hz
231251.8,,,seconds,0.088720963,0.001634301,0.001634301,mjy,Spectral,SpectralFlux,3.94E+14,,,hz
338733.4,,,seconds,0.056497112,0.002081431,0.002081431,mjy,Spectral,SpectralFlux,3.94E+14,,,hz
400423,,,seconds,0.037327272,0.000687594,0.000687594,mjy,Spectral,SpectralFlux,3.94E+14,,,hz
487168.6,,,seconds,0.034675781,0.002874382,0.002874382,mjy,Spectral,SpectralFlux,3.94E+14,,,hz
554647,,,seconds,0.028842058,0.000265645,0.000265645,mjy,Spectral,SpectralFlux,3.94E+14,,,hz
574259.8,,,seconds,0.023989779,0.001325724,0.001325724,mjy,Spectral,SpectralFlux,3.94E+14,,,hz
659363.8,,,seconds,0.019953829,0.001102689,0.001102689,mjy,Spectral,SpectralFlux,3.94E+14,,,hz
746714.2,,,seconds,0.014860255,0.001231812,0.001231812,mjy,Spectral,SpectralFlux,3.94E+14,,,hz
833632.6,,,seconds,0.014860255,0.000821208,0.000821208,mjy,Spectral,SpectralFlux,3.94E+14,,,hz
858861.4,,,seconds,0.017379059,0.002080872,0.002080872,mjy,Spectral,SpectralFlux,3.94E+14,,,hz
918218.1997,,,seconds,0.014061325,0.001554115,0.001554115,mjy,Spectral,SpectralFlux,3.94E+14,,,hz
939558.9997,,,seconds,0.012942741,0.000953656,0.000953656,mjy,Spectral,SpectralFlux,3.94E+14,,,hz
986387.7997,,,seconds,0.012246902,0.002932752,0.002932752,mjy,Spectral,SpectralFlux,3.94E+14,,,hz
1073219.8,,,seconds,0.010375911,0.001337919,0.001337919,mjy,Spectral,SpectralFlux,3.94E+14,,,hz
1119616.6,,,seconds,0.009462944,0.001743139,0.001743139,mjy,Spectral,SpectralFlux,3.94E+14,,,hz
1159187.8,,,seconds,0.008872096,0.00032686,0.00032686,mjy,Spectral,SpectralFlux,3.94E+14,,,hz
1178455,,,seconds,0.008551184,0.000551315,0.000551315,mjy,Spectral,SpectralFlux,3.94E+14,,,hz
1245501.4,,,seconds,0.008166317,0.000902575,0.000902575,mjy,Spectral,SpectralFlux,3.94E+14,,,hz
1264250.2,,,seconds,0.008017265,0.000959943,0.000959943,mjy,Spectral,SpectralFlux,3.94E+14,,,hz
1331987.8,,,seconds,0.006855297,0.000315698,0.000315698,mjy,Spectral,SpectralFlux,3.94E+14,,,hz
1369399,,,seconds,0.007379488,0.001359352,0.001359352,mjy,Spectral,SpectralFlux,3.94E+14,,,hz
1455367,,,seconds,0.008166317,0.00082736,0.00082736,mjy,Spectral,SpectralFlux,3.94E+14,,,hz
1505047,,,seconds,0.006081718,0.000448118,0.000448118,mjy,Spectral,SpectralFlux,3.94E+14,,,hz
1541680.6,,,seconds,0.005105359,0.000611287,0.000611287,mjy,Spectral,SpectralFlux,3.94E+14,,,hz
1591360.6,,,seconds,0.005345967,0.000344667,0.000344667,mjy,Spectral,SpectralFlux,3.94E+14,,,hz
1628512.6,,,seconds,0.004571158,0.000631529,0.000631529,mjy,Spectral,SpectralFlux,3.94E+14,,,hz
1699187.8,,,seconds,0.00483088,0.000667411,0.000667411,mjy,Spectral,SpectralFlux,3.94E+14,,,hz
1764247,,,seconds,0.005058552,0.000559092,0.000559092,mjy,Spectral,SpectralFlux,3.94E+14,,,hz
1783341.4,,,seconds,0.004365422,0.001005176,0.001005176,mjy,Spectral,SpectralFlux,3.94E+14,,,hz
1783514.2,,,seconds,0.006137991,0.000282665,0.000282665,mjy,Spectral,SpectralFlux,3.94E+14,,,hz
1850733.4,,,seconds,0.00452925,0.000333727,0.000333727,mjy,Spectral,SpectralFlux,3.94E+14,,,hz
1871642.2,,,seconds,0.005649711,0.000572393,0.000572393,mjy,Spectral,SpectralFlux,3.94E+14,,,hz
1957783,,,seconds,0.003908645,0.000539999,0.000539999,mjy,Spectral,SpectralFlux,3.94E+14,,,hz
2567680.6,,,seconds,0.002884206,5.31E-05,5.31E-05,mjy,Spectral,SpectralFlux,3.94E+14,,,hz
2616496.6,,,seconds,0.002992445,0.000661475,0.000661475,mjy,Spectral,SpectralFlux,3.94E+14,,,hz
2905245.4,,,seconds,0.002051286,0.000510112,0.000510112,mjy,Spectral,SpectralFlux,3.94E+14,,,hz
3336295,,,seconds,0.001570458,0.000665365,0.000665365,mjy,Spectral,SpectralFlux,3.94E+14,,,hz
3508663,,,seconds,0.001614456,5.95E-05,5.95E-05,mjy,Spectral,SpectralFlux,3.94E+14,,,hz
3856250.2,,,seconds,0.00203248,0.000355677,0.000355677,mjy,Spectral,SpectralFlux,3.94E+14,,,hz
80138.2,,,seconds,0.731183275,0.101016703,0.101016703,mjy,Spectral,SpectralFlux,3.29E+14,,,hz
142346.2,,,seconds,0.353204517,0.006506268,0.006506268,mjy,Spectral,SpectralFlux,3.29E+14,,,hz
231251.8,,,seconds,0.158498899,0.002919658,0.002919658,mjy,Spectral,SpectralFlux,3.29E+14,,,hz
338733.4,,,seconds,0.106666059,0.005894584,0.005894584,mjy,Spectral,SpectralFlux,3.29E+14,,,hz
400423,,,seconds,0.069187279,0.001274477,0.001274477,mjy,Spectral,SpectralFlux,3.29E+14,,,hz
487168.6,,,seconds,0.055979143,0.003093522,0.003093522,mjy,Spectral,SpectralFlux,3.29E+14,,,hz
574259.8,,,seconds,0.043253997,0.002390304,0.002390304,mjy,Spectral,SpectralFlux,3.29E+14,,,hz
659363.8,,,seconds,0.034042876,0.001881279,0.001881279,mjy,Spectral,SpectralFlux,3.29E+14,,,hz
746714.2,,,seconds,0.025587405,0.00188535,0.00188535,mjy,Spectral,SpectralFlux,3.29E+14,,,hz
833632.6,,,seconds,0.021878939,0.001007562,0.001007562,mjy,Spectral,SpectralFlux,3.29E+14,,,hz
858861.4,,,seconds,0.01584989,0.003795555,0.003795555,mjy,Spectral,SpectralFlux,3.29E+14,,,hz
918218.1997,,,seconds,0.018707952,0.001206146,0.001206146,mjy,Spectral,SpectralFlux,3.29E+14,,,hz
1264250.2,,,seconds,0.012023371,0.00166109,0.00166109,mjy,Spectral,SpectralFlux,3.29E+14,,,hz
1699187.8,,,seconds,0.009638873,0.000710218,0.000710218,mjy,Spectral,SpectralFlux,3.29E+14,,,hz
1783514.2,,,seconds,0.009550503,0.000615744,0.000615744,mjy,Spectral,SpectralFlux,3.29E+14,,,hz
1869655,,,seconds,0.004699225,0.001428288,0.001428288,mjy,Spectral,SpectralFlux,3.29E+14,,,hz
1871642.2,,,seconds,0.009462944,0.003311963,0.003311963,mjy,Spectral,SpectralFlux,3.29E+14,,,hz
1957783,,,seconds,0.003133475,0.001125555,0.001125555,mjy,Spectral,SpectralFlux,3.29E+14,,,hz
3376.254,,,seconds,7.78E-08,3.17E-09,3.17E-09,cgs,Integrated,IntegratedFlux,,7.25E+16,2.42E+18,hz
3381.482,,,seconds,9.22E-08,3.67E-09,3.67E-09,cgs,Integrated,IntegratedFlux,,7.25E+16,2.42E+18,hz
3386.421,,,seconds,8.45E-08,3.38E-09,3.38E-09,cgs,Integrated,IntegratedFlux,,7.25E+16,2.42E+18,hz
3391.608,,,seconds,8.21E-08,3.29E-09,3.29E-09,cgs,Integrated,IntegratedFlux,,7.25E+16,2.42E+18,hz
3396.83,,,seconds,8.38E-08,3.37E-09,3.37E-09,cgs,Integrated,IntegratedFlux,,7.25E+16,2.42E+18,hz
3402.133,,,seconds,8.62E-08,3.45E-09,3.45E-09,cgs,Integrated,IntegratedFlux,,7.25E+16,2.42E+18,hz
3407.352,,,seconds,8.26E-08,3.30E-09,3.30E-09,cgs,Integrated,IntegratedFlux,,7.25E+16,2.42E+18,hz
3412.592,,,seconds,8.12E-08,3.24E-09,3.24E-09,cgs,Integrated,IntegratedFlux,,7.25E+16,2.42E+18,hz
3417.883,,,seconds,8.35E-08,3.31E-09,3.31E-09,cgs,Integrated,IntegratedFlux,,7.25E+16,2.42E+18,hz
3423.1,,,seconds,8.10E-08,3.30E-09,3.30E-09,cgs,Integrated,IntegratedFlux,,7.25E+16,2.42E+18,hz
3428.597,,,seconds,8.02E-08,3.17E-09,3.17E-09,cgs,Integrated,IntegratedFlux,,7.25E+16,2.42E+18,hz
3433.928,,,seconds,8.26E-08,3.30E-09,3.30E-09,cgs,Integrated,IntegratedFlux,,7.25E+16,2.42E+18,hz
3439.36,,,seconds,7.99E-08,3.23E-09,3.23E-09,cgs,Integrated,IntegratedFlux,,7.25E+16,2.42E+18,hz
3444.856,,,seconds,7.56E-08,3.06E-09,3.06E-09,cgs,Integrated,IntegratedFlux,,7.25E+16,2.42E+18,hz
3450.769,,,seconds,7.55E-08,3.03E-09,3.03E-09,cgs,Integrated,IntegratedFlux,,7.25E+16,2.42E+18,hz
3456.297,,,seconds,8.11E-08,3.25E-09,3.25E-09,cgs,Integrated,IntegratedFlux,,7.25E+16,2.42E+18,hz
3461.747,,,seconds,7.85E-08,3.17E-09,3.17E-09,cgs,Integrated,IntegratedFlux,,7.25E+16,2.42E+18,hz
3467.159,,,seconds,8.55E-08,3.42E-09,3.42E-09,cgs,Integrated,IntegratedFlux,,7.25E+16,2.42E+18,hz
3472.455,,,seconds,7.92E-08,3.17E-09,3.17E-09,cgs,Integrated,IntegratedFlux,,7.25E+16,2.42E+18,hz
3478.072,,,seconds,8.08E-08,3.24E-09,3.24E-09,cgs,Integrated,IntegratedFlux,,7.25E+16,2.42E+18,hz
3483.601,,,seconds,7.95E-08,3.17E-09,3.17E-09,cgs,Integrated,IntegratedFlux,,7.25E+16,2.42E+18,hz
3488.73,,,seconds,8.77E-08,3.47E-09,3.47E-09,cgs,Integrated,IntegratedFlux,,7.25E+16,2.42E+18,hz
3494.097,,,seconds,8.23E-08,3.26E-09,3.26E-09,cgs,Integrated,IntegratedFlux,,7.25E+16,2.42E+18,hz
3499.616,,,seconds,7.23E-08,2.95E-09,2.95E-09,cgs,Integrated,IntegratedFlux,,7.25E+16,2.42E+18,hz
3505.827,,,seconds,7.50E-08,3.00E-09,3.00E-09,cgs,Integrated,IntegratedFlux,,7.25E+16,2.42E+18,hz
3511.571,,,seconds,7.81E-08,3.16E-09,3.16E-09,cgs,Integrated,IntegratedFlux,,7.25E+16,2.42E+18,hz
3517.36,,,seconds,7.19E-08,2.92E-09,2.92E-09,cgs,Integrated,IntegratedFlux,,7.25E+16,2.42E+18,hz
3523.327,,,seconds,7.65E-08,3.05E-09,3.05E-09,cgs,Integrated,IntegratedFlux,,7.25E+16,2.42E+18,hz
3529.029,,,seconds,7.64E-08,3.09E-09,3.09E-09,cgs,Integrated,IntegratedFlux,,7.25E+16,2.42E+18,hz
3534.464,,,seconds,8.03E-08,3.25E-09,3.25E-09,cgs,Integrated,IntegratedFlux,,7.25E+16,2.42E+18,hz
3539.836,,,seconds,8.43E-08,3.35E-09,3.35E-09,cgs,Integrated,IntegratedFlux,,7.25E+16,2.42E+18,hz
3545.236,,,seconds,7.91E-08,3.17E-09,3.17E-09,cgs,Integrated,IntegratedFlux,,7.25E+16,2.42E+18,hz
3550.954,,,seconds,8.15E-08,3.28E-09,3.28E-09,cgs,Integrated,IntegratedFlux,,7.25E+16,2.42E+18,hz
3556.307,,,seconds,7.73E-08,3.09E-09,3.09E-09,cgs,Integrated,IntegratedFlux,,7.25E+16,2.42E+18,hz
3561.97,,,seconds,8.11E-08,3.28E-09,3.28E-09,cgs,Integrated,IntegratedFlux,,7.25E+16,2.42E+18,hz
3567.577,,,seconds,7.67E-08,3.08E-09,3.08E-09,cgs,Integrated,IntegratedFlux,,7.25E+16,2.42E+18,hz
3573.534,,,seconds,6.95E-08,2.83E-09,2.83E-09,cgs,Integrated,IntegratedFlux,,7.25E+16,2.42E+18,hz
3579.679,,,seconds,7.73E-08,3.10E-09,3.10E-09,cgs,Integrated,IntegratedFlux,,7.25E+16,2.42E+18,hz
3585.614,,,seconds,7.47E-08,3.02E-09,3.02E-09,cgs,Integrated,IntegratedFlux,,7.25E+16,2.42E+18,hz
3591.568,,,seconds,7.28E-08,2.94E-09,2.94E-09,cgs,Integrated,IntegratedFlux,,7.25E+16,2.42E+18,hz
3597.374,,,seconds,7.38E-08,2.95E-09,2.95E-09,cgs,Integrated,IntegratedFlux,,7.25E+16,2.42E+18,hz
3603.449,,,seconds,7.35E-08,2.96E-09,2.96E-09,cgs,Integrated,IntegratedFlux,,7.25E+16,2.42E+18,hz
3609.124,,,seconds,8.23E-08,3.28E-09,3.28E-09,cgs,Integrated,IntegratedFlux,,7.25E+16,2.42E+18,hz
3615.08,,,seconds,7.01E-08,2.81E-09,2.81E-09,cgs,Integrated,IntegratedFlux,,7.25E+16,2.42E+18,hz
3620.876,,,seconds,8.16E-08,3.26E-09,3.26E-09,cgs,Integrated,IntegratedFlux,,7.25E+16,2.42E+18,hz
3626.416,,,seconds,7.39E-08,2.95E-09,2.95E-09,cgs,Integrated,IntegratedFlux,,7.25E+16,2.42E+18,hz
3632.548,,,seconds,7.19E-08,2.90E-09,2.90E-09,cgs,Integrated,IntegratedFlux,,7.25E+16,2.42E+18,hz
3638.476,,,seconds,7.62E-08,3.05E-09,3.05E-09,cgs,Integrated,IntegratedFlux,,7.25E+16,2.42E+18,hz
3644.38,,,seconds,7.73E-08,3.10E-09,3.10E-09,cgs,Integrated,IntegratedFlux,,7.25E+16,2.42E+18,hz
3650.308,,,seconds,7.25E-08,2.90E-09,2.90E-09,cgs,Integrated,IntegratedFlux,,7.25E+16,2.42E+18,hz
3656.491,,,seconds,7.22E-08,2.86E-09,2.86E-09,cgs,Integrated,IntegratedFlux,,7.25E+16,2.42E+18,hz
3662.389,,,seconds,7.65E-08,3.07E-09,3.07E-09,cgs,Integrated,IntegratedFlux,,7.25E+16,2.42E+18,hz
3668.122,,,seconds,7.86E-08,3.16E-09,3.16E-09,cgs,Integrated,IntegratedFlux,,7.25E+16,2.42E+18,hz
3673.796,,,seconds,7.48E-08,2.99E-09,2.99E-09,cgs,Integrated,IntegratedFlux,,7.25E+16,2.42E+18,hz
3679.702,,,seconds,7.57E-08,3.03E-09,3.03E-09,cgs,Integrated,IntegratedFlux,,7.25E+16,2.42E+18,hz
3685.743,,,seconds,7.25E-08,2.90E-09,2.90E-09,cgs,Integrated,IntegratedFlux,,7.25E+16,2.42E+18,hz
3691.615,,,seconds,7.82E-08,3.17E-09,3.17E-09,cgs,Integrated,IntegratedFlux,,7.25E+16,2.42E+18,hz
3697.643,,,seconds,6.89E-08,2.76E-09,2.76E-09,cgs,Integrated,IntegratedFlux,,7.25E+16,2.42E+18,hz
3703.781,,,seconds,8.00E-08,3.17E-09,3.17E-09,cgs,Integrated,IntegratedFlux,,7.25E+16,2.42E+18,hz
3709.361,,,seconds,7.10E-08,2.86E-09,2.86E-09,cgs,Integrated,IntegratedFlux,,7.25E+16,2.42E+18,hz
3715.716,,,seconds,6.93E-08,2.76E-09,2.76E-09,cgs,Integrated,IntegratedFlux,,7.25E+16,2.42E+18,hz
3722.13,,,seconds,6.92E-08,2.79E-09,2.79E-09,cgs,Integrated,IntegratedFlux,,7.25E+16,2.42E+18,hz
3728.296,,,seconds,7.08E-08,2.84E-09,2.84E-09,cgs,Integrated,IntegratedFlux,,7.25E+16,2.42E+18,hz
3734.92,,,seconds,6.29E-08,2.57E-09,2.57E-09,cgs,Integrated,IntegratedFlux,,7.25E+16,2.42E+18,hz
3741.339,,,seconds,7.25E-08,2.94E-09,2.94E-09,cgs,Integrated,IntegratedFlux,,7.25E+16,2.42E+18,hz
3747.493,,,seconds,7.08E-08,2.84E-09,2.84E-09,cgs,Integrated,IntegratedFlux,,7.25E+16,2.42E+18,hz
3753.853,,,seconds,6.98E-08,2.78E-09,2.78E-09,cgs,Integrated,IntegratedFlux,,7.25E+16,2.42E+18,hz
3760.046,,,seconds,7.45E-08,3.03E-09,3.03E-09,cgs,Integrated,IntegratedFlux,,7.25E+16,2.42E+18,hz
3765.839,,,seconds,7.90E-08,3.17E-09,3.17E-09,cgs,Integrated,IntegratedFlux,,7.25E+16,2.42E+18,hz
3771.748,,,seconds,6.89E-08,2.77E-09,2.77E-09,cgs,Integrated,IntegratedFlux,,7.25E+16,2.42E+18,hz
3777.787,,,seconds,7.48E-08,3.00E-09,3.00E-09,cgs,Integrated,IntegratedFlux,,7.25E+16,2.42E+18,hz
3783.995,,,seconds,7.18E-08,2.86E-09,2.86E-09,cgs,Integrated,IntegratedFlux,,7.25E+16,2.42E+18,hz
3790.018,,,seconds,7.33E-08,2.94E-09,2.94E-09,cgs,Integrated,IntegratedFlux,,7.25E+16,2.42E+18,hz
3796.286,,,seconds,6.84E-08,2.74E-09,2.74E-09,cgs,Integrated,IntegratedFlux,,7.25E+16,2.42E+18,hz
3802.889,,,seconds,6.80E-08,2.72E-09,2.72E-09,cgs,Integrated,IntegratedFlux,,7.25E+16,2.42E+18,hz
3808.821,,,seconds,7.77E-08,3.09E-09,3.09E-09,cgs,Integrated,IntegratedFlux,,7.25E+16,2.42E+18,hz
3814.986,,,seconds,6.86E-08,2.75E-09,2.75E-09,cgs,Integrated,IntegratedFlux,,7.25E+16,2.42E+18,hz
3821.441,,,seconds,6.80E-08,2.73E-09,2.73E-09,cgs,Integrated,IntegratedFlux,,7.25E+16,2.42E+18,hz
3827.985,,,seconds,6.52E-08,2.63E-09,2.63E-09,cgs,Integrated,IntegratedFlux,,7.25E+16,2.42E+18,hz
3834.698,,,seconds,6.88E-08,2.75E-09,2.75E-09,cgs,Integrated,IntegratedFlux,,7.25E+16,2.42E+18,hz
3841.061,,,seconds,7.22E-08,2.90E-09,2.90E-09,cgs,Integrated,IntegratedFlux,,7.25E+16,2.42E+18,hz
3846.992,,,seconds,7.61E-08,3.04E-09,3.04E-09,cgs,Integrated,IntegratedFlux,,7.25E+16,2.42E+18,hz
3853.346,,,seconds,6.70E-08,2.68E-09,2.68E-09,cgs,Integrated,IntegratedFlux,,7.25E+16,2.42E+18,hz
3859.461,,,seconds,7.18E-08,2.85E-09,2.85E-09,cgs,Integrated,IntegratedFlux,,7.25E+16,2.42E+18,hz
3865.962,,,seconds,6.93E-08,2.76E-09,2.76E-09,cgs,Integrated,IntegratedFlux,,7.25E+16,2.42E+18,hz
3872.34,,,seconds,6.96E-08,2.78E-09,2.78E-09,cgs,Integrated,IntegratedFlux,,7.25E+16,2.42E+18,hz
3878.74,,,seconds,6.87E-08,2.78E-09,2.78E-09,cgs,Integrated,IntegratedFlux,,7.25E+16,2.42E+18,hz
3885.034,,,seconds,7.02E-08,2.82E-09,2.82E-09,cgs,Integrated,IntegratedFlux,,7.25E+16,2.42E+18,hz
3891.514,,,seconds,6.99E-08,2.79E-09,2.79E-09,cgs,Integrated,IntegratedFlux,,7.25E+16,2.42E+18,hz
3897.982,,,seconds,6.71E-08,2.71E-09,2.71E-09,cgs,Integrated,IntegratedFlux,,7.25E+16,2.42E+18,hz
3904.656,,,seconds,6.63E-08,2.64E-09,2.64E-09,cgs,Integrated,IntegratedFlux,,7.25E+16,2.42E+18,hz
3911.158,,,seconds,6.70E-08,2.70E-09,2.70E-09,cgs,Integrated,IntegratedFlux,,7.25E+16,2.42E+18,hz
3918.004,,,seconds,6.58E-08,2.65E-09,2.65E-09,cgs,Integrated,IntegratedFlux,,7.25E+16,2.42E+18,hz
3924.474,,,seconds,6.93E-08,2.79E-09,2.79E-09,cgs,Integrated,IntegratedFlux,,7.25E+16,2.42E+18,hz
3931.181,,,seconds,6.45E-08,2.59E-09,2.59E-09,cgs,Integrated,IntegratedFlux,,7.25E+16,2.42E+18,hz
3937.826,,,seconds,6.53E-08,2.65E-09,2.65E-09,cgs,Integrated,IntegratedFlux,,7.25E+16,2.42E+18,hz
3944.684,,,seconds,6.43E-08,2.59E-09,2.59E-09,cgs,Integrated,IntegratedFlux,,7.25E+16,2.42E+18,hz
3951.358,,,seconds,6.80E-08,2.72E-09,2.72E-09,cgs,Integrated,IntegratedFlux,,7.25E+16,2.42E+18,hz
3957.868,,,seconds,6.83E-08,2.73E-09,2.73E-09,cgs,Integrated,IntegratedFlux,,7.25E+16,2.42E+18,hz
3964.543,,,seconds,6.46E-08,2.60E-09,2.60E-09,cgs,Integrated,IntegratedFlux,,7.25E+16,2.42E+18,hz
3971.313,,,seconds,6.70E-08,2.66E-09,2.66E-09,cgs,Integrated,IntegratedFlux,,7.25E+16,2.42E+18,hz
3978.162,,,seconds,6.29E-08,2.51E-09,2.51E-09,cgs,Integrated,IntegratedFlux,,7.25E+16,2.42E+18,hz
3984.863,,,seconds,6.85E-08,2.75E-09,2.75E-09,cgs,Integrated,IntegratedFlux,,7.25E+16,2.42E+18,hz
3991.815,,,seconds,6.18E-08,2.49E-09,2.49E-09,cgs,Integrated,IntegratedFlux,,7.25E+16,2.42E+18,hz
3998.683,,,seconds,6.45E-08,2.57E-09,2.57E-09,cgs,Integrated,IntegratedFlux,,7.25E+16,2.42E+18,hz
4005.307,,,seconds,6.92E-08,2.77E-09,2.77E-09,cgs,Integrated,IntegratedFlux,,7.25E+16,2.42E+18,hz
4012.134,,,seconds,6.02E-08,2.46E-09,2.46E-09,cgs,Integrated,IntegratedFlux,,7.25E+16,2.42E+18,hz
4019.056,,,seconds,6.67E-08,2.66E-09,2.66E-09,cgs,Integrated,IntegratedFlux,,7.25E+16,2.42E+18,hz
4025.765,,,seconds,6.68E-08,2.68E-09,2.68E-09,cgs,Integrated,IntegratedFlux,,7.25E+16,2.42E+18,hz
4032.458,,,seconds,6.38E-08,2.56E-09,2.56E-09,cgs,Integrated,IntegratedFlux,,7.25E+16,2.42E+18,hz
4039.443,,,seconds,6.29E-08,2.53E-09,2.53E-09,cgs,Integrated,IntegratedFlux,,7.25E+16,2.42E+18,hz
4046.528,,,seconds,6.24E-08,2.51E-09,2.51E-09,cgs,Integrated,IntegratedFlux,,7.25E+16,2.42E+18,hz
4053.406,,,seconds,6.44E-08,2.59E-09,2.59E-09,cgs,Integrated,IntegratedFlux,,7.25E+16,2.42E+18,hz
4060.247,,,seconds,6.48E-08,2.59E-09,2.59E-09,cgs,Integrated,IntegratedFlux,,7.25E+16,2.42E+18,hz
4067.133,,,seconds,6.56E-08,2.64E-09,2.64E-09,cgs,Integrated,IntegratedFlux,,7.25E+16,2.42E+18,hz
4073.709,,,seconds,6.72E-08,2.71E-09,2.71E-09,cgs,Integrated,IntegratedFlux,,7.25E+16,2.42E+18,hz
4080.534,,,seconds,6.23E-08,2.52E-09,2.52E-09,cgs,Integrated,IntegratedFlux,,7.25E+16,2.42E+18,hz
4087.444,,,seconds,6.37E-08,2.62E-09,2.62E-09,cgs,Integrated,IntegratedFlux,,7.25E+16,2.42E+18,hz
4094.472,,,seconds,6.36E-08,2.57E-09,2.57E-09,cgs,Integrated,IntegratedFlux,,7.25E+16,2.42E+18,hz
4101.156,,,seconds,6.35E-08,2.54E-09,2.54E-09,cgs,Integrated,IntegratedFlux,,7.25E+16,2.42E+18,hz
4108.454,,,seconds,6.23E-08,2.48E-09,2.48E-09,cgs,Integrated,IntegratedFlux,,7.25E+16,2.42E+18,hz
4115.336,,,seconds,6.29E-08,2.53E-09,2.53E-09,cgs,Integrated,IntegratedFlux,,7.25E+16,2.42E+18,hz
4122.429,,,seconds,6.25E-08,2.52E-09,2.52E-09,cgs,Integrated,IntegratedFlux,,7.25E+16,2.42E+18,hz
4129.324,,,seconds,6.42E-08,2.58E-09,2.58E-09,cgs,Integrated,IntegratedFlux,,7.25E+16,2.42E+18,hz
4136.092,,,seconds,6.74E-08,2.72E-09,2.72E-09,cgs,Integrated,IntegratedFlux,,7.25E+16,2.42E+18,hz
4143.349,,,seconds,5.55E-08,2.24E-09,2.24E-09,cgs,Integrated,IntegratedFlux,,7.25E+16,2.42E+18,hz
4150.966,,,seconds,6.04E-08,2.42E-09,2.42E-09,cgs,Integrated,IntegratedFlux,,7.25E+16,2.42E+18,hz
4157.985,,,seconds,6.36E-08,2.59E-09,2.59E-09,cgs,Integrated,IntegratedFlux,,7.25E+16,2.42E+18,hz
4164.985,,,seconds,6.49E-08,2.59E-09,2.59E-09,cgs,Integrated,IntegratedFlux,,7.25E+16,2.42E+18,hz
4172.019,,,seconds,5.82E-08,2.37E-09,2.37E-09,cgs,Integrated,IntegratedFlux,,7.25E+16,2.42E+18,hz
4179.361,,,seconds,5.96E-08,2.39E-09,2.39E-09,cgs,Integrated,IntegratedFlux,,7.25E+16,2.42E+18,hz
4186.642,,,seconds,6.15E-08,2.48E-09,2.48E-09,cgs,Integrated,IntegratedFlux,,7.25E+16,2.42E+18,hz
4194.074,,,seconds,5.87E-08,2.39E-09,2.39E-09,cgs,Integrated,IntegratedFlux,,7.25E+16,2.42E+18,hz
4201.213,,,seconds,6.38E-08,2.54E-09,2.54E-09,cgs,Integrated,IntegratedFlux,,7.25E+16,2.42E+18,hz
4208.459,,,seconds,5.97E-08,2.38E-09,2.38E-09,cgs,Integrated,IntegratedFlux,,7.25E+16,2.42E+18,hz
4215.996,,,seconds,6.12E-08,2.42E-09,2.42E-09,cgs,Integrated,IntegratedFlux,,7.25E+16,2.42E+18,hz
4223.24,,,seconds,6.10E-08,2.46E-09,2.46E-09,cgs,Integrated,IntegratedFlux,,7.25E+16,2.42E+18,hz
4230.531,,,seconds,5.84E-08,2.39E-09,2.39E-09,cgs,Integrated,IntegratedFlux,,7.25E+16,2.42E+18,hz
4238.071,,,seconds,6.02E-08,2.40E-09,2.40E-09,cgs,Integrated,IntegratedFlux,,7.25E+16,2.42E+18,hz
4245.361,,,seconds,5.91E-08,2.34E-09,2.34E-09,cgs,Integrated,IntegratedFlux,,7.25E+16,2.42E+18,hz
4252.651,,,seconds,6.31E-08,2.52E-09,2.52E-09,cgs,Integrated,IntegratedFlux,,7.25E+16,2.42E+18,hz
4259.685,,,seconds,6.29E-08,2.51E-09,2.51E-09,cgs,Integrated,IntegratedFlux,,7.25E+16,2.42E+18,hz
4266.863,,,seconds,6.39E-08,2.55E-09,2.55E-09,cgs,Integrated,IntegratedFlux,,7.25E+16,2.42E+18,hz
4273.805,,,seconds,6.21E-08,2.49E-09,2.49E-09,cgs,Integrated,IntegratedFlux,,7.25E+16,2.42E+18,hz
4281.207,,,seconds,5.73E-08,2.31E-09,2.31E-09,cgs,Integrated,IntegratedFlux,,7.25E+16,2.42E+18,hz
4288.909,,,seconds,5.57E-08,2.26E-09,2.26E-09,cgs,Integrated,IntegratedFlux,,7.25E+16,2.42E+18,hz
4296.666,,,seconds,5.98E-08,2.40E-09,2.40E-09,cgs,Integrated,IntegratedFlux,,7.25E+16,2.42E+18,hz
4304.396,,,seconds,5.62E-08,2.27E-09,2.27E-09,cgs,Integrated,IntegratedFlux,,7.25E+16,2.42E+18,hz
4312.017,,,seconds,5.76E-08,2.34E-09,2.34E-09,cgs,Integrated,IntegratedFlux,,7.25E+16,2.42E+18,hz
4319.39,,,seconds,5.98E-08,2.40E-09,2.40E-09,cgs,Integrated,IntegratedFlux,,7.25E+16,2.42E+18,hz
4326.891,,,seconds,5.72E-08,2.30E-09,2.30E-09,cgs,Integrated,IntegratedFlux,,7.25E+16,2.42E+18,hz
4334.727,,,seconds,5.80E-08,2.33E-09,2.33E-09,cgs,Integrated,IntegratedFlux,,7.25E+16,2.42E+18,hz
4341.998,,,seconds,5.90E-08,2.37E-09,2.37E-09,cgs,Integrated,IntegratedFlux,,7.25E+16,2.42E+18,hz
4349.63,,,seconds,5.66E-08,2.31E-09,2.31E-09,cgs,Integrated,IntegratedFlux,,7.25E+16,2.42E+18,hz
4357.437,,,seconds,5.69E-08,2.31E-09,2.31E-09,cgs,Integrated,IntegratedFlux,,7.25E+16,2.42E+18,hz
4365.218,,,seconds,5.80E-08,2.34E-09,2.34E-09,cgs,Integrated,IntegratedFlux,,7.25E+16,2.42E+18,hz
4372.788,,,seconds,5.79E-08,2.33E-09,2.33E-09,cgs,Integrated,IntegratedFlux,,7.25E+16,2.42E+18,hz
4380.312,,,seconds,5.86E-08,2.36E-09,2.36E-09,cgs,Integrated,IntegratedFlux,,7.25E+16,2.42E+18,hz
4387.909,,,seconds,5.91E-08,2.38E-09,2.38E-09,cgs,Integrated,IntegratedFlux,,7.25E+16,2.42E+18,hz
4395.831,,,seconds,5.55E-08,2.23E-09,2.23E-09,cgs,Integrated,IntegratedFlux,,7.25E+16,2.42E+18,hz
4403.542,,,seconds,5.61E-08,2.26E-09,2.26E-09,cgs,Integrated,IntegratedFlux,,7.25E+16,2.42E+18,hz
4411.519,,,seconds,5.44E-08,2.20E-09,2.20E-09,cgs,Integrated,IntegratedFlux,,7.25E+16,2.42E+18,hz
4419.209,,,seconds,5.90E-08,2.34E-09,2.34E-09,cgs,Integrated,IntegratedFlux,,7.25E+16,2.42E+18,hz
4426.819,,,seconds,5.83E-08,2.36E-09,2.36E-09,cgs,Integrated,IntegratedFlux,,7.25E+16,2.42E+18,hz
4434.098,,,seconds,6.27E-08,2.52E-09,2.52E-09,cgs,Integrated,IntegratedFlux,,7.25E+16,2.42E+18,hz
4441.237,,,seconds,5.99E-08,2.41E-09,2.41E-09,cgs,Integrated,IntegratedFlux,,7.25E+16,2.42E+18,hz
4448.81,,,seconds,5.76E-08,2.32E-09,2.32E-09,cgs,Integrated,IntegratedFlux,,7.25E+16,2.42E+18,hz
4456.536,,,seconds,5.67E-08,2.27E-09,2.27E-09,cgs,Integrated,IntegratedFlux,,7.25E+16,2.42E+18,hz
4464.58,,,seconds,5.49E-08,2.24E-09,2.24E-09,cgs,Integrated,IntegratedFlux,,7.25E+16,2.42E+18,hz
4472.465,,,seconds,5.51E-08,2.22E-09,2.22E-09,cgs,Integrated,IntegratedFlux,,7.25E+16,2.42E+18,hz
4480.301,,,seconds,5.39E-08,2.24E-09,2.24E-09,cgs,Integrated,IntegratedFlux,,7.25E+16,2.42E+18,hz
4487.94,,,seconds,5.89E-08,2.40E-09,2.40E-09,cgs,Integrated,IntegratedFlux,,7.25E+16,2.42E+18,hz
4495.682,,,seconds,5.99E-08,2.37E-09,2.37E-09,cgs,Integrated,IntegratedFlux,,7.25E+16,2.42E+18,hz
4503.336,,,seconds,5.59E-08,2.23E-09,2.23E-09,cgs,Integrated,IntegratedFlux,,7.25E+16,2.42E+18,hz
4511.075,,,seconds,5.72E-08,2.31E-09,2.31E-09,cgs,Integrated,IntegratedFlux,,7.25E+16,2.42E+18,hz
4519.07,,,seconds,5.54E-08,2.22E-09,2.22E-09,cgs,Integrated,IntegratedFlux,,7.25E+16,2.42E+18,hz
4527.405,,,seconds,5.25E-08,2.12E-09,2.12E-09,cgs,Integrated,IntegratedFlux,,7.25E+16,2.42E+18,hz
21615.001,,,seconds,5.17E-09,2.69E-10,2.69E-10,cgs,Integrated,IntegratedFlux,,7.25E+16,2.42E+18,hz
21624.512,,,seconds,4.90E-09,2.46E-10,2.46E-10,cgs,Integrated,IntegratedFlux,,7.25E+16,2.42E+18,hz
21633.536,,,seconds,5.01E-09,2.65E-10,2.65E-10,cgs,Integrated,IntegratedFlux,,7.25E+16,2.42E+18,hz
21642.666,,,seconds,5.14E-09,2.68E-10,2.68E-10,cgs,Integrated,IntegratedFlux,,7.25E+16,2.42E+18,hz
21651.746,,,seconds,5.19E-09,2.65E-10,2.65E-10,cgs,Integrated,IntegratedFlux,,7.25E+16,2.42E+18,hz
21660.794,,,seconds,5.01E-09,2.61E-10,2.61E-10,cgs,Integrated,IntegratedFlux,,7.25E+16,2.42E+18,hz
21670.07,,,seconds,4.99E-09,2.62E-10,2.62E-10,cgs,Integrated,IntegratedFlux,,7.25E+16,2.42E+18,hz
21679.191,,,seconds,4.86E-09,2.55E-10,2.55E-10,cgs,Integrated,IntegratedFlux,,7.25E+16,2.42E+18,hz
21688.74,,,seconds,5.09E-09,2.61E-10,2.61E-10,cgs,Integrated,IntegratedFlux,,7.25E+16,2.42E+18,hz
21697.647,,,seconds,5.07E-09,2.75E-10,2.75E-10,cgs,Integrated,IntegratedFlux,,7.25E+16,2.42E+18,hz
21706.77,,,seconds,5.09E-09,2.71E-10,2.71E-10,cgs,Integrated,IntegratedFlux,,7.25E+16,2.42E+18,hz
21715.764,,,seconds,5.47E-09,2.76E-10,2.76E-10,cgs,Integrated,IntegratedFlux,,7.25E+16,2.42E+18,hz
21724.669,,,seconds,4.98E-09,2.51E-10,2.51E-10,cgs,Integrated,IntegratedFlux,,7.25E+16,2.42E+18,hz
21734.041,,,seconds,5.04E-09,2.56E-10,2.56E-10,cgs,Integrated,IntegratedFlux,,7.25E+16,2.42E+18,hz
21743.529,,,seconds,5.10E-09,2.64E-10,2.64E-10,cgs,Integrated,IntegratedFlux,,7.25E+16,2.42E+18,hz
21752.189,,,seconds,4.88E-09,2.61E-10,2.61E-10,cgs,Integrated,IntegratedFlux,,7.25E+16,2.42E+18,hz
21761.313,,,seconds,5.44E-09,2.80E-10,2.80E-10,cgs,Integrated,IntegratedFlux,,7.25E+16,2.42E+18,hz
21770.271,,,seconds,4.86E-09,2.55E-10,2.55E-10,cgs,Integrated,IntegratedFlux,,7.25E+16,2.42E+18,hz
21779.69,,,seconds,5.13E-09,2.60E-10,2.60E-10,cgs,Integrated,IntegratedFlux,,7.25E+16,2.42E+18,hz
21789.104,,,seconds,4.81E-09,2.47E-10,2.47E-10,cgs,Integrated,IntegratedFlux,,7.25E+16,2.42E+18,hz
21798.732,,,seconds,5.01E-09,2.54E-10,2.54E-10,cgs,Integrated,IntegratedFlux,,7.25E+16,2.42E+18,hz
21807.866,,,seconds,5.26E-09,2.72E-10,2.72E-10,cgs,Integrated,IntegratedFlux,,7.25E+16,2.42E+18,hz
21816.782,,,seconds,5.17E-09,2.66E-10,2.66E-10,cgs,Integrated,IntegratedFlux,,7.25E+16,2.42E+18,hz
21826.134,,,seconds,4.85E-09,2.59E-10,2.59E-10,cgs,Integrated,IntegratedFlux,,7.25E+16,2.42E+18,hz
21836.148,,,seconds,4.25E-09,2.25E-10,2.25E-10,cgs,Integrated,IntegratedFlux,,7.25E+16,2.42E+18,hz
21846.166,,,seconds,4.82E-09,2.49E-10,2.49E-10,cgs,Integrated,IntegratedFlux,,7.25E+16,2.42E+18,hz
21855.898,,,seconds,4.89E-09,2.50E-10,2.50E-10,cgs,Integrated,IntegratedFlux,,7.25E+16,2.42E+18,hz
21864.861,,,seconds,5.38E-09,2.72E-10,2.72E-10,cgs,Integrated,IntegratedFlux,,7.25E+16,2.42E+18,hz
21873.742,,,seconds,5.03E-09,2.66E-10,2.66E-10,cgs,Integrated,IntegratedFlux,,7.25E+16,2.42E+18,hz
21883.046,,,seconds,4.74E-09,2.52E-10,2.52E-10,cgs,Integrated,IntegratedFlux,,7.25E+16,2.42E+18,hz
21892.701,,,seconds,5.09E-09,2.55E-10,2.55E-10,cgs,Integrated,IntegratedFlux,,7.25E+16,2.42E+18,hz
21901.747,,,seconds,5.06E-09,2.66E-10,2.66E-10,cgs,Integrated,IntegratedFlux,,7.25E+16,2.42E+18,hz
21911.317,,,seconds,4.64E-09,2.53E-10,2.53E-10,cgs,Integrated,IntegratedFlux,,7.25E+16,2.42E+18,hz
21920.272,,,seconds,5.23E-09,2.68E-10,2.68E-10,cgs,Integrated,IntegratedFlux,,7.25E+16,2.42E+18,hz
21929.382,,,seconds,4.92E-09,2.57E-10,2.57E-10,cgs,Integrated,IntegratedFlux,,7.25E+16,2.42E+18,hz
21938.866,,,seconds,4.75E-09,2.47E-10,2.47E-10,cgs,Integrated,IntegratedFlux,,7.25E+16,2.42E+18,hz
21948.716,,,seconds,4.68E-09,2.46E-10,2.46E-10,cgs,Integrated,IntegratedFlux,,7.25E+16,2.42E+18,hz
21958.237,,,seconds,5.23E-09,2.69E-10,2.69E-10,cgs,Integrated,IntegratedFlux,,7.25E+16,2.42E+18,hz
21966.546,,,seconds,5.51E-09,2.77E-10,2.77E-10,cgs,Integrated,IntegratedFlux,,7.25E+16,2.42E+18,hz
21975.506,,,seconds,5.26E-09,2.67E-10,2.67E-10,cgs,Integrated,IntegratedFlux,,7.25E+16,2.42E+18,hz
21984.167,,,seconds,5.16E-09,2.68E-10,2.68E-10,cgs,Integrated,IntegratedFlux,,7.25E+16,2.42E+18,hz
21993.423,,,seconds,5.03E-09,2.57E-10,2.57E-10,cgs,Integrated,IntegratedFlux,,7.25E+16,2.42E+18,hz
22002.164,,,seconds,5.52E-09,2.83E-10,2.83E-10,cgs,Integrated,IntegratedFlux,,7.25E+16,2.42E+18,hz
22010.826,,,seconds,5.27E-09,2.76E-10,2.76E-10,cgs,Integrated,IntegratedFlux,,7.25E+16,2.42E+18,hz
22020.433,,,seconds,4.66E-09,2.42E-10,2.42E-10,cgs,Integrated,IntegratedFlux,,7.25E+16,2.42E+18,hz
22030.138,,,seconds,4.53E-09,2.38E-10,2.38E-10,cgs,Integrated,IntegratedFlux,,7.25E+16,2.42E+18,hz
22039.968,,,seconds,5.16E-09,2.64E-10,2.64E-10,cgs,Integrated,IntegratedFlux,,7.25E+16,2.42E+18,hz
22048.696,,,seconds,5.34E-09,2.72E-10,2.72E-10,cgs,Integrated,IntegratedFlux,,7.25E+16,2.42E+18,hz
22057.666,,,seconds,4.91E-09,2.52E-10,2.52E-10,cgs,Integrated,IntegratedFlux,,7.25E+16,2.42E+18,hz
22066.865,,,seconds,5.15E-09,2.66E-10,2.66E-10,cgs,Integrated,IntegratedFlux,,7.25E+16,2.42E+18,hz
22076.117,,,seconds,5.08E-09,2.64E-10,2.64E-10,cgs,Integrated,IntegratedFlux,,7.25E+16,2.42E+18,hz
22085.052,,,seconds,5.09E-09,2.62E-10,2.62E-10,cgs,Integrated,IntegratedFlux,,7.25E+16,2.42E+18,hz
22094.017,,,seconds,5.24E-09,2.72E-10,2.72E-10,cgs,Integrated,IntegratedFlux,,7.25E+16,2.42E+18,hz
25492.636,,,seconds,4.11E-09,2.21E-10,2.21E-10,cgs,Integrated,IntegratedFlux,,7.25E+16,2.42E+18,hz
25504.572,,,seconds,4.12E-09,2.38E-10,2.38E-10,cgs,Integrated,IntegratedFlux,,7.25E+16,2.42E+18,hz
25516.959,,,seconds,3.68E-09,2.35E-10,2.35E-10,cgs,Integrated,IntegratedFlux,,7.25E+16,2.42E+18,hz
25530.191,,,seconds,3.83E-09,2.62E-10,2.62E-10,cgs,Integrated,IntegratedFlux,,7.25E+16,2.42E+18,hz
25543.135,,,seconds,3.94E-09,2.56E-10,2.56E-10,cgs,Integrated,IntegratedFlux,,7.25E+16,2.42E+18,hz
25555.346,,,seconds,4.49E-09,2.75E-10,2.75E-10,cgs,Integrated,IntegratedFlux,,7.25E+16,2.42E+18,hz
25567.362,,,seconds,3.97E-09,2.41E-10,2.41E-10,cgs,Integrated,IntegratedFlux,,7.25E+16,2.42E+18,hz
25579.559,,,seconds,4.04E-09,2.28E-10,2.28E-10,cgs,Integrated,IntegratedFlux,,7.25E+16,2.42E+18,hz
25592.031,,,seconds,3.73E-09,2.14E-10,2.14E-10,cgs,Integrated,IntegratedFlux,,7.25E+16,2.42E+18,hz
25604.782,,,seconds,3.94E-09,2.22E-10,2.22E-10,cgs,Integrated,IntegratedFlux,,7.25E+16,2.42E+18,hz
25617.478,,,seconds,3.78E-09,2.11E-10,2.11E-10,cgs,Integrated,IntegratedFlux,,7.25E+16,2.42E+18,hz
25630.526,,,seconds,3.74E-09,2.20E-10,2.20E-10,cgs,Integrated,IntegratedFlux,,7.25E+16,2.42E+18,hz
25642.902,,,seconds,3.97E-09,2.22E-10,2.22E-10,cgs,Integrated,IntegratedFlux,,7.25E+16,2.42E+18,hz
25665.299,,,seconds,3.62E-09,2.17E-10,2.17E-10,cgs,Integrated,IntegratedFlux,,7.25E+16,2.42E+18,hz
25688.395,,,seconds,3.91E-09,2.31E-10,2.31E-10,cgs,Integrated,IntegratedFlux,,7.25E+16,2.42E+18,hz
25700.466,,,seconds,3.82E-09,2.16E-10,2.16E-10,cgs,Integrated,IntegratedFlux,,7.25E+16,2.42E+18,hz
25713.329,,,seconds,3.87E-09,2.17E-10,2.17E-10,cgs,Integrated,IntegratedFlux,,7.25E+16,2.42E+18,hz
25726.924,,,seconds,3.50E-09,2.07E-10,2.07E-10,cgs,Integrated,IntegratedFlux,,7.25E+16,2.42E+18,hz
25739.668,,,seconds,3.92E-09,2.45E-10,2.45E-10,cgs,Integrated,IntegratedFlux,,7.25E+16,2.42E+18,hz
25752.045,,,seconds,3.92E-09,2.44E-10,2.44E-10,cgs,Integrated,IntegratedFlux,,7.25E+16,2.42E+18,hz
25765.907,,,seconds,3.55E-09,2.37E-10,2.37E-10,cgs,Integrated,IntegratedFlux,,7.25E+16,2.42E+18,hz
25778.859,,,seconds,4.38E-09,2.96E-10,2.96E-10,cgs,Integrated,IntegratedFlux,,7.25E+16,2.42E+18,hz
25790.567,,,seconds,4.18E-09,2.85E-10,2.85E-10,cgs,Integrated,IntegratedFlux,,7.25E+16,2.42E+18,hz
25803.568,,,seconds,4.05E-09,2.79E-10,2.79E-10,cgs,Integrated,IntegratedFlux,,7.25E+16,2.42E+18,hz
25816.262,,,seconds,4.07E-09,2.74E-10,2.74E-10,cgs,Integrated,IntegratedFlux,,7.25E+16,2.42E+18,hz
25830.043,,,seconds,3.64E-09,2.43E-10,2.43E-10,cgs,Integrated,IntegratedFlux,,7.25E+16,2.42E+18,hz
25843.659,,,seconds,3.71E-09,2.50E-10,2.50E-10,cgs,Integrated,IntegratedFlux,,7.25E+16,2.42E+18,hz
25856.935,,,seconds,3.81E-09,2.48E-10,2.48E-10,cgs,Integrated,IntegratedFlux,,7.25E+16,2.42E+18,hz
25870.178,,,seconds,4.02E-09,2.68E-10,2.68E-10,cgs,Integrated,IntegratedFlux,,7.25E+16,2.42E+18,hz
25883.616,,,seconds,3.47E-09,2.32E-10,2.32E-10,cgs,Integrated,IntegratedFlux,,7.25E+16,2.42E+18,hz
25897.291,,,seconds,3.97E-09,2.63E-10,2.63E-10,cgs,Integrated,IntegratedFlux,,7.25E+16,2.42E+18,hz
25910.096,,,seconds,3.73E-09,2.47E-10,2.47E-10,cgs,Integrated,IntegratedFlux,,7.25E+16,2.42E+18,hz
25924.039,,,seconds,3.75E-09,2.54E-10,2.54E-10,cgs,Integrated,IntegratedFlux,,7.25E+16,2.42E+18,hz
25937.438,,,seconds,3.74E-09,2.50E-10,2.50E-10,cgs,Integrated,IntegratedFlux,,7.25E+16,2.42E+18,hz
25951.674,,,seconds,3.51E-09,2.40E-10,2.40E-10,cgs,Integrated,IntegratedFlux,,7.25E+16,2.42E+18,hz
25965.094,,,seconds,3.66E-09,2.56E-10,2.56E-10,cgs,Integrated,IntegratedFlux,,7.25E+16,2.42E+18,hz
25979.1,,,seconds,3.85E-09,2.61E-10,2.61E-10,cgs,Integrated,IntegratedFlux,,7.25E+16,2.42E+18,hz
25992.43,,,seconds,3.92E-09,2.73E-10,2.73E-10,cgs,Integrated,IntegratedFlux,,7.25E+16,2.42E+18,hz
26005.311,,,seconds,3.74E-09,2.54E-10,2.54E-10,cgs,Integrated,IntegratedFlux,,7.25E+16,2.42E+18,hz
26019.067,,,seconds,3.62E-09,2.46E-10,2.46E-10,cgs,Integrated,IntegratedFlux,,7.25E+16,2.42E+18,hz
26033.612,,,seconds,3.32E-09,2.26E-10,2.26E-10,cgs,Integrated,IntegratedFlux,,7.25E+16,2.42E+18,hz
26048.296,,,seconds,3.14E-09,2.31E-10,2.31E-10,cgs,Integrated,IntegratedFlux,,7.25E+16,2.42E+18,hz
26062.416,,,seconds,3.95E-09,2.73E-10,2.73E-10,cgs,Integrated,IntegratedFlux,,7.25E+16,2.42E+18,hz
26075.228,,,seconds,4.01E-09,2.75E-10,2.75E-10,cgs,Integrated,IntegratedFlux,,7.25E+16,2.42E+18,hz
26088.428,,,seconds,3.96E-09,2.60E-10,2.60E-10,cgs,Integrated,IntegratedFlux,,7.25E+16,2.42E+18,hz
26102.171,,,seconds,3.87E-09,2.61E-10,2.61E-10,cgs,Integrated,IntegratedFlux,,7.25E+16,2.42E+18,hz
26115.764,,,seconds,3.99E-09,2.66E-10,2.66E-10,cgs,Integrated,IntegratedFlux,,7.25E+16,2.42E+18,hz
26129.236,,,seconds,3.78E-09,2.56E-10,2.56E-10,cgs,Integrated,IntegratedFlux,,7.25E+16,2.42E+18,hz
26142.526,,,seconds,3.74E-09,2.53E-10,2.53E-10,cgs,Integrated,IntegratedFlux,,7.25E+16,2.42E+18,hz
26156.388,,,seconds,3.74E-09,2.51E-10,2.51E-10,cgs,Integrated,IntegratedFlux,,7.25E+16,2.42E+18,hz
26170.091,,,seconds,3.93E-09,2.66E-10,2.66E-10,cgs,Integrated,IntegratedFlux,,7.25E+16,2.42E+18,hz
26183.077,,,seconds,3.78E-09,2.58E-10,2.58E-10,cgs,Integrated,IntegratedFlux,,7.25E+16,2.42E+18,hz
26196.99,,,seconds,3.60E-09,2.45E-10,2.45E-10,cgs,Integrated,IntegratedFlux,,7.25E+16,2.42E+18,hz
26210.252,,,seconds,3.99E-09,2.77E-10,2.77E-10,cgs,Integrated,IntegratedFlux,,7.25E+16,2.42E+18,hz
26223.009,,,seconds,4.01E-09,2.70E-10,2.70E-10,cgs,Integrated,IntegratedFlux,,7.25E+16,2.42E+18,hz
26236.265,,,seconds,3.95E-09,2.73E-10,2.73E-10,cgs,Integrated,IntegratedFlux,,7.25E+16,2.42E+18,hz
26249.181,,,seconds,3.76E-09,2.62E-10,2.62E-10,cgs,Integrated,IntegratedFlux,,7.25E+16,2.42E+18,hz
26262.939,,,seconds,3.71E-09,2.56E-10,2.56E-10,cgs,Integrated,IntegratedFlux,,7.25E+16,2.42E+18,hz
26276.959,,,seconds,3.55E-09,2.48E-10,2.48E-10,cgs,Integrated,IntegratedFlux,,7.25E+16,2.42E+18,hz
26289.944,,,seconds,4.06E-09,2.78E-10,2.78E-10,cgs,Integrated,IntegratedFlux,,7.25E+16,2.42E+18,hz
26302.317,,,seconds,3.84E-09,2.62E-10,2.62E-10,cgs,Integrated,IntegratedFlux,,7.25E+16,2.42E+18,hz
26315.57,,,seconds,3.93E-09,2.73E-10,2.73E-10,cgs,Integrated,IntegratedFlux,,7.25E+16,2.42E+18,hz
26328.053,,,seconds,4.21E-09,2.98E-10,2.98E-10,cgs,Integrated,IntegratedFlux,,7.25E+16,2.42E+18,hz
26341.128,,,seconds,4.05E-09,2.85E-10,2.85E-10,cgs,Integrated,IntegratedFlux,,7.25E+16,2.42E+18,hz
26354.615,,,seconds,3.80E-09,2.73E-10,2.73E-10,cgs,Integrated,IntegratedFlux,,7.25E+16,2.42E+18,hz
26368.221,,,seconds,3.78E-09,2.66E-10,2.66E-10,cgs,Integrated,IntegratedFlux,,7.25E+16,2.42E+18,hz
26381.242,,,seconds,3.79E-09,2.62E-10,2.62E-10,cgs,Integrated,IntegratedFlux,,7.25E+16,2.42E+18,hz
26395.251,,,seconds,4.10E-09,2.81E-10,2.81E-10,cgs,Integrated,IntegratedFlux,,7.25E+16,2.42E+18,hz
26407.898,,,seconds,3.71E-09,2.65E-10,2.65E-10,cgs,Integrated,IntegratedFlux,,7.25E+16,2.42E+18,hz
26421.65,,,seconds,3.71E-09,2.52E-10,2.52E-10,cgs,Integrated,IntegratedFlux,,7.25E+16,2.42E+18,hz
26435.315,,,seconds,3.73E-09,2.61E-10,2.61E-10,cgs,Integrated,IntegratedFlux,,7.25E+16,2.42E+18,hz
26449.093,,,seconds,3.55E-09,2.46E-10,2.46E-10,cgs,Integrated,IntegratedFlux,,7.25E+16,2.42E+18,hz
26463.422,,,seconds,3.71E-09,2.55E-10,2.55E-10,cgs,Integrated,IntegratedFlux,,7.25E+16,2.42E+18,hz
26476.765,,,seconds,3.88E-09,2.65E-10,2.65E-10,cgs,Integrated,IntegratedFlux,,7.25E+16,2.42E+18,hz
26489.781,,,seconds,4.02E-09,2.75E-10,2.75E-10,cgs,Integrated,IntegratedFlux,,7.25E+16,2.42E+18,hz
26502.424,,,seconds,3.92E-09,2.72E-10,2.72E-10,cgs,Integrated,IntegratedFlux,,7.25E+16,2.42E+18,hz
26516.193,,,seconds,3.68E-09,2.53E-10,2.53E-10,cgs,Integrated,IntegratedFlux,,7.25E+16,2.42E+18,hz
26529.552,,,seconds,3.95E-09,2.75E-10,2.75E-10,cgs,Integrated,IntegratedFlux,,7.25E+16,2.42E+18,hz
26543.96,,,seconds,3.24E-09,2.36E-10,2.36E-10,cgs,Integrated,IntegratedFlux,,7.25E+16,2.42E+18,hz
26557.64,,,seconds,4.03E-09,2.79E-10,2.79E-10,cgs,Integrated,IntegratedFlux,,7.25E+16,2.42E+18,hz
26571.558,,,seconds,3.62E-09,2.44E-10,2.44E-10,cgs,Integrated,IntegratedFlux,,7.25E+16,2.42E+18,hz
26585.907,,,seconds,3.32E-09,2.34E-10,2.34E-10,cgs,Integrated,IntegratedFlux,,7.25E+16,2.42E+18,hz
26600.697,,,seconds,3.82E-09,2.61E-10,2.61E-10,cgs,Integrated,IntegratedFlux,,7.25E+16,2.42E+18,hz
26613.868,,,seconds,3.83E-09,2.61E-10,2.61E-10,cgs,Integrated,IntegratedFlux,,7.25E+16,2.42E+18,hz
26627.838,,,seconds,3.77E-09,2.59E-10,2.59E-10,cgs,Integrated,IntegratedFlux,,7.25E+16,2.42E+18,hz
26641.268,,,seconds,3.68E-09,2.58E-10,2.58E-10,cgs,Integrated,IntegratedFlux,,7.25E+16,2.42E+18,hz
26654.906,,,seconds,3.73E-09,2.54E-10,2.54E-10,cgs,Integrated,IntegratedFlux,,7.25E+16,2.42E+18,hz
26668.348,,,seconds,3.85E-09,2.61E-10,2.61E-10,cgs,Integrated,IntegratedFlux,,7.25E+16,2.42E+18,hz
31126.431,,,seconds,3.00E-09,1.60E-10,1.60E-10,cgs,Integrated,IntegratedFlux,,7.25E+16,2.42E+18,hz
31141.842,,,seconds,2.83E-09,1.53E-10,1.53E-10,cgs,Integrated,IntegratedFlux,,7.25E+16,2.42E+18,hz
31157.367,,,seconds,3.11E-09,1.66E-10,1.66E-10,cgs,Integrated,IntegratedFlux,,7.25E+16,2.42E+18,hz
31172.59,,,seconds,2.98E-09,1.58E-10,1.58E-10,cgs,Integrated,IntegratedFlux,,7.25E+16,2.42E+18,hz
31188.482,,,seconds,2.78E-09,1.54E-10,1.54E-10,cgs,Integrated,IntegratedFlux,,7.25E+16,2.42E+18,hz
31203.726,,,seconds,3.08E-09,1.66E-10,1.66E-10,cgs,Integrated,IntegratedFlux,,7.25E+16,2.42E+18,hz
31218.362,,,seconds,3.12E-09,1.70E-10,1.70E-10,cgs,Integrated,IntegratedFlux,,7.25E+16,2.42E+18,hz
31233.161,,,seconds,3.05E-09,1.66E-10,1.66E-10,cgs,Integrated,IntegratedFlux,,7.25E+16,2.42E+18,hz
31247.437,,,seconds,3.22E-09,1.75E-10,1.75E-10,cgs,Integrated,IntegratedFlux,,7.25E+16,2.42E+18,hz
31262.441,,,seconds,2.75E-09,1.59E-10,1.59E-10,cgs,Integrated,IntegratedFlux,,7.25E+16,2.42E+18,hz
31277.004,,,seconds,3.26E-09,1.76E-10,1.76E-10,cgs,Integrated,IntegratedFlux,,7.25E+16,2.42E+18,hz
31291.717,,,seconds,2.92E-09,1.61E-10,1.61E-10,cgs,Integrated,IntegratedFlux,,7.25E+16,2.42E+18,hz
31305.978,,,seconds,3.24E-09,1.79E-10,1.79E-10,cgs,Integrated,IntegratedFlux,,7.25E+16,2.42E+18,hz
31321.125,,,seconds,2.82E-09,1.55E-10,1.55E-10,cgs,Integrated,IntegratedFlux,,7.25E+16,2.42E+18,hz
31336.473,,,seconds,3.12E-09,1.65E-10,1.65E-10,cgs,Integrated,IntegratedFlux,,7.25E+16,2.42E+18,hz
31351.817,,,seconds,2.80E-09,1.55E-10,1.55E-10,cgs,Integrated,IntegratedFlux,,7.25E+16,2.42E+18,hz
31367.134,,,seconds,2.90E-09,1.58E-10,1.58E-10,cgs,Integrated,IntegratedFlux,,7.25E+16,2.42E+18,hz
31382.754,,,seconds,2.89E-09,1.57E-10,1.57E-10,cgs,Integrated,IntegratedFlux,,7.25E+16,2.42E+18,hz
31398.144,,,seconds,3.08E-09,1.62E-10,1.62E-10,cgs,Integrated,IntegratedFlux,,7.25E+16,2.42E+18,hz
31412.391,,,seconds,3.46E-09,1.82E-10,1.82E-10,cgs,Integrated,IntegratedFlux,,7.25E+16,2.42E+18,hz
31427.109,,,seconds,2.83E-09,1.50E-10,1.50E-10,cgs,Integrated,IntegratedFlux,,7.25E+16,2.42E+18,hz
31443.691,,,seconds,2.86E-09,1.52E-10,1.52E-10,cgs,Integrated,IntegratedFlux,,7.25E+16,2.42E+18,hz
31458.929,,,seconds,2.97E-09,1.63E-10,1.63E-10,cgs,Integrated,IntegratedFlux,,7.25E+16,2.42E+18,hz
31474.232,,,seconds,2.95E-09,1.54E-10,1.54E-10,cgs,Integrated,IntegratedFlux,,7.25E+16,2.42E+18,hz
31489.743,,,seconds,2.99E-09,1.69E-10,1.69E-10,cgs,Integrated,IntegratedFlux,,7.25E+16,2.42E+18,hz
31505.14,,,seconds,2.81E-09,1.55E-10,1.55E-10,cgs,Integrated,IntegratedFlux,,7.25E+16,2.42E+18,hz
31521.106,,,seconds,2.85E-09,1.55E-10,1.55E-10,cgs,Integrated,IntegratedFlux,,7.25E+16,2.42E+18,hz
31536.582,,,seconds,2.64E-09,1.54E-10,1.54E-10,cgs,Integrated,IntegratedFlux,,7.25E+16,2.42E+18,hz
31552.955,,,seconds,2.91E-09,1.58E-10,1.58E-10,cgs,Integrated,IntegratedFlux,,7.25E+16,2.42E+18,hz
31567.762,,,seconds,3.04E-09,1.64E-10,1.64E-10,cgs,Integrated,IntegratedFlux,,7.25E+16,2.42E+18,hz
31583.142,,,seconds,3.09E-09,1.64E-10,1.64E-10,cgs,Integrated,IntegratedFlux,,7.25E+16,2.42E+18,hz
31597.932,,,seconds,3.01E-09,1.66E-10,1.66E-10,cgs,Integrated,IntegratedFlux,,7.25E+16,2.42E+18,hz
31613.33,,,seconds,2.97E-09,1.65E-10,1.65E-10,cgs,Integrated,IntegratedFlux,,7.25E+16,2.42E+18,hz
31628.516,,,seconds,2.93E-09,1.57E-10,1.57E-10,cgs,Integrated,IntegratedFlux,,7.25E+16,2.42E+18,hz
31643.971,,,seconds,3.18E-09,1.67E-10,1.67E-10,cgs,Integrated,IntegratedFlux,,7.25E+16,2.42E+18,hz
31658.48,,,seconds,3.00E-09,1.59E-10,1.59E-10,cgs,Integrated,IntegratedFlux,,7.25E+16,2.42E+18,hz
31673.883,,,seconds,2.97E-09,1.63E-10,1.63E-10,cgs,Integrated,IntegratedFlux,,7.25E+16,2.42E+18,hz
31689.323,,,seconds,3.02E-09,1.59E-10,1.59E-10,cgs,Integrated,IntegratedFlux,,7.25E+16,2.42E+18,hz
31704.169,,,seconds,2.97E-09,1.60E-10,1.60E-10,cgs,Integrated,IntegratedFlux,,7.25E+16,2.42E+18,hz
31720.328,,,seconds,2.64E-09,1.47E-10,1.47E-10,cgs,Integrated,IntegratedFlux,,7.25E+16,2.42E+18,hz
31736.053,,,seconds,3.06E-09,1.67E-10,1.67E-10,cgs,Integrated,IntegratedFlux,,7.25E+16,2.42E+18,hz
31750.532,,,seconds,3.25E-09,1.74E-10,1.74E-10,cgs,Integrated,IntegratedFlux,,7.25E+16,2.42E+18,hz
31766.039,,,seconds,2.57E-09,1.43E-10,1.43E-10,cgs,Integrated,IntegratedFlux,,7.25E+16,2.42E+18,hz
31782.131,,,seconds,3.03E-09,1.63E-10,1.63E-10,cgs,Integrated,IntegratedFlux,,7.25E+16,2.42E+18,hz
31796.971,,,seconds,3.16E-09,1.68E-10,1.68E-10,cgs,Integrated,IntegratedFlux,,7.25E+16,2.42E+18,hz
31813.443,,,seconds,2.52E-09,1.41E-10,1.41E-10,cgs,Integrated,IntegratedFlux,,7.25E+16,2.42E+18,hz
31830.306,,,seconds,2.64E-09,1.47E-10,1.47E-10,cgs,Integrated,IntegratedFlux,,7.25E+16,2.42E+18,hz
31846.487,,,seconds,2.68E-09,1.51E-10,1.51E-10,cgs,Integrated,IntegratedFlux,,7.25E+16,2.42E+18,hz
31862.873,,,seconds,2.75E-09,1.50E-10,1.50E-10,cgs,Integrated,IntegratedFlux,,7.25E+16,2.42E+18,hz
31878.037,,,seconds,3.17E-09,1.68E-10,1.68E-10,cgs,Integrated,IntegratedFlux,,7.25E+16,2.42E+18,hz
31892.607,,,seconds,3.00E-09,1.64E-10,1.64E-10,cgs,Integrated,IntegratedFlux,,7.25E+16,2.42E+18,hz
31907.621,,,seconds,2.93E-09,1.61E-10,1.61E-10,cgs,Integrated,IntegratedFlux,,7.25E+16,2.42E+18,hz
31923.163,,,seconds,2.90E-09,1.57E-10,1.57E-10,cgs,Integrated,IntegratedFlux,,7.25E+16,2.42E+18,hz
31939.095,,,seconds,2.69E-09,1.50E-10,1.50E-10,cgs,Integrated,IntegratedFlux,,7.25E+16,2.42E+18,hz
31955.08,,,seconds,3.00E-09,1.63E-10,1.63E-10,cgs,Integrated,IntegratedFlux,,7.25E+16,2.42E+18,hz
31970.632,,,seconds,2.84E-09,1.54E-10,1.54E-10,cgs,Integrated,IntegratedFlux,,7.25E+16,2.42E+18,hz
31986.287,,,seconds,3.04E-09,1.63E-10,1.63E-10,cgs,Integrated,IntegratedFlux,,7.25E+16,2.42E+18,hz
32002.126,,,seconds,2.62E-09,1.46E-10,1.46E-10,cgs,Integrated,IntegratedFlux,,7.25E+16,2.42E+18,hz
32018.117,,,seconds,2.81E-09,1.55E-10,1.55E-10,cgs,Integrated,IntegratedFlux,,7.25E+16,2.42E+18,hz
32033.767,,,seconds,2.85E-09,1.62E-10,1.62E-10,cgs,Integrated,IntegratedFlux,,7.25E+16,2.42E+18,hz
32049.196,,,seconds,2.82E-09,1.58E-10,1.58E-10,cgs,Integrated,IntegratedFlux,,7.25E+16,2.42E+18,hz
32065.529,,,seconds,2.74E-09,1.47E-10,1.47E-10,cgs,Integrated,IntegratedFlux,,7.25E+16,2.42E+18,hz
32081.556,,,seconds,2.91E-09,1.57E-10,1.57E-10,cgs,Integrated,IntegratedFlux,,7.25E+16,2.42E+18,hz
32097.511,,,seconds,2.54E-09,1.43E-10,1.43E-10,cgs,Integrated,IntegratedFlux,,7.25E+16,2.42E+18,hz
32113.791,,,seconds,3.03E-09,1.63E-10,1.63E-10,cgs,Integrated,IntegratedFlux,,7.25E+16,2.42E+18,hz
32128.715,,,seconds,3.22E-09,1.71E-10,1.71E-10,cgs,Integrated,IntegratedFlux,,7.25E+16,2.42E+18,hz
32144.019,,,seconds,2.93E-09,1.55E-10,1.55E-10,cgs,Integrated,IntegratedFlux,,7.25E+16,2.42E+18,hz
32159.125,,,seconds,3.07E-09,1.68E-10,1.68E-10,cgs,Integrated,IntegratedFlux,,7.25E+16,2.42E+18,hz
32173.953,,,seconds,3.02E-09,1.62E-10,1.62E-10,cgs,Integrated,IntegratedFlux,,7.25E+16,2.42E+18,hz
32189.138,,,seconds,2.83E-09,1.52E-10,1.52E-10,cgs,Integrated,IntegratedFlux,,7.25E+16,2.42E+18,hz
32205.326,,,seconds,2.76E-09,1.49E-10,1.49E-10,cgs,Integrated,IntegratedFlux,,7.25E+16,2.42E+18,hz
32221.855,,,seconds,2.71E-09,1.49E-10,1.49E-10,cgs,Integrated,IntegratedFlux,,7.25E+16,2.42E+18,hz
32237.606,,,seconds,2.97E-09,1.64E-10,1.64E-10,cgs,Integrated,IntegratedFlux,,7.25E+16,2.42E+18,hz
32252.702,,,seconds,2.70E-09,1.49E-10,1.49E-10,cgs,Integrated,IntegratedFlux,,7.25E+16,2.42E+18,hz
32269.681,,,seconds,2.69E-09,1.47E-10,1.47E-10,cgs,Integrated,IntegratedFlux,,7.25E+16,2.42E+18,hz
32286.052,,,seconds,2.87E-09,1.54E-10,1.54E-10,cgs,Integrated,IntegratedFlux,,7.25E+16,2.42E+18,hz
32302.187,,,seconds,2.73E-09,1.50E-10,1.50E-10,cgs,Integrated,IntegratedFlux,,7.25E+16,2.42E+18,hz
32318.831,,,seconds,2.37E-09,1.38E-10,1.38E-10,cgs,Integrated,IntegratedFlux,,7.25E+16,2.42E+18,hz
32336.094,,,seconds,2.75E-09,1.50E-10,1.50E-10,cgs,Integrated,IntegratedFlux,,7.25E+16,2.42E+18,hz
32352.254,,,seconds,2.68E-09,1.51E-10,1.51E-10,cgs,Integrated,IntegratedFlux,,7.25E+16,2.42E+18,hz
32368.381,,,seconds,2.97E-09,1.61E-10,1.61E-10,cgs,Integrated,IntegratedFlux,,7.25E+16,2.42E+18,hz
32383.867,,,seconds,2.88E-09,1.58E-10,1.58E-10,cgs,Integrated,IntegratedFlux,,7.25E+16,2.42E+18,hz
32399.038,,,seconds,2.79E-09,1.50E-10,1.50E-10,cgs,Integrated,IntegratedFlux,,7.25E+16,2.42E+18,hz
32416.064,,,seconds,2.64E-09,1.49E-10,1.49E-10,cgs,Integrated,IntegratedFlux,,7.25E+16,2.42E+18,hz
32432.854,,,seconds,2.69E-09,1.48E-10,1.48E-10,cgs,Integrated,IntegratedFlux,,7.25E+16,2.42E+18,hz
32449.231,,,seconds,2.72E-09,1.50E-10,1.50E-10,cgs,Integrated,IntegratedFlux,,7.25E+16,2.42E+18,hz
32465.251,,,seconds,2.77E-09,1.53E-10,1.53E-10,cgs,Integrated,IntegratedFlux,,7.25E+16,2.42E+18,hz
32481.09,,,seconds,2.84E-09,1.52E-10,1.52E-10,cgs,Integrated,IntegratedFlux,,7.25E+16,2.42E+18,hz
32497.063,,,seconds,2.78E-09,1.53E-10,1.53E-10,cgs,Integrated,IntegratedFlux,,7.25E+16,2.42E+18,hz
32513.122,,,seconds,2.68E-09,1.47E-10,1.47E-10,cgs,Integrated,IntegratedFlux,,7.25E+16,2.42E+18,hz
32529.071,,,seconds,2.70E-09,1.52E-10,1.52E-10,cgs,Integrated,IntegratedFlux,,7.25E+16,2.42E+18,hz
32544.934,,,seconds,2.94E-09,1.60E-10,1.60E-10,cgs,Integrated,IntegratedFlux,,7.25E+16,2.42E+18,hz
32559.917,,,seconds,3.19E-09,1.72E-10,1.72E-10,cgs,Integrated,IntegratedFlux,,7.25E+16,2.42E+18,hz
32575.184,,,seconds,2.74E-09,1.47E-10,1.47E-10,cgs,Integrated,IntegratedFlux,,7.25E+16,2.42E+18,hz
32591.433,,,seconds,2.84E-09,1.60E-10,1.60E-10,cgs,Integrated,IntegratedFlux,,7.25E+16,2.42E+18,hz
32606.825,,,seconds,2.89E-09,1.56E-10,1.56E-10,cgs,Integrated,IntegratedFlux,,7.25E+16,2.42E+18,hz
32621.964,,,seconds,2.92E-09,1.62E-10,1.62E-10,cgs,Integrated,IntegratedFlux,,7.25E+16,2.42E+18,hz
32637.528,,,seconds,2.81E-09,1.50E-10,1.50E-10,cgs,Integrated,IntegratedFlux,,7.25E+16,2.42E+18,hz
32654.468,,,seconds,2.73E-09,1.50E-10,1.50E-10,cgs,Integrated,IntegratedFlux,,7.25E+16,2.42E+18,hz
32670.147,,,seconds,3.01E-09,1.66E-10,1.66E-10,cgs,Integrated,IntegratedFlux,,7.25E+16,2.42E+18,hz
32686.461,,,seconds,2.90E-09,1.60E-10,1.60E-10,cgs,Integrated,IntegratedFlux,,7.25E+16,2.42E+18,hz
32703.345,,,seconds,2.75E-09,1.51E-10,1.51E-10,cgs,Integrated,IntegratedFlux,,7.25E+16,2.42E+18,hz
32720.495,,,seconds,2.76E-09,1.57E-10,1.57E-10,cgs,Integrated,IntegratedFlux,,7.25E+16,2.42E+18,hz
32736.92,,,seconds,2.97E-09,1.66E-10,1.66E-10,cgs,Integrated,IntegratedFlux,,7.25E+16,2.42E+18,hz
32753.945,,,seconds,2.77E-09,1.52E-10,1.52E-10,cgs,Integrated,IntegratedFlux,,7.25E+16,2.42E+18,hz
32770.987,,,seconds,3.06E-09,1.63E-10,1.63E-10,cgs,Integrated,IntegratedFlux,,7.25E+16,2.42E+18,hz
32786.785,,,seconds,3.19E-09,1.72E-10,1.72E-10,cgs,Integrated,IntegratedFlux,,7.25E+16,2.42E+18,hz
32802.746,,,seconds,3.03E-09,1.62E-10,1.62E-10,cgs,Integrated,IntegratedFlux,,7.25E+16,2.42E+18,hz
32818.836,,,seconds,3.21E-09,1.74E-10,1.74E-10,cgs,Integrated,IntegratedFlux,,7.25E+16,2.42E+18,hz
32834.538,,,seconds,2.84E-09,1.60E-10,1.60E-10,cgs,Integrated,IntegratedFlux,,7.25E+16,2.42E+18,hz
32850.756,,,seconds,3.12E-09,1.70E-10,1.70E-10,cgs,Integrated,IntegratedFlux,,7.25E+16,2.42E+18,hz
36892.338,,,seconds,2.41E-09,1.30E-10,1.30E-10,cgs,Integrated,IntegratedFlux,,7.25E+16,2.42E+18,hz
36914.322,,,seconds,2.22E-09,1.23E-10,1.23E-10,cgs,Integrated,IntegratedFlux,,7.25E+16,2.42E+18,hz
36934.967,,,seconds,2.50E-09,1.42E-10,1.42E-10,cgs,Integrated,IntegratedFlux,,7.25E+16,2.42E+18,hz
36956.652,,,seconds,2.26E-09,1.29E-10,1.29E-10,cgs,Integrated,IntegratedFlux,,7.25E+16,2.42E+18,hz
36977.684,,,seconds,2.35E-09,1.35E-10,1.35E-10,cgs,Integrated,IntegratedFlux,,7.25E+16,2.42E+18,hz
36999.684,,,seconds,2.19E-09,1.23E-10,1.23E-10,cgs,Integrated,IntegratedFlux,,7.25E+16,2.42E+18,hz
37021.08,,,seconds,2.23E-09,1.31E-10,1.31E-10,cgs,Integrated,IntegratedFlux,,7.25E+16,2.42E+18,hz
37042.538,,,seconds,2.24E-09,1.26E-10,1.26E-10,cgs,Integrated,IntegratedFlux,,7.25E+16,2.42E+18,hz
37064.149,,,seconds,2.28E-09,1.32E-10,1.32E-10,cgs,Integrated,IntegratedFlux,,7.25E+16,2.42E+18,hz
37084.823,,,seconds,2.46E-09,1.39E-10,1.39E-10,cgs,Integrated,IntegratedFlux,,7.25E+16,2.42E+18,hz
37104.578,,,seconds,2.40E-09,1.37E-10,1.37E-10,cgs,Integrated,IntegratedFlux,,7.25E+16,2.42E+18,hz
37125.241,,,seconds,2.38E-09,1.35E-10,1.35E-10,cgs,Integrated,IntegratedFlux,,7.25E+16,2.42E+18,hz
37146.749,,,seconds,2.36E-09,1.28E-10,1.28E-10,cgs,Integrated,IntegratedFlux,,7.25E+16,2.42E+18,hz
37169.207,,,seconds,2.14E-09,1.22E-10,1.22E-10,cgs,Integrated,IntegratedFlux,,7.25E+16,2.42E+18,hz
37190.566,,,seconds,2.42E-09,1.38E-10,1.38E-10,cgs,Integrated,IntegratedFlux,,7.25E+16,2.42E+18,hz
37211.807,,,seconds,2.33E-09,1.29E-10,1.29E-10,cgs,Integrated,IntegratedFlux,,7.25E+16,2.42E+18,hz
37233.182,,,seconds,2.34E-09,1.32E-10,1.32E-10,cgs,Integrated,IntegratedFlux,,7.25E+16,2.42E+18,hz
37253.581,,,seconds,2.41E-09,1.38E-10,1.38E-10,cgs,Integrated,IntegratedFlux,,7.25E+16,2.42E+18,hz
37274.277,,,seconds,2.22E-09,1.28E-10,1.28E-10,cgs,Integrated,IntegratedFlux,,7.25E+16,2.42E+18,hz
37295.801,,,seconds,2.26E-09,1.30E-10,1.30E-10,cgs,Integrated,IntegratedFlux,,7.25E+16,2.42E+18,hz
37317.087,,,seconds,2.32E-09,1.36E-10,1.36E-10,cgs,Integrated,IntegratedFlux,,7.25E+16,2.42E+18,hz
37338.437,,,seconds,2.26E-09,1.27E-10,1.27E-10,cgs,Integrated,IntegratedFlux,,7.25E+16,2.42E+18,hz
37360.323,,,seconds,2.12E-09,1.23E-10,1.23E-10,cgs,Integrated,IntegratedFlux,,7.25E+16,2.42E+18,hz
37381.653,,,seconds,2.33E-09,1.32E-10,1.32E-10,cgs,Integrated,IntegratedFlux,,7.25E+16,2.42E+18,hz
37403.05,,,seconds,2.38E-09,1.35E-10,1.35E-10,cgs,Integrated,IntegratedFlux,,7.25E+16,2.42E+18,hz
37424.169,,,seconds,2.21E-09,1.32E-10,1.32E-10,cgs,Integrated,IntegratedFlux,,7.25E+16,2.42E+18,hz
37446.136,,,seconds,2.20E-09,1.26E-10,1.26E-10,cgs,Integrated,IntegratedFlux,,7.25E+16,2.42E+18,hz
37466.493,,,seconds,2.53E-09,1.40E-10,1.40E-10,cgs,Integrated,IntegratedFlux,,7.25E+16,2.42E+18,hz
37487.381,,,seconds,2.16E-09,1.31E-10,1.31E-10,cgs,Integrated,IntegratedFlux,,7.25E+16,2.42E+18,hz
37508.133,,,seconds,2.52E-09,1.43E-10,1.43E-10,cgs,Integrated,IntegratedFlux,,7.25E+16,2.42E+18,hz
37528.112,,,seconds,2.13E-09,1.24E-10,1.24E-10,cgs,Integrated,IntegratedFlux,,7.25E+16,2.42E+18,hz
37550.158,,,seconds,2.28E-09,1.31E-10,1.31E-10,cgs,Integrated,IntegratedFlux,,7.25E+16,2.42E+18,hz
37571.575,,,seconds,2.34E-09,1.30E-10,1.30E-10,cgs,Integrated,IntegratedFlux,,7.25E+16,2.42E+18,hz
37593.415,,,seconds,2.17E-09,1.29E-10,1.29E-10,cgs,Integrated,IntegratedFlux,,7.25E+16,2.42E+18,hz
37614.079,,,seconds,2.48E-09,1.38E-10,1.38E-10,cgs,Integrated,IntegratedFlux,,7.25E+16,2.42E+18,hz
37635.856,,,seconds,2.10E-09,1.24E-10,1.24E-10,cgs,Integrated,IntegratedFlux,,7.25E+16,2.42E+18,hz
37658.67,,,seconds,2.06E-09,1.19E-10,1.19E-10,cgs,Integrated,IntegratedFlux,,7.25E+16,2.42E+18,hz
37682.066,,,seconds,2.12E-09,1.23E-10,1.23E-10,cgs,Integrated,IntegratedFlux,,7.25E+16,2.42E+18,hz
37704.023,,,seconds,2.25E-09,1.38E-10,1.38E-10,cgs,Integrated,IntegratedFlux,,7.25E+16,2.42E+18,hz
37724.324,,,seconds,2.27E-09,1.32E-10,1.32E-10,cgs,Integrated,IntegratedFlux,,7.25E+16,2.42E+18,hz
37746.005,,,seconds,2.17E-09,1.29E-10,1.29E-10,cgs,Integrated,IntegratedFlux,,7.25E+16,2.42E+18,hz
37767.998,,,seconds,2.25E-09,1.30E-10,1.30E-10,cgs,Integrated,IntegratedFlux,,7.25E+16,2.42E+18,hz
37788.85,,,seconds,2.27E-09,1.34E-10,1.34E-10,cgs,Integrated,IntegratedFlux,,7.25E+16,2.42E+18,hz
37810.514,,,seconds,2.14E-09,1.27E-10,1.27E-10,cgs,Integrated,IntegratedFlux,,7.25E+16,2.42E+18,hz
37833.632,,,seconds,2.22E-09,1.25E-10,1.25E-10,cgs,Integrated,IntegratedFlux,,7.25E+16,2.42E+18,hz
37853.371,,,seconds,2.48E-09,1.38E-10,1.38E-10,cgs,Integrated,IntegratedFlux,,7.25E+16,2.42E+18,hz
37874.927,,,seconds,2.36E-09,1.30E-10,1.30E-10,cgs,Integrated,IntegratedFlux,,7.25E+16,2.42E+18,hz
37895.653,,,seconds,2.39E-09,1.33E-10,1.33E-10,cgs,Integrated,IntegratedFlux,,7.25E+16,2.42E+18,hz
37917.372,,,seconds,2.19E-09,1.26E-10,1.26E-10,cgs,Integrated,IntegratedFlux,,7.25E+16,2.42E+18,hz
37938.841,,,seconds,2.23E-09,1.32E-10,1.32E-10,cgs,Integrated,IntegratedFlux,,7.25E+16,2.42E+18,hz
37959.178,,,seconds,2.31E-09,1.37E-10,1.37E-10,cgs,Integrated,IntegratedFlux,,7.25E+16,2.42E+18,hz
37981.419,,,seconds,2.16E-09,1.26E-10,1.26E-10,cgs,Integrated,IntegratedFlux,,7.25E+16,2.42E+18,hz
38001.741,,,seconds,2.22E-09,1.43E-10,1.43E-10,cgs,Integrated,IntegratedFlux,,7.25E+16,2.42E+18,hz
38022.924,,,seconds,2.18E-09,1.28E-10,1.28E-10,cgs,Integrated,IntegratedFlux,,7.25E+16,2.42E+18,hz
38045.223,,,seconds,2.28E-09,1.34E-10,1.34E-10,cgs,Integrated,IntegratedFlux,,7.25E+16,2.42E+18,hz
38066.793,,,seconds,2.13E-09,1.25E-10,1.25E-10,cgs,Integrated,IntegratedFlux,,7.25E+16,2.42E+18,hz
38088.861,,,seconds,2.14E-09,1.27E-10,1.27E-10,cgs,Integrated,IntegratedFlux,,7.25E+16,2.42E+18,hz
38109.789,,,seconds,2.41E-09,1.39E-10,1.39E-10,cgs,Integrated,IntegratedFlux,,7.25E+16,2.42E+18,hz
38130.778,,,seconds,2.37E-09,1.33E-10,1.33E-10,cgs,Integrated,IntegratedFlux,,7.25E+16,2.42E+18,hz
38152.499,,,seconds,2.08E-09,1.21E-10,1.21E-10,cgs,Integrated,IntegratedFlux,,7.25E+16,2.42E+18,hz
38174.927,,,seconds,2.21E-09,1.28E-10,1.28E-10,cgs,Integrated,IntegratedFlux,,7.25E+16,2.42E+18,hz
38195.674,,,seconds,2.38E-09,1.33E-10,1.33E-10,cgs,Integrated,IntegratedFlux,,7.25E+16,2.42E+18,hz
38217.748,,,seconds,2.15E-09,1.25E-10,1.25E-10,cgs,Integrated,IntegratedFlux,,7.25E+16,2.42E+18,hz
38239.826,,,seconds,2.24E-09,1.35E-10,1.35E-10,cgs,Integrated,IntegratedFlux,,7.25E+16,2.42E+18,hz
38261.768,,,seconds,2.14E-09,1.25E-10,1.25E-10,cgs,Integrated,IntegratedFlux,,7.25E+16,2.42E+18,hz
38283.598,,,seconds,2.21E-09,1.29E-10,1.29E-10,cgs,Integrated,IntegratedFlux,,7.25E+16,2.42E+18,hz
38306.208,,,seconds,1.96E-09,1.19E-10,1.19E-10,cgs,Integrated,IntegratedFlux,,7.25E+16,2.42E+18,hz
38328.368,,,seconds,2.50E-09,1.39E-10,1.39E-10,cgs,Integrated,IntegratedFlux,,7.25E+16,2.42E+18,hz
38349.759,,,seconds,2.05E-09,1.21E-10,1.21E-10,cgs,Integrated,IntegratedFlux,,7.25E+16,2.42E+18,hz
38370.803,,,seconds,2.46E-09,1.46E-10,1.46E-10,cgs,Integrated,IntegratedFlux,,7.25E+16,2.42E+18,hz
38391.826,,,seconds,2.13E-09,1.25E-10,1.25E-10,cgs,Integrated,IntegratedFlux,,7.25E+16,2.42E+18,hz
38414.157,,,seconds,2.19E-09,1.26E-10,1.26E-10,cgs,Integrated,IntegratedFlux,,7.25E+16,2.42E+18,hz
38436.737,,,seconds,2.01E-09,1.20E-10,1.20E-10,cgs,Integrated,IntegratedFlux,,7.25E+16,2.42E+18,hz
38460.059,,,seconds,1.99E-09,1.25E-10,1.25E-10,cgs,Integrated,IntegratedFlux,,7.25E+16,2.42E+18,hz
38481.923,,,seconds,2.30E-09,1.30E-10,1.30E-10,cgs,Integrated,IntegratedFlux,,7.25E+16,2.42E+18,hz
38504.749,,,seconds,2.02E-09,1.23E-10,1.23E-10,cgs,Integrated,IntegratedFlux,,7.25E+16,2.42E+18,hz
38526.483,,,seconds,2.00E-09,1.21E-10,1.21E-10,cgs,Integrated,IntegratedFlux,,7.25E+16,2.42E+18,hz
38550.025,,,seconds,2.18E-09,1.23E-10,1.23E-10,cgs,Integrated,IntegratedFlux,,7.25E+16,2.42E+18,hz
43942.115,,,seconds,2.19E-09,1.19E-10,1.19E-10,cgs,Integrated,IntegratedFlux,,7.25E+16,2.42E+18,hz
43965.807,,,seconds,2.22E-09,1.24E-10,1.24E-10,cgs,Integrated,IntegratedFlux,,7.25E+16,2.42E+18,hz
43989.5,,,seconds,2.35E-09,1.26E-10,1.26E-10,cgs,Integrated,IntegratedFlux,,7.25E+16,2.42E+18,hz
44014.036,,,seconds,1.97E-09,1.11E-10,1.11E-10,cgs,Integrated,IntegratedFlux,,7.25E+16,2.42E+18,hz
44039.821,,,seconds,2.03E-09,1.15E-10,1.15E-10,cgs,Integrated,IntegratedFlux,,7.25E+16,2.42E+18,hz
44065.375,,,seconds,2.04E-09,1.15E-10,1.15E-10,cgs,Integrated,IntegratedFlux,,7.25E+16,2.42E+18,hz
44091.812,,,seconds,1.78E-09,1.04E-10,1.04E-10,cgs,Integrated,IntegratedFlux,,7.25E+16,2.42E+18,hz
44118.808,,,seconds,1.96E-09,1.14E-10,1.14E-10,cgs,Integrated,IntegratedFlux,,7.25E+16,2.42E+18,hz
44144.553,,,seconds,2.13E-09,1.19E-10,1.19E-10,cgs,Integrated,IntegratedFlux,,7.25E+16,2.42E+18,hz
44167.828,,,seconds,2.27E-09,1.28E-10,1.28E-10,cgs,Integrated,IntegratedFlux,,7.25E+16,2.42E+18,hz
44192.422,,,seconds,1.97E-09,1.11E-10,1.11E-10,cgs,Integrated,IntegratedFlux,,7.25E+16,2.42E+18,hz
44217.631,,,seconds,2.14E-09,1.18E-10,1.18E-10,cgs,Integrated,IntegratedFlux,,7.25E+16,2.42E+18,hz
44243.564,,,seconds,1.88E-09,1.05E-10,1.05E-10,cgs,Integrated,IntegratedFlux,,7.25E+16,2.42E+18,hz
44271.444,,,seconds,1.95E-09,1.08E-10,1.08E-10,cgs,Integrated,IntegratedFlux,,7.25E+16,2.42E+18,hz
44296.673,,,seconds,2.07E-09,1.21E-10,1.21E-10,cgs,Integrated,IntegratedFlux,,7.25E+16,2.42E+18,hz
44320.09,,,seconds,2.26E-09,1.27E-10,1.27E-10,cgs,Integrated,IntegratedFlux,,7.25E+16,2.42E+18,hz
44345.963,,,seconds,1.77E-09,1.06E-10,1.06E-10,cgs,Integrated,IntegratedFlux,,7.25E+16,2.42E+18,hz
44372.643,,,seconds,1.86E-09,1.08E-10,1.08E-10,cgs,Integrated,IntegratedFlux,,7.25E+16,2.42E+18,hz
44397.799,,,seconds,2.19E-09,1.20E-10,1.20E-10,cgs,Integrated,IntegratedFlux,,7.25E+16,2.42E+18,hz
44424.456,,,seconds,1.91E-09,1.06E-10,1.06E-10,cgs,Integrated,IntegratedFlux,,7.25E+16,2.42E+18,hz
44450.737,,,seconds,2.09E-09,1.13E-10,1.13E-10,cgs,Integrated,IntegratedFlux,,7.25E+16,2.42E+18,hz
44477.966,,,seconds,2.01E-09,1.06E-10,1.06E-10,cgs,Integrated,IntegratedFlux,,7.25E+16,2.42E+18,hz
44503.733,,,seconds,2.19E-09,1.20E-10,1.20E-10,cgs,Integrated,IntegratedFlux,,7.25E+16,2.42E+18,hz
44528.895,,,seconds,2.16E-09,1.16E-10,1.16E-10,cgs,Integrated,IntegratedFlux,,7.25E+16,2.42E+18,hz
44554.582,,,seconds,2.10E-09,1.15E-10,1.15E-10,cgs,Integrated,IntegratedFlux,,7.25E+16,2.42E+18,hz
44580.276,,,seconds,2.06E-09,1.13E-10,1.13E-10,cgs,Integrated,IntegratedFlux,,7.25E+16,2.42E+18,hz
44606.525,,,seconds,2.01E-09,1.15E-10,1.15E-10,cgs,Integrated,IntegratedFlux,,7.25E+16,2.42E+18,hz
44631.301,,,seconds,2.13E-09,1.15E-10,1.15E-10,cgs,Integrated,IntegratedFlux,,7.25E+16,2.42E+18,hz
44656.429,,,seconds,2.17E-09,1.18E-10,1.18E-10,cgs,Integrated,IntegratedFlux,,7.25E+16,2.42E+18,hz
44681.362,,,seconds,2.15E-09,1.15E-10,1.15E-10,cgs,Integrated,IntegratedFlux,,7.25E+16,2.42E+18,hz
44707.556,,,seconds,1.98E-09,1.10E-10,1.10E-10,cgs,Integrated,IntegratedFlux,,7.25E+16,2.42E+18,hz
44734.742,,,seconds,1.96E-09,1.09E-10,1.09E-10,cgs,Integrated,IntegratedFlux,,7.25E+16,2.42E+18,hz
44761.374,,,seconds,2.06E-09,1.14E-10,1.14E-10,cgs,Integrated,IntegratedFlux,,7.25E+16,2.42E+18,hz
44787.589,,,seconds,2.07E-09,1.13E-10,1.13E-10,cgs,Integrated,IntegratedFlux,,7.25E+16,2.42E+18,hz
44814.044,,,seconds,2.07E-09,1.13E-10,1.13E-10,cgs,Integrated,IntegratedFlux,,7.25E+16,2.42E+18,hz
44840.562,,,seconds,2.03E-09,1.13E-10,1.13E-10,cgs,Integrated,IntegratedFlux,,7.25E+16,2.42E+18,hz
44866.866,,,seconds,2.00E-09,1.09E-10,1.09E-10,cgs,Integrated,IntegratedFlux,,7.25E+16,2.42E+18,hz
44893.628,,,seconds,2.08E-09,1.12E-10,1.12E-10,cgs,Integrated,IntegratedFlux,,7.25E+16,2.42E+18,hz
44919.346,,,seconds,2.01E-09,1.13E-10,1.13E-10,cgs,Integrated,IntegratedFlux,,7.25E+16,2.42E+18,hz
44945.6,,,seconds,2.13E-09,1.18E-10,1.18E-10,cgs,Integrated,IntegratedFlux,,7.25E+16,2.42E+18,hz
44972.7,,,seconds,1.79E-09,1.02E-10,1.02E-10,cgs,Integrated,IntegratedFlux,,7.25E+16,2.42E+18,hz
48382.159,,,seconds,1.37E-09,8.09E-11,8.09E-11,cgs,Integrated,IntegratedFlux,,7.25E+16,2.42E+18,hz
48412.735,,,seconds,1.40E-09,8.17E-11,8.17E-11,cgs,Integrated,IntegratedFlux,,7.25E+16,2.42E+18,hz
48442.107,,,seconds,1.56E-09,9.10E-11,9.10E-11,cgs,Integrated,IntegratedFlux,,7.25E+16,2.42E+18,hz
48470.425,,,seconds,1.40E-09,8.20E-11,8.20E-11,cgs,Integrated,IntegratedFlux,,7.25E+16,2.42E+18,hz
48499.699,,,seconds,1.52E-09,8.43E-11,8.43E-11,cgs,Integrated,IntegratedFlux,,7.25E+16,2.42E+18,hz
48527.609,,,seconds,1.56E-09,8.48E-11,8.48E-11,cgs,Integrated,IntegratedFlux,,7.25E+16,2.42E+18,hz
48556.224,,,seconds,1.39E-09,8.30E-11,8.30E-11,cgs,Integrated,IntegratedFlux,,7.25E+16,2.42E+18,hz
48584.119,,,seconds,1.61E-09,8.87E-11,8.87E-11,cgs,Integrated,IntegratedFlux,,7.25E+16,2.42E+18,hz
48613.982,,,seconds,1.38E-09,7.68E-11,7.68E-11,cgs,Integrated,IntegratedFlux,,7.25E+16,2.42E+18,hz
48643.391,,,seconds,1.49E-09,8.82E-11,8.82E-11,cgs,Integrated,IntegratedFlux,,7.25E+16,2.42E+18,hz
48671.564,,,seconds,1.50E-09,8.67E-11,8.67E-11,cgs,Integrated,IntegratedFlux,,7.25E+16,2.42E+18,hz
48699.624,,,seconds,1.53E-09,8.69E-11,8.69E-11,cgs,Integrated,IntegratedFlux,,7.25E+16,2.42E+18,hz
48726.049,,,seconds,1.44E-09,9.02E-11,9.02E-11,cgs,Integrated,IntegratedFlux,,7.25E+16,2.42E+18,hz
48756.813,,,seconds,1.30E-09,7.70E-11,7.70E-11,cgs,Integrated,IntegratedFlux,,7.25E+16,2.42E+18,hz
48786.934,,,seconds,1.57E-09,8.53E-11,8.53E-11,cgs,Integrated,IntegratedFlux,,7.25E+16,2.42E+18,hz
48815.517,,,seconds,1.49E-09,8.43E-11,8.43E-11,cgs,Integrated,IntegratedFlux,,7.25E+16,2.42E+18,hz
48843.677,,,seconds,1.56E-09,8.91E-11,8.91E-11,cgs,Integrated,IntegratedFlux,,7.25E+16,2.42E+18,hz
48873.213,,,seconds,1.38E-09,7.98E-11,7.98E-11,cgs,Integrated,IntegratedFlux,,7.25E+16,2.42E+18,hz
48902.521,,,seconds,1.49E-09,8.26E-11,8.26E-11,cgs,Integrated,IntegratedFlux,,7.25E+16,2.42E+18,hz
48930.411,,,seconds,1.63E-09,9.23E-11,9.23E-11,cgs,Integrated,IntegratedFlux,,7.25E+16,2.42E+18,hz
48957.443,,,seconds,1.63E-09,9.15E-11,9.15E-11,cgs,Integrated,IntegratedFlux,,7.25E+16,2.42E+18,hz
48985.693,,,seconds,1.34E-09,7.55E-11,7.55E-11,cgs,Integrated,IntegratedFlux,,7.25E+16,2.42E+18,hz
49016.427,,,seconds,1.50E-09,8.53E-11,8.53E-11,cgs,Integrated,IntegratedFlux,,7.25E+16,2.42E+18,hz
49045.286,,,seconds,1.50E-09,8.50E-11,8.50E-11,cgs,Integrated,IntegratedFlux,,7.25E+16,2.42E+18,hz
49073.132,,,seconds,1.58E-09,8.57E-11,8.57E-11,cgs,Integrated,IntegratedFlux,,7.25E+16,2.42E+18,hz
49100.608,,,seconds,1.54E-09,8.57E-11,8.57E-11,cgs,Integrated,IntegratedFlux,,7.25E+16,2.42E+18,hz
49129.613,,,seconds,1.49E-09,8.26E-11,8.26E-11,cgs,Integrated,IntegratedFlux,,7.25E+16,2.42E+18,hz
49157.717,,,seconds,1.53E-09,8.95E-11,8.95E-11,cgs,Integrated,IntegratedFlux,,7.25E+16,2.42E+18,hz
49185.785,,,seconds,1.43E-09,8.34E-11,8.34E-11,cgs,Integrated,IntegratedFlux,,7.25E+16,2.42E+18,hz
49214.869,,,seconds,1.48E-09,8.19E-11,8.19E-11,cgs,Integrated,IntegratedFlux,,7.25E+16,2.42E+18,hz
49242.691,,,seconds,1.66E-09,9.32E-11,9.32E-11,cgs,Integrated,IntegratedFlux,,7.25E+16,2.42E+18,hz
49269.945,,,seconds,1.37E-09,8.25E-11,8.25E-11,cgs,Integrated,IntegratedFlux,,7.25E+16,2.42E+18,hz
49300.24,,,seconds,1.41E-09,7.87E-11,7.87E-11,cgs,Integrated,IntegratedFlux,,7.25E+16,2.42E+18,hz
49331.961,,,seconds,1.28E-09,7.65E-11,7.65E-11,cgs,Integrated,IntegratedFlux,,7.25E+16,2.42E+18,hz
49362.298,,,seconds,1.49E-09,8.63E-11,8.63E-11,cgs,Integrated,IntegratedFlux,,7.25E+16,2.42E+18,hz
49391.798,,,seconds,1.33E-09,7.92E-11,7.92E-11,cgs,Integrated,IntegratedFlux,,7.25E+16,2.42E+18,hz
49421.764,,,seconds,1.40E-09,8.07E-11,8.07E-11,cgs,Integrated,IntegratedFlux,,7.25E+16,2.42E+18,hz
49452.091,,,seconds,1.42E-09,8.13E-11,8.13E-11,cgs,Integrated,IntegratedFlux,,7.25E+16,2.42E+18,hz
49482.095,,,seconds,1.39E-09,8.14E-11,8.14E-11,cgs,Integrated,IntegratedFlux,,7.25E+16,2.42E+18,hz
49510.417,,,seconds,1.50E-09,8.68E-11,8.68E-11,cgs,Integrated,IntegratedFlux,,7.25E+16,2.42E+18,hz
49538.857,,,seconds,1.47E-09,8.48E-11,8.48E-11,cgs,Integrated,IntegratedFlux,,7.25E+16,2.42E+18,hz
49567.704,,,seconds,1.44E-09,7.99E-11,7.99E-11,cgs,Integrated,IntegratedFlux,,7.25E+16,2.42E+18,hz
49597.372,,,seconds,1.61E-09,8.77E-11,8.77E-11,cgs,Integrated,IntegratedFlux,,7.25E+16,2.42E+18,hz
49626.073,,,seconds,1.44E-09,8.39E-11,8.39E-11,cgs,Integrated,IntegratedFlux,,7.25E+16,2.42E+18,hz
49654.45,,,seconds,1.54E-09,8.85E-11,8.85E-11,cgs,Integrated,IntegratedFlux,,7.25E+16,2.42E+18,hz
49681.598,,,seconds,1.52E-09,8.57E-11,8.57E-11,cgs,Integrated,IntegratedFlux,,7.25E+16,2.42E+18,hz
49711.118,,,seconds,1.43E-09,8.11E-11,8.11E-11,cgs,Integrated,IntegratedFlux,,7.25E+16,2.42E+18,hz
49738.932,,,seconds,1.52E-09,8.85E-11,8.85E-11,cgs,Integrated,IntegratedFlux,,7.25E+16,2.42E+18,hz
49767.436,,,seconds,1.41E-09,8.47E-11,8.47E-11,cgs,Integrated,IntegratedFlux,,7.25E+16,2.42E+18,hz
49797.212,,,seconds,1.35E-09,7.80E-11,7.80E-11,cgs,Integrated,IntegratedFlux,,7.25E+16,2.42E+18,hz
49827.492,,,seconds,1.53E-09,8.63E-11,8.63E-11,cgs,Integrated,IntegratedFlux,,7.25E+16,2.42E+18,hz
49854.959,,,seconds,1.51E-09,8.58E-11,8.58E-11,cgs,Integrated,IntegratedFlux,,7.25E+16,2.42E+18,hz
49884.719,,,seconds,1.39E-09,7.99E-11,7.99E-11,cgs,Integrated,IntegratedFlux,,7.25E+16,2.42E+18,hz
49914.484,,,seconds,1.33E-09,8.35E-11,8.35E-11,cgs,Integrated,IntegratedFlux,,7.25E+16,2.42E+18,hz
49944.774,,,seconds,1.26E-09,7.62E-11,7.62E-11,cgs,Integrated,IntegratedFlux,,7.25E+16,2.42E+18,hz
49974.913,,,seconds,1.55E-09,8.85E-11,8.85E-11,cgs,Integrated,IntegratedFlux,,7.25E+16,2.42E+18,hz
50004.81,,,seconds,1.24E-09,8.07E-11,8.07E-11,cgs,Integrated,IntegratedFlux,,7.25E+16,2.42E+18,hz
50033.716,,,seconds,1.49E-09,8.65E-11,8.65E-11,cgs,Integrated,IntegratedFlux,,7.25E+16,2.42E+18,hz
50062.487,,,seconds,1.44E-09,8.50E-11,8.50E-11,cgs,Integrated,IntegratedFlux,,7.25E+16,2.42E+18,hz
50090.342,,,seconds,1.50E-09,8.86E-11,8.86E-11,cgs,Integrated,IntegratedFlux,,7.25E+16,2.42E+18,hz
54005.408,,,seconds,1.35E-09,9.00E-11,9.00E-11,cgs,Integrated,IntegratedFlux,,7.25E+16,2.42E+18,hz
54042.254,,,seconds,1.18E-09,7.03E-11,7.03E-11,cgs,Integrated,IntegratedFlux,,7.25E+16,2.42E+18,hz
54080.891,,,seconds,1.24E-09,7.60E-11,7.60E-11,cgs,Integrated,IntegratedFlux,,7.25E+16,2.42E+18,hz
54119.524,,,seconds,1.20E-09,7.48E-11,7.48E-11,cgs,Integrated,IntegratedFlux,,7.25E+16,2.42E+18,hz
54156.484,,,seconds,1.49E-09,9.04E-11,9.04E-11,cgs,Integrated,IntegratedFlux,,7.25E+16,2.42E+18,hz
54191.214,,,seconds,1.27E-09,7.82E-11,7.82E-11,cgs,Integrated,IntegratedFlux,,7.25E+16,2.42E+18,hz
54229.515,,,seconds,1.28E-09,8.11E-11,8.11E-11,cgs,Integrated,IntegratedFlux,,7.25E+16,2.42E+18,hz
54265.482,,,seconds,1.28E-09,8.01E-11,8.01E-11,cgs,Integrated,IntegratedFlux,,7.25E+16,2.42E+18,hz
54303.288,,,seconds,1.33E-09,8.18E-11,8.18E-11,cgs,Integrated,IntegratedFlux,,7.25E+16,2.42E+18,hz
54340.423,,,seconds,1.29E-09,7.92E-11,7.92E-11,cgs,Integrated,IntegratedFlux,,7.25E+16,2.42E+18,hz
54379.387,,,seconds,1.24E-09,7.78E-11,7.78E-11,cgs,Integrated,IntegratedFlux,,7.25E+16,2.42E+18,hz
54419.345,,,seconds,1.23E-09,7.76E-11,7.76E-11,cgs,Integrated,IntegratedFlux,,7.25E+16,2.42E+18,hz
54454.965,,,seconds,1.39E-09,8.69E-11,8.69E-11,cgs,Integrated,IntegratedFlux,,7.25E+16,2.42E+18,hz
54492.5,,,seconds,1.13E-09,7.49E-11,7.49E-11,cgs,Integrated,IntegratedFlux,,7.25E+16,2.42E+18,hz
54530.968,,,seconds,1.28E-09,8.05E-11,8.05E-11,cgs,Integrated,IntegratedFlux,,7.25E+16,2.42E+18,hz
54570.013,,,seconds,1.22E-09,7.72E-11,7.72E-11,cgs,Integrated,IntegratedFlux,,7.25E+16,2.42E+18,hz
54608.514,,,seconds,1.24E-09,8.21E-11,8.21E-11,cgs,Integrated,IntegratedFlux,,7.25E+16,2.42E+18,hz
54648.103,,,seconds,1.18E-09,7.63E-11,7.63E-11,cgs,Integrated,IntegratedFlux,,7.25E+16,2.42E+18,hz
54687.566,,,seconds,1.17E-09,7.53E-11,7.53E-11,cgs,Integrated,IntegratedFlux,,7.25E+16,2.42E+18,hz
54728.012,,,seconds,1.22E-09,7.87E-11,7.87E-11,cgs,Integrated,IntegratedFlux,,7.25E+16,2.42E+18,hz
54767.421,,,seconds,1.24E-09,7.86E-11,7.86E-11,cgs,Integrated,IntegratedFlux,,7.25E+16,2.42E+18,hz
54808.249,,,seconds,1.12E-09,7.41E-11,7.41E-11,cgs,Integrated,IntegratedFlux,,7.25E+16,2.42E+18,hz
54848.124,,,seconds,1.28E-09,8.33E-11,8.33E-11,cgs,Integrated,IntegratedFlux,,7.25E+16,2.42E+18,hz
54886.229,,,seconds,1.23E-09,8.16E-11,8.16E-11,cgs,Integrated,IntegratedFlux,,7.25E+16,2.42E+18,hz
54925.608,,,seconds,1.16E-09,7.66E-11,7.66E-11,cgs,Integrated,IntegratedFlux,,7.25E+16,2.42E+18,hz
54963.785,,,seconds,1.30E-09,8.39E-11,8.39E-11,cgs,Integrated,IntegratedFlux,,7.25E+16,2.42E+18,hz
55001.35,,,seconds,1.34E-09,8.62E-11,8.62E-11,cgs,Integrated,IntegratedFlux,,7.25E+16,2.42E+18,hz
55038.935,,,seconds,1.24E-09,8.05E-11,8.05E-11,cgs,Integrated,IntegratedFlux,,7.25E+16,2.42E+18,hz
55076.054,,,seconds,1.29E-09,8.33E-11,8.33E-11,cgs,Integrated,IntegratedFlux,,7.25E+16,2.42E+18,hz
55114.746,,,seconds,1.17E-09,7.66E-11,7.66E-11,cgs,Integrated,IntegratedFlux,,7.25E+16,2.42E+18,hz
55155.325,,,seconds,1.22E-09,7.93E-11,7.93E-11,cgs,Integrated,IntegratedFlux,,7.25E+16,2.42E+18,hz
55194.799,,,seconds,1.19E-09,7.79E-11,7.79E-11,cgs,Integrated,IntegratedFlux,,7.25E+16,2.42E+18,hz
55234.911,,,seconds,1.19E-09,7.87E-11,7.87E-11,cgs,Integrated,IntegratedFlux,,7.25E+16,2.42E+18,hz
55274.841,,,seconds,1.30E-09,8.26E-11,8.26E-11,cgs,Integrated,IntegratedFlux,,7.25E+16,2.42E+18,hz
55310.768,,,seconds,1.25E-09,8.65E-11,8.65E-11,cgs,Integrated,IntegratedFlux,,7.25E+16,2.42E+18,hz
55350.012,,,seconds,1.28E-09,8.33E-11,8.33E-11,cgs,Integrated,IntegratedFlux,,7.25E+16,2.42E+18,hz
55387.093,,,seconds,1.23E-09,8.13E-11,8.13E-11,cgs,Integrated,IntegratedFlux,,7.25E+16,2.42E+18,hz
55426.392,,,seconds,1.19E-09,7.73E-11,7.73E-11,cgs,Integrated,IntegratedFlux,,7.25E+16,2.42E+18,hz
55464.027,,,seconds,1.40E-09,9.04E-11,9.04E-11,cgs,Integrated,IntegratedFlux,,7.25E+16,2.42E+18,hz
55500.2,,,seconds,1.22E-09,8.02E-11,8.02E-11,cgs,Integrated,IntegratedFlux,,7.25E+16,2.42E+18,hz
55540.933,,,seconds,1.08E-09,7.17E-11,7.17E-11,cgs,Integrated,IntegratedFlux,,7.25E+16,2.42E+18,hz
55582.077,,,seconds,1.22E-09,8.05E-11,8.05E-11,cgs,Integrated,IntegratedFlux,,7.25E+16,2.42E+18,hz
89498.892,,,seconds,6.41E-10,1.43E-10,1.43E-10,cgs,Integrated,IntegratedFlux,,7.25E+16,2.42E+18,hz
89520.455,,,seconds,4.48E-10,1.04E-10,1.04E-10,cgs,Integrated,IntegratedFlux,,7.25E+16,2.42E+18,hz
89544.4,,,seconds,7.32E-10,1.64E-10,1.64E-10,cgs,Integrated,IntegratedFlux,,7.25E+16,2.42E+18,hz
89565.402,,,seconds,5.25E-10,1.15E-10,1.15E-10,cgs,Integrated,IntegratedFlux,,7.25E+16,2.42E+18,hz
89594.892,,,seconds,4.01E-10,8.90E-11,8.90E-11,cgs,Integrated,IntegratedFlux,,7.25E+16,2.42E+18,hz
89621.375,,,seconds,4.99E-10,1.14E-10,1.14E-10,cgs,Integrated,IntegratedFlux,,7.25E+16,2.42E+18,hz
89650.531,,,seconds,4.71E-10,1.06E-10,1.06E-10,cgs,Integrated,IntegratedFlux,,7.25E+16,2.42E+18,hz
89678.632,,,seconds,4.69E-10,1.00E-10,1.00E-10,cgs,Integrated,IntegratedFlux,,7.25E+16,2.42E+18,hz
89707.841,,,seconds,4.80E-10,1.06E-10,1.06E-10,cgs,Integrated,IntegratedFlux,,7.25E+16,2.42E+18,hz
89732.324,,,seconds,6.31E-10,1.41E-10,1.41E-10,cgs,Integrated,IntegratedFlux,,7.25E+16,2.42E+18,hz
89748.877,,,seconds,9.68E-10,2.02E-10,2.02E-10,cgs,Integrated,IntegratedFlux,,7.25E+16,2.42E+18,hz
89774.544,,,seconds,5.20E-10,1.03E-10,1.03E-10,cgs,Integrated,IntegratedFlux,,7.25E+16,2.42E+18,hz
94517.322,,,seconds,4.34E-10,9.86E-11,9.86E-11,cgs,Integrated,IntegratedFlux,,7.25E+16,2.42E+18,hz
94588.936,,,seconds,3.79E-10,9.37E-11,9.37E-11,cgs,Integrated,IntegratedFlux,,7.25E+16,2.42E+18,hz
94659.769,,,seconds,6.32E-10,1.41E-10,1.41E-10,cgs,Integrated,IntegratedFlux,,7.25E+16,2.42E+18,hz
94727.089,,,seconds,4.10E-10,9.96E-11,9.96E-11,cgs,Integrated,IntegratedFlux,,7.25E+16,2.42E+18,hz
94782.753,,,seconds,6.71E-10,1.56E-10,1.56E-10,cgs,Integrated,IntegratedFlux,,7.25E+16,2.42E+18,hz
94843.805,,,seconds,4.28E-10,9.83E-11,9.83E-11,cgs,Integrated,IntegratedFlux,,7.25E+16,2.42E+18,hz
94905.111,,,seconds,6.45E-10,1.48E-10,1.48E-10,cgs,Integrated,IntegratedFlux,,7.25E+16,2.42E+18,hz
94977.821,,,seconds,4.44E-10,1.05E-10,1.05E-10,cgs,Integrated,IntegratedFlux,,7.25E+16,2.42E+18,hz
95045.115,,,seconds,5.46E-10,1.14E-10,1.14E-10,cgs,Integrated,IntegratedFlux,,7.25E+16,2.42E+18,hz
95099.929,,,seconds,5.85E-10,1.35E-10,1.35E-10,cgs,Integrated,IntegratedFlux,,7.25E+16,2.42E+18,hz
95158.225,,,seconds,6.86E-10,1.56E-10,1.56E-10,cgs,Integrated,IntegratedFlux,,7.25E+16,2.42E+18,hz
95195.458,,,seconds,6.07E-10,1.41E-10,1.41E-10,cgs,Integrated,IntegratedFlux,,7.25E+16,2.42E+18,hz
95258.392,,,seconds,6.51E-10,1.48E-10,1.48E-10,cgs,Integrated,IntegratedFlux,,7.25E+16,2.42E+18,hz
95312.799,,,seconds,4.86E-10,1.10E-10,1.10E-10,cgs,Integrated,IntegratedFlux,,7.25E+16,2.42E+18,hz
95375.358,,,seconds,5.48E-10,1.30E-10,1.30E-10,cgs,Integrated,IntegratedFlux,,7.25E+16,2.42E+18,hz
95432.148,,,seconds,5.36E-10,1.23E-10,1.23E-10,cgs,Integrated,IntegratedFlux,,7.25E+16,2.42E+18,hz
95507.242,,,seconds,3.81E-10,8.64E-11,8.64E-11,cgs,Integrated,IntegratedFlux,,7.25E+16,2.42E+18,hz
95578.576,,,seconds,5.54E-10,1.35E-10,1.35E-10,cgs,Integrated,IntegratedFlux,,7.25E+16,2.42E+18,hz
95631.982,,,seconds,5.31E-10,1.24E-10,1.24E-10,cgs,Integrated,IntegratedFlux,,7.25E+16,2.42E+18,hz
95699.178,,,seconds,5.89E-10,1.35E-10,1.35E-10,cgs,Integrated,IntegratedFlux,,7.25E+16,2.42E+18,hz
95751.707,,,seconds,5.81E-10,1.35E-10,1.35E-10,cgs,Integrated,IntegratedFlux,,7.25E+16,2.42E+18,hz
95814.802,,,seconds,5.71E-10,1.26E-10,1.26E-10,cgs,Integrated,IntegratedFlux,,7.25E+16,2.42E+18,hz
95856.89,,,seconds,6.54E-10,1.48E-10,1.48E-10,cgs,Integrated,IntegratedFlux,,7.25E+16,2.42E+18,hz
95920.073,,,seconds,4.21E-10,9.95E-11,9.95E-11,cgs,Integrated,IntegratedFlux,,7.25E+16,2.42E+18,hz
96002.731,,,seconds,5.05E-10,1.13E-10,1.13E-10,cgs,Integrated,IntegratedFlux,,7.25E+16,2.42E+18,hz
96098.042,,,seconds,5.45E-10,9.73E-11,9.73E-11,cgs,Integrated,IntegratedFlux,,7.25E+16,2.42E+18,hz
100146.535,,,seconds,3.97E-10,9.33E-11,9.33E-11,cgs,Integrated,IntegratedFlux,,7.25E+16,2.42E+18,hz
100313.024,,,seconds,4.31E-10,1.02E-10,1.02E-10,cgs,Integrated,IntegratedFlux,,7.25E+16,2.42E+18,hz
100456.572,,,seconds,5.81E-10,1.34E-10,1.34E-10,cgs,Integrated,IntegratedFlux,,7.25E+16,2.42E+18,hz
100566.64,,,seconds,5.05E-10,1.20E-10,1.20E-10,cgs,Integrated,IntegratedFlux,,7.25E+16,2.42E+18,hz
100703.297,,,seconds,5.72E-10,1.27E-10,1.27E-10,cgs,Integrated,IntegratedFlux,,7.25E+16,2.42E+18,hz
100850.717,,,seconds,4.58E-10,1.05E-10,1.05E-10,cgs,Integrated,IntegratedFlux,,7.25E+16,2.42E+18,hz
100988.743,,,seconds,4.55E-10,1.07E-10,1.07E-10,cgs,Integrated,IntegratedFlux,,7.25E+16,2.42E+18,hz
101129.659,,,seconds,5.15E-10,1.20E-10,1.20E-10,cgs,Integrated,IntegratedFlux,,7.25E+16,2.42E+18,hz
105636.766,,,seconds,5.40E-10,1.29E-10,1.29E-10,cgs,Integrated,IntegratedFlux,,7.25E+16,2.42E+18,hz
105679.39,,,seconds,3.83E-10,8.71E-11,8.71E-11,cgs,Integrated,IntegratedFlux,,7.25E+16,2.42E+18,hz
105742.204,,,seconds,4.02E-10,8.91E-11,8.91E-11,cgs,Integrated,IntegratedFlux,,7.25E+16,2.42E+18,hz
105796.105,,,seconds,3.59E-10,8.31E-11,8.31E-11,cgs,Integrated,IntegratedFlux,,7.25E+16,2.42E+18,hz
105848.007,,,seconds,4.60E-10,1.08E-10,1.08E-10,cgs,Integrated,IntegratedFlux,,7.25E+16,2.42E+18,hz
105888.375,,,seconds,5.38E-10,1.20E-10,1.20E-10,cgs,Integrated,IntegratedFlux,,7.25E+16,2.42E+18,hz
105932.082,,,seconds,5.29E-10,1.18E-10,1.18E-10,cgs,Integrated,IntegratedFlux,,7.25E+16,2.42E+18,hz
105978.666,,,seconds,5.73E-10,1.21E-10,1.21E-10,cgs,Integrated,IntegratedFlux,,7.25E+16,2.42E+18,hz
106023.769,,,seconds,3.11E-10,7.44E-11,7.44E-11,cgs,Integrated,IntegratedFlux,,7.25E+16,2.42E+18,hz
106097.861,,,seconds,3.46E-10,8.00E-11,8.00E-11,cgs,Integrated,IntegratedFlux,,7.25E+16,2.42E+18,hz
106136.928,,,seconds,6.37E-10,1.41E-10,1.41E-10,cgs,Integrated,IntegratedFlux,,7.25E+16,2.42E+18,hz
106188.5,,,seconds,2.82E-10,6.64E-11,6.64E-11,cgs,Integrated,IntegratedFlux,,7.25E+16,2.42E+18,hz
106244.79,,,seconds,6.03E-10,1.37E-10,1.37E-10,cgs,Integrated,IntegratedFlux,,7.25E+16,2.42E+18,hz
106293.249,,,seconds,4.46E-10,1.01E-10,1.01E-10,cgs,Integrated,IntegratedFlux,,7.25E+16,2.42E+18,hz
106347.899,,,seconds,3.17E-10,7.02E-11,7.02E-11,cgs,Integrated,IntegratedFlux,,7.25E+16,2.42E+18,hz
106418.296,,,seconds,3.80E-10,8.63E-11,8.63E-11,cgs,Integrated,IntegratedFlux,,7.25E+16,2.42E+18,hz
106459.291,,,seconds,5.41E-10,1.27E-10,1.27E-10,cgs,Integrated,IntegratedFlux,,7.25E+16,2.42E+18,hz
106505.174,,,seconds,3.26E-10,7.28E-11,7.28E-11,cgs,Integrated,IntegratedFlux,,7.25E+16,2.42E+18,hz
106570.096,,,seconds,3.71E-10,8.51E-11,8.51E-11,cgs,Integrated,IntegratedFlux,,7.25E+16,2.42E+18,hz
106626.529,,,seconds,4.10E-10,9.48E-11,9.48E-11,cgs,Integrated,IntegratedFlux,,7.25E+16,2.42E+18,hz
106686.579,,,seconds,3.17E-10,7.34E-11,7.34E-11,cgs,Integrated,IntegratedFlux,,7.25E+16,2.42E+18,hz
106738.606,,,seconds,4.06E-10,9.08E-11,9.08E-11,cgs,Integrated,IntegratedFlux,,7.25E+16,2.42E+18,hz
106785.745,,,seconds,6.49E-10,1.48E-10,1.48E-10,cgs,Integrated,IntegratedFlux,,7.25E+16,2.42E+18,hz
106839.65,,,seconds,2.70E-10,6.37E-11,6.37E-11,cgs,Integrated,IntegratedFlux,,7.25E+16,2.42E+18,hz
106889.422,,,seconds,6.06E-10,1.36E-10,1.36E-10,cgs,Integrated,IntegratedFlux,,7.25E+16,2.42E+18,hz
106927.157,,,seconds,5.63E-10,1.26E-10,1.26E-10,cgs,Integrated,IntegratedFlux,,7.25E+16,2.42E+18,hz
106980.562,,,seconds,2.96E-10,7.08E-11,7.08E-11,cgs,Integrated,IntegratedFlux,,7.25E+16,2.42E+18,hz
107072.297,,,seconds,3.29E-10,6.07E-11,6.07E-11,cgs,Integrated,IntegratedFlux,,7.25E+16,2.42E+18,hz
111947.788,,,seconds,4.94E-10,1.10E-10,1.10E-10,cgs,Integrated,IntegratedFlux,,7.25E+16,2.42E+18,hz
112020.749,,,seconds,3.46E-10,7.98E-11,7.98E-11,cgs,Integrated,IntegratedFlux,,7.25E+16,2.42E+18,hz
112087.056,,,seconds,3.39E-10,7.63E-11,7.63E-11,cgs,Integrated,IntegratedFlux,,7.25E+16,2.42E+18,hz
112167.177,,,seconds,3.74E-10,8.49E-11,8.49E-11,cgs,Integrated,IntegratedFlux,,7.25E+16,2.42E+18,hz
112243.899,,,seconds,2.56E-10,5.73E-11,5.73E-11,cgs,Integrated,IntegratedFlux,,7.25E+16,2.42E+18,hz
112335.292,,,seconds,2.77E-10,6.40E-11,6.40E-11,cgs,Integrated,IntegratedFlux,,7.25E+16,2.42E+18,hz
112434.207,,,seconds,2.98E-10,7.22E-11,7.22E-11,cgs,Integrated,IntegratedFlux,,7.25E+16,2.42E+18,hz
112507.544,,,seconds,2.94E-10,6.58E-11,6.58E-11,cgs,Integrated,IntegratedFlux,,7.25E+16,2.42E+18,hz
112579.381,,,seconds,4.10E-10,9.17E-11,9.17E-11,cgs,Integrated,IntegratedFlux,,7.25E+16,2.42E+18,hz
112669.312,,,seconds,3.16E-10,7.13E-11,7.13E-11,cgs,Integrated,IntegratedFlux,,7.25E+16,2.42E+18,hz
112740.35,,,seconds,3.65E-10,8.17E-11,8.17E-11,cgs,Integrated,IntegratedFlux,,7.25E+16,2.42E+18,hz
112816.947,,,seconds,2.13E-10,5.25E-11,5.25E-11,cgs,Integrated,IntegratedFlux,,7.25E+16,2.42E+18,hz
112922.132,,,seconds,3.07E-10,7.21E-11,7.21E-11,cgs,Integrated,IntegratedFlux,,7.25E+16,2.42E+18,hz
112995.471,,,seconds,3.37E-10,7.65E-11,7.65E-11,cgs,Integrated,IntegratedFlux,,7.25E+16,2.42E+18,hz
113099.952,,,seconds,3.67E-10,8.47E-11,8.47E-11,cgs,Integrated,IntegratedFlux,,7.25E+16,2.42E+18,hz
113223.124,,,seconds,2.37E-10,5.31E-11,5.31E-11,cgs,Integrated,IntegratedFlux,,7.25E+16,2.42E+18,hz
113351.635,,,seconds,3.71E-10,7.46E-11,7.46E-11,cgs,Integrated,IntegratedFlux,,7.25E+16,2.42E+18,hz
117076.366,,,seconds,2.59E-10,5.89E-11,5.89E-11,cgs,Integrated,IntegratedFlux,,7.25E+16,2.42E+18,hz
117139.276,,,seconds,3.28E-10,7.17E-11,7.17E-11,cgs,Integrated,IntegratedFlux,,7.25E+16,2.42E+18,hz
117208,,,seconds,2.42E-10,5.61E-11,5.61E-11,cgs,Integrated,IntegratedFlux,,7.25E+16,2.42E+18,hz
117283.028,,,seconds,2.63E-10,5.94E-11,5.94E-11,cgs,Integrated,IntegratedFlux,,7.25E+16,2.42E+18,hz
117348.034,,,seconds,3.01E-10,6.72E-11,6.72E-11,cgs,Integrated,IntegratedFlux,,7.25E+16,2.42E+18,hz
117398.934,,,seconds,5.60E-10,1.30E-10,1.30E-10,cgs,Integrated,IntegratedFlux,,7.25E+16,2.42E+18,hz
117455.473,,,seconds,2.78E-10,6.32E-11,6.32E-11,cgs,Integrated,IntegratedFlux,,7.25E+16,2.42E+18,hz
117508.879,,,seconds,3.60E-10,8.05E-11,8.05E-11,cgs,Integrated,IntegratedFlux,,7.25E+16,2.42E+18,hz
117567.802,,,seconds,3.59E-10,8.03E-11,8.03E-11,cgs,Integrated,IntegratedFlux,,7.25E+16,2.42E+18,hz
117613.56,,,seconds,3.75E-10,8.54E-11,8.54E-11,cgs,Integrated,IntegratedFlux,,7.25E+16,2.42E+18,hz
117654.949,,,seconds,4.62E-10,1.03E-10,1.03E-10,cgs,Integrated,IntegratedFlux,,7.25E+16,2.42E+18,hz
117706.581,,,seconds,3.05E-10,7.08E-11,7.08E-11,cgs,Integrated,IntegratedFlux,,7.25E+16,2.42E+18,hz
117777.538,,,seconds,2.54E-10,5.90E-11,5.90E-11,cgs,Integrated,IntegratedFlux,,7.25E+16,2.42E+18,hz
117846.365,,,seconds,3.28E-10,7.46E-11,7.46E-11,cgs,Integrated,IntegratedFlux,,7.25E+16,2.42E+18,hz
117888.864,,,seconds,5.88E-10,1.32E-10,1.32E-10,cgs,Integrated,IntegratedFlux,,7.25E+16,2.42E+18,hz
117937.439,,,seconds,2.96E-10,6.46E-11,6.46E-11,cgs,Integrated,IntegratedFlux,,7.25E+16,2.42E+18,hz
117992.541,,,seconds,3.22E-10,7.48E-11,7.48E-11,cgs,Integrated,IntegratedFlux,,7.25E+16,2.42E+18,hz
118049.553,,,seconds,4.34E-10,9.80E-11,9.80E-11,cgs,Integrated,IntegratedFlux,,7.25E+16,2.42E+18,hz
118111.639,,,seconds,2.81E-10,6.28E-11,6.28E-11,cgs,Integrated,IntegratedFlux,,7.25E+16,2.42E+18,hz
118175.7,,,seconds,2.36E-10,5.37E-11,5.37E-11,cgs,Integrated,IntegratedFlux,,7.25E+16,2.42E+18,hz
118243.901,,,seconds,3.46E-10,7.73E-11,7.73E-11,cgs,Integrated,IntegratedFlux,,7.25E+16,2.42E+18,hz
118318.791,,,seconds,2.72E-10,6.04E-11,6.04E-11,cgs,Integrated,IntegratedFlux,,7.25E+16,2.42E+18,hz
118388.638,,,seconds,2.28E-10,5.16E-11,5.16E-11,cgs,Integrated,IntegratedFlux,,7.25E+16,2.42E+18,hz
118475.2,,,seconds,4.28E-10,7.13E-11,7.13E-11,cgs,Integrated,IntegratedFlux,,7.25E+16,2.42E+18,hz
124777.347,,,seconds,3.85E-10,8.39E-11,8.39E-11,cgs,Integrated,IntegratedFlux,,7.25E+16,2.42E+18,hz
124813.084,,,seconds,3.55E-10,7.86E-11,7.86E-11,cgs,Integrated,IntegratedFlux,,7.25E+16,2.42E+18,hz
124846.477,,,seconds,3.13E-10,6.99E-11,6.99E-11,cgs,Integrated,IntegratedFlux,,7.25E+16,2.42E+18,hz
124890.355,,,seconds,2.78E-10,6.33E-11,6.33E-11,cgs,Integrated,IntegratedFlux,,7.25E+16,2.42E+18,hz
124934.359,,,seconds,3.32E-10,7.58E-11,7.58E-11,cgs,Integrated,IntegratedFlux,,7.25E+16,2.42E+18,hz
124982.469,,,seconds,2.77E-10,6.03E-11,6.03E-11,cgs,Integrated,IntegratedFlux,,7.25E+16,2.42E+18,hz
125014.342,,,seconds,4.51E-10,1.01E-10,1.01E-10,cgs,Integrated,IntegratedFlux,,7.25E+16,2.42E+18,hz
125047.063,,,seconds,2.94E-10,6.70E-11,6.70E-11,cgs,Integrated,IntegratedFlux,,7.25E+16,2.42E+18,hz
125090.941,,,seconds,3.28E-10,7.48E-11,7.48E-11,cgs,Integrated,IntegratedFlux,,7.25E+16,2.42E+18,hz
125137.473,,,seconds,3.26E-10,5.65E-11,5.65E-11,cgs,Integrated,IntegratedFlux,,7.25E+16,2.42E+18,hz
129117.917,,,seconds,3.25E-10,7.26E-11,7.26E-11,cgs,Integrated,IntegratedFlux,,7.25E+16,2.42E+18,hz
129159.161,,,seconds,2.60E-10,6.04E-11,6.04E-11,cgs,Integrated,IntegratedFlux,,7.25E+16,2.42E+18,hz
129203.587,,,seconds,3.60E-10,7.67E-11,7.67E-11,cgs,Integrated,IntegratedFlux,,7.25E+16,2.42E+18,hz
129243.533,,,seconds,3.29E-10,7.35E-11,7.35E-11,cgs,Integrated,IntegratedFlux,,7.25E+16,2.42E+18,hz
129296.358,,,seconds,2.29E-10,5.25E-11,5.25E-11,cgs,Integrated,IntegratedFlux,,7.25E+16,2.42E+18,hz
129337.307,,,seconds,2.68E-10,6.12E-11,6.12E-11,cgs,Integrated,IntegratedFlux,,7.25E+16,2.42E+18,hz
129382.176,,,seconds,3.14E-10,6.81E-11,6.81E-11,cgs,Integrated,IntegratedFlux,,7.25E+16,2.42E+18,hz
129430.271,,,seconds,2.66E-10,5.77E-11,5.77E-11,cgs,Integrated,IntegratedFlux,,7.25E+16,2.42E+18,hz
129472.896,,,seconds,3.82E-10,8.29E-11,8.29E-11,cgs,Integrated,IntegratedFlux,,7.25E+16,2.42E+18,hz
129509.309,,,seconds,2.81E-10,6.54E-11,6.54E-11,cgs,Integrated,IntegratedFlux,,7.25E+16,2.42E+18,hz
129553.94,,,seconds,2.69E-10,6.12E-11,6.12E-11,cgs,Integrated,IntegratedFlux,,7.25E+16,2.42E+18,hz
129599.572,,,seconds,2.07E-10,4.81E-11,4.81E-11,cgs,Integrated,IntegratedFlux,,7.25E+16,2.42E+18,hz
129655.54,,,seconds,2.97E-10,6.60E-11,6.60E-11,cgs,Integrated,IntegratedFlux,,7.25E+16,2.42E+18,hz
129695.592,,,seconds,3.13E-10,6.80E-11,6.80E-11,cgs,Integrated,IntegratedFlux,,7.25E+16,2.42E+18,hz
129742.58,,,seconds,2.25E-10,5.09E-11,5.09E-11,cgs,Integrated,IntegratedFlux,,7.25E+16,2.42E+18,hz
129799.783,,,seconds,2.84E-10,6.49E-11,6.49E-11,cgs,Integrated,IntegratedFlux,,7.25E+16,2.42E+18,hz
129830.456,,,seconds,5.14E-10,1.12E-10,1.12E-10,cgs,Integrated,IntegratedFlux,,7.25E+16,2.42E+18,hz
129888.791,,,seconds,2.67E-10,4.45E-11,4.45E-11,cgs,Integrated,IntegratedFlux,,7.25E+16,2.42E+18,hz
134221.12,,,seconds,2.43E-10,5.54E-11,5.54E-11,cgs,Integrated,IntegratedFlux,,7.25E+16,2.42E+18,hz
134251.333,,,seconds,1.85E-10,4.30E-11,4.30E-11,cgs,Integrated,IntegratedFlux,,7.25E+16,2.42E+18,hz
134303.486,,,seconds,1.87E-10,4.34E-11,4.34E-11,cgs,Integrated,IntegratedFlux,,7.25E+16,2.42E+18,hz
134337.962,,,seconds,3.48E-10,7.79E-11,7.79E-11,cgs,Integrated,IntegratedFlux,,7.25E+16,2.42E+18,hz
134368.699,,,seconds,2.50E-10,5.41E-11,5.41E-11,cgs,Integrated,IntegratedFlux,,7.25E+16,2.42E+18,hz
134399.243,,,seconds,3.38E-10,7.33E-11,7.33E-11,cgs,Integrated,IntegratedFlux,,7.25E+16,2.42E+18,hz
134437.764,,,seconds,1.83E-10,4.03E-11,4.03E-11,cgs,Integrated,IntegratedFlux,,7.25E+16,2.42E+18,hz
134489.779,,,seconds,1.57E-10,3.51E-11,3.51E-11,cgs,Integrated,IntegratedFlux,,7.25E+16,2.42E+18,hz
134549.573,,,seconds,1.56E-10,3.47E-11,3.47E-11,cgs,Integrated,IntegratedFlux,,7.25E+16,2.42E+18,hz
134593.207,,,seconds,2.65E-10,5.92E-11,5.92E-11,cgs,Integrated,IntegratedFlux,,7.25E+16,2.42E+18,hz
134625.987,,,seconds,2.40E-10,5.34E-11,5.34E-11,cgs,Integrated,IntegratedFlux,,7.25E+16,2.42E+18,hz
134662.283,,,seconds,3.04E-10,6.64E-11,6.64E-11,cgs,Integrated,IntegratedFlux,,7.25E+16,2.42E+18,hz
134701.087,,,seconds,2.07E-10,4.59E-11,4.59E-11,cgs,Integrated,IntegratedFlux,,7.25E+16,2.42E+18,hz
134744.113,,,seconds,2.14E-10,4.73E-11,4.73E-11,cgs,Integrated,IntegratedFlux,,7.25E+16,2.42E+18,hz
134791.786,,,seconds,1.56E-10,3.49E-11,3.49E-11,cgs,Integrated,IntegratedFlux,,7.25E+16,2.42E+18,hz
134836.918,,,seconds,2.01E-10,4.49E-11,4.49E-11,cgs,Integrated,IntegratedFlux,,7.25E+16,2.42E+18,hz
134874.904,,,seconds,2.28E-10,5.11E-11,5.11E-11,cgs,Integrated,IntegratedFlux,,7.25E+16,2.42E+18,hz
134931.471,,,seconds,2.09E-10,3.56E-11,3.56E-11,cgs,Integrated,IntegratedFlux,,7.25E+16,2.42E+18,hz
142063.79,,,seconds,5.28E-10,1.20E-10,1.20E-10,cgs,Integrated,IntegratedFlux,,7.25E+16,2.42E+18,hz
142093.573,,,seconds,3.52E-10,7.82E-11,7.82E-11,cgs,Integrated,IntegratedFlux,,7.25E+16,2.42E+18,hz
142133.368,,,seconds,2.85E-10,6.48E-11,6.48E-11,cgs,Integrated,IntegratedFlux,,7.25E+16,2.42E+18,hz
142175.992,,,seconds,3.20E-10,7.42E-11,7.42E-11,cgs,Integrated,IntegratedFlux,,7.25E+16,2.42E+18,hz
142224.909,,,seconds,2.77E-10,6.05E-11,6.05E-11,cgs,Integrated,IntegratedFlux,,7.25E+16,2.42E+18,hz
142277.443,,,seconds,2.42E-10,5.56E-11,5.56E-11,cgs,Integrated,IntegratedFlux,,7.25E+16,2.42E+18,hz
142356.633,,,seconds,1.64E-10,3.30E-11,3.30E-11,cgs,Integrated,IntegratedFlux,,7.25E+16,2.42E+18,hz
145898.521,,,seconds,2.28E-10,5.35E-11,5.35E-11,cgs,Integrated,IntegratedFlux,,7.25E+16,2.42E+18,hz
145990.053,,,seconds,3.67E-10,8.13E-11,8.13E-11,cgs,Integrated,IntegratedFlux,,7.25E+16,2.42E+18,hz
146049.089,,,seconds,4.51E-10,1.02E-10,1.02E-10,cgs,Integrated,IntegratedFlux,,7.25E+16,2.42E+18,hz
146116.284,,,seconds,2.97E-10,6.75E-11,6.75E-11,cgs,Integrated,IntegratedFlux,,7.25E+16,2.42E+18,hz
146206.039,,,seconds,2.86E-10,6.33E-11,6.33E-11,cgs,Integrated,IntegratedFlux,,7.25E+16,2.42E+18,hz
146296.304,,,seconds,3.61E-10,7.88E-11,7.88E-11,cgs,Integrated,IntegratedFlux,,7.25E+16,2.42E+18,hz
146386.949,,,seconds,2.52E-10,6.25E-11,6.25E-11,cgs,Integrated,IntegratedFlux,,7.25E+16,2.42E+18,hz
146492.755,,,seconds,1.79E-10,4.22E-11,4.22E-11,cgs,Integrated,IntegratedFlux,,7.25E+16,2.42E+18,hz
146591.422,,,seconds,3.25E-10,7.40E-11,7.40E-11,cgs,Integrated,IntegratedFlux,,7.25E+16,2.42E+18,hz
146674.914,,,seconds,2.20E-10,5.45E-11,5.45E-11,cgs,Integrated,IntegratedFlux,,7.25E+16,2.42E+18,hz
146797.02,,,seconds,2.11E-10,5.06E-11,5.06E-11,cgs,Integrated,IntegratedFlux,,7.25E+16,2.42E+18,hz
146890.776,,,seconds,2.39E-10,5.57E-11,5.57E-11,cgs,Integrated,IntegratedFlux,,7.25E+16,2.42E+18,hz
146987.83,,,seconds,3.13E-10,7.12E-11,7.12E-11,cgs,Integrated,IntegratedFlux,,7.25E+16,2.42E+18,hz
147088.747,,,seconds,1.93E-10,4.69E-11,4.69E-11,cgs,Integrated,IntegratedFlux,,7.25E+16,2.42E+18,hz
147183.652,,,seconds,2.85E-10,6.37E-11,6.37E-11,cgs,Integrated,IntegratedFlux,,7.25E+16,2.42E+18,hz
147283.613,,,seconds,2.32E-10,5.18E-11,5.18E-11,cgs,Integrated,IntegratedFlux,,7.25E+16,2.42E+18,hz
152296.619,,,seconds,2.08E-10,4.83E-11,4.83E-11,cgs,Integrated,IntegratedFlux,,7.25E+16,2.42E+18,hz
152361.81,,,seconds,2.23E-10,5.27E-11,5.27E-11,cgs,Integrated,IntegratedFlux,,7.25E+16,2.42E+18,hz
152417.723,,,seconds,2.68E-10,6.59E-11,6.59E-11,cgs,Integrated,IntegratedFlux,,7.25E+16,2.42E+18,hz
152479.403,,,seconds,2.05E-10,4.59E-11,4.59E-11,cgs,Integrated,IntegratedFlux,,7.25E+16,2.42E+18,hz
152549.942,,,seconds,2.49E-10,5.23E-11,5.23E-11,cgs,Integrated,IntegratedFlux,,7.25E+16,2.42E+18,hz
152595.242,,,seconds,3.62E-10,8.25E-11,8.25E-11,cgs,Integrated,IntegratedFlux,,7.25E+16,2.42E+18,hz
152634.857,,,seconds,2.91E-10,6.50E-11,6.50E-11,cgs,Integrated,IntegratedFlux,,7.25E+16,2.42E+18,hz
152686.006,,,seconds,1.99E-10,4.62E-11,4.62E-11,cgs,Integrated,IntegratedFlux,,7.25E+16,2.42E+18,hz
152775.141,,,seconds,1.59E-10,3.68E-11,3.68E-11,cgs,Integrated,IntegratedFlux,,7.25E+16,2.42E+18,hz
152853.996,,,seconds,1.54E-10,3.70E-11,3.70E-11,cgs,Integrated,IntegratedFlux,,7.25E+16,2.42E+18,hz
152931.724,,,seconds,2.25E-10,5.23E-11,5.23E-11,cgs,Integrated,IntegratedFlux,,7.25E+16,2.42E+18,hz
152991.649,,,seconds,1.70E-10,3.94E-11,3.94E-11,cgs,Integrated,IntegratedFlux,,7.25E+16,2.42E+18,hz
153069.705,,,seconds,2.55E-10,5.76E-11,5.76E-11,cgs,Integrated,IntegratedFlux,,7.25E+16,2.42E+18,hz
153115.387,,,seconds,3.20E-10,7.41E-11,7.41E-11,cgs,Integrated,IntegratedFlux,,7.25E+16,2.42E+18,hz
153163.55,,,seconds,2.16E-10,4.96E-11,4.96E-11,cgs,Integrated,IntegratedFlux,,7.25E+16,2.42E+18,hz
153235.11,,,seconds,1.72E-10,3.91E-11,3.91E-11,cgs,Integrated,IntegratedFlux,,7.25E+16,2.42E+18,hz
153296.165,,,seconds,5.04E-10,1.13E-10,1.13E-10,cgs,Integrated,IntegratedFlux,,7.25E+16,2.42E+18,hz
153336.031,,,seconds,2.64E-10,5.91E-11,5.91E-11,cgs,Integrated,IntegratedFlux,,7.25E+16,2.42E+18,hz
153427.533,,,seconds,1.23E-10,2.88E-11,2.88E-11,cgs,Integrated,IntegratedFlux,,7.25E+16,2.42E+18,hz
153505.902,,,seconds,2.39E-10,5.45E-11,5.45E-11,cgs,Integrated,IntegratedFlux,,7.25E+16,2.42E+18,hz
153570.089,,,seconds,1.72E-10,4.07E-11,4.07E-11,cgs,Integrated,IntegratedFlux,,7.25E+16,2.42E+18,hz
153635.733,,,seconds,3.13E-10,6.75E-11,6.75E-11,cgs,Integrated,IntegratedFlux,,7.25E+16,2.42E+18,hz
153705.145,,,seconds,1.90E-10,3.86E-11,3.86E-11,cgs,Integrated,IntegratedFlux,,7.25E+16,2.42E+18,hz
158321.245,,,seconds,2.39E-10,5.55E-11,5.55E-11,cgs,Integrated,IntegratedFlux,,7.25E+16,2.42E+18,hz
158386.31,,,seconds,2.90E-10,6.73E-11,6.73E-11,cgs,Integrated,IntegratedFlux,,7.25E+16,2.42E+18,hz
158453.256,,,seconds,2.71E-10,6.16E-11,6.16E-11,cgs,Integrated,IntegratedFlux,,7.25E+16,2.42E+18,hz
158501.737,,,seconds,3.30E-10,7.21E-11,7.21E-11,cgs,Integrated,IntegratedFlux,,7.25E+16,2.42E+18,hz
158595.581,,,seconds,1.96E-10,4.43E-11,4.43E-11,cgs,Integrated,IntegratedFlux,,7.25E+16,2.42E+18,hz
158649.83,,,seconds,2.87E-10,6.41E-11,6.41E-11,cgs,Integrated,IntegratedFlux,,7.25E+16,2.42E+18,hz
158712.352,,,seconds,3.04E-10,7.27E-11,7.27E-11,cgs,Integrated,IntegratedFlux,,7.25E+16,2.42E+18,hz
158787.482,,,seconds,2.23E-10,5.39E-11,5.39E-11,cgs,Integrated,IntegratedFlux,,7.25E+16,2.42E+18,hz
158841.891,,,seconds,3.23E-10,7.36E-11,7.36E-11,cgs,Integrated,IntegratedFlux,,7.25E+16,2.42E+18,hz
158902.192,,,seconds,2.41E-10,5.48E-11,5.48E-11,cgs,Integrated,IntegratedFlux,,7.25E+16,2.42E+18,hz
158959.622,,,seconds,3.77E-10,8.22E-11,8.22E-11,cgs,Integrated,IntegratedFlux,,7.25E+16,2.42E+18,hz
159011.762,,,seconds,2.66E-10,6.17E-11,6.17E-11,cgs,Integrated,IntegratedFlux,,7.25E+16,2.42E+18,hz
159075.323,,,seconds,3.25E-10,7.26E-11,7.26E-11,cgs,Integrated,IntegratedFlux,,7.25E+16,2.42E+18,hz
159139.134,,,seconds,2.36E-10,5.29E-11,5.29E-11,cgs,Integrated,IntegratedFlux,,7.25E+16,2.42E+18,hz
159217.237,,,seconds,2.21E-10,5.13E-11,5.13E-11,cgs,Integrated,IntegratedFlux,,7.25E+16,2.42E+18,hz
159312.762,,,seconds,1.32E-10,3.00E-11,3.00E-11,cgs,Integrated,IntegratedFlux,,7.25E+16,2.42E+18,hz
159447.768,,,seconds,2.00E-10,3.50E-11,3.50E-11,cgs,Integrated,IntegratedFlux,,7.25E+16,2.42E+18,hz
163873.269,,,seconds,1.47E-10,3.36E-11,3.36E-11,cgs,Integrated,IntegratedFlux,,7.25E+16,2.42E+18,hz
163939.212,,,seconds,2.16E-10,5.00E-11,5.00E-11,cgs,Integrated,IntegratedFlux,,7.25E+16,2.42E+18,hz
163990.988,,,seconds,2.24E-10,5.00E-11,5.00E-11,cgs,Integrated,IntegratedFlux,,7.25E+16,2.42E+18,hz
164049.283,,,seconds,1.76E-10,3.93E-11,3.93E-11,cgs,Integrated,IntegratedFlux,,7.25E+16,2.42E+18,hz
164125.506,,,seconds,1.59E-10,3.55E-11,3.55E-11,cgs,Integrated,IntegratedFlux,,7.25E+16,2.42E+18,hz
164186.184,,,seconds,2.85E-10,6.49E-11,6.49E-11,cgs,Integrated,IntegratedFlux,,7.25E+16,2.42E+18,hz
164254.006,,,seconds,1.32E-10,3.11E-11,3.11E-11,cgs,Integrated,IntegratedFlux,,7.25E+16,2.42E+18,hz
164316.231,,,seconds,2.98E-10,6.60E-11,6.60E-11,cgs,Integrated,IntegratedFlux,,7.25E+16,2.42E+18,hz
164376.883,,,seconds,1.64E-10,3.64E-11,3.64E-11,cgs,Integrated,IntegratedFlux,,7.25E+16,2.42E+18,hz
164456.097,,,seconds,1.72E-10,3.97E-11,3.97E-11,cgs,Integrated,IntegratedFlux,,7.25E+16,2.42E+18,hz
164518.529,,,seconds,1.90E-10,4.24E-11,4.24E-11,cgs,Integrated,IntegratedFlux,,7.25E+16,2.42E+18,hz
164578.455,,,seconds,2.60E-10,6.15E-11,6.15E-11,cgs,Integrated,IntegratedFlux,,7.25E+16,2.42E+18,hz
164622.333,,,seconds,2.13E-10,5.02E-11,5.02E-11,cgs,Integrated,IntegratedFlux,,7.25E+16,2.42E+18,hz
164679.375,,,seconds,2.33E-10,5.21E-11,5.21E-11,cgs,Integrated,IntegratedFlux,,7.25E+16,2.42E+18,hz
164733.658,,,seconds,1.74E-10,4.10E-11,4.10E-11,cgs,Integrated,IntegratedFlux,,7.25E+16,2.42E+18,hz
164799.601,,,seconds,2.52E-10,5.74E-11,5.74E-11,cgs,Integrated,IntegratedFlux,,7.25E+16,2.42E+18,hz
164860.277,,,seconds,1.46E-10,3.44E-11,3.44E-11,cgs,Integrated,IntegratedFlux,,7.25E+16,2.42E+18,hz
164935.498,,,seconds,1.87E-10,4.26E-11,4.26E-11,cgs,Integrated,IntegratedFlux,,7.25E+16,2.42E+18,hz
165000.062,,,seconds,2.21E-10,4.94E-11,4.94E-11,cgs,Integrated,IntegratedFlux,,7.25E+16,2.42E+18,hz
165044.943,,,seconds,2.53E-10,5.77E-11,5.77E-11,cgs,Integrated,IntegratedFlux,,7.25E+16,2.42E+18,hz
165102.862,,,seconds,1.67E-10,3.88E-11,3.88E-11,cgs,Integrated,IntegratedFlux,,7.25E+16,2.42E+18,hz
165202.964,,,seconds,1.79E-10,2.97E-11,2.97E-11,cgs,Integrated,IntegratedFlux,,7.25E+16,2.42E+18,hz
168684.093,,,seconds,1.91E-10,4.44E-11,4.44E-11,cgs,Integrated,IntegratedFlux,,7.25E+16,2.42E+18,hz
168746.401,,,seconds,3.25E-10,7.41E-11,7.41E-11,cgs,Integrated,IntegratedFlux,,7.25E+16,2.42E+18,hz
168816.731,,,seconds,2.27E-10,5.08E-11,5.08E-11,cgs,Integrated,IntegratedFlux,,7.25E+16,2.42E+18,hz
168879.414,,,seconds,2.30E-10,5.23E-11,5.23E-11,cgs,Integrated,IntegratedFlux,,7.25E+16,2.42E+18,hz
168938.587,,,seconds,3.94E-10,8.80E-11,8.80E-11,cgs,Integrated,IntegratedFlux,,7.25E+16,2.42E+18,hz
168996.004,,,seconds,2.29E-10,5.33E-11,5.33E-11,cgs,Integrated,IntegratedFlux,,7.25E+16,2.42E+18,hz
169066.21,,,seconds,2.68E-10,6.23E-11,6.23E-11,cgs,Integrated,IntegratedFlux,,7.25E+16,2.42E+18,hz
169137.12,,,seconds,2.01E-10,4.35E-11,4.35E-11,cgs,Integrated,IntegratedFlux,,7.25E+16,2.42E+18,hz
169219.407,,,seconds,2.57E-10,5.97E-11,5.97E-11,cgs,Integrated,IntegratedFlux,,7.25E+16,2.42E+18,hz
169303.878,,,seconds,1.76E-10,3.97E-11,3.97E-11,cgs,Integrated,IntegratedFlux,,7.25E+16,2.42E+18,hz
169376.115,,,seconds,2.72E-10,6.44E-11,6.44E-11,cgs,Integrated,IntegratedFlux,,7.25E+16,2.42E+18,hz
169438.678,,,seconds,2.61E-10,5.81E-11,5.81E-11,cgs,Integrated,IntegratedFlux,,7.25E+16,2.42E+18,hz
169513.515,,,seconds,1.94E-10,4.42E-11,4.42E-11,cgs,Integrated,IntegratedFlux,,7.25E+16,2.42E+18,hz
169580.712,,,seconds,2.25E-10,5.23E-11,5.23E-11,cgs,Integrated,IntegratedFlux,,7.25E+16,2.42E+18,hz
169640.262,,,seconds,3.57E-10,8.13E-11,8.13E-11,cgs,Integrated,IntegratedFlux,,7.25E+16,2.42E+18,hz
169711.217,,,seconds,1.77E-10,4.11E-11,4.11E-11,cgs,Integrated,IntegratedFlux,,7.25E+16,2.42E+18,hz
169781.705,,,seconds,3.50E-10,7.93E-11,7.93E-11,cgs,Integrated,IntegratedFlux,,7.25E+16,2.42E+18,hz
169836.268,,,seconds,2.65E-10,5.77E-11,5.77E-11,cgs,Integrated,IntegratedFlux,,7.25E+16,2.42E+18,hz
169916.328,,,seconds,1.99E-10,4.31E-11,4.31E-11,cgs,Integrated,IntegratedFlux,,7.25E+16,2.42E+18,hz
169994.826,,,seconds,2.25E-10,5.01E-11,5.01E-11,cgs,Integrated,IntegratedFlux,,7.25E+16,2.42E+18,hz
170079.598,,,seconds,2.19E-10,4.49E-11,4.49E-11,cgs,Integrated,IntegratedFlux,,7.25E+16,2.42E+18,hz
174503.921,,,seconds,1.70E-10,3.96E-11,3.96E-11,cgs,Integrated,IntegratedFlux,,7.25E+16,2.42E+18,hz
174539.65,,,seconds,1.29E-10,3.07E-11,3.07E-11,cgs,Integrated,IntegratedFlux,,7.25E+16,2.42E+18,hz
174577.808,,,seconds,1.96E-10,4.33E-11,4.33E-11,cgs,Integrated,IntegratedFlux,,7.25E+16,2.42E+18,hz
174619.097,,,seconds,1.16E-10,2.58E-11,2.58E-11,cgs,Integrated,IntegratedFlux,,7.25E+16,2.42E+18,hz
174660.527,,,seconds,1.37E-10,3.11E-11,3.11E-11,cgs,Integrated,IntegratedFlux,,7.25E+16,2.42E+18,hz
174694.958,,,seconds,2.33E-10,4.83E-11,4.83E-11,cgs,Integrated,IntegratedFlux,,7.25E+16,2.42E+18,hz
174716.166,,,seconds,2.41E-10,5.38E-11,5.38E-11,cgs,Integrated,IntegratedFlux,,7.25E+16,2.42E+18,hz
174756.411,,,seconds,1.71E-10,2.83E-11,2.83E-11,cgs,Integrated,IntegratedFlux,,7.25E+16,2.42E+18,hz
215929.359,,,seconds,1.21E-10,2.68E-11,2.68E-11,cgs,Integrated,IntegratedFlux,,7.25E+16,2.42E+18,hz
215995.718,,,seconds,1.41E-10,2.44E-11,2.44E-11,cgs,Integrated,IntegratedFlux,,7.25E+16,2.42E+18,hz
221382.544,,,seconds,1.11E-10,2.88E-11,2.88E-11,cgs,Integrated,IntegratedFlux,,7.25E+16,2.42E+18,hz
221469.698,,,seconds,1.11E-10,2.51E-11,2.51E-11,cgs,Integrated,IntegratedFlux,,7.25E+16,2.42E+18,hz
221545.646,,,seconds,1.65E-10,3.69E-11,3.69E-11,cgs,Integrated,IntegratedFlux,,7.25E+16,2.42E+18,hz
221618.234,,,seconds,1.66E-10,3.87E-11,3.87E-11,cgs,Integrated,IntegratedFlux,,7.25E+16,2.42E+18,hz
221680.916,,,seconds,1.24E-10,2.82E-11,2.82E-11,cgs,Integrated,IntegratedFlux,,7.25E+16,2.42E+18,hz
221773.8,,,seconds,1.09E-10,2.53E-11,2.53E-11,cgs,Integrated,IntegratedFlux,,7.25E+16,2.42E+18,hz
221855.551,,,seconds,1.05E-10,2.60E-11,2.60E-11,cgs,Integrated,IntegratedFlux,,7.25E+16,2.42E+18,hz
221947.32,,,seconds,1.31E-10,2.99E-11,2.99E-11,cgs,Integrated,IntegratedFlux,,7.25E+16,2.42E+18,hz
222028.114,,,seconds,1.22E-10,2.93E-11,2.93E-11,cgs,Integrated,IntegratedFlux,,7.25E+16,2.42E+18,hz
222118.139,,,seconds,1.15E-10,2.76E-11,2.76E-11,cgs,Integrated,IntegratedFlux,,7.25E+16,2.42E+18,hz
222198.494,,,seconds,1.31E-10,2.92E-11,2.92E-11,cgs,Integrated,IntegratedFlux,,7.25E+16,2.42E+18,hz
222275.266,,,seconds,1.45E-10,3.34E-11,3.34E-11,cgs,Integrated,IntegratedFlux,,7.25E+16,2.42E+18,hz
222368.404,,,seconds,1.22E-10,2.20E-11,2.20E-11,cgs,Integrated,IntegratedFlux,,7.25E+16,2.42E+18,hz
227069.836,,,seconds,1.62E-10,3.62E-11,3.62E-11,cgs,Integrated,IntegratedFlux,,7.25E+16,2.42E+18,hz
227128.256,,,seconds,1.17E-10,2.61E-11,2.61E-11,cgs,Integrated,IntegratedFlux,,7.25E+16,2.42E+18,hz
227193.918,,,seconds,1.75E-10,3.90E-11,3.90E-11,cgs,Integrated,IntegratedFlux,,7.25E+16,2.42E+18,hz
227237.856,,,seconds,2.00E-10,4.36E-11,4.36E-11,cgs,Integrated,IntegratedFlux,,7.25E+16,2.42E+18,hz
227283.585,,,seconds,1.62E-10,3.63E-11,3.63E-11,cgs,Integrated,IntegratedFlux,,7.25E+16,2.42E+18,hz
227338.996,,,seconds,1.17E-10,2.73E-11,2.73E-11,cgs,Integrated,IntegratedFlux,,7.25E+16,2.42E+18,hz
227402.432,,,seconds,1.29E-10,2.94E-11,2.94E-11,cgs,Integrated,IntegratedFlux,,7.25E+16,2.42E+18,hz
227461.103,,,seconds,1.48E-10,3.32E-11,3.32E-11,cgs,Integrated,IntegratedFlux,,7.25E+16,2.42E+18,hz
227517.96,,,seconds,1.77E-10,3.95E-11,3.95E-11,cgs,Integrated,IntegratedFlux,,7.25E+16,2.42E+18,hz
227567.151,,,seconds,1.40E-10,3.12E-11,3.12E-11,cgs,Integrated,IntegratedFlux,,7.25E+16,2.42E+18,hz
227613.173,,,seconds,1.84E-10,4.29E-11,4.29E-11,cgs,Integrated,IntegratedFlux,,7.25E+16,2.42E+18,hz
227664.34,,,seconds,2.01E-10,4.48E-11,4.48E-11,cgs,Integrated,IntegratedFlux,,7.25E+16,2.42E+18,hz
227708.039,,,seconds,1.79E-10,3.98E-11,3.98E-11,cgs,Integrated,IntegratedFlux,,7.25E+16,2.42E+18,hz
227758.598,,,seconds,1.61E-10,3.67E-11,3.67E-11,cgs,Integrated,IntegratedFlux,,7.25E+16,2.42E+18,hz
227831.433,,,seconds,7.21E-11,1.72E-11,1.72E-11,cgs,Integrated,IntegratedFlux,,7.25E+16,2.42E+18,hz
227918.439,,,seconds,1.30E-10,3.04E-11,3.04E-11,cgs,Integrated,IntegratedFlux,,7.25E+16,2.42E+18,hz
227990.566,,,seconds,1.49E-10,2.80E-11,2.80E-11,cgs,Integrated,IntegratedFlux,,7.25E+16,2.42E+18,hz
243569.994,,,seconds,1.18E-10,2.64E-11,2.64E-11,cgs,Integrated,IntegratedFlux,,7.25E+16,2.42E+18,hz
243609.317,,,seconds,1.14E-10,2.49E-11,2.49E-11,cgs,Integrated,IntegratedFlux,,7.25E+16,2.42E+18,hz
243660.508,,,seconds,8.74E-11,2.10E-11,2.10E-11,cgs,Integrated,IntegratedFlux,,7.25E+16,2.42E+18,hz
243715.293,,,seconds,1.08E-10,2.41E-11,2.41E-11,cgs,Integrated,IntegratedFlux,,7.25E+16,2.42E+18,hz
243754.742,,,seconds,1.41E-10,3.08E-11,3.08E-11,cgs,Integrated,IntegratedFlux,,7.25E+16,2.42E+18,hz
243799.664,,,seconds,8.68E-11,1.98E-11,1.98E-11,cgs,Integrated,IntegratedFlux,,7.25E+16,2.42E+18,hz
243850.855,,,seconds,1.44E-10,3.14E-11,3.14E-11,cgs,Integrated,IntegratedFlux,,7.25E+16,2.42E+18,hz
243898.578,,,seconds,9.56E-11,2.29E-11,2.29E-11,cgs,Integrated,IntegratedFlux,,7.25E+16,2.42E+18,hz
243957.625,,,seconds,1.13E-10,2.08E-11,2.08E-11,cgs,Integrated,IntegratedFlux,,7.25E+16,2.42E+18,hz
249007.638,,,seconds,9.55E-11,2.23E-11,2.23E-11,cgs,Integrated,IntegratedFlux,,7.25E+16,2.42E+18,hz
249055.688,,,seconds,9.29E-11,2.11E-11,2.11E-11,cgs,Integrated,IntegratedFlux,,7.25E+16,2.42E+18,hz
249108.261,,,seconds,1.06E-10,2.31E-11,2.31E-11,cgs,Integrated,IntegratedFlux,,7.25E+16,2.42E+18,hz
249149.427,,,seconds,1.53E-10,3.43E-11,3.43E-11,cgs,Integrated,IntegratedFlux,,7.25E+16,2.42E+18,hz
249198.964,,,seconds,8.04E-11,1.75E-11,1.75E-11,cgs,Integrated,IntegratedFlux,,7.25E+16,2.42E+18,hz
249244.83,,,seconds,1.74E-10,3.98E-11,3.98E-11,cgs,Integrated,IntegratedFlux,,7.25E+16,2.42E+18,hz
249279.556,,,seconds,1.04E-10,2.48E-11,2.48E-11,cgs,Integrated,IntegratedFlux,,7.25E+16,2.42E+18,hz
249326.694,,,seconds,9.64E-11,2.20E-11,2.20E-11,cgs,Integrated,IntegratedFlux,,7.25E+16,2.42E+18,hz
249382.231,,,seconds,1.10E-10,2.46E-11,2.46E-11,cgs,Integrated,IntegratedFlux,,7.25E+16,2.42E+18,hz
249422.587,,,seconds,1.02E-10,2.32E-11,2.32E-11,cgs,Integrated,IntegratedFlux,,7.25E+16,2.42E+18,hz
249484.053,,,seconds,1.00E-10,2.04E-11,2.04E-11,cgs,Integrated,IntegratedFlux,,7.25E+16,2.42E+18,hz
261642.312,,,seconds,1.57E-10,3.67E-11,3.67E-11,cgs,Integrated,IntegratedFlux,,7.25E+16,2.42E+18,hz
261712.141,,,seconds,8.62E-11,2.01E-11,2.01E-11,cgs,Integrated,IntegratedFlux,,7.25E+16,2.42E+18,hz
261807.974,,,seconds,9.38E-11,2.05E-11,2.05E-11,cgs,Integrated,IntegratedFlux,,7.25E+16,2.42E+18,hz
261894.298,,,seconds,1.18E-10,2.41E-11,2.41E-11,cgs,Integrated,IntegratedFlux,,7.25E+16,2.42E+18,hz
278117.953,,,seconds,5.45E-11,1.24E-11,1.24E-11,cgs,Integrated,IntegratedFlux,,7.25E+16,2.42E+18,hz
278189.663,,,seconds,9.36E-11,2.18E-11,2.18E-11,cgs,Integrated,IntegratedFlux,,7.25E+16,2.42E+18,hz
278248.943,,,seconds,7.46E-11,1.73E-11,1.73E-11,cgs,Integrated,IntegratedFlux,,7.25E+16,2.42E+18,hz
278309.513,,,seconds,1.00E-10,2.28E-11,2.28E-11,cgs,Integrated,IntegratedFlux,,7.25E+16,2.42E+18,hz
278359.409,,,seconds,9.78E-11,2.28E-11,2.28E-11,cgs,Integrated,IntegratedFlux,,7.25E+16,2.42E+18,hz
278413.316,,,seconds,9.64E-11,2.16E-11,2.16E-11,cgs,Integrated,IntegratedFlux,,7.25E+16,2.42E+18,hz
278470.985,,,seconds,8.69E-11,1.94E-11,1.94E-11,cgs,Integrated,IntegratedFlux,,7.25E+16,2.42E+18,hz
278532.665,,,seconds,6.80E-11,1.62E-11,1.62E-11,cgs,Integrated,IntegratedFlux,,7.25E+16,2.42E+18,hz
278601.401,,,seconds,8.25E-11,1.95E-11,1.95E-11,cgs,Integrated,IntegratedFlux,,7.25E+16,2.42E+18,hz
278673.917,,,seconds,6.53E-11,1.39E-11,1.39E-11,cgs,Integrated,IntegratedFlux,,7.25E+16,2.42E+18,hz
278739.268,,,seconds,8.86E-11,2.06E-11,2.06E-11,cgs,Integrated,IntegratedFlux,,7.25E+16,2.42E+18,hz
278801.748,,,seconds,6.77E-11,1.63E-11,1.63E-11,cgs,Integrated,IntegratedFlux,,7.25E+16,2.42E+18,hz
278871.78,,,seconds,1.07E-10,2.43E-11,2.43E-11,cgs,Integrated,IntegratedFlux,,7.25E+16,2.42E+18,hz
278929.419,,,seconds,7.55E-11,1.55E-11,1.55E-11,cgs,Integrated,IntegratedFlux,,7.25E+16,2.42E+18,hz
289938.927,,,seconds,7.65E-11,1.75E-11,1.75E-11,cgs,Integrated,IntegratedFlux,,7.25E+16,2.42E+18,hz
290015.777,,,seconds,7.80E-11,1.82E-11,1.82E-11,cgs,Integrated,IntegratedFlux,,7.25E+16,2.42E+18,hz
290084.603,,,seconds,8.42E-11,1.88E-11,1.88E-11,cgs,Integrated,IntegratedFlux,,7.25E+16,2.42E+18,hz
290186.159,,,seconds,9.91E-11,1.67E-11,1.67E-11,cgs,Integrated,IntegratedFlux,,7.25E+16,2.42E+18,hz
300360.795,,,seconds,7.04E-11,1.57E-11,1.57E-11,cgs,Integrated,IntegratedFlux,,7.25E+16,2.42E+18,hz
300427.615,,,seconds,8.80E-11,2.05E-11,2.05E-11,cgs,Integrated,IntegratedFlux,,7.25E+16,2.42E+18,hz
300501.33,,,seconds,5.49E-11,1.23E-11,1.23E-11,cgs,Integrated,IntegratedFlux,,7.25E+16,2.42E+18,hz
300588.083,,,seconds,6.19E-11,1.48E-11,1.48E-11,cgs,Integrated,IntegratedFlux,,7.25E+16,2.42E+18,hz
300651.017,,,seconds,7.96E-11,1.78E-11,1.78E-11,cgs,Integrated,IntegratedFlux,,7.25E+16,2.42E+18,hz
300715.455,,,seconds,6.44E-11,1.58E-11,1.58E-11,cgs,Integrated,IntegratedFlux,,7.25E+16,2.42E+18,hz
300773.876,,,seconds,9.64E-11,2.21E-11,2.21E-11,cgs,Integrated,IntegratedFlux,,7.25E+16,2.42E+18,hz
300832.846,,,seconds,8.93E-11,1.99E-11,1.99E-11,cgs,Integrated,IntegratedFlux,,7.25E+16,2.42E+18,hz
300895.29,,,seconds,6.58E-11,1.64E-11,1.64E-11,cgs,Integrated,IntegratedFlux,,7.25E+16,2.42E+18,hz
300966.563,,,seconds,7.01E-11,1.57E-11,1.57E-11,cgs,Integrated,IntegratedFlux,,7.25E+16,2.42E+18,hz
301035.389,,,seconds,7.14E-11,1.67E-11,1.67E-11,cgs,Integrated,IntegratedFlux,,7.25E+16,2.42E+18,hz
301086.682,,,seconds,1.02E-10,2.28E-11,2.28E-11,cgs,Integrated,IntegratedFlux,,7.25E+16,2.42E+18,hz
301136.309,,,seconds,1.02E-10,2.34E-11,2.34E-11,cgs,Integrated,IntegratedFlux,,7.25E+16,2.42E+18,hz
301199.995,,,seconds,6.20E-11,1.56E-11,1.56E-11,cgs,Integrated,IntegratedFlux,,7.25E+16,2.42E+18,hz
301281.357,,,seconds,5.50E-11,1.26E-11,1.26E-11,cgs,Integrated,IntegratedFlux,,7.25E+16,2.42E+18,hz
301356.327,,,seconds,8.22E-11,1.84E-11,1.84E-11,cgs,Integrated,IntegratedFlux,,7.25E+16,2.42E+18,hz
301429.164,,,seconds,5.80E-11,1.39E-11,1.39E-11,cgs,Integrated,IntegratedFlux,,7.25E+16,2.42E+18,hz
301488.588,,,seconds,9.63E-11,2.20E-11,2.20E-11,cgs,Integrated,IntegratedFlux,,7.25E+16,2.42E+18,hz
301532.842,,,seconds,1.32E-10,3.17E-11,3.17E-11,cgs,Integrated,IntegratedFlux,,7.25E+16,2.42E+18,hz
301580.983,,,seconds,7.62E-11,1.82E-11,1.82E-11,cgs,Integrated,IntegratedFlux,,7.25E+16,2.42E+18,hz
301661.342,,,seconds,5.25E-11,1.23E-11,1.23E-11,cgs,Integrated,IntegratedFlux,,7.25E+16,2.42E+18,hz
301737.189,,,seconds,6.71E-11,1.54E-11,1.54E-11,cgs,Integrated,IntegratedFlux,,7.25E+16,2.42E+18,hz
301811.775,,,seconds,5.96E-11,1.33E-11,1.33E-11,cgs,Integrated,IntegratedFlux,,7.25E+16,2.42E+18,hz
301896.279,,,seconds,6.09E-11,1.53E-11,1.53E-11,cgs,Integrated,IntegratedFlux,,7.25E+16,2.42E+18,hz
301972.483,,,seconds,6.66E-11,1.52E-11,1.52E-11,cgs,Integrated,IntegratedFlux,,7.25E+16,2.42E+18,hz
306121.027,,,seconds,7.55E-11,1.77E-11,1.77E-11,cgs,Integrated,IntegratedFlux,,7.25E+16,2.42E+18,hz
306183.961,,,seconds,7.00E-11,1.56E-11,1.56E-11,cgs,Integrated,IntegratedFlux,,7.25E+16,2.42E+18,hz
306242.256,,,seconds,1.14E-10,2.60E-11,2.60E-11,cgs,Integrated,IntegratedFlux,,7.25E+16,2.42E+18,hz
306284.558,,,seconds,1.05E-10,2.40E-11,2.40E-11,cgs,Integrated,IntegratedFlux,,7.25E+16,2.42E+18,hz
306345.558,,,seconds,9.05E-11,2.07E-11,2.07E-11,cgs,Integrated,IntegratedFlux,,7.25E+16,2.42E+18,hz
306388.433,,,seconds,9.58E-11,2.14E-11,2.14E-11,cgs,Integrated,IntegratedFlux,,7.25E+16,2.42E+18,hz
306435.445,,,seconds,1.16E-10,2.59E-11,2.59E-11,cgs,Integrated,IntegratedFlux,,7.25E+16,2.42E+18,hz
306493.614,,,seconds,6.43E-11,1.51E-11,1.51E-11,cgs,Integrated,IntegratedFlux,,7.25E+16,2.42E+18,hz
306556.172,,,seconds,5.98E-11,1.37E-11,1.37E-11,cgs,Integrated,IntegratedFlux,,7.25E+16,2.42E+18,hz
306628.133,,,seconds,1.04E-10,2.43E-11,2.43E-11,cgs,Integrated,IntegratedFlux,,7.25E+16,2.42E+18,hz
306683.795,,,seconds,7.07E-11,1.62E-11,1.62E-11,cgs,Integrated,IntegratedFlux,,7.25E+16,2.42E+18,hz
306758.639,,,seconds,7.31E-11,1.67E-11,1.67E-11,cgs,Integrated,IntegratedFlux,,7.25E+16,2.42E+18,hz
306814.677,,,seconds,9.08E-11,2.08E-11,2.08E-11,cgs,Integrated,IntegratedFlux,,7.25E+16,2.42E+18,hz
306876.232,,,seconds,6.50E-11,1.52E-11,1.52E-11,cgs,Integrated,IntegratedFlux,,7.25E+16,2.42E+18,hz
306947.69,,,seconds,6.97E-11,1.63E-11,1.63E-11,cgs,Integrated,IntegratedFlux,,7.25E+16,2.42E+18,hz
307016.576,,,seconds,6.16E-11,1.41E-11,1.41E-11,cgs,Integrated,IntegratedFlux,,7.25E+16,2.42E+18,hz
307103.645,,,seconds,5.77E-11,1.35E-11,1.35E-11,cgs,Integrated,IntegratedFlux,,7.25E+16,2.42E+18,hz
307179.868,,,seconds,4.80E-11,1.15E-11,1.15E-11,cgs,Integrated,IntegratedFlux,,7.25E+16,2.42E+18,hz
307267.75,,,seconds,5.63E-11,1.32E-11,1.32E-11,cgs,Integrated,IntegratedFlux,,7.25E+16,2.42E+18,hz
307344.224,,,seconds,9.39E-11,2.20E-11,2.20E-11,cgs,Integrated,IntegratedFlux,,7.25E+16,2.42E+18,hz
307403.772,,,seconds,7.37E-11,1.69E-11,1.69E-11,cgs,Integrated,IntegratedFlux,,7.25E+16,2.42E+18,hz
307472.222,,,seconds,5.41E-11,1.24E-11,1.24E-11,cgs,Integrated,IntegratedFlux,,7.25E+16,2.42E+18,hz
307539.92,,,seconds,9.54E-11,2.29E-11,2.29E-11,cgs,Integrated,IntegratedFlux,,7.25E+16,2.42E+18,hz
307591.822,,,seconds,9.77E-11,2.19E-11,2.19E-11,cgs,Integrated,IntegratedFlux,,7.25E+16,2.42E+18,hz
307654.869,,,seconds,8.18E-11,1.78E-11,1.78E-11,cgs,Integrated,IntegratedFlux,,7.25E+16,2.42E+18,hz
307723.492,,,seconds,7.40E-11,1.49E-11,1.49E-11,cgs,Integrated,IntegratedFlux,,7.25E+16,2.42E+18,hz
312490.503,,,seconds,5.96E-11,1.41E-11,1.41E-11,cgs,Integrated,IntegratedFlux,,7.25E+16,2.42E+18,hz
312572.264,,,seconds,5.08E-11,1.22E-11,1.22E-11,cgs,Integrated,IntegratedFlux,,7.25E+16,2.42E+18,hz
312663.28,,,seconds,5.32E-11,1.24E-11,1.24E-11,cgs,Integrated,IntegratedFlux,,7.25E+16,2.42E+18,hz
312721.701,,,seconds,1.49E-10,3.33E-11,3.33E-11,cgs,Integrated,IntegratedFlux,,7.25E+16,2.42E+18,hz
312777.841,,,seconds,6.44E-11,1.44E-11,1.44E-11,cgs,Integrated,IntegratedFlux,,7.25E+16,2.42E+18,hz
312840.423,,,seconds,1.07E-10,2.44E-11,2.44E-11,cgs,Integrated,IntegratedFlux,,7.25E+16,2.42E+18,hz
312889.817,,,seconds,1.01E-10,2.32E-11,2.32E-11,cgs,Integrated,IntegratedFlux,,7.25E+16,2.42E+18,hz
312935.922,,,seconds,1.04E-10,2.36E-11,2.36E-11,cgs,Integrated,IntegratedFlux,,7.25E+16,2.42E+18,hz
312984.092,,,seconds,9.05E-11,2.07E-11,2.07E-11,cgs,Integrated,IntegratedFlux,,7.25E+16,2.42E+18,hz
313051.038,,,seconds,6.90E-11,1.61E-11,1.61E-11,cgs,Integrated,IntegratedFlux,,7.25E+16,2.42E+18,hz
313138.292,,,seconds,4.85E-11,1.25E-11,1.25E-11,cgs,Integrated,IntegratedFlux,,7.25E+16,2.42E+18,hz
313215.894,,,seconds,6.51E-11,1.52E-11,1.52E-11,cgs,Integrated,IntegratedFlux,,7.25E+16,2.42E+18,hz
313291.866,,,seconds,5.21E-11,1.22E-11,1.22E-11,cgs,Integrated,IntegratedFlux,,7.25E+16,2.42E+18,hz
313376.363,,,seconds,6.53E-11,1.49E-11,1.49E-11,cgs,Integrated,IntegratedFlux,,7.25E+16,2.42E+18,hz
313466.954,,,seconds,6.05E-11,1.12E-11,1.12E-11,cgs,Integrated,IntegratedFlux,,7.25E+16,2.42E+18,hz
386306.083,,,seconds,6.82E-11,1.63E-11,1.63E-11,cgs,Integrated,IntegratedFlux,,7.25E+16,2.42E+18,hz
386401.986,,,seconds,3.54E-11,8.91E-12,8.91E-12,cgs,Integrated,IntegratedFlux,,7.25E+16,2.42E+18,hz
386512.309,,,seconds,5.39E-11,1.23E-11,1.23E-11,cgs,Integrated,IntegratedFlux,,7.25E+16,2.42E+18,hz
386572.36,,,seconds,9.65E-11,2.10E-11,2.10E-11,cgs,Integrated,IntegratedFlux,,7.25E+16,2.42E+18,hz
386631.407,,,seconds,6.15E-11,1.41E-11,1.41E-11,cgs,Integrated,IntegratedFlux,,7.25E+16,2.42E+18,hz
386704.621,,,seconds,7.41E-11,1.69E-11,1.69E-11,cgs,Integrated,IntegratedFlux,,7.25E+16,2.42E+18,hz
386767.68,,,seconds,7.32E-11,1.68E-11,1.68E-11,cgs,Integrated,IntegratedFlux,,7.25E+16,2.42E+18,hz
386848.665,,,seconds,4.04E-11,9.23E-12,9.23E-12,cgs,Integrated,IntegratedFlux,,7.25E+16,2.42E+18,hz
386938.428,,,seconds,6.76E-11,1.58E-11,1.58E-11,cgs,Integrated,IntegratedFlux,,7.25E+16,2.42E+18,hz
387003.117,,,seconds,7.04E-11,1.73E-11,1.73E-11,cgs,Integrated,IntegratedFlux,,7.25E+16,2.42E+18,hz
387088.366,,,seconds,4.69E-11,1.10E-11,1.10E-11,cgs,Integrated,IntegratedFlux,,7.25E+16,2.42E+18,hz
387184.396,,,seconds,4.99E-11,1.20E-11,1.20E-11,cgs,Integrated,IntegratedFlux,,7.25E+16,2.42E+18,hz
387256.608,,,seconds,1.04E-10,2.38E-11,2.38E-11,cgs,Integrated,IntegratedFlux,,7.25E+16,2.42E+18,hz
387344.238,,,seconds,4.31E-11,1.01E-11,1.01E-11,cgs,Integrated,IntegratedFlux,,7.25E+16,2.42E+18,hz
387425.099,,,seconds,4.96E-11,1.16E-11,1.16E-11,cgs,Integrated,IntegratedFlux,,7.25E+16,2.42E+18,hz
387529.152,,,seconds,3.88E-11,9.30E-12,9.30E-12,cgs,Integrated,IntegratedFlux,,7.25E+16,2.42E+18,hz
387637.792,,,seconds,5.72E-11,1.28E-11,1.28E-11,cgs,Integrated,IntegratedFlux,,7.25E+16,2.42E+18,hz
387734.879,,,seconds,4.42E-11,1.06E-11,1.06E-11,cgs,Integrated,IntegratedFlux,,7.25E+16,2.42E+18,hz
387855.314,,,seconds,5.73E-11,9.40E-12,9.40E-12,cgs,Integrated,IntegratedFlux,,7.25E+16,2.42E+18,hz
392118.948,,,seconds,4.54E-11,1.06E-11,1.06E-11,cgs,Integrated,IntegratedFlux,,7.25E+16,2.42E+18,hz
392192.162,,,seconds,7.29E-11,1.63E-11,1.63E-11,cgs,Integrated,IntegratedFlux,,7.25E+16,2.42E+18,hz
392282.049,,,seconds,5.74E-11,1.31E-11,1.31E-11,cgs,Integrated,IntegratedFlux,,7.25E+16,2.42E+18,hz
392345.155,,,seconds,7.49E-11,1.67E-11,1.67E-11,cgs,Integrated,IntegratedFlux,,7.25E+16,2.42E+18,hz
392417.39,,,seconds,7.59E-11,1.66E-11,1.66E-11,cgs,Integrated,IntegratedFlux,,7.25E+16,2.42E+18,hz
392505.074,,,seconds,4.84E-11,1.08E-11,1.08E-11,cgs,Integrated,IntegratedFlux,,7.25E+16,2.42E+18,hz
392607.999,,,seconds,4.17E-11,9.72E-12,9.72E-12,cgs,Integrated,IntegratedFlux,,7.25E+16,2.42E+18,hz
392717.193,,,seconds,4.99E-11,1.14E-11,1.14E-11,cgs,Integrated,IntegratedFlux,,7.25E+16,2.42E+18,hz
392817.361,,,seconds,5.22E-11,1.17E-11,1.17E-11,cgs,Integrated,IntegratedFlux,,7.25E+16,2.42E+18,hz
392900.604,,,seconds,5.91E-11,1.35E-11,1.35E-11,cgs,Integrated,IntegratedFlux,,7.25E+16,2.42E+18,hz
392989.237,,,seconds,5.33E-11,1.22E-11,1.22E-11,cgs,Integrated,IntegratedFlux,,7.25E+16,2.42E+18,hz
393095.046,,,seconds,5.47E-11,1.22E-11,1.22E-11,cgs,Integrated,IntegratedFlux,,7.25E+16,2.42E+18,hz
393170.141,,,seconds,5.94E-11,1.33E-11,1.33E-11,cgs,Integrated,IntegratedFlux,,7.25E+16,2.42E+18,hz
393269.712,,,seconds,5.99E-11,1.31E-11,1.31E-11,cgs,Integrated,IntegratedFlux,,7.25E+16,2.42E+18,hz
393394.359,,,seconds,4.84E-11,1.18E-11,1.18E-11,cgs,Integrated,IntegratedFlux,,7.25E+16,2.42E+18,hz
393542.45,,,seconds,5.85E-11,1.31E-11,1.31E-11,cgs,Integrated,IntegratedFlux,,7.25E+16,2.42E+18,hz
403566.899,,,seconds,4.87E-11,1.15E-11,1.15E-11,cgs,Integrated,IntegratedFlux,,7.25E+16,2.42E+18,hz
403676.218,,,seconds,2.77E-11,6.20E-12,6.20E-12,cgs,Integrated,IntegratedFlux,,7.25E+16,2.42E+18,hz
403803.589,,,seconds,4.38E-11,9.97E-12,9.97E-12,cgs,Integrated,IntegratedFlux,,7.25E+16,2.42E+18,hz
403924.066,,,seconds,2.66E-11,5.95E-12,5.95E-12,cgs,Integrated,IntegratedFlux,,7.25E+16,2.42E+18,hz
404088.025,,,seconds,2.40E-11,5.45E-12,5.45E-12,cgs,Integrated,IntegratedFlux,,7.25E+16,2.42E+18,hz
404217.046,,,seconds,2.75E-11,6.14E-12,6.14E-12,cgs,Integrated,IntegratedFlux,,7.25E+16,2.42E+18,hz
404380.07,,,seconds,5.31E-11,1.20E-11,1.20E-11,cgs,Integrated,IntegratedFlux,,7.25E+16,2.42E+18,hz
404530.942,,,seconds,2.36E-11,4.56E-12,4.56E-12,cgs,Integrated,IntegratedFlux,,7.25E+16,2.42E+18,hz
478482.908,,,seconds,3.68E-11,8.23E-12,8.23E-12,cgs,Integrated,IntegratedFlux,,7.25E+16,2.42E+18,hz
478599.625,,,seconds,4.45E-11,1.04E-11,1.04E-11,cgs,Integrated,IntegratedFlux,,7.25E+16,2.42E+18,hz
478716.717,,,seconds,4.35E-11,9.95E-12,9.95E-12,cgs,Integrated,IntegratedFlux,,7.25E+16,2.42E+18,hz
478793.065,,,seconds,5.59E-11,1.25E-11,1.25E-11,cgs,Integrated,IntegratedFlux,,7.25E+16,2.42E+18,hz
478917.427,,,seconds,3.74E-11,8.37E-12,8.37E-12,cgs,Integrated,IntegratedFlux,,7.25E+16,2.42E+18,hz
479035.773,,,seconds,4.85E-11,1.11E-11,1.11E-11,cgs,Integrated,IntegratedFlux,,7.25E+16,2.42E+18,hz
479138.323,,,seconds,2.67E-11,5.83E-12,5.83E-12,cgs,Integrated,IntegratedFlux,,7.25E+16,2.42E+18,hz
479281.767,,,seconds,4.49E-11,7.37E-12,7.37E-12,cgs,Integrated,IntegratedFlux,,7.25E+16,2.42E+18,hz
484201.046,,,seconds,4.09E-11,9.14E-12,9.14E-12,cgs,Integrated,IntegratedFlux,,7.25E+16,2.42E+18,hz
484324.031,,,seconds,5.55E-11,1.29E-11,1.29E-11,cgs,Integrated,IntegratedFlux,,7.25E+16,2.42E+18,hz
484461.432,,,seconds,4.57E-11,1.02E-11,1.02E-11,cgs,Integrated,IntegratedFlux,,7.25E+16,2.42E+18,hz
484581.156,,,seconds,4.67E-11,1.06E-11,1.06E-11,cgs,Integrated,IntegratedFlux,,7.25E+16,2.42E+18,hz
484707.077,,,seconds,2.39E-11,5.21E-12,5.21E-12,cgs,Integrated,IntegratedFlux,,7.25E+16,2.42E+18,hz
484808.804,,,seconds,3.02E-11,6.84E-12,6.84E-12,cgs,Integrated,IntegratedFlux,,7.25E+16,2.42E+18,hz
484886.531,,,seconds,3.92E-11,8.71E-12,8.71E-12,cgs,Integrated,IntegratedFlux,,7.25E+16,2.42E+18,hz
484980.323,,,seconds,2.97E-11,6.65E-12,6.65E-12,cgs,Integrated,IntegratedFlux,,7.25E+16,2.42E+18,hz
485059.417,,,seconds,4.01E-11,8.93E-12,8.93E-12,cgs,Integrated,IntegratedFlux,,7.25E+16,2.42E+18,hz
485127.378,,,seconds,3.35E-11,7.95E-12,7.95E-12,cgs,Integrated,IntegratedFlux,,7.25E+16,2.42E+18,hz
485216.065,,,seconds,3.09E-11,7.01E-12,7.01E-12,cgs,Integrated,IntegratedFlux,,7.25E+16,2.42E+18,hz
485333.478,,,seconds,3.81E-11,9.03E-12,9.03E-12,cgs,Integrated,IntegratedFlux,,7.25E+16,2.42E+18,hz
485478.978,,,seconds,4.27E-11,9.91E-12,9.91E-12,cgs,Integrated,IntegratedFlux,,7.25E+16,2.42E+18,hz
485669.069,,,seconds,3.73E-11,7.09E-12,7.09E-12,cgs,Integrated,IntegratedFlux,,7.25E+16,2.42E+18,hz
491272.349,,,seconds,3.48E-11,8.30E-12,8.30E-12,cgs,Integrated,IntegratedFlux,,7.25E+16,2.42E+18,hz
491359.676,,,seconds,3.99E-11,6.70E-12,6.70E-12,cgs,Integrated,IntegratedFlux,,7.25E+16,2.42E+18,hz
513328.271,,,seconds,4.59E-11,1.00E-11,1.00E-11,cgs,Integrated,IntegratedFlux,,7.25E+16,2.42E+18,hz
513448.688,,,seconds,4.10E-11,9.35E-12,9.35E-12,cgs,Integrated,IntegratedFlux,,7.25E+16,2.42E+18,hz
513542.462,,,seconds,4.47E-11,1.00E-11,1.00E-11,cgs,Integrated,IntegratedFlux,,7.25E+16,2.42E+18,hz
513650.026,,,seconds,3.21E-11,7.19E-12,7.19E-12,cgs,Integrated,IntegratedFlux,,7.25E+16,2.42E+18,hz
513740.666,,,seconds,4.28E-11,9.57E-12,9.57E-12,cgs,Integrated,IntegratedFlux,,7.25E+16,2.42E+18,hz
513802.096,,,seconds,4.18E-11,9.35E-12,9.35E-12,cgs,Integrated,IntegratedFlux,,7.25E+16,2.42E+18,hz
513877.441,,,seconds,3.96E-11,8.86E-12,8.86E-12,cgs,Integrated,IntegratedFlux,,7.25E+16,2.42E+18,hz
513974.491,,,seconds,3.42E-11,5.78E-12,5.78E-12,cgs,Integrated,IntegratedFlux,,7.25E+16,2.42E+18,hz
570108.694,,,seconds,3.40E-11,7.75E-12,7.75E-12,cgs,Integrated,IntegratedFlux,,7.25E+16,2.42E+18,hz
570201.089,,,seconds,2.82E-11,6.30E-12,6.30E-12,cgs,Integrated,IntegratedFlux,,7.25E+16,2.42E+18,hz
570297.119,,,seconds,2.45E-11,5.58E-12,5.58E-12,cgs,Integrated,IntegratedFlux,,7.25E+16,2.42E+18,hz
570404.056,,,seconds,2.82E-11,6.30E-12,6.30E-12,cgs,Integrated,IntegratedFlux,,7.25E+16,2.42E+18,hz
570495.197,,,seconds,2.68E-11,5.98E-12,5.98E-12,cgs,Integrated,IntegratedFlux,,7.25E+16,2.42E+18,hz
570576.56,,,seconds,4.84E-11,1.08E-11,1.08E-11,cgs,Integrated,IntegratedFlux,,7.25E+16,2.42E+18,hz
570683.162,,,seconds,2.31E-11,5.14E-12,5.14E-12,cgs,Integrated,IntegratedFlux,,7.25E+16,2.42E+18,hz
570794.196,,,seconds,6.35E-11,1.42E-11,1.42E-11,cgs,Integrated,IntegratedFlux,,7.25E+16,2.42E+18,hz
570917.68,,,seconds,2.77E-11,6.44E-12,6.44E-12,cgs,Integrated,IntegratedFlux,,7.25E+16,2.42E+18,hz
571092.512,,,seconds,4.07E-11,7.69E-12,7.69E-12,cgs,Integrated,IntegratedFlux,,7.25E+16,2.42E+18,hz
604486.042,,,seconds,3.21E-11,7.17E-12,7.17E-12,cgs,Integrated,IntegratedFlux,,7.25E+16,2.42E+18,hz
604644.128,,,seconds,3.58E-11,8.18E-12,8.18E-12,cgs,Integrated,IntegratedFlux,,7.25E+16,2.42E+18,hz
604799.956,,,seconds,3.75E-11,8.76E-12,8.76E-12,cgs,Integrated,IntegratedFlux,,7.25E+16,2.42E+18,hz
604965.441,,,seconds,2.11E-11,4.61E-12,4.61E-12,cgs,Integrated,IntegratedFlux,,7.25E+16,2.42E+18,hz
605086.419,,,seconds,4.02E-11,9.00E-12,9.00E-12,cgs,Integrated,IntegratedFlux,,7.25E+16,2.42E+18,hz
605199.75,,,seconds,2.63E-11,6.17E-12,6.17E-12,cgs,Integrated,IntegratedFlux,,7.25E+16,2.42E+18,hz
605352.32,,,seconds,1.82E-11,4.08E-12,4.08E-12,cgs,Integrated,IntegratedFlux,,7.25E+16,2.42E+18,hz
605462.142,,,seconds,3.11E-11,6.96E-12,6.96E-12,cgs,Integrated,IntegratedFlux,,7.25E+16,2.42E+18,hz
605520.437,,,seconds,5.29E-11,1.18E-11,1.18E-11,cgs,Integrated,IntegratedFlux,,7.25E+16,2.42E+18,hz
605617.721,,,seconds,2.46E-11,5.50E-12,5.50E-12,cgs,Integrated,IntegratedFlux,,7.25E+16,2.42E+18,hz
605695.072,,,seconds,3.78E-11,8.45E-12,8.45E-12,cgs,Integrated,IntegratedFlux,,7.25E+16,2.42E+18,hz
605772.298,,,seconds,3.31E-11,7.39E-12,7.39E-12,cgs,Integrated,IntegratedFlux,,7.25E+16,2.42E+18,hz
605932.622,,,seconds,2.25E-11,3.73E-12,3.73E-12,cgs,Integrated,IntegratedFlux,,7.25E+16,2.42E+18,hz
633104.793,,,seconds,3.38E-11,7.55E-12,7.55E-12,cgs,Integrated,IntegratedFlux,,7.25E+16,2.42E+18,hz
633267.769,,,seconds,4.02E-11,9.19E-12,9.19E-12,cgs,Integrated,IntegratedFlux,,7.25E+16,2.42E+18,hz
633498.621,,,seconds,3.00E-11,5.75E-12,5.75E-12,cgs,Integrated,IntegratedFlux,,7.25E+16,2.42E+18,hz
656023.731,,,seconds,3.54E-11,7.91E-12,7.91E-12,cgs,Integrated,IntegratedFlux,,7.25E+16,2.42E+18,hz
656123.522,,,seconds,3.41E-11,7.63E-12,7.63E-12,cgs,Integrated,IntegratedFlux,,7.25E+16,2.42E+18,hz
656225.444,,,seconds,2.62E-11,5.85E-12,5.85E-12,cgs,Integrated,IntegratedFlux,,7.25E+16,2.42E+18,hz
656424.775,,,seconds,1.37E-11,3.18E-12,3.18E-12,cgs,Integrated,IntegratedFlux,,7.25E+16,2.42E+18,hz
656596.527,,,seconds,2.40E-11,5.48E-12,5.48E-12,cgs,Integrated,IntegratedFlux,,7.25E+16,2.42E+18,hz
656827.724,,,seconds,2.21E-11,3.58E-12,3.58E-12,cgs,Integrated,IntegratedFlux,,7.25E+16,2.42E+18,hz
661759.195,,,seconds,2.93E-11,6.56E-12,6.56E-12,cgs,Integrated,IntegratedFlux,,7.25E+16,2.42E+18,hz
661863.625,,,seconds,2.71E-11,6.07E-12,6.07E-12,cgs,Integrated,IntegratedFlux,,7.25E+16,2.42E+18,hz
661982.222,,,seconds,2.79E-11,6.24E-12,6.24E-12,cgs,Integrated,IntegratedFlux,,7.25E+16,2.42E+18,hz
662081.637,,,seconds,2.49E-11,5.68E-12,5.68E-12,cgs,Integrated,IntegratedFlux,,7.25E+16,2.42E+18,hz
662204.621,,,seconds,1.88E-11,4.20E-12,4.20E-12,cgs,Integrated,IntegratedFlux,,7.25E+16,2.42E+18,hz
662345.031,,,seconds,2.33E-11,5.31E-12,5.31E-12,cgs,Integrated,IntegratedFlux,,7.25E+16,2.42E+18,hz
662513.146,,,seconds,1.60E-11,3.59E-12,3.59E-12,cgs,Integrated,IntegratedFlux,,7.25E+16,2.42E+18,hz
662662.709,,,seconds,2.06E-11,4.70E-12,4.70E-12,cgs,Integrated,IntegratedFlux,,7.25E+16,2.42E+18,hz
685320.642,,,seconds,2.05E-11,3.56E-12,3.56E-12,cgs,Integrated,IntegratedFlux,,7.25E+16,2.42E+18,hz
724406.508,,,seconds,1.80E-11,4.12E-12,4.12E-12,cgs,Integrated,IntegratedFlux,,7.25E+16,2.42E+18,hz
724560.833,,,seconds,1.79E-11,4.00E-12,4.00E-12,cgs,Integrated,IntegratedFlux,,7.25E+16,2.42E+18,hz
724771.68,,,seconds,1.56E-11,3.25E-12,3.25E-12,cgs,Integrated,IntegratedFlux,,7.25E+16,2.42E+18,hz
741987.133,,,seconds,2.09E-11,4.76E-12,4.76E-12,cgs,Integrated,IntegratedFlux,,7.25E+16,2.42E+18,hz
742106.231,,,seconds,2.46E-11,5.49E-12,5.49E-12,cgs,Integrated,IntegratedFlux,,7.25E+16,2.42E+18,hz
742226.582,,,seconds,2.02E-11,4.61E-12,4.61E-12,cgs,Integrated,IntegratedFlux,,7.25E+16,2.42E+18,hz
742371.63,,,seconds,1.48E-11,3.38E-12,3.38E-12,cgs,Integrated,IntegratedFlux,,7.25E+16,2.42E+18,hz
742520.064,,,seconds,2.06E-11,4.71E-12,4.71E-12,cgs,Integrated,IntegratedFlux,,7.25E+16,2.42E+18,hz
742686.048,,,seconds,1.85E-11,4.14E-12,4.14E-12,cgs,Integrated,IntegratedFlux,,7.25E+16,2.42E+18,hz
742823.576,,,seconds,2.34E-11,5.23E-12,5.23E-12,cgs,Integrated,IntegratedFlux,,7.25E+16,2.42E+18,hz
742952.392,,,seconds,2.12E-11,4.72E-12,4.72E-12,cgs,Integrated,IntegratedFlux,,7.25E+16,2.42E+18,hz
743118.938,,,seconds,1.64E-11,3.82E-12,3.82E-12,cgs,Integrated,IntegratedFlux,,7.25E+16,2.42E+18,hz
743244.451,,,seconds,2.53E-11,5.25E-12,5.25E-12,cgs,Integrated,IntegratedFlux,,7.25E+16,2.42E+18,hz
747727.718,,,seconds,1.80E-11,4.12E-12,4.12E-12,cgs,Integrated,IntegratedFlux,,7.25E+16,2.42E+18,hz
747884.424,,,seconds,1.49E-11,3.33E-12,3.33E-12,cgs,Integrated,IntegratedFlux,,7.25E+16,2.42E+18,hz
748061.275,,,seconds,1.97E-11,4.29E-12,4.29E-12,cgs,Integrated,IntegratedFlux,,7.25E+16,2.42E+18,hz
748205.989,,,seconds,1.44E-11,3.22E-12,3.22E-12,cgs,Integrated,IntegratedFlux,,7.25E+16,2.42E+18,hz
748364.077,,,seconds,3.14E-11,7.35E-12,7.35E-12,cgs,Integrated,IntegratedFlux,,7.25E+16,2.42E+18,hz
748477.031,,,seconds,1.97E-11,4.39E-12,4.39E-12,cgs,Integrated,IntegratedFlux,,7.25E+16,2.42E+18,hz
748609.185,,,seconds,2.62E-11,5.72E-12,5.72E-12,cgs,Integrated,IntegratedFlux,,7.25E+16,2.42E+18,hz
748737.919,,,seconds,2.06E-11,4.72E-12,4.72E-12,cgs,Integrated,IntegratedFlux,,7.25E+16,2.42E+18,hz
748852.879,,,seconds,2.78E-11,6.21E-12,6.21E-12,cgs,Integrated,IntegratedFlux,,7.25E+16,2.42E+18,hz
748987.021,,,seconds,2.55E-11,5.82E-12,5.82E-12,cgs,Integrated,IntegratedFlux,,7.25E+16,2.42E+18,hz
749150.662,,,seconds,2.43E-11,3.99E-12,3.99E-12,cgs,Integrated,IntegratedFlux,,7.25E+16,2.42E+18,hz
770985.424,,,seconds,2.15E-11,4.82E-12,4.82E-12,cgs,Integrated,IntegratedFlux,,7.25E+16,2.42E+18,hz
771111.543,,,seconds,2.18E-11,4.88E-12,4.88E-12,cgs,Integrated,IntegratedFlux,,7.25E+16,2.42E+18,hz
771265.867,,,seconds,1.74E-11,3.89E-12,3.89E-12,cgs,Integrated,IntegratedFlux,,7.25E+16,2.42E+18,hz
771492.529,,,seconds,1.27E-11,2.90E-12,2.90E-12,cgs,Integrated,IntegratedFlux,,7.25E+16,2.42E+18,hz
771656.885,,,seconds,2.80E-11,6.39E-12,6.39E-12,cgs,Integrated,IntegratedFlux,,7.25E+16,2.42E+18,hz
771857.252,,,seconds,1.00E-11,2.45E-12,2.45E-12,cgs,Integrated,IntegratedFlux,,7.25E+16,2.42E+18,hz
772071.665,,,seconds,2.02E-11,3.88E-12,3.88E-12,cgs,Integrated,IntegratedFlux,,7.25E+16,2.42E+18,hz
782713.359,,,seconds,1.40E-11,3.21E-12,3.21E-12,cgs,Integrated,IntegratedFlux,,7.25E+16,2.42E+18,hz
782915.073,,,seconds,1.51E-11,3.37E-12,3.37E-12,cgs,Integrated,IntegratedFlux,,7.25E+16,2.42E+18,hz
783107.718,,,seconds,1.72E-11,3.65E-12,3.65E-12,cgs,Integrated,IntegratedFlux,,7.25E+16,2.42E+18,hz
827831.931,,,seconds,1.48E-11,3.30E-12,3.30E-12,cgs,Integrated,IntegratedFlux,,7.25E+16,2.42E+18,hz
828067.243,,,seconds,1.30E-11,3.04E-12,3.04E-12,cgs,Integrated,IntegratedFlux,,7.25E+16,2.42E+18,hz
828222.698,,,seconds,1.77E-11,3.96E-12,3.96E-12,cgs,Integrated,IntegratedFlux,,7.25E+16,2.42E+18,hz
828396.58,,,seconds,1.56E-11,3.66E-12,3.66E-12,cgs,Integrated,IntegratedFlux,,7.25E+16,2.42E+18,hz
828575.979,,,seconds,1.28E-11,2.85E-12,2.85E-12,cgs,Integrated,IntegratedFlux,,7.25E+16,2.42E+18,hz
828797.125,,,seconds,1.32E-11,3.10E-12,3.10E-12,cgs,Integrated,IntegratedFlux,,7.25E+16,2.42E+18,hz
828996.082,,,seconds,1.58E-11,3.37E-12,3.37E-12,cgs,Integrated,IntegratedFlux,,7.25E+16,2.42E+18,hz
829148.277,,,seconds,1.73E-11,3.87E-12,3.87E-12,cgs,Integrated,IntegratedFlux,,7.25E+16,2.42E+18,hz
829319.647,,,seconds,1.68E-11,3.74E-12,3.74E-12,cgs,Integrated,IntegratedFlux,,7.25E+16,2.42E+18,hz
845151.987,,,seconds,2.11E-11,4.91E-12,4.91E-12,cgs,Integrated,IntegratedFlux,,7.25E+16,2.42E+18,hz
845341.041,,,seconds,1.73E-11,3.96E-12,3.96E-12,cgs,Integrated,IntegratedFlux,,7.25E+16,2.42E+18,hz
845518.183,,,seconds,1.19E-11,2.74E-12,2.74E-12,cgs,Integrated,IntegratedFlux,,7.25E+16,2.42E+18,hz
845726.041,,,seconds,1.42E-11,3.17E-12,3.17E-12,cgs,Integrated,IntegratedFlux,,7.25E+16,2.42E+18,hz
845952.829,,,seconds,1.21E-11,2.77E-12,2.77E-12,cgs,Integrated,IntegratedFlux,,7.25E+16,2.42E+18,hz
846114.176,,,seconds,1.72E-11,3.93E-12,3.93E-12,cgs,Integrated,IntegratedFlux,,7.25E+16,2.42E+18,hz
846280.789,,,seconds,1.89E-11,4.23E-12,4.23E-12,cgs,Integrated,IntegratedFlux,,7.25E+16,2.42E+18,hz
846405.904,,,seconds,2.54E-11,5.82E-12,5.82E-12,cgs,Integrated,IntegratedFlux,,7.25E+16,2.42E+18,hz
846535.315,,,seconds,1.76E-11,3.75E-12,3.75E-12,cgs,Integrated,IntegratedFlux,,7.25E+16,2.42E+18,hz
851162.209,,,seconds,1.30E-11,3.02E-12,3.02E-12,cgs,Integrated,IntegratedFlux,,7.25E+16,2.42E+18,hz
851351.748,,,seconds,1.05E-11,2.54E-12,2.54E-12,cgs,Integrated,IntegratedFlux,,7.25E+16,2.42E+18,hz
851568.087,,,seconds,1.38E-11,3.15E-12,3.15E-12,cgs,Integrated,IntegratedFlux,,7.25E+16,2.42E+18,hz
851745.481,,,seconds,2.32E-11,5.18E-12,5.18E-12,cgs,Integrated,IntegratedFlux,,7.25E+16,2.42E+18,hz
851895.168,,,seconds,1.70E-11,3.81E-12,3.81E-12,cgs,Integrated,IntegratedFlux,,7.25E+16,2.42E+18,hz
852100.787,,,seconds,1.23E-11,2.69E-12,2.69E-12,cgs,Integrated,IntegratedFlux,,7.25E+16,2.42E+18,hz
890525.217,,,seconds,9.37E-12,2.42E-12,2.42E-12,cgs,Integrated,IntegratedFlux,,7.25E+16,2.42E+18,hz
890739.303,,,seconds,1.59E-11,3.69E-12,3.69E-12,cgs,Integrated,IntegratedFlux,,7.25E+16,2.42E+18,hz
890938.852,,,seconds,1.72E-11,3.80E-12,3.80E-12,cgs,Integrated,IntegratedFlux,,7.25E+16,2.42E+18,hz
919077.634,,,seconds,1.28E-11,2.92E-12,2.92E-12,cgs,Integrated,IntegratedFlux,,7.25E+16,2.42E+18,hz
919323.854,,,seconds,1.04E-11,2.67E-12,2.67E-12,cgs,Integrated,IntegratedFlux,,7.25E+16,2.42E+18,hz
941793.927,,,seconds,1.58E-11,3.54E-12,3.54E-12,cgs,Integrated,IntegratedFlux,,7.25E+16,2.42E+18,hz
941976.963,,,seconds,1.44E-11,3.22E-12,3.22E-12,cgs,Integrated,IntegratedFlux,,7.25E+16,2.42E+18,hz
942178.635,,,seconds,9.74E-12,2.67E-12,2.67E-12,cgs,Integrated,IntegratedFlux,,7.25E+16,2.42E+18,hz
942382.02,,,seconds,1.26E-11,2.81E-12,2.81E-12,cgs,Integrated,IntegratedFlux,,7.25E+16,2.42E+18,hz
942586.242,,,seconds,1.13E-11,2.59E-12,2.59E-12,cgs,Integrated,IntegratedFlux,,7.25E+16,2.42E+18,hz
942835.971,,,seconds,1.06E-11,2.60E-12,2.60E-12,cgs,Integrated,IntegratedFlux,,7.25E+16,2.42E+18,hz
943165.591,,,seconds,1.18E-11,2.08E-12,2.08E-12,cgs,Integrated,IntegratedFlux,,7.25E+16,2.42E+18,hz
947773.385,,,seconds,1.27E-11,2.89E-12,2.89E-12,cgs,Integrated,IntegratedFlux,,7.25E+16,2.42E+18,hz
948218.441,,,seconds,1.62E-11,3.73E-12,3.73E-12,cgs,Integrated,IntegratedFlux,,7.25E+16,2.42E+18,hz
948713.652,,,seconds,1.05E-11,2.44E-12,2.44E-12,cgs,Integrated,IntegratedFlux,,7.25E+16,2.42E+18,hz
953318.823,,,seconds,1.50E-11,3.34E-12,3.34E-12,cgs,Integrated,IntegratedFlux,,7.25E+16,2.42E+18,hz
953541.348,,,seconds,9.65E-12,2.78E-12,2.78E-12,cgs,Integrated,IntegratedFlux,,7.25E+16,2.42E+18,hz
953737.588,,,seconds,9.69E-12,2.71E-12,2.71E-12,cgs,Integrated,IntegratedFlux,,7.25E+16,2.42E+18,hz
954123.069,,,seconds,1.19E-11,2.02E-12,2.02E-12,cgs,Integrated,IntegratedFlux,,7.25E+16,2.42E+18,hz
1005156.806,,,seconds,8.87E-12,1.73E-12,1.73E-12,cgs,Integrated,IntegratedFlux,,7.25E+16,2.42E+18,hz
1039401.2,,,seconds,1.62E-11,3.70E-12,3.70E-12,cgs,Integrated,IntegratedFlux,,7.25E+16,2.42E+18,hz
1039585.821,,,seconds,1.23E-11,2.73E-12,2.73E-12,cgs,Integrated,IntegratedFlux,,7.25E+16,2.42E+18,hz
1039790.085,,,seconds,8.76E-12,2.41E-12,2.41E-12,cgs,Integrated,IntegratedFlux,,7.25E+16,2.42E+18,hz
1040030.787,,,seconds,1.09E-11,2.55E-12,2.55E-12,cgs,Integrated,IntegratedFlux,,7.25E+16,2.42E+18,hz
1040252.937,,,seconds,9.80E-12,2.53E-12,2.53E-12,cgs,Integrated,IntegratedFlux,,7.25E+16,2.42E+18,hz
1040474.665,,,seconds,7.44E-12,1.90E-12,1.90E-12,cgs,Integrated,IntegratedFlux,,7.25E+16,2.42E+18,hz
1044925.61,,,seconds,8.49E-12,2.19E-12,2.19E-12,cgs,Integrated,IntegratedFlux,,7.25E+16,2.42E+18,hz
1045185.746,,,seconds,1.19E-11,2.78E-12,2.78E-12,cgs,Integrated,IntegratedFlux,,7.25E+16,2.42E+18,hz
1045404.776,,,seconds,1.08E-11,2.62E-12,2.62E-12,cgs,Integrated,IntegratedFlux,,7.25E+16,2.42E+18,hz
1045642.874,,,seconds,9.28E-12,2.53E-12,2.53E-12,cgs,Integrated,IntegratedFlux,,7.25E+16,2.42E+18,hz
1045810.573,,,seconds,1.50E-11,3.42E-12,3.42E-12,cgs,Integrated,IntegratedFlux,,7.25E+16,2.42E+18,hz
1046036.523,,,seconds,8.64E-12,2.23E-12,2.23E-12,cgs,Integrated,IntegratedFlux,,7.25E+16,2.42E+18,hz
1046305.365,,,seconds,1.31E-11,2.53E-12,2.53E-12,cgs,Integrated,IntegratedFlux,,7.25E+16,2.42E+18,hz
1050603.639,,,seconds,8.96E-12,2.38E-12,2.38E-12,cgs,Integrated,IntegratedFlux,,7.25E+16,2.42E+18,hz
1051160.479,,,seconds,5.38E-12,9.86E-13,9.86E-13,cgs,Integrated,IntegratedFlux,,7.25E+16,2.42E+18,hz
1068138.066,,,seconds,1.01E-11,2.61E-12,2.61E-12,cgs,Integrated,IntegratedFlux,,7.25E+16,2.42E+18,hz
1068338.401,,,seconds,1.18E-11,2.77E-12,2.77E-12,cgs,Integrated,IntegratedFlux,,7.25E+16,2.42E+18,hz
1068633.65,,,seconds,8.73E-12,1.90E-12,1.90E-12,cgs,Integrated,IntegratedFlux,,7.25E+16,2.42E+18,hz
1091898.942,,,seconds,9.72E-12,2.59E-12,2.59E-12,cgs,Integrated,IntegratedFlux,,7.25E+16,2.42E+18,hz
1092157.443,,,seconds,8.90E-12,2.28E-12,2.28E-12,cgs,Integrated,IntegratedFlux,,7.25E+16,2.42E+18,hz
1096420.472,,,seconds,1.10E-11,2.52E-12,2.52E-12,cgs,Integrated,IntegratedFlux,,7.25E+16,2.42E+18,hz
1096644.501,,,seconds,1.27E-11,2.89E-12,2.89E-12,cgs,Integrated,IntegratedFlux,,7.25E+16,2.42E+18,hz
1096851.773,,,seconds,9.36E-12,2.42E-12,2.42E-12,cgs,Integrated,IntegratedFlux,,7.25E+16,2.42E+18,hz
1097122.563,,,seconds,6.58E-12,1.75E-12,1.75E-12,cgs,Integrated,IntegratedFlux,,7.25E+16,2.42E+18,hz
1097405.693,,,seconds,9.42E-12,2.35E-12,2.35E-12,cgs,Integrated,IntegratedFlux,,7.25E+16,2.42E+18,hz
1097697.275,,,seconds,9.18E-12,1.84E-12,1.84E-12,cgs,Integrated,IntegratedFlux,,7.25E+16,2.42E+18,hz
1102154.707,,,seconds,1.12E-11,2.57E-12,2.57E-12,cgs,Integrated,IntegratedFlux,,7.25E+16,2.42E+18,hz
1102458.802,,,seconds,6.99E-12,1.86E-12,1.86E-12,cgs,Integrated,IntegratedFlux,,7.25E+16,2.42E+18,hz
1102737.616,,,seconds,7.48E-12,1.99E-12,1.99E-12,cgs,Integrated,IntegratedFlux,,7.25E+16,2.42E+18,hz
1103052.537,,,seconds,8.19E-12,2.18E-12,2.18E-12,cgs,Integrated,IntegratedFlux,,7.25E+16,2.42E+18,hz
1103428.315,,,seconds,8.86E-12,1.70E-12,1.70E-12,cgs,Integrated,IntegratedFlux,,7.25E+16,2.42E+18,hz
1108284.94,,,seconds,7.96E-12,2.06E-12,2.06E-12,cgs,Integrated,IntegratedFlux,,7.25E+16,2.42E+18,hz
1108494.762,,,seconds,1.65E-11,3.86E-12,3.86E-12,cgs,Integrated,IntegratedFlux,,7.25E+16,2.42E+18,hz
1108738.174,,,seconds,6.81E-12,1.56E-12,1.56E-12,cgs,Integrated,IntegratedFlux,,7.25E+16,2.42E+18,hz
1130802.898,,,seconds,8.81E-12,2.34E-12,2.34E-12,cgs,Integrated,IntegratedFlux,,7.25E+16,2.42E+18,hz
1131038.643,,,seconds,1.02E-11,2.40E-12,2.40E-12,cgs,Integrated,IntegratedFlux,,7.25E+16,2.42E+18,hz
1131328.336,,,seconds,1.55E-11,2.92E-12,2.92E-12,cgs,Integrated,IntegratedFlux,,7.25E+16,2.42E+18,hz
1176612.539,,,seconds,7.56E-12,2.01E-12,2.01E-12,cgs,Integrated,IntegratedFlux,,7.25E+16,2.42E+18,hz
1176856.25,,,seconds,8.57E-12,2.28E-12,2.28E-12,cgs,Integrated,IntegratedFlux,,7.25E+16,2.42E+18,hz
1177108.822,,,seconds,9.41E-12,2.50E-12,2.50E-12,cgs,Integrated,IntegratedFlux,,7.25E+16,2.42E+18,hz
1177351.03,,,seconds,9.85E-12,2.69E-12,2.69E-12,cgs,Integrated,IntegratedFlux,,7.25E+16,2.42E+18,hz
1177774.74,,,seconds,6.58E-12,1.28E-12,1.28E-12,cgs,Integrated,IntegratedFlux,,7.25E+16,2.42E+18,hz
1182401.364,,,seconds,7.29E-12,1.94E-12,1.94E-12,cgs,Integrated,IntegratedFlux,,7.25E+16,2.42E+18,hz
1182646.414,,,seconds,1.24E-11,2.83E-12,2.83E-12,cgs,Integrated,IntegratedFlux,,7.25E+16,2.42E+18,hz
1182898.414,,,seconds,7.30E-12,1.77E-12,1.77E-12,cgs,Integrated,IntegratedFlux,,7.25E+16,2.42E+18,hz
1188214.475,,,seconds,8.46E-12,1.68E-12,1.68E-12,cgs,Integrated,IntegratedFlux,,7.25E+16,2.42E+18,hz
1211049.355,,,seconds,7.36E-12,1.95E-12,1.95E-12,cgs,Integrated,IntegratedFlux,,7.25E+16,2.42E+18,hz
1211421.773,,,seconds,5.66E-12,1.48E-12,1.48E-12,cgs,Integrated,IntegratedFlux,,7.25E+16,2.42E+18,hz
1212042.453,,,seconds,6.43E-12,1.24E-12,1.24E-12,cgs,Integrated,IntegratedFlux,,7.25E+16,2.42E+18,hz
1222388.256,,,seconds,7.23E-12,1.87E-12,1.87E-12,cgs,Integrated,IntegratedFlux,,7.25E+16,2.42E+18,hz
1222806.641,,,seconds,5.31E-12,1.39E-12,1.39E-12,cgs,Integrated,IntegratedFlux,,7.25E+16,2.42E+18,hz
1223244.046,,,seconds,8.70E-12,1.73E-12,1.73E-12,cgs,Integrated,IntegratedFlux,,7.25E+16,2.42E+18,hz
1257506.849,,,seconds,6.60E-12,1.75E-12,1.75E-12,cgs,Integrated,IntegratedFlux,,7.25E+16,2.42E+18,hz
1262498.207,,,seconds,6.46E-12,1.71E-12,1.71E-12,cgs,Integrated,IntegratedFlux,,7.25E+16,2.42E+18,hz
1262811.96,,,seconds,8.55E-12,2.33E-12,2.33E-12,cgs,Integrated,IntegratedFlux,,7.25E+16,2.42E+18,hz
1263007.865,,,seconds,9.63E-12,2.49E-12,2.49E-12,cgs,Integrated,IntegratedFlux,,7.25E+16,2.42E+18,hz
1263230.851,,,seconds,8.83E-12,2.28E-12,2.28E-12,cgs,Integrated,IntegratedFlux,,7.25E+16,2.42E+18,hz
1263452.666,,,seconds,8.78E-12,2.39E-12,2.39E-12,cgs,Integrated,IntegratedFlux,,7.25E+16,2.42E+18,hz
1265323.843,,,seconds,6.65E-12,1.13E-12,1.13E-12,cgs,Integrated,IntegratedFlux,,7.25E+16,2.42E+18,hz
1273923.54,,,seconds,9.95E-12,2.43E-12,2.43E-12,cgs,Integrated,IntegratedFlux,,7.25E+16,2.42E+18,hz
1274255.586,,,seconds,5.40E-12,1.39E-12,1.39E-12,cgs,Integrated,IntegratedFlux,,7.25E+16,2.42E+18,hz
1274581.543,,,seconds,9.28E-12,2.52E-12,2.52E-12,cgs,Integrated,IntegratedFlux,,7.25E+16,2.42E+18,hz
1274763.91,,,seconds,1.01E-11,2.74E-12,2.74E-12,cgs,Integrated,IntegratedFlux,,7.25E+16,2.42E+18,hz
1275225.332,,,seconds,5.32E-12,1.19E-12,1.19E-12,cgs,Integrated,IntegratedFlux,,7.25E+16,2.42E+18,hz
1279628.007,,,seconds,1.06E-11,2.73E-12,2.73E-12,cgs,Integrated,IntegratedFlux,,7.25E+16,2.42E+18,hz
1279883.251,,,seconds,6.58E-12,1.90E-12,1.90E-12,cgs,Integrated,IntegratedFlux,,7.25E+16,2.42E+18,hz
1280167.249,,,seconds,8.31E-12,2.14E-12,2.14E-12,cgs,Integrated,IntegratedFlux,,7.25E+16,2.42E+18,hz
1280493.799,,,seconds,7.72E-12,1.60E-12,1.60E-12,cgs,Integrated,IntegratedFlux,,7.25E+16,2.42E+18,hz
1349489.274,,,seconds,4.93E-12,9.58E-13,9.58E-13,cgs,Integrated,IntegratedFlux,,7.25E+16,2.42E+18,hz
1359725.211,,,seconds,8.15E-12,2.02E-12,2.02E-12,cgs,Integrated,IntegratedFlux,,7.25E+16,2.42E+18,hz
1360041.133,,,seconds,8.37E-12,2.16E-12,2.16E-12,cgs,Integrated,IntegratedFlux,,7.25E+16,2.42E+18,hz
1360275.779,,,seconds,1.01E-11,2.52E-12,2.52E-12,cgs,Integrated,IntegratedFlux,,7.25E+16,2.42E+18,hz
1360569.51,,,seconds,5.72E-12,1.57E-12,1.57E-12,cgs,Integrated,IntegratedFlux,,7.25E+16,2.42E+18,hz
1361057.07,,,seconds,5.01E-12,1.12E-12,1.12E-12,cgs,Integrated,IntegratedFlux,,7.25E+16,2.42E+18,hz
1388577.273,,,seconds,5.43E-12,1.42E-12,1.42E-12,cgs,Integrated,IntegratedFlux,,7.25E+16,2.42E+18,hz
1389062.22,,,seconds,6.01E-12,1.28E-12,1.28E-12,cgs,Integrated,IntegratedFlux,,7.25E+16,2.42E+18,hz
1400082.409,,,seconds,6.63E-12,1.71E-12,1.71E-12,cgs,Integrated,IntegratedFlux,,7.25E+16,2.42E+18,hz
1400430.426,,,seconds,6.74E-12,1.74E-12,1.74E-12,cgs,Integrated,IntegratedFlux,,7.25E+16,2.42E+18,hz
1400744.434,,,seconds,6.52E-12,1.73E-12,1.73E-12,cgs,Integrated,IntegratedFlux,,7.25E+16,2.42E+18,hz
1402079.074,,,seconds,3.60E-12,8.33E-13,8.33E-13,cgs,Integrated,IntegratedFlux,,7.25E+16,2.42E+18,hz
1436038.924,,,seconds,5.61E-12,1.38E-12,1.38E-12,cgs,Integrated,IntegratedFlux,,7.25E+16,2.42E+18,hz
1440927.741,,,seconds,6.92E-12,1.79E-12,1.79E-12,cgs,Integrated,IntegratedFlux,,7.25E+16,2.42E+18,hz
1441283.78,,,seconds,6.12E-12,1.53E-12,1.53E-12,cgs,Integrated,IntegratedFlux,,7.25E+16,2.42E+18,hz
1452044.136,,,seconds,7.10E-12,1.78E-12,1.78E-12,cgs,Integrated,IntegratedFlux,,7.25E+16,2.42E+18,hz
1452298.736,,,seconds,8.29E-12,2.14E-12,2.14E-12,cgs,Integrated,IntegratedFlux,,7.25E+16,2.42E+18,hz
1452603.292,,,seconds,6.11E-12,1.67E-12,1.67E-12,cgs,Integrated,IntegratedFlux,,7.25E+16,2.42E+18,hz
1452912.028,,,seconds,7.35E-12,1.95E-12,1.95E-12,cgs,Integrated,IntegratedFlux,,7.25E+16,2.42E+18,hz
1453288.209,,,seconds,5.95E-12,1.39E-12,1.39E-12,cgs,Integrated,IntegratedFlux,,7.25E+16,2.42E+18,hz
1457749.96,,,seconds,2.78E-12,5.35E-13,5.35E-13,cgs,Integrated,IntegratedFlux,,7.25E+16,2.42E+18,hz
1480179.997,,,seconds,5.11E-12,1.34E-12,1.34E-12,cgs,Integrated,IntegratedFlux,,7.25E+16,2.42E+18,hz
1480602.226,,,seconds,4.89E-12,1.33E-12,1.33E-12,cgs,Integrated,IntegratedFlux,,7.25E+16,2.42E+18,hz
1481163.751,,,seconds,4.81E-12,1.01E-12,1.01E-12,cgs,Integrated,IntegratedFlux,,7.25E+16,2.42E+18,hz
1508987.885,,,seconds,3.64E-12,9.68E-13,9.68E-13,cgs,Integrated,IntegratedFlux,,7.25E+16,2.42E+18,hz
1509609.833,,,seconds,4.98E-12,1.02E-12,1.02E-12,cgs,Integrated,IntegratedFlux,,7.25E+16,2.42E+18,hz
1514620.961,,,seconds,3.72E-12,1.01E-12,1.01E-12,cgs,Integrated,IntegratedFlux,,7.25E+16,2.42E+18,hz
1515121.264,,,seconds,6.24E-12,1.41E-12,1.41E-12,cgs,Integrated,IntegratedFlux,,7.25E+16,2.42E+18,hz
1520332.182,,,seconds,3.56E-12,9.50E-13,9.50E-13,cgs,Integrated,IntegratedFlux,,7.25E+16,2.42E+18,hz
1520884.143,,,seconds,5.42E-12,1.35E-12,1.35E-12,cgs,Integrated,IntegratedFlux,,7.25E+16,2.42E+18,hz
1531716.783,,,seconds,5.17E-12,1.34E-12,1.34E-12,cgs,Integrated,IntegratedFlux,,7.25E+16,2.42E+18,hz
1532162.254,,,seconds,6.43E-12,1.66E-12,1.66E-12,cgs,Integrated,IntegratedFlux,,7.25E+16,2.42E+18,hz
1532600.978,,,seconds,6.07E-12,1.47E-12,1.47E-12,cgs,Integrated,IntegratedFlux,,7.25E+16,2.42E+18,hz
1612707.221,,,seconds,3.93E-12,1.02E-12,1.02E-12,cgs,Integrated,IntegratedFlux,,7.25E+16,2.42E+18,hz
1613081.486,,,seconds,8.05E-12,2.08E-12,2.08E-12,cgs,Integrated,IntegratedFlux,,7.25E+16,2.42E+18,hz
1613507.055,,,seconds,5.75E-12,1.16E-12,1.16E-12,cgs,Integrated,IntegratedFlux,,7.25E+16,2.42E+18,hz
1633068.6,,,seconds,3.22E-12,5.48E-13,5.48E-13,cgs,Integrated,IntegratedFlux,,7.25E+16,2.42E+18,hz
1692468.623,,,seconds,5.91E-12,1.55E-12,1.55E-12,cgs,Integrated,IntegratedFlux,,7.25E+16,2.42E+18,hz
1692919.105,,,seconds,6.19E-12,1.64E-12,1.64E-12,cgs,Integrated,IntegratedFlux,,7.25E+16,2.42E+18,hz
1693238.539,,,seconds,7.46E-12,1.93E-12,1.93E-12,cgs,Integrated,IntegratedFlux,,7.25E+16,2.42E+18,hz
1693612.958,,,seconds,7.98E-12,1.87E-12,1.87E-12,cgs,Integrated,IntegratedFlux,,7.25E+16,2.42E+18,hz
1698777.483,,,seconds,3.65E-12,9.76E-13,9.76E-13,cgs,Integrated,IntegratedFlux,,7.25E+16,2.42E+18,hz
1699416.261,,,seconds,3.88E-12,9.12E-13,9.12E-13,cgs,Integrated,IntegratedFlux,,7.25E+16,2.42E+18,hz
1721315.171,,,seconds,3.12E-12,8.66E-13,8.66E-13,cgs,Integrated,IntegratedFlux,,7.25E+16,2.42E+18,hz
1721923.622,,,seconds,3.84E-12,9.92E-13,9.92E-13,cgs,Integrated,IntegratedFlux,,7.25E+16,2.42E+18,hz
1722406.268,,,seconds,5.16E-12,1.28E-12,1.28E-12,cgs,Integrated,IntegratedFlux,,7.25E+16,2.42E+18,hz
1784528.28,,,seconds,2.73E-12,6.65E-13,6.65E-13,cgs,Integrated,IntegratedFlux,,7.25E+16,2.42E+18,hz
1790388.043,,,seconds,4.01E-12,1.03E-12,1.03E-12,cgs,Integrated,IntegratedFlux,,7.25E+16,2.42E+18,hz
1790987.377,,,seconds,3.94E-12,8.68E-13,8.68E-13,cgs,Integrated,IntegratedFlux,,7.25E+16,2.42E+18,hz
1801444.57,,,seconds,3.47E-12,9.11E-13,9.11E-13,cgs,Integrated,IntegratedFlux,,7.25E+16,2.42E+18,hz
1801998.688,,,seconds,2.90E-12,7.76E-13,7.76E-13,cgs,Integrated,IntegratedFlux,,7.25E+16,2.42E+18,hz
1802573.04,,,seconds,5.45E-12,1.43E-12,1.43E-12,cgs,Integrated,IntegratedFlux,,7.25E+16,2.42E+18,hz
1870576.037,,,seconds,3.18E-12,6.22E-13,6.22E-13,cgs,Integrated,IntegratedFlux,,7.25E+16,2.42E+18,hz
1875731.86,,,seconds,4.48E-12,1.20E-12,1.20E-12,cgs,Integrated,IntegratedFlux,,7.25E+16,2.42E+18,hz
1876533.921,,,seconds,3.16E-12,6.02E-13,6.02E-13,cgs,Integrated,IntegratedFlux,,7.25E+16,2.42E+18,hz
1881862.267,,,seconds,5.38E-12,1.41E-12,1.41E-12,cgs,Integrated,IntegratedFlux,,7.25E+16,2.42E+18,hz
1882585.146,,,seconds,4.09E-12,8.01E-13,8.01E-13,cgs,Integrated,IntegratedFlux,,7.25E+16,2.42E+18,hz
1893303.233,,,seconds,4.99E-12,1.29E-12,1.29E-12,cgs,Integrated,IntegratedFlux,,7.25E+16,2.42E+18,hz
1949761.829,,,seconds,3.77E-12,1.01E-12,1.01E-12,cgs,Integrated,IntegratedFlux,,7.25E+16,2.42E+18,hz
1950270.559,,,seconds,5.57E-12,1.49E-12,1.49E-12,cgs,Integrated,IntegratedFlux,,7.25E+16,2.42E+18,hz
1950695.962,,,seconds,4.97E-12,1.01E-12,1.01E-12,cgs,Integrated,IntegratedFlux,,7.25E+16,2.42E+18,hz
1961381.736,,,seconds,2.98E-12,8.05E-13,8.05E-13,cgs,Integrated,IntegratedFlux,,7.25E+16,2.42E+18,hz
1963822.752,,,seconds,3.79E-12,6.46E-13,6.46E-13,cgs,Integrated,IntegratedFlux,,7.25E+16,2.42E+18,hz
2042125.066,,,seconds,2.59E-12,6.56E-13,6.56E-13,cgs,Integrated,IntegratedFlux,,7.25E+16,2.42E+18,hz
2047528.538,,,seconds,3.00E-12,5.91E-13,5.91E-13,cgs,Integrated,IntegratedFlux,,7.25E+16,2.42E+18,hz
2052856.866,,,seconds,4.61E-12,1.24E-12,1.24E-12,cgs,Integrated,IntegratedFlux,,7.25E+16,2.42E+18,hz
2053391.76,,,seconds,3.56E-12,9.18E-13,9.18E-13,cgs,Integrated,IntegratedFlux,,7.25E+16,2.42E+18,hz
2076235.028,,,seconds,4.13E-12,7.79E-13,7.79E-13,cgs,Integrated,IntegratedFlux,,7.25E+16,2.42E+18,hz
2121943.737,,,seconds,2.24E-12,4.43E-13,4.43E-13,cgs,Integrated,IntegratedFlux,,7.25E+16,2.42E+18,hz
2144497.671,,,seconds,3.85E-12,1.03E-12,1.03E-12,cgs,Integrated,IntegratedFlux,,7.25E+16,2.42E+18,hz
2145267.361,,,seconds,2.62E-12,6.00E-13,6.00E-13,cgs,Integrated,IntegratedFlux,,7.25E+16,2.42E+18,hz
2150446.303,,,seconds,2.07E-12,4.94E-13,4.94E-13,cgs,Integrated,IntegratedFlux,,7.25E+16,2.42E+18,hz
2162800.699,,,seconds,2.78E-12,7.06E-13,7.06E-13,cgs,Integrated,IntegratedFlux,,7.25E+16,2.42E+18,hz
2202547.74,,,seconds,3.08E-12,5.92E-13,5.92E-13,cgs,Integrated,IntegratedFlux,,7.25E+16,2.42E+18,hz
2207409.444,,,seconds,5.77E-12,1.51E-12,1.51E-12,cgs,Integrated,IntegratedFlux,,7.25E+16,2.42E+18,hz
2208047.719,,,seconds,3.76E-12,9.06E-13,9.06E-13,cgs,Integrated,IntegratedFlux,,7.25E+16,2.42E+18,hz
2224755.117,,,seconds,2.53E-12,6.87E-13,6.87E-13,cgs,Integrated,IntegratedFlux,,7.25E+16,2.42E+18,hz
2229684.712,,,seconds,1.46E-12,3.14E-13,3.14E-13,cgs,Integrated,IntegratedFlux,,7.25E+16,2.42E+18,hz
2293907.853,,,seconds,2.16E-12,4.52E-13,4.52E-13,cgs,Integrated,IntegratedFlux,,7.25E+16,2.42E+18,hz
2304873.852,,,seconds,4.61E-12,1.17E-12,1.17E-12,cgs,Integrated,IntegratedFlux,,7.25E+16,2.42E+18,hz
2305549.872,,,seconds,2.30E-12,5.76E-13,5.76E-13,cgs,Integrated,IntegratedFlux,,7.25E+16,2.42E+18,hz
2310466.795,,,seconds,4.06E-12,1.08E-12,1.08E-12,cgs,Integrated,IntegratedFlux,,7.25E+16,2.42E+18,hz
2311060.689,,,seconds,2.77E-12,7.28E-13,7.28E-13,cgs,Integrated,IntegratedFlux,,7.25E+16,2.42E+18,hz
2385538.644,,,seconds,2.54E-12,4.86E-13,4.86E-13,cgs,Integrated,IntegratedFlux,,7.25E+16,2.42E+18,hz
2397535.133,,,seconds,2.56E-12,4.97E-13,4.97E-13,cgs,Integrated,IntegratedFlux,,7.25E+16,2.42E+18,hz
2402561.904,,,seconds,2.47E-12,5.95E-13,5.95E-13,cgs,Integrated,IntegratedFlux,,7.25E+16,2.42E+18,hz
2448206.091,,,seconds,4.45E-12,9.72E-13,9.72E-13,cgs,Integrated,IntegratedFlux,,7.25E+16,2.42E+18,hz
2471812.258,,,seconds,1.91E-12,4.11E-13,4.11E-13,cgs,Integrated,IntegratedFlux,,7.25E+16,2.42E+18,hz
2477069.494,,,seconds,3.51E-12,9.22E-13,9.22E-13,cgs,Integrated,IntegratedFlux,,7.25E+16,2.42E+18,hz
2478039.35,,,seconds,2.63E-12,5.81E-13,5.81E-13,cgs,Integrated,IntegratedFlux,,7.25E+16,2.42E+18,hz
2482963.881,,,seconds,3.02E-12,5.61E-13,5.61E-13,cgs,Integrated,IntegratedFlux,,7.25E+16,2.42E+18,hz
2557773.95,,,seconds,2.29E-12,4.52E-13,4.52E-13,cgs,Integrated,IntegratedFlux,,7.25E+16,2.42E+18,hz
2563233.279,,,seconds,2.54E-12,6.78E-13,6.78E-13,cgs,Integrated,IntegratedFlux,,7.25E+16,2.42E+18,hz
2563960.481,,,seconds,2.71E-12,6.78E-13,6.78E-13,cgs,Integrated,IntegratedFlux,,7.25E+16,2.42E+18,hz
2569505.339,,,seconds,2.13E-12,5.01E-13,5.01E-13,cgs,Integrated,IntegratedFlux,,7.25E+16,2.42E+18,hz
2648798.53,,,seconds,5.18E-12,1.34E-12,1.34E-12,cgs,Integrated,IntegratedFlux,,7.25E+16,2.42E+18,hz
2649223.437,,,seconds,5.08E-12,1.31E-12,1.31E-12,cgs,Integrated,IntegratedFlux,,7.25E+16,2.42E+18,hz
2649739.227,,,seconds,3.10E-12,7.29E-13,7.29E-13,cgs,Integrated,IntegratedFlux,,7.25E+16,2.42E+18,hz
2655112.369,,,seconds,1.72E-12,3.83E-13,3.83E-13,cgs,Integrated,IntegratedFlux,,7.25E+16,2.42E+18,hz
2662649.384,,,seconds,2.67E-12,4.67E-13,4.67E-13,cgs,Integrated,IntegratedFlux,,7.25E+16,2.42E+18,hz
2728419.879,,,seconds,2.81E-12,7.32E-13,7.32E-13,cgs,Integrated,IntegratedFlux,,7.25E+16,2.42E+18,hz
2741020.367,,,seconds,2.18E-12,4.50E-13,4.50E-13,cgs,Integrated,IntegratedFlux,,7.25E+16,2.42E+18,hz
2752766.502,,,seconds,2.81E-12,5.79E-13,5.79E-13,cgs,Integrated,IntegratedFlux,,7.25E+16,2.42E+18,hz
2809905.986,,,seconds,1.80E-12,3.98E-13,3.98E-13,cgs,Integrated,IntegratedFlux,,7.25E+16,2.42E+18,hz
2821143.415,,,seconds,2.03E-12,4.22E-13,4.22E-13,cgs,Integrated,IntegratedFlux,,7.25E+16,2.42E+18,hz
2827163.211,,,seconds,2.24E-12,5.27E-13,5.27E-13,cgs,Integrated,IntegratedFlux,,7.25E+16,2.42E+18,hz
2900900.765,,,seconds,2.18E-12,4.77E-13,4.77E-13,cgs,Integrated,IntegratedFlux,,7.25E+16,2.42E+18,hz
2913815.764,,,seconds,1.08E-12,2.79E-13,2.79E-13,cgs,Integrated,IntegratedFlux,,7.25E+16,2.42E+18,hz
2992757.041,,,seconds,2.15E-12,4.53E-13,4.53E-13,cgs,Integrated,IntegratedFlux,,7.25E+16,2.42E+18,hz
2998400.703,,,seconds,1.75E-12,4.19E-13,4.19E-13,cgs,Integrated,IntegratedFlux,,7.25E+16,2.42E+18,hz
3004003.228,,,seconds,2.25E-12,5.42E-13,5.42E-13,cgs,Integrated,IntegratedFlux,,7.25E+16,2.42E+18,hz
3078019.713,,,seconds,3.54E-12,9.15E-13,9.15E-13,cgs,Integrated,IntegratedFlux,,7.25E+16,2.42E+18,hz
3078816.948,,,seconds,2.75E-12,6.44E-13,6.44E-13,cgs,Integrated,IntegratedFlux,,7.25E+16,2.42E+18,hz
3089945.302,,,seconds,1.84E-12,4.61E-13,4.61E-13,cgs,Integrated,IntegratedFlux,,7.25E+16,2.42E+18,hz
3095405.523,,,seconds,2.09E-12,5.11E-13,5.11E-13,cgs,Integrated,IntegratedFlux,,7.25E+16,2.42E+18,hz
3158569.844,,,seconds,1.62E-12,3.81E-13,3.81E-13,cgs,Integrated,IntegratedFlux,,7.25E+16,2.42E+18,hz
3170125.61,,,seconds,2.37E-12,4.60E-13,4.60E-13,cgs,Integrated,IntegratedFlux,,7.25E+16,2.42E+18,hz
3181383.422,,,seconds,2.80E-12,6.02E-13,6.02E-13,cgs,Integrated,IntegratedFlux,,7.25E+16,2.42E+18,hz
3244414.851,,,seconds,1.87E-12,4.04E-13,4.04E-13,cgs,Integrated,IntegratedFlux,,7.25E+16,2.42E+18,hz
3261392.82,,,seconds,2.19E-12,5.75E-13,5.75E-13,cgs,Integrated,IntegratedFlux,,7.25E+16,2.42E+18,hz
3262188.485,,,seconds,2.83E-12,9.17E-13,9.17E-13,cgs,Integrated,IntegratedFlux,,7.25E+16,2.42E+18,hz
3267384.332,,,seconds,2.97E-12,6.20E-13,6.20E-13,cgs,Integrated,IntegratedFlux,,7.25E+16,2.42E+18,hz
3351832.831,,,seconds,1.69E-12,2.73E-13,2.73E-13,cgs,Integrated,IntegratedFlux,,7.25E+16,2.42E+18,hz
3410985.339,,,seconds,2.22E-12,4.44E-13,4.44E-13,cgs,Integrated,IntegratedFlux,,7.25E+16,2.42E+18,hz
3417010.585,,,seconds,1.73E-12,4.39E-13,4.39E-13,cgs,Integrated,IntegratedFlux,,7.25E+16,2.42E+18,hz
3491237.635,,,seconds,1.72E-12,3.81E-13,3.81E-13,cgs,Integrated,IntegratedFlux,,7.25E+16,2.42E+18,hz
3508454.344,,,seconds,1.61E-12,3.87E-13,3.87E-13,cgs,Integrated,IntegratedFlux,,7.25E+16,2.42E+18,hz
3519885.03,,,seconds,2.21E-12,4.61E-13,4.61E-13,cgs,Integrated,IntegratedFlux,,7.25E+16,2.42E+18,hz
3577324.569,,,seconds,1.70E-12,4.36E-13,4.36E-13,cgs,Integrated,IntegratedFlux,,7.25E+16,2.42E+18,hz
3617382.426,,,seconds,1.87E-12,4.60E-13,4.60E-13,cgs,Integrated,IntegratedFlux,,7.25E+16,2.42E+18,hz
3659682.149,,,seconds,1.11E-12,2.55E-13,2.55E-13,cgs,Integrated,IntegratedFlux,,7.25E+16,2.42E+18,hz
3676585.263,,,seconds,1.06E-12,2.82E-13,2.82E-13,cgs,Integrated,IntegratedFlux,,7.25E+16,2.42E+18,hz
3688077.446,,,seconds,1.33E-12,2.76E-13,2.76E-13,cgs,Integrated,IntegratedFlux,,7.25E+16,2.42E+18,hz
3775750.194,,,seconds,1.20E-12,2.32E-13,2.32E-13,cgs,Integrated,IntegratedFlux,,7.25E+16,2.42E+18,hz
3829124.121,,,seconds,1.92E-12,4.91E-13,4.91E-13,cgs,Integrated,IntegratedFlux,,7.25E+16,2.42E+18,hz
3845757.25,,,seconds,2.08E-12,4.36E-13,4.36E-13,cgs,Integrated,IntegratedFlux,,7.25E+16,2.42E+18,hz
3863025.879,,,seconds,2.17E-12,3.52E-13,3.52E-13,cgs,Integrated,IntegratedFlux,,7.25E+16,2.42E+18,hz
3943655.115,,,seconds,1.28E-12,3.57E-13,3.57E-13,cgs,Integrated,IntegratedFlux,,7.25E+16,2.42E+18,hz
3955562.157,,,seconds,1.39E-12,2.92E-13,2.92E-13,cgs,Integrated,IntegratedFlux,,7.25E+16,2.42E+18,hz
4034564.505,,,seconds,1.46E-12,3.53E-13,3.53E-13,cgs,Integrated,IntegratedFlux,,7.25E+16,2.42E+18,hz
4042264.814,,,seconds,2.02E-12,3.42E-13,3.42E-13,cgs,Integrated,IntegratedFlux,,7.25E+16,2.42E+18,hz
4103395.126,,,seconds,1.53E-12,3.80E-13,3.80E-13,cgs,Integrated,IntegratedFlux,,7.25E+16,2.42E+18,hz
4114728.728,,,seconds,1.91E-12,4.17E-13,4.17E-13,cgs,Integrated,IntegratedFlux,,7.25E+16,2.42E+18,hz
4160225.475,,,seconds,1.87E-12,4.67E-13,4.67E-13,cgs,Integrated,IntegratedFlux,,7.25E+16,2.42E+18,hz
4208658.566,,,seconds,1.05E-12,2.77E-13,2.77E-13,cgs,Integrated,IntegratedFlux,,7.25E+16,2.42E+18,hz
4245895.103,,,seconds,2.04E-12,4.88E-13,4.88E-13,cgs,Integrated,IntegratedFlux,,7.25E+16,2.42E+18,hz
4280523.714,,,seconds,1.11E-12,1.95E-13,1.95E-13,cgs,Integrated,IntegratedFlux,,7.25E+16,2.42E+18,hz
4369902.208,,,seconds,1.27E-12,2.62E-13,2.62E-13,cgs,Integrated,IntegratedFlux,,7.25E+16,2.42E+18,hz
4436354.113,,,seconds,1.26E-12,3.47E-13,3.47E-13,cgs,Integrated,IntegratedFlux,,7.25E+16,2.42E+18,hz
4452993.827,,,seconds,1.52E-12,3.95E-13,3.95E-13,cgs,Integrated,IntegratedFlux,,7.25E+16,2.42E+18,hz
4493031.653,,,seconds,1.29E-12,2.58E-13,2.58E-13,cgs,Integrated,IntegratedFlux,,7.25E+16,2.42E+18,hz
4633402.116,,,seconds,1.02E-12,2.31E-13,2.31E-13,cgs,Integrated,IntegratedFlux,,7.25E+16,2.42E+18,hz
4652950.054,,,seconds,2.20E-12,5.12E-13,5.12E-13,cgs,Integrated,IntegratedFlux,,7.25E+16,2.42E+18,hz
4896413.077,,,seconds,1.07E-12,1.94E-13,1.94E-13,cgs,Integrated,IntegratedFlux,,7.25E+16,2.42E+18,hz
5150710.043,,,seconds,1.43E-12,3.63E-13,3.63E-13,cgs,Integrated,IntegratedFlux,,7.25E+16,2.42E+18,hz
5170772.402,,,seconds,9.64E-13,2.42E-13,2.42E-13,cgs,Integrated,IntegratedFlux,,7.25E+16,2.42E+18,hz
5353859.98,,,seconds,1.15E-12,1.75E-13,1.75E-13,cgs,Integrated,IntegratedFlux,,7.25E+16,2.42E+18,hz
5505780.675,,,seconds,5.40E-13,1.42E-13,1.42E-13,cgs,Integrated,IntegratedFlux,,7.25E+16,2.42E+18,hz
5683420.091,,,seconds,8.38E-13,1.74E-13,1.74E-13,cgs,Integrated,IntegratedFlux,,7.25E+16,2.42E+18,hz
5872861.36,,,seconds,7.10E-13,1.55E-13,1.55E-13,cgs,Integrated,IntegratedFlux,,7.25E+16,2.42E+18,hz
6018079.021,,,seconds,6.87E-13,1.52E-13,1.52E-13,cgs,Integrated,IntegratedFlux,,7.25E+16,2.42E+18,hz
6111846.283,,,seconds,7.47E-13,1.65E-13,1.65E-13,cgs,Integrated,IntegratedFlux,,7.25E+16,2.42E+18,hz
6215105.568,,,seconds,6.71E-13,1.10E-13,1.10E-13,cgs,Integrated,IntegratedFlux,,7.25E+16,2.42E+18,hz
10590271.07,,,seconds,2.25E-13,4.71E-14,4.71E-14,cgs,Integrated,IntegratedFlux,,7.25E+16,2.42E+18,hz
11903520.42,,,seconds,1.09E-13,3.03E-14,3.03E-14,cgs,Integrated,IntegratedFlux,,7.25E+16,2.42E+18,hz
13560053.59,,,seconds,1.28E-13,3.74E-14,3.74E-14,cgs,Integrated,IntegratedFlux,,7.25E+16,2.42E+18,hz
14795139.07,,,seconds,9.07E-14,2.50E-14,2.50E-14,cgs,Integrated,IntegratedFlux,,7.25E+16,2.42E+18,hz
26300,3373,55582.077,seconds,-7.50E-01,1.10E-02,1.10E-02,cgs,SpectralIndex,SpectralIndex,,7.25E+16,2.42E+18,hz
94453,55582.077,101193,seconds,-7.70E-01,1.90E-01,2.00E-01,cgs,SpectralIndex,SpectralIndex,,7.25E+16,2.42E+18,hz
