Time,TimeUnits,Value,ValueLower,ValueUpper,ValueUnits,ValueType,Wave,WaveLower,WaveUpper,WaveUnits,Filter,CalGroup,SlopGroup,Include,,,,,,,,,,,,,,
70545.6,s,0.017378008,0.001818352,0.001818352,mJy,Spectral Flux,6.86E+14,,,Hz,B,B1_offset,slop,1,,,,,,,,,,,,,,
79047.36,s,0.019769696,0.003325979,0.003325979,mJy,Spectral Flux,6.86E+14,,,Hz,B,B1_offset,slop,1,,,,,,,,,,,,,,
14508.00003,s,0.1738,0.0081,0.0081,mJy,Spectral Flux,6.86E+14,,,Hz,B,B3_offset,slop,1,,,,,,,,,,,,,,
15706.99996,s,0.166,0.0086,0.0086,mJy,Spectral Flux,6.86E+14,,,Hz,B,B3_offset,slop,1,,,,,,,,,,,,,,
14473.6,s,0.1821,0.0018,0.0018,mJy,Spectral Flux,6.86E+14,,,Hz,B,B3_offset,slop,1,,,,,,,,,,,,,,
16436.8,s,0.1518,0.0021,0.0021,mJy,Spectral Flux,6.86E+14,,,Hz,B,B3_offset,slop,1,,,,,,,,,,,,,,
17937.4,s,0.1282,0.0021,0.0021,mJy,Spectral Flux,6.86E+14,,,Hz,B,B3_offset,slop,1,,,,,,,,,,,,,,
19398.1,s,0.1182,0.0016,0.0016,mJy,Spectral Flux,6.86E+14,,,Hz,B,B3_offset,slop,1,,,,,,,,,,,,,,
20965.3,s,0.1067,0.0022,0.0022,mJy,Spectral Flux,6.86E+14,,,Hz,B,B3_offset,slop,1,,,,,,,,,,,,,,
89309,s,0.01959,0.00172,0.00172,mJy,Spectral Flux,6.28E+14,,,Hz,g,g_offset,slop,1,,,,,,,,,,,,,,
520390,s,0.001514,0.000243,0.000243,mJy,Spectral Flux,6.28E+14,,,Hz,g,g_offset,slop,1,,,,,,,,,,,,,,
21320.99997,s,0.1851,0.0116,0.0116,mJy,Spectral Flux,1.82E+14,,,Hz,H,H_offset,slop,1,,,,,,,,,,,,,,
72152.64,s,0.035645113,0.002532001,0.002532001,mJy,Spectral Flux,3.43E+14,,,Hz,I,I1_offset,slop,1,,,,,,,,,,,,,,
224890.56,s,0.007798301,0.001006265,0.001006265,mJy,Spectral Flux,3.43E+14,,,Hz,I,I1_offset,slop,1,,,,,,,,,,,,,,
25878.59997,s,0.119124201,0.004308839,0.004308839,mJy,Spectral Flux,3.93E+14,,,Hz,i,i2_offset,slop,1,,,,,,,,,,,,,,
27314.40001,s,0.105681751,0.004756462,0.004756462,mJy,Spectral Flux,3.93E+14,,,Hz,i,i2_offset,slop,1,,,,,,,,,,,,,,
28683.59999,s,0.098174794,0.005278156,0.005278156,mJy,Spectral Flux,3.93E+14,,,Hz,i,i2_offset,slop,1,,,,,,,,,,,,,,
33694.20003,s,0.089536477,0.004029805,0.004029805,mJy,Spectral Flux,3.93E+14,,,Hz,i,i2_offset,slop,1,,,,,,,,,,,,,,
34874.40001,s,0.081658237,0.020844737,0.020844737,mJy,Spectral Flux,3.93E+14,,,Hz,i,i2_offset,slop,1,,,,,,,,,,,,,,
70487.99997,s,0.034040819,0.00123129,0.00123129,mJy,Spectral Flux,3.93E+14,,,Hz,i,i2_offset,slop,1,,,,,,,,,,,,,,
204762,s,0.010375284,0.001745499,0.001745499,mJy,Spectral Flux,3.93E+14,,,Hz,i,i2_offset,slop,1,,,,,,,,,,,,,,
245070,s,0.005395106,0.000989558,0.000989558,mJy,Spectral Flux,3.93E+14,,,Hz,i,i2_offset,slop,1,,,,,,,,,,,,,,
298200,s,0.005395106,9.85E-05,9.85E-05,mJy,Spectral Flux,3.93E+14,,,Hz,i,i2_offset,slop,1,,,,,,,,,,,,,,
451800,s,0.002910717,0.000105283,0.000105283,mJy,Spectral Flux,3.93E+14,,,Hz,i,i2_offset,slop,1,,,,,,,,,,,,,,
24742.8,s,0.124738351,0.009922989,0.009922989,mJy,Spectral Flux,3.43E+14,,,Hz,I,I2_offset,slop,1,,,,,,,,,,,,,,
16402,s,0.1932,0.0168,0.0168,mJy,Spectral Flux,3.43E+14,,,Hz,I,I3_offset,slop,1,,,,,,,,,,,,,,
17412.9,s,0.1816,0.0018,0.0018,mJy,Spectral Flux,3.43E+14,,,Hz,I,I3_offset,slop,1,,,,,,,,,,,,,,
18936.7,s,0.165,0.0015,0.0015,mJy,Spectral Flux,3.43E+14,,,Hz,I,I3_offset,slop,1,,,,,,,,,,,,,,
20447.9,s,0.1472,0.0019,0.0019,mJy,Spectral Flux,3.43E+14,,,Hz,I,I3_offset,slop,1,,,,,,,,,,,,,,
23665.5,s,0.1385,0.0143,0.0143,mJy,Spectral Flux,3.43E+14,,,Hz,I,I3_offset,slop,1,,,,,,,,,,,,,,
91307,s,0.02559,0.00115,0.00115,mJy,Spectral Flux,3.93E+14,,,Hz,i,i3_offset,slop,1,,,,,,,,,,,,,,
522792,s,0.002512,0.000135,0.000135,mJy,Spectral Flux,3.93E+14,,,Hz,i,i3_offset,slop,1,,,,,,,,,,,,,,
781560,s,0.00177,9.50E-05,9.50E-05,mJy,Spectral Flux,3.93E+14,,,Hz,i,i3_offset,slop,1,,,,,,,,,,,,,,
17109.49997,s,0.1903,0.0097,0.0097,mJy,Spectral Flux,2.43E+14,,,Hz,J,J_offset,slop,1,,,,,,,,,,,,,,
19132.49998,s,0.1585,0.0084,0.0084,mJy,Spectral Flux,2.43E+14,,,Hz,J,J_offset,slop,1,,,,,,,,,,,,,,
21320.99997,s,0.1552,0.0084,0.0084,mJy,Spectral Flux,2.43E+14,,,Hz,J,J_offset,slop,1,,,,,,,,,,,,,,
19096.00004,s,0.1838,0.0158,0.0158,mJy,Spectral Flux,1.36E+14,,,Hz,K,K_offset,slop,1,,,,,,,,,,,,,,
21320.99997,s,0.1688,0.014,0.014,mJy,Spectral Flux,1.36E+14,,,Hz,K,K_offset,slop,1,,,,,,,,,,,,,,
43649.28,s,0.070469307,0.011313143,0.011313143,mJy,Spectral Flux,4.35E+14,,,Hz,R,R1_offset,slop,1,,,,,,,,,,,,,,
44340.48,s,0.059156163,0.013024406,0.013024406,mJy,Spectral Flux,4.35E+14,,,Hz,R,R1_offset,slop,1,,,,,,,,,,,,,,
45023.04,s,0.03801894,0.01403061,0.01403061,mJy,Spectral Flux,4.35E+14,,,Hz,R,R1_offset,slop,1,,,,,,,,,,,,,,
45982.08,s,0.031045596,0.009368555,0.009368555,mJy,Spectral Flux,4.35E+14,,,Hz,R,R1_offset,slop,1,,,,,,,,,,,,,,
46526.4,s,0.043251383,0.011628607,0.011628607,mJy,Spectral Flux,4.35E+14,,,Hz,R,R1_offset,slop,1,,,,,,,,,,,,,,
47226.24,s,0.043251383,0.00727645,0.00727645,mJy,Spectral Flux,4.35E+14,,,Hz,R,R1_offset,slop,1,,,,,,,,,,,,,,
48254.4,s,0.0519996,0.006709842,0.006709842,mJy,Spectral Flux,4.35E+14,,,Hz,R,R1_offset,slop,1,,,,,,,,,,,,,,
49213.44,s,0.033113112,0.007527253,0.007527253,mJy,Spectral Flux,4.35E+14,,,Hz,R,R1_offset,slop,1,,,,,,,,,,,,,,
50811.84,s,0.035318317,0.006742412,0.006742412,mJy,Spectral Flux,4.35E+14,,,Hz,R,R1_offset,slop,1,,,,,,,,,,,,,,
51563.52,s,0.02831392,0.004545517,0.004545517,mJy,Spectral Flux,4.35E+14,,,Hz,R,R1_offset,slop,1,,,,,,,,,,,,,,
52194.24,s,0.033419504,0.00637992,0.00637992,mJy,Spectral Flux,4.35E+14,,,Hz,R,R1_offset,slop,1,,,,,,,,,,,,,,
54423.36,s,0.029922646,0.006588066,0.006588066,mJy,Spectral Flux,4.35E+14,,,Hz,R,R1_offset,slop,1,,,,,,,,,,,,,,
55218.24,s,0.046558609,0.006379528,0.006379528,mJy,Spectral Flux,4.35E+14,,,Hz,R,R1_offset,slop,1,,,,,,,,,,,,,,
56004.48,s,0.027542287,0.006260897,0.006260897,mJy,Spectral Flux,4.35E+14,,,Hz,R,R1_offset,slop,1,,,,,,,,,,,,,,
56592,s,0.035974934,0.007134618,0.007134618,mJy,Spectral Flux,4.35E+14,,,Hz,R,R1_offset,slop,1,,,,,,,,,,,,,,
57412.8,s,0.033419504,0.007357969,0.007357969,mJy,Spectral Flux,4.35E+14,,,Hz,R,R1_offset,slop,1,,,,,,,,,,,,,,
58449.6,s,0.025118864,0.007740856,0.007740856,mJy,Spectral Flux,4.35E+14,,,Hz,R,R1_offset,slop,1,,,,,,,,,,,,,,
59685.12,s,0.045708819,0.005898102,0.005898102,mJy,Spectral Flux,4.35E+14,,,Hz,R,R1_offset,slop,1,,,,,,,,,,,,,,
60791.04,s,0.025822602,0.008603916,0.008603916,mJy,Spectral Flux,4.35E+14,,,Hz,R,R1_offset,slop,1,,,,,,,,,,,,,,
61888.32,s,0.019408859,0.003991854,0.003991854,mJy,Spectral Flux,4.35E+14,,,Hz,R,R1_offset,slop,1,,,,,,,,,,,,,,
62674.56,s,0.029922646,0.008641256,0.008641256,mJy,Spectral Flux,4.35E+14,,,Hz,R,R1_offset,slop,1,,,,,,,,,,,,,,
63676.8,s,0.029107171,0.008405758,0.008405758,mJy,Spectral Flux,4.35E+14,,,Hz,R,R1_offset,slop,1,,,,,,,,,,,,,,
65128.32,s,0.029648314,0.005438023,0.005438023,mJy,Spectral Flux,4.35E+14,,,Hz,R,R1_offset,slop,1,,,,,,,,,,,,,,
65724.48,s,0.034994517,0.006154202,0.006154202,mJy,Spectral Flux,4.35E+14,,,Hz,R,R1_offset,slop,1,,,,,,,,,,,,,,
69768,s,0.031622777,0.006036918,0.006036918,mJy,Spectral Flux,4.35E+14,,,Hz,R,R1_offset,slop,1,,,,,,,,,,,,,,
70554.24,s,0.024434306,0.005203388,0.005203388,mJy,Spectral Flux,4.35E+14,,,Hz,R,R1_offset,slop,1,,,,,,,,,,,,,,
71357.76,s,0.023120648,0.004585332,0.004585332,mJy,Spectral Flux,4.35E+14,,,Hz,R,R1_offset,slop,1,,,,,,,,,,,,,,
72316.8,s,0.03801894,0.00520941,0.00520941,mJy,Spectral Flux,4.35E+14,,,Hz,R,R1_offset,slop,1,,,,,,,,,,,,,,
73267.2,s,0.044874539,0.007549523,0.007549523,mJy,Spectral Flux,4.35E+14,,,Hz,R,R1_offset,slop,1,,,,,,,,,,,,,,
64428.48,s,0.035318317,0.002205205,0.002205205,mJy,Spectral Flux,4.35E+14,,,Hz,R,R1_offset,slop,1,,,,,,,,,,,,,,
69145.92,s,0.031622777,0.003046871,0.003046871,mJy,Spectral Flux,4.35E+14,,,Hz,R,R1_offset,slop,1,,,,,,,,,,,,,,
73854.72,s,0.026061535,0.001851245,0.001851245,mJy,Spectral Flux,4.35E+14,,,Hz,R,R1_offset,slop,1,,,,,,,,,,,,,,
75841.92,s,0.02630268,0.002092389,0.002092389,mJy,Spectral Flux,4.35E+14,,,Hz,R,R1_offset,slop,1,,,,,,,,,,,,,,
86158.08,s,0.018879913,0.001341108,0.001341108,mJy,Spectral Flux,4.35E+14,,,Hz,R,R1_offset,slop,1,,,,,,,,,,,,,,
244987.2,s,0.004613176,0.001015682,0.001015682,mJy,Spectral Flux,4.35E+14,,,Hz,R,R1_offset,slop,1,,,,,,,,,,,,,,
60350.4,s,0.054450265,0.007891656,0.007891656,mJy,Spectral Flux,4.81E+14,,,Hz,r,r1_offset,slop,1,,,,,,,,,,,,,,
60747.84,s,0.070469307,0.011313143,0.011313143,mJy,Spectral Flux,4.81E+14,,,Hz,r,r1_offset,slop,1,,,,,,,,,,,,,,
60903.36,s,0.046131757,0.005952676,0.005952676,mJy,Spectral Flux,4.81E+14,,,Hz,r,r1_offset,slop,1,,,,,,,,,,,,,,
61058.88,s,0.064863443,0.006249627,0.006249627,mJy,Spectral Flux,4.81E+14,,,Hz,r,r1_offset,slop,1,,,,,,,,,,,,,,
61214.4,s,0.038725764,0.004997034,0.004997034,mJy,Spectral Flux,4.81E+14,,,Hz,r,r1_offset,slop,1,,,,,,,,,,,,,,
61300.8,s,0.05597576,0.005393294,0.005393294,mJy,Spectral Flux,4.81E+14,,,Hz,r,r1_offset,slop,1,,,,,,,,,,,,,,
61395.84,s,0.034040819,0.005986483,0.005986483,mJy,Spectral Flux,4.81E+14,,,Hz,r,r1_offset,slop,1,,,,,,,,,,,,,,
61490.88,s,0.062517269,0.005500842,0.005500842,mJy,Spectral Flux,4.81E+14,,,Hz,r,r1_offset,slop,1,,,,,,,,,,,,,,
61577.28,s,0.049659232,0.008354482,0.008354482,mJy,Spectral Flux,4.81E+14,,,Hz,r,r1_offset,slop,1,,,,,,,,,,,,,,
61672.32,s,0.042854852,0.005529836,0.005529836,mJy,Spectral Flux,4.81E+14,,,Hz,r,r1_offset,slop,1,,,,,,,,,,,,,,
61758.72,s,0.048752849,0.00387831,0.00387831,mJy,Spectral Flux,4.81E+14,,,Hz,r,r1_offset,slop,1,,,,,,,,,,,,,,
61853.76,s,0.0519996,0.00413659,0.00413659,mJy,Spectral Flux,4.81E+14,,,Hz,r,r1_offset,slop,1,,,,,,,,,,,,,,
62009.28,s,0.053951062,0.005645182,0.005645182,mJy,Spectral Flux,4.81E+14,,,Hz,r,r1_offset,slop,1,,,,,,,,,,,,,,
62164.8,s,0.055462571,0.004412071,0.004412071,mJy,Spectral Flux,4.81E+14,,,Hz,r,r1_offset,slop,1,,,,,,,,,,,,,,
62311.68,s,0.051522864,0.003216984,0.003216984,mJy,Spectral Flux,4.81E+14,,,Hz,r,r1_offset,slop,1,,,,,,,,,,,,,,
62467.2,s,0.042461956,0.003377867,0.003377867,mJy,Spectral Flux,4.81E+14,,,Hz,r,r1_offset,slop,1,,,,,,,,,,,,,,
62622.72,s,0.053456436,0.00287397,0.00287397,mJy,Spectral Flux,4.81E+14,,,Hz,r,r1_offset,slop,1,,,,,,,,,,,,,,
62778.24,s,0.050118723,0.003129313,0.003129313,mJy,Spectral Flux,4.81E+14,,,Hz,r,r1_offset,slop,1,,,,,,,,,,,,,,
62925.12,s,0.049203954,0.003072196,0.003072196,mJy,Spectral Flux,4.81E+14,,,Hz,r,r1_offset,slop,1,,,,,,,,,,,,,,
63080.64,s,0.044463127,0.003158377,0.003158377,mJy,Spectral Flux,4.81E+14,,,Hz,r,r1_offset,slop,1,,,,,,,,,,,,,,
63227.52,s,0.057016427,0.003559991,0.003559991,mJy,Spectral Flux,4.81E+14,,,Hz,r,r1_offset,slop,1,,,,,,,,,,,,,,
63383.04,s,0.049659232,0.003527475,0.003527475,mJy,Spectral Flux,4.81E+14,,,Hz,r,r1_offset,slop,1,,,,,,,,,,,,,,
63538.56,s,0.059156163,0.002662466,0.002662466,mJy,Spectral Flux,4.81E+14,,,Hz,r,r1_offset,slop,1,,,,,,,,,,,,,,
63685.44,s,0.051522864,0.002770015,0.002770015,mJy,Spectral Flux,4.81E+14,,,Hz,r,r1_offset,slop,1,,,,,,,,,,,,,,
63840.96,s,0.059703529,0.002687101,0.002687101,mJy,Spectral Flux,4.81E+14,,,Hz,r,r1_offset,slop,1,,,,,,,,,,,,,,
63996.48,s,0.051522864,0.002770015,0.002770015,mJy,Spectral Flux,4.81E+14,,,Hz,r,r1_offset,slop,1,,,,,,,,,,,,,,
76645.44,s,0.045289758,0.002827802,0.002827802,mJy,Spectral Flux,4.81E+14,,,Hz,r,r1_offset,slop,1,,,,,,,,,,,,,,
76792.32,s,0.03801894,0.002700623,0.002700623,mJy,Spectral Flux,4.81E+14,,,Hz,r,r1_offset,slop,1,,,,,,,,,,,,,,
76947.84,s,0.031915379,0.002808207,0.002808207,mJy,Spectral Flux,4.81E+14,,,Hz,r,r1_offset,slop,1,,,,,,,,,,,,,,
77112,s,0.044463127,0.002776188,0.002776188,mJy,Spectral Flux,4.81E+14,,,Hz,r,r1_offset,slop,1,,,,,,,,,,,,,,
77258.88,s,0.034994517,0.00337174,0.00337174,mJy,Spectral Flux,4.81E+14,,,Hz,r,r1_offset,slop,1,,,,,,,,,,,,,,
77414.4,s,0.036982818,0.003254087,0.003254087,mJy,Spectral Flux,4.81E+14,,,Hz,r,r1_offset,slop,1,,,,,,,,,,,,,,
77578.56,s,0.041686938,0.002961174,0.002961174,mJy,Spectral Flux,4.81E+14,,,Hz,r,r1_offset,slop,1,,,,,,,,,,,,,,
77734.08,s,0.041686938,0.004361923,0.004361923,mJy,Spectral Flux,4.81E+14,,,Hz,r,r1_offset,slop,1,,,,,,,,,,,,,,
77880.96,s,0.040926066,0.00461826,0.00461826,mJy,Spectral Flux,4.81E+14,,,Hz,r,r1_offset,slop,1,,,,,,,,,,,,,,
78036.48,s,0.040926066,0.003943248,0.003943248,mJy,Spectral Flux,4.81E+14,,,Hz,r,r1_offset,slop,1,,,,,,,,,,,,,,
78183.36,s,0.03908409,0.003109156,0.003109156,mJy,Spectral Flux,4.81E+14,,,Hz,r,r1_offset,slop,1,,,,,,,,,,,,,,
78338.88,s,0.03767038,0.003629561,0.003629561,mJy,Spectral Flux,4.81E+14,,,Hz,r,r1_offset,slop,1,,,,,,,,,,,,,,
78494.4,s,0.034994517,0.003079138,0.003079138,mJy,Spectral Flux,4.81E+14,,,Hz,r,r1_offset,slop,1,,,,,,,,,,,,,,
78649.92,s,0.042072663,0.002988573,0.002988573,mJy,Spectral Flux,4.81E+14,,,Hz,r,r1_offset,slop,1,,,,,,,,,,,,,,
78796.8,s,0.046558609,0.003703757,0.003703757,mJy,Spectral Flux,4.81E+14,,,Hz,r,r1_offset,slop,1,,,,,,,,,,,,,,
78952.32,s,0.042072663,0.004053723,0.004053723,mJy,Spectral Flux,4.81E+14,,,Hz,r,r1_offset,slop,1,,,,,,,,,,,,,,
79107.84,s,0.03908409,0.003438976,0.003438976,mJy,Spectral Flux,4.81E+14,,,Hz,r,r1_offset,slop,1,,,,,,,,,,,,,,
79254.72,s,0.035974934,0.003764246,0.003764246,mJy,Spectral Flux,4.81E+14,,,Hz,r,r1_offset,slop,1,,,,,,,,,,,,,,
79410.24,s,0.03944573,0.003470797,0.003470797,mJy,Spectral Flux,4.81E+14,,,Hz,r,r1_offset,slop,1,,,,,,,,,,,,,,
79557.12,s,0.033728731,0.002683135,0.002683135,mJy,Spectral Flux,4.81E+14,,,Hz,r,r1_offset,slop,1,,,,,,,,,,,,,,
79712.64,s,0.047424199,0.002961072,0.002961072,mJy,Spectral Flux,4.81E+14,,,Hz,r,r1_offset,slop,1,,,,,,,,,,,,,,
79868.16,s,0.040926066,0.003255686,0.003255686,mJy,Spectral Flux,4.81E+14,,,Hz,r,r1_offset,slop,1,,,,,,,,,,,,,,
80015.04,s,0.042461956,0.002651239,0.002651239,mJy,Spectral Flux,4.81E+14,,,Hz,r,r1_offset,slop,1,,,,,,,,,,,,,,
80170.56,s,0.042072663,0.003346898,0.003346898,mJy,Spectral Flux,4.81E+14,,,Hz,r,r1_offset,slop,1,,,,,,,,,,,,,,
226298.88,s,0.00564937,0.001203057,0.001203057,mJy,Spectral Flux,4.35E+14,,,Hz,R,R1_offset,slop,1,,,,,,,,,,,,,,
56937.6,s,0.040926066,0.003255686,0.003255686,mJy,Spectral Flux,4.35E+14,,,Hz,R,R1_offset,slop,1,,,,,,,,,,,,,,
67991.99996,s,0.028575905,0.002273226,0.002273226,mJy,Spectral Flux,4.81E+14,,,Hz,r,r2_offset,slop,1,,,,,,,,,,,,,,
68963.99996,s,0.030199517,0.002145181,0.002145181,mJy,Spectral Flux,4.81E+14,,,Hz,r,r2_offset,slop,1,,,,,,,,,,,,,,
238686,s,0.005970353,0.000770393,0.000770393,mJy,Spectral Flux,4.81E+14,,,Hz,r,r2_offset,slop,1,,,,,,,,,,,,,,
27987.60004,s,0.092896639,0.00580028,0.00580028,mJy,Spectral Flux,4.81E+14,,,Hz,r,r2_offset,slop,1,,,,,,,,,,,,,,
29355.60001,s,0.081658237,0.006495948,0.006495948,mJy,Spectral Flux,4.81E+14,,,Hz,r,r2_offset,slop,1,,,,,,,,,,,,,,
33089.99999,s,0.071779429,0.002596332,0.002596332,mJy,Spectral Flux,4.81E+14,,,Hz,r,r2_offset,slop,1,,,,,,,,,,,,,,
34321.19999,s,0.064268772,0.007775074,0.007775074,mJy,Spectral Flux,4.81E+14,,,Hz,r,r2_offset,slop,1,,,,,,,,,,,,,,
203028,s,0.009120108,0.002982488,0.002982488,mJy,Spectral Flux,4.81E+14,,,Hz,r,r2_offset,slop,1,,,,,,,,,,,,,,
298200,s,0.004325138,7.89E-05,7.89E-05,mJy,Spectral Flux,4.81E+14,,,Hz,r,r2_offset,slop,1,,,,,,,,,,,,,,
451800,s,0.002511886,9.09E-05,9.09E-05,mJy,Spectral Flux,4.81E+14,,,Hz,r,r2_offset,slop,1,,,,,,,,,,,,,,
24499.20004,s,0.103752842,0.011707884,0.011707884,mJy,Spectral Flux,4.35E+14,,,Hz,R,R2_offset,slop,1,,,,,,,,,,,,,,
25188.59998,s,0.099083194,0.006186556,0.006186556,mJy,Spectral Flux,4.35E+14,,,Hz,R,R2_offset,slop,1,,,,,,,,,,,,,,
26588.39999,s,0.100925289,0.010560341,0.010560341,mJy,Spectral Flux,4.35E+14,,,Hz,R,R2_offset,slop,1,,,,,,,,,,,,,,
17071.9,s,0.1775,0.0018,0.0018,mJy,Spectral Flux,4.35E+14,,,Hz,R,R3_offset,slop,1,,,,,,,,,,,,,,
18582.1,s,0.1603,0.0012,0.0012,mJy,Spectral Flux,4.35E+14,,,Hz,R,R3_offset,slop,1,,,,,,,,,,,,,,
20035.8,s,0.1475,0.0023,0.0023,mJy,Spectral Flux,4.35E+14,,,Hz,R,R3_offset,slop,1,,,,,,,,,,,,,,
23331.8,s,0.119,0.0023,0.0023,mJy,Spectral Flux,4.35E+14,,,Hz,R,R3_offset,slop,1,,,,,,,,,,,,,,
90356,s,0.02249,0.00121,0.00121,mJy,Spectral Flux,4.81E+14,,,Hz,r,r3_offset,slop,1,,,,,,,,,,,,,,
174960,s,0.009037,0.000486,0.000486,mJy,Spectral Flux,4.81E+14,,,Hz,r,r3_offset,slop,1,,,,,,,,,,,,,,
521589,s,0.001675,0.000133,0.000133,mJy,Spectral Flux,4.81E+14,,,Hz,r,r3_offset,slop,1,,,,,,,,,,,,,,
780120,s,0.001236,7.70E-05,7.70E-05,mJy,Spectral Flux,4.81E+14,,,Hz,r,r3_offset,slop,1,,,,,,,,,,,,,,
12528,s,0.0924,0.0058,0.0058,mJy,Spectral Flux,1.33E+15,,,Hz,uvm2,uvm2_offset,slop,1,,,,,,,,,,,,,,
16491,s,0.067,0.0031,0.0031,mJy,Spectral Flux,1.33E+15,,,Hz,uvm2,uvm2_offset,slop,1,,,,,,,,,,,,,,
30028,s,0.0296,0.0026,0.0026,mJy,Spectral Flux,1.33E+15,,,Hz,uvm2,uvm2_offset,slop,1,,,,,,,,,,,,,,
47376,s,0.0161,0.002,0.002,mJy,Spectral Flux,1.33E+15,,,Hz,uvm2,uvm2_offset,slop,1,,,s,0.2396,0.0099,0.0099,mJy,Spectral Flux,1.55E+15,,,Hz,uvw2,uvw2_offset
28708,s,0.0707,0.0069,0.0069,mJy,Spectral Flux,6.83E+14,,,Hz,uvot-b,uvot-b_offset,slop,1,,,s,0.092,0.003,0.003,mJy,Spectral Flux,1.55E+15,,,Hz,uvw2,uvw2_offset
46055,s,0.04,0.0058,0.0058,mJy,Spectral Flux,6.83E+14,,,Hz,uvot-b,uvot-b_offset,slop,1,,,s,0.0315,0.0032,0.0032,mJy,Spectral Flux,1.55E+15,,,Hz,uvw2,uvw2_offset
75943,s,0.0275,0.0069,0.0069,mJy,Spectral Flux,6.83E+14,,,Hz,uvot-b,uvot-b_offset,slop,1,,,s,0.0253,0.0016,0.0016,mJy,Spectral Flux,1.55E+15,,,Hz,uvw2,uvw2_offset
18304,s,0.1375,0.0069,0.0069,mJy,Spectral Flux,8.65E+14,,,Hz,uvot-u,uvot-u_offset,slop,1,,,s,0.0146,0.0013,0.0013,mJy,Spectral Flux,1.55E+15,,,Hz,uvw2,uvw2_offset
18609,s,0.1348,0.0077,0.0077,mJy,Spectral Flux,8.65E+14,,,Hz,uvot-u,uvot-u_offset,slop,1,,,s,0.008,0.0015,0.0015,mJy,Spectral Flux,1.55E+15,,,Hz,uvw2,uvw2_offset
28486,s,0.0767,0.006,0.006,mJy,Spectral Flux,8.65E+14,,,Hz,uvot-u,uvot-u_offset,slop,1,,,,,,,,,,,,,,
45833,s,0.0324,0.0041,0.0041,mJy,Spectral Flux,8.65E+14,,,Hz,uvot-u,uvot-u_offset,slop,1,,,,,,,,,,,,,,
29806,s,0.059,0.0124,0.0124,mJy,Spectral Flux,5.48E+14,,,Hz,uvot-v,uvot-v_offset,slop,1,,,,,,,,,,,,,,
17398,s,0.0863,0.0033,0.0033,mJy,Spectral Flux,1.15E+15,,,Hz,uvw1,uvw1_offset,slop,1,,,,,,,,,,,,,,
28047,s,0.0465,0.0035,0.0035,mJy,Spectral Flux,1.15E+15,,,Hz,uvw1,uvw1_offset,slop,1,,,,,,,,,,,,,,
45393,s,0.0269,0.0028,0.0028,mJy,Spectral Flux,1.15E+15,,,Hz,uvw1,uvw1_offset,slop,1,,,,,,,,,,,,,,
75628,s,0.0194,0.0035,0.0035,mJy,Spectral Flux,1.15E+15,,,Hz,uvw1,uvw1_offset,slop,1,,,,,,,,,,,,,,
49507.2,s,0.051522864,0.024483281,0.024483281,mJy,Spectral Flux,5.47E+14,,,Hz,V,V1_offset,slop,1,,,,,,,,,,,,,,
67512.96,s,0.024888573,0.002189925,0.002189925,mJy,Spectral Flux,5.47E+14,,,Hz,V,V1_offset,slop,1,,,,,,,,,,,,,,
14851.99999,s,0.1896,0.005,0.005,mJy,Spectral Flux,5.47E+14,,,Hz,V,V3_offset,slop,1,,,,,,,,,,,,,,
16051,s,0.1656,0.0057,0.0057,mJy,Spectral Flux,5.47E+14,,,Hz,V,V3_offset,slop,1,,,,,,,,,,,,,,
14767.2,s,0.1873,0.0024,0.0024,mJy,Spectral Flux,5.47E+14,,,Hz,V,V3_offset,slop,1,,,,,,,,,,,,,,
16714.4,s,0.1575,0.0017,0.0017,mJy,Spectral Flux,5.47E+14,,,Hz,V,V3_offset,slop,1,,,,,,,,,,,,,,
18236.5,s,0.1391,0.002,0.002,mJy,Spectral Flux,5.47E+14,,,Hz,V,V3_offset,slop,1,,,,,,,,,,,,,,
19700.4,s,0.1295,0.0015,0.0015,mJy,Spectral Flux,5.47E+14,,,Hz,V,V3_offset,slop,1,,,,,,,,,,,,,,
22996.8,s,0.1014,0.0019,0.0019,mJy,Spectral Flux,5.47E+14,,,Hz,V,V3_offset,slop,1,,,,,,,,,,,,,,
92470,s,0.02793,0.00126,0.00126,mJy,Spectral Flux,3.28E+14,,,Hz,z,z_offset,slop,1,,,,,,,,,,,,,,
523990,s,0.002477,0.000197,0.000197,mJy,Spectral Flux,3.28E+14,,,Hz,z,z_offset,slop,1,,,,,,,,,,,,,,
0.9911,d,0.41,0.12,0.12,mJy,Spectral Flux,9.70E+10,,,Hz,W,,slop,1,,,,,,,,,,,,,,
3.9911,d,0.35,0.19,0.19,mJy,Spectral Flux,9.70E+10,,,Hz,W,,slop,1,,,,,,,,,,,,,,
7.9911,d,0.2,0.09,0.09,mJy,Spectral Flux,9.70E+10,,,Hz,W,,slop,1,,,,,,,,,,,,,,
101.126,s,8.29E-08,9.21E-09,9.21E-09,erg cm-2 s-1,Integrated Flux,,7.25E+16,2.42E+18,Hz,xray,,slop,1,,,,,,,,,,,,,,
103.468,s,8.63E-08,9.57E-09,9.57E-09,erg cm-2 s-1,Integrated Flux,,7.25E+16,2.42E+18,Hz,xray,,slop,1,,,,,,,,,,,,,,
105.669,s,7.82E-08,8.63E-09,8.63E-09,erg cm-2 s-1,Integrated Flux,,7.25E+16,2.42E+18,Hz,xray,,slop,1,,,,,,,,,,,,,,
108.008,s,7.21E-08,8.10E-09,8.10E-09,erg cm-2 s-1,Integrated Flux,,7.25E+16,2.42E+18,Hz,xray,,slop,1,,,,,,,,,,,,,,
110.2913,s,1.05E-07,1.11E-08,1.11E-08,erg cm-2 s-1,Integrated Flux,,7.25E+16,2.42E+18,Hz,xray,,slop,1,,,,,,,,,,,,,,
112.599,s,6.81E-08,7.77E-09,7.77E-09,erg cm-2 s-1,Integrated Flux,,7.25E+16,2.42E+18,Hz,xray,,slop,1,,,,,,,,,,,,,,
114.935,s,7.96E-08,8.82E-09,8.82E-09,erg cm-2 s-1,Integrated Flux,,7.25E+16,2.42E+18,Hz,xray,,slop,1,,,,,,,,,,,,,,
117.513,s,8.65E-08,9.03E-09,9.03E-09,erg cm-2 s-1,Integrated Flux,,7.25E+16,2.42E+18,Hz,xray,,slop,1,,,,,,,,,,,,,,
120.421,s,6.24E-08,6.91E-09,6.91E-09,erg cm-2 s-1,Integrated Flux,,7.25E+16,2.42E+18,Hz,xray,,slop,1,,,,,,,,,,,,,,
123.218,s,7.14E-08,7.98E-09,7.98E-09,erg cm-2 s-1,Integrated Flux,,7.25E+16,2.42E+18,Hz,xray,,slop,1,,,,,,,,,,,,,,
126.046,s,6.33E-08,7.02E-09,7.02E-09,erg cm-2 s-1,Integrated Flux,,7.25E+16,2.42E+18,Hz,xray,,slop,1,,,,,,,,,,,,,,
129.098,s,5.40E-08,6.17E-09,6.17E-09,erg cm-2 s-1,Integrated Flux,,7.25E+16,2.42E+18,Hz,xray,,slop,1,,,,,,,,,,,,,,
132.139,s,7.11E-08,8.58E-09,8.58E-09,erg cm-2 s-1,Integrated Flux,,7.25E+16,2.42E+18,Hz,xray,,slop,1,,,,,,,,,,,,,,
134.743,s,7.16E-08,9.99E-09,9.99E-09,erg cm-2 s-1,Integrated Flux,,7.25E+16,2.42E+18,Hz,xray,,slop,1,,,,,,,,,,,,,,
137.746,s,5.75E-08,7.30E-09,7.30E-09,erg cm-2 s-1,Integrated Flux,,7.25E+16,2.42E+18,Hz,xray,,slop,1,,,,,,,,,,,,,,
141.15,s,6.25E-08,9.37E-09,9.37E-09,erg cm-2 s-1,Integrated Flux,,7.25E+16,2.42E+18,Hz,xray,,slop,1,,,,,,,,,,,,,,
144.307,s,5.37E-08,1.10E-08,1.10E-08,erg cm-2 s-1,Integrated Flux,,7.25E+16,2.42E+18,Hz,xray,,slop,1,,,,,,,,,,,,,,
148.189,s,4.77E-08,6.46E-09,6.46E-09,erg cm-2 s-1,Integrated Flux,,7.25E+16,2.42E+18,Hz,xray,,slop,1,,,,,,,,,,,,,,
151.997,s,4.30E-08,6.05E-09,6.05E-09,erg cm-2 s-1,Integrated Flux,,7.25E+16,2.42E+18,Hz,xray,,slop,1,,,,,,,,,,,,,,
154.5339,s,5.14E-08,5.52E-09,5.52E-09,erg cm-2 s-1,Integrated Flux,,7.25E+16,2.42E+18,Hz,xray,,slop,1,,,,,,,,,,,,,,
156.1921,s,4.94E-08,5.37E-09,5.37E-09,erg cm-2 s-1,Integrated Flux,,7.25E+16,2.42E+18,Hz,xray,,slop,1,,,,,,,,,,,,,,
158.0629,s,4.56E-08,5.04E-09,5.04E-09,erg cm-2 s-1,Integrated Flux,,7.25E+16,2.42E+18,Hz,xray,,slop,1,,,,,,,,,,,,,,
159.903,s,4.25E-08,4.60E-09,4.60E-09,erg cm-2 s-1,Integrated Flux,,7.25E+16,2.42E+18,Hz,xray,,slop,1,,,,,,,,,,,,,,
161.8255,s,4.90E-08,5.35E-09,5.35E-09,erg cm-2 s-1,Integrated Flux,,7.25E+16,2.42E+18,Hz,xray,,slop,1,,,,,,,,,,,,,,
163.757,s,4.14E-08,4.47E-09,4.47E-09,erg cm-2 s-1,Integrated Flux,,7.25E+16,2.42E+18,Hz,xray,,slop,1,,,,,,,,,,,,,,
165.6912,s,4.48E-08,4.84E-09,4.84E-09,erg cm-2 s-1,Integrated Flux,,7.25E+16,2.42E+18,Hz,xray,,slop,1,,,,,,,,,,,,,,
167.5707,s,4.64E-08,5.09E-09,5.09E-09,erg cm-2 s-1,Integrated Flux,,7.25E+16,2.42E+18,Hz,xray,,slop,1,,,,,,,,,,,,,,
169.581,s,3.97E-08,4.36E-09,4.36E-09,erg cm-2 s-1,Integrated Flux,,7.25E+16,2.42E+18,Hz,xray,,slop,1,,,,,,,,,,,,,,
171.4598,s,5.13E-08,5.70E-09,5.70E-09,erg cm-2 s-1,Integrated Flux,,7.25E+16,2.42E+18,Hz,xray,,slop,1,,,,,,,,,,,,,,
173.113,s,4.14E-08,4.49E-09,4.49E-09,erg cm-2 s-1,Integrated Flux,,7.25E+16,2.42E+18,Hz,xray,,slop,1,,,,,,,,,,,,,,
175.0332,s,3.31E-08,4.60E-09,4.60E-09,erg cm-2 s-1,Integrated Flux,,7.25E+16,2.42E+18,Hz,xray,,slop,1,,,,,,,,,,,,,,
176.842,s,4.10E-08,4.48E-09,4.48E-09,erg cm-2 s-1,Integrated Flux,,7.25E+16,2.42E+18,Hz,xray,,slop,1,,,,,,,,,,,,,,
178.606,s,4.32E-08,4.79E-09,4.79E-09,erg cm-2 s-1,Integrated Flux,,7.25E+16,2.42E+18,Hz,xray,,slop,1,,,,,,,,,,,,,,
180.2697,s,3.78E-08,4.94E-09,4.94E-09,erg cm-2 s-1,Integrated Flux,,7.25E+16,2.42E+18,Hz,xray,,slop,1,,,,,,,,,,,,,,
182.013,s,3.97E-08,4.51E-09,4.51E-09,erg cm-2 s-1,Integrated Flux,,7.25E+16,2.42E+18,Hz,xray,,slop,1,,,,,,,,,,,,,,
183.9158,s,4.67E-08,5.14E-09,5.14E-09,erg cm-2 s-1,Integrated Flux,,7.25E+16,2.42E+18,Hz,xray,,slop,1,,,,,,,,,,,,,,
185.792,s,3.56E-08,4.37E-09,4.37E-09,erg cm-2 s-1,Integrated Flux,,7.25E+16,2.42E+18,Hz,xray,,slop,1,,,,,,,,,,,,,,
187.6067,s,2.80E-08,3.94E-09,3.94E-09,erg cm-2 s-1,Integrated Flux,,7.25E+16,2.42E+18,Hz,xray,,slop,1,,,,,,,,,,,,,,
189.2292,s,3.57E-08,5.05E-09,5.05E-09,erg cm-2 s-1,Integrated Flux,,7.25E+16,2.42E+18,Hz,xray,,slop,1,,,,,,,,,,,,,,
191.0392,s,3.78E-08,4.51E-09,4.51E-09,erg cm-2 s-1,Integrated Flux,,7.25E+16,2.42E+18,Hz,xray,,slop,1,,,,,,,,,,,,,,
192.9141,s,3.06E-08,4.34E-09,4.34E-09,erg cm-2 s-1,Integrated Flux,,7.25E+16,2.42E+18,Hz,xray,,slop,1,,,,,,,,,,,,,,
194.5963,s,3.15E-08,4.13E-09,4.13E-09,erg cm-2 s-1,Integrated Flux,,7.25E+16,2.42E+18,Hz,xray,,slop,1,,,,,,,,,,,,,,
196.25,s,3.53E-08,4.76E-09,4.76E-09,erg cm-2 s-1,Integrated Flux,,7.25E+16,2.42E+18,Hz,xray,,slop,1,,,,,,,,,,,,,,
197.8749,s,3.43E-08,4.75E-09,4.75E-09,erg cm-2 s-1,Integrated Flux,,7.25E+16,2.42E+18,Hz,xray,,slop,1,,,,,,,,,,,,,,
199.6746,s,2.81E-08,3.80E-09,3.80E-09,erg cm-2 s-1,Integrated Flux,,7.25E+16,2.42E+18,Hz,xray,,slop,1,,,,,,,,,,,,,,
201.6237,s,3.53E-08,4.73E-09,4.73E-09,erg cm-2 s-1,Integrated Flux,,7.25E+16,2.42E+18,Hz,xray,,slop,1,,,,,,,,,,,,,,
203.3111,s,4.21E-08,4.85E-09,4.85E-09,erg cm-2 s-1,Integrated Flux,,7.25E+16,2.42E+18,Hz,xray,,slop,1,,,,,,,,,,,,,,
205.2469,s,3.53E-08,4.59E-09,4.59E-09,erg cm-2 s-1,Integrated Flux,,7.25E+16,2.42E+18,Hz,xray,,slop,1,,,,,,,,,,,,,,
206.9415,s,3.22E-08,4.37E-09,4.37E-09,erg cm-2 s-1,Integrated Flux,,7.25E+16,2.42E+18,Hz,xray,,slop,1,,,,,,,,,,,,,,
208.737,s,2.62E-08,3.46E-09,3.46E-09,erg cm-2 s-1,Integrated Flux,,7.25E+16,2.42E+18,Hz,xray,,slop,1,,,,,,,,,,,,,,
210.59,s,2.58E-08,3.44E-09,3.44E-09,erg cm-2 s-1,Integrated Flux,,7.25E+16,2.42E+18,Hz,xray,,slop,1,,,,,,,,,,,,,,
212.4756,s,3.80E-08,4.49E-09,4.49E-09,erg cm-2 s-1,Integrated Flux,,7.25E+16,2.42E+18,Hz,xray,,slop,1,,,,,,,,,,,,,,
214.2507,s,3.10E-08,4.11E-09,4.11E-09,erg cm-2 s-1,Integrated Flux,,7.25E+16,2.42E+18,Hz,xray,,slop,1,,,,,,,,,,,,,,
216.1525,s,3.66E-08,4.83E-09,4.83E-09,erg cm-2 s-1,Integrated Flux,,7.25E+16,2.42E+18,Hz,xray,,slop,1,,,,,,,,,,,,,,
218.168,s,2.38E-08,3.04E-09,3.04E-09,erg cm-2 s-1,Integrated Flux,,7.25E+16,2.42E+18,Hz,xray,,slop,1,,,,,,,,,,,,,,
220.0672,s,3.17E-08,4.25E-09,4.25E-09,erg cm-2 s-1,Integrated Flux,,7.25E+16,2.42E+18,Hz,xray,,slop,1,,,,,,,,,,,,,,
222.1338,s,2.95E-08,3.93E-09,3.93E-09,erg cm-2 s-1,Integrated Flux,,7.25E+16,2.42E+18,Hz,xray,,slop,1,,,,,,,,,,,,,,
224.4708,s,2.89E-08,3.94E-09,3.94E-09,erg cm-2 s-1,Integrated Flux,,7.25E+16,2.42E+18,Hz,xray,,slop,1,,,,,,,,,,,,,,
226.72,s,2.86E-08,3.70E-09,3.70E-09,erg cm-2 s-1,Integrated Flux,,7.25E+16,2.42E+18,Hz,xray,,slop,1,,,,,,,,,,,,,,
228.898,s,2.32E-08,3.31E-09,3.31E-09,erg cm-2 s-1,Integrated Flux,,7.25E+16,2.42E+18,Hz,xray,,slop,1,,,,,,,,,,,,,,
230.799,s,3.18E-08,4.26E-09,4.26E-09,erg cm-2 s-1,Integrated Flux,,7.25E+16,2.42E+18,Hz,xray,,slop,1,,,,,,,,,,,,,,
232.694,s,2.29E-08,3.03E-09,3.03E-09,erg cm-2 s-1,Integrated Flux,,7.25E+16,2.42E+18,Hz,xray,,slop,1,,,,,,,,,,,,,,
234.611,s,2.50E-08,3.33E-09,3.33E-09,erg cm-2 s-1,Integrated Flux,,7.25E+16,2.42E+18,Hz,xray,,slop,1,,,,,,,,,,,,,,
236.891,s,2.41E-08,3.35E-09,3.35E-09,erg cm-2 s-1,Integrated Flux,,7.25E+16,2.42E+18,Hz,xray,,slop,1,,,,,,,,,,,,,,
238.876,s,2.70E-08,3.53E-09,3.53E-09,erg cm-2 s-1,Integrated Flux,,7.25E+16,2.42E+18,Hz,xray,,slop,1,,,,,,,,,,,,,,
240.884,s,2.72E-08,3.48E-09,3.48E-09,erg cm-2 s-1,Integrated Flux,,7.25E+16,2.42E+18,Hz,xray,,slop,1,,,,,,,,,,,,,,
243.201,s,3.20E-08,4.16E-09,4.16E-09,erg cm-2 s-1,Integrated Flux,,7.25E+16,2.42E+18,Hz,xray,,slop,1,,,,,,,,,,,,,,
245.39,s,2.61E-08,3.48E-09,3.48E-09,erg cm-2 s-1,Integrated Flux,,7.25E+16,2.42E+18,Hz,xray,,slop,1,,,,,,,,,,,,,,
247.944,s,2.46E-08,3.23E-09,3.23E-09,erg cm-2 s-1,Integrated Flux,,7.25E+16,2.42E+18,Hz,xray,,slop,1,,,,,,,,,,,,,,
250.145,s,2.66E-08,3.48E-09,3.48E-09,erg cm-2 s-1,Integrated Flux,,7.25E+16,2.42E+18,Hz,xray,,slop,1,,,,,,,,,,,,,,
252.416,s,2.57E-08,3.36E-09,3.36E-09,erg cm-2 s-1,Integrated Flux,,7.25E+16,2.42E+18,Hz,xray,,slop,1,,,,,,,,,,,,,,
254.682,s,2.28E-08,3.08E-09,3.08E-09,erg cm-2 s-1,Integrated Flux,,7.25E+16,2.42E+18,Hz,xray,,slop,1,,,,,,,,,,,,,,
256.947,s,2.63E-08,3.47E-09,3.47E-09,erg cm-2 s-1,Integrated Flux,,7.25E+16,2.42E+18,Hz,xray,,slop,1,,,,,,,,,,,,,,
259.393,s,2.25E-08,3.02E-09,3.02E-09,erg cm-2 s-1,Integrated Flux,,7.25E+16,2.42E+18,Hz,xray,,slop,1,,,,,,,,,,,,,,
262.014,s,2.38E-08,3.20E-09,3.20E-09,erg cm-2 s-1,Integrated Flux,,7.25E+16,2.42E+18,Hz,xray,,slop,1,,,,,,,,,,,,,,
264.729,s,1.74E-08,2.48E-09,2.48E-09,erg cm-2 s-1,Integrated Flux,,7.25E+16,2.42E+18,Hz,xray,,slop,1,,,,,,,,,,,,,,
267.178,s,2.27E-08,3.00E-09,3.00E-09,erg cm-2 s-1,Integrated Flux,,7.25E+16,2.42E+18,Hz,xray,,slop,1,,,,,,,,,,,,,,
269.67,s,2.29E-08,3.10E-09,3.10E-09,erg cm-2 s-1,Integrated Flux,,7.25E+16,2.42E+18,Hz,xray,,slop,1,,,,,,,,,,,,,,
271.881,s,2.52E-08,3.36E-09,3.36E-09,erg cm-2 s-1,Integrated Flux,,7.25E+16,2.42E+18,Hz,xray,,slop,1,,,,,,,,,,,,,,
274.288,s,1.80E-08,2.42E-09,2.42E-09,erg cm-2 s-1,Integrated Flux,,7.25E+16,2.42E+18,Hz,xray,,slop,1,,,,,,,,,,,,,,
277.156,s,1.91E-08,2.56E-09,2.56E-09,erg cm-2 s-1,Integrated Flux,,7.25E+16,2.42E+18,Hz,xray,,slop,1,,,,,,,,,,,,,,
279.748,s,2.29E-08,2.98E-09,2.98E-09,erg cm-2 s-1,Integrated Flux,,7.25E+16,2.42E+18,Hz,xray,,slop,1,,,,,,,,,,,,,,
282.937,s,1.83E-08,2.50E-09,2.50E-09,erg cm-2 s-1,Integrated Flux,,7.25E+16,2.42E+18,Hz,xray,,slop,1,,,,,,,,,,,,,,
285.56,s,2.05E-08,2.66E-09,2.66E-09,erg cm-2 s-1,Integrated Flux,,7.25E+16,2.42E+18,Hz,xray,,slop,1,,,,,,,,,,,,,,
288.331,s,1.67E-08,2.29E-09,2.29E-09,erg cm-2 s-1,Integrated Flux,,7.25E+16,2.42E+18,Hz,xray,,slop,1,,,,,,,,,,,,,,
291.116,s,1.69E-08,2.18E-09,2.18E-09,erg cm-2 s-1,Integrated Flux,,7.25E+16,2.42E+18,Hz,xray,,slop,1,,,,,,,,,,,,,,
292.5346,s,1.80E-08,2.22E-09,2.22E-09,erg cm-2 s-1,Integrated Flux,,7.25E+16,2.42E+18,Hz,xray,,slop,1,,,,,,,,,,,,,,
293.6507,s,1.89E-08,2.29E-09,2.29E-09,erg cm-2 s-1,Integrated Flux,,7.25E+16,2.42E+18,Hz,xray,,slop,1,,,,,,,,,,,,,,
294.8924,s,1.95E-08,2.46E-09,2.46E-09,erg cm-2 s-1,Integrated Flux,,7.25E+16,2.42E+18,Hz,xray,,slop,1,,,,,,,,,,,,,,
296.061,s,1.64E-08,2.16E-09,2.16E-09,erg cm-2 s-1,Integrated Flux,,7.25E+16,2.42E+18,Hz,xray,,slop,1,,,,,,,,,,,,,,
297.351,s,1.73E-08,2.16E-09,2.16E-09,erg cm-2 s-1,Integrated Flux,,7.25E+16,2.42E+18,Hz,xray,,slop,1,,,,,,,,,,,,,,
298.655,s,1.85E-08,2.29E-09,2.29E-09,erg cm-2 s-1,Integrated Flux,,7.25E+16,2.42E+18,Hz,xray,,slop,1,,,,,,,,,,,,,,
299.7632,s,1.76E-08,2.18E-09,2.18E-09,erg cm-2 s-1,Integrated Flux,,7.25E+16,2.42E+18,Hz,xray,,slop,1,,,,,,,,,,,,,,
300.8288,s,2.60E-08,3.00E-09,3.00E-09,erg cm-2 s-1,Integrated Flux,,7.25E+16,2.42E+18,Hz,xray,,slop,1,,,,,,,,,,,,,,
301.9296,s,1.89E-08,2.41E-09,2.41E-09,erg cm-2 s-1,Integrated Flux,,7.25E+16,2.42E+18,Hz,xray,,slop,1,,,,,,,,,,,,,,
302.9921,s,1.98E-08,2.54E-09,2.54E-09,erg cm-2 s-1,Integrated Flux,,7.25E+16,2.42E+18,Hz,xray,,slop,1,,,,,,,,,,,,,,
304.0763,s,1.91E-08,2.41E-09,2.41E-09,erg cm-2 s-1,Integrated Flux,,7.25E+16,2.42E+18,Hz,xray,,slop,1,,,,,,,,,,,,,,
305.2613,s,2.18E-08,2.71E-09,2.71E-09,erg cm-2 s-1,Integrated Flux,,7.25E+16,2.42E+18,Hz,xray,,slop,1,,,,,,,,,,,,,,
306.5337,s,2.11E-08,2.75E-09,2.75E-09,erg cm-2 s-1,Integrated Flux,,7.25E+16,2.42E+18,Hz,xray,,slop,1,,,,,,,,,,,,,,
307.7107,s,2.59E-08,3.00E-09,3.00E-09,erg cm-2 s-1,Integrated Flux,,7.25E+16,2.42E+18,Hz,xray,,slop,1,,,,,,,,,,,,,,
308.8116,s,2.64E-08,3.00E-09,3.00E-09,erg cm-2 s-1,Integrated Flux,,7.25E+16,2.42E+18,Hz,xray,,slop,1,,,,,,,,,,,,,,
309.9145,s,1.71E-08,2.12E-09,2.12E-09,erg cm-2 s-1,Integrated Flux,,7.25E+16,2.42E+18,Hz,xray,,slop,1,,,,,,,,,,,,,,
311.0342,s,2.52E-08,2.95E-09,2.95E-09,erg cm-2 s-1,Integrated Flux,,7.25E+16,2.42E+18,Hz,xray,,slop,1,,,,,,,,,,,,,,
312.1728,s,1.52E-08,1.94E-09,1.94E-09,erg cm-2 s-1,Integrated Flux,,7.25E+16,2.42E+18,Hz,xray,,slop,1,,,,,,,,,,,,,,
313.5514,s,1.47E-08,1.83E-09,1.83E-09,erg cm-2 s-1,Integrated Flux,,7.25E+16,2.42E+18,Hz,xray,,slop,1,,,,,,,,,,,,,,
314.8233,s,1.56E-08,1.95E-09,1.95E-09,erg cm-2 s-1,Integrated Flux,,7.25E+16,2.42E+18,Hz,xray,,slop,1,,,,,,,,,,,,,,
316.0411,s,1.83E-08,2.38E-09,2.38E-09,erg cm-2 s-1,Integrated Flux,,7.25E+16,2.42E+18,Hz,xray,,slop,1,,,,,,,,,,,,,,
317.2413,s,1.65E-08,2.13E-09,2.13E-09,erg cm-2 s-1,Integrated Flux,,7.25E+16,2.42E+18,Hz,xray,,slop,1,,,,,,,,,,,,,,
318.5656,s,1.61E-08,2.01E-09,2.01E-09,erg cm-2 s-1,Integrated Flux,,7.25E+16,2.42E+18,Hz,xray,,slop,1,,,,,,,,,,,,,,
320.0156,s,1.68E-08,2.09E-09,2.09E-09,erg cm-2 s-1,Integrated Flux,,7.25E+16,2.42E+18,Hz,xray,,slop,1,,,,,,,,,,,,,,
321.4326,s,1.58E-08,2.01E-09,2.01E-09,erg cm-2 s-1,Integrated Flux,,7.25E+16,2.42E+18,Hz,xray,,slop,1,,,,,,,,,,,,,,
322.7076,s,1.54E-08,1.96E-09,1.96E-09,erg cm-2 s-1,Integrated Flux,,7.25E+16,2.42E+18,Hz,xray,,slop,1,,,,,,,,,,,,,,
324.0954,s,1.51E-08,1.91E-09,1.91E-09,erg cm-2 s-1,Integrated Flux,,7.25E+16,2.42E+18,Hz,xray,,slop,1,,,,,,,,,,,,,,
325.5095,s,1.40E-08,1.77E-09,1.77E-09,erg cm-2 s-1,Integrated Flux,,7.25E+16,2.42E+18,Hz,xray,,slop,1,,,,,,,,,,,,,,
326.9269,s,2.10E-08,2.61E-09,2.61E-09,erg cm-2 s-1,Integrated Flux,,7.25E+16,2.42E+18,Hz,xray,,slop,1,,,,,,,,,,,,,,
328.1913,s,1.37E-08,1.74E-09,1.74E-09,erg cm-2 s-1,Integrated Flux,,7.25E+16,2.42E+18,Hz,xray,,slop,1,,,,,,,,,,,,,,
329.5032,s,2.01E-08,2.46E-09,2.46E-09,erg cm-2 s-1,Integrated Flux,,7.25E+16,2.42E+18,Hz,xray,,slop,1,,,,,,,,,,,,,,
330.8792,s,1.41E-08,1.77E-09,1.77E-09,erg cm-2 s-1,Integrated Flux,,7.25E+16,2.42E+18,Hz,xray,,slop,1,,,,,,,,,,,,,,
332.2827,s,1.58E-08,2.02E-09,2.02E-09,erg cm-2 s-1,Integrated Flux,,7.25E+16,2.42E+18,Hz,xray,,slop,1,,,,,,,,,,,,,,
333.7322,s,1.45E-08,1.84E-09,1.84E-09,erg cm-2 s-1,Integrated Flux,,7.25E+16,2.42E+18,Hz,xray,,slop,1,,,,,,,,,,,,,,
335.2482,s,1.38E-08,1.78E-09,1.78E-09,erg cm-2 s-1,Integrated Flux,,7.25E+16,2.42E+18,Hz,xray,,slop,1,,,,,,,,,,,,,,
336.6085,s,1.83E-08,2.24E-09,2.24E-09,erg cm-2 s-1,Integrated Flux,,7.25E+16,2.42E+18,Hz,xray,,slop,1,,,,,,,,,,,,,,
337.8944,s,1.61E-08,2.02E-09,2.02E-09,erg cm-2 s-1,Integrated Flux,,7.25E+16,2.42E+18,Hz,xray,,slop,1,,,,,,,,,,,,,,
339.2041,s,1.59E-08,2.07E-09,2.07E-09,erg cm-2 s-1,Integrated Flux,,7.25E+16,2.42E+18,Hz,xray,,slop,1,,,,,,,,,,,,,,
340.5566,s,1.71E-08,2.23E-09,2.23E-09,erg cm-2 s-1,Integrated Flux,,7.25E+16,2.42E+18,Hz,xray,,slop,1,,,,,,,,,,,,,,
341.8988,s,1.75E-08,2.20E-09,2.20E-09,erg cm-2 s-1,Integrated Flux,,7.25E+16,2.42E+18,Hz,xray,,slop,1,,,,,,,,,,,,,,
343.16,s,1.55E-08,1.94E-09,1.94E-09,erg cm-2 s-1,Integrated Flux,,7.25E+16,2.42E+18,Hz,xray,,slop,1,,,,,,,,,,,,,,
344.6214,s,1.62E-08,1.99E-09,1.99E-09,erg cm-2 s-1,Integrated Flux,,7.25E+16,2.42E+18,Hz,xray,,slop,1,,,,,,,,,,,,,,
346.0147,s,1.55E-08,1.96E-09,1.96E-09,erg cm-2 s-1,Integrated Flux,,7.25E+16,2.42E+18,Hz,xray,,slop,1,,,,,,,,,,,,,,
347.4169,s,1.56E-08,1.95E-09,1.95E-09,erg cm-2 s-1,Integrated Flux,,7.25E+16,2.42E+18,Hz,xray,,slop,1,,,,,,,,,,,,,,
348.6928,s,1.83E-08,2.26E-09,2.26E-09,erg cm-2 s-1,Integrated Flux,,7.25E+16,2.42E+18,Hz,xray,,slop,1,,,,,,,,,,,,,,
349.9296,s,1.65E-08,2.08E-09,2.08E-09,erg cm-2 s-1,Integrated Flux,,7.25E+16,2.42E+18,Hz,xray,,slop,1,,,,,,,,,,,,,,
351.2648,s,1.71E-08,2.18E-09,2.18E-09,erg cm-2 s-1,Integrated Flux,,7.25E+16,2.42E+18,Hz,xray,,slop,1,,,,,,,,,,,,,,
352.5478,s,1.56E-08,1.99E-09,1.99E-09,erg cm-2 s-1,Integrated Flux,,7.25E+16,2.42E+18,Hz,xray,,slop,1,,,,,,,,,,,,,,
353.8317,s,1.84E-08,2.24E-09,2.24E-09,erg cm-2 s-1,Integrated Flux,,7.25E+16,2.42E+18,Hz,xray,,slop,1,,,,,,,,,,,,,,
355.1923,s,1.50E-08,1.86E-09,1.86E-09,erg cm-2 s-1,Integrated Flux,,7.25E+16,2.42E+18,Hz,xray,,slop,1,,,,,,,,,,,,,,
356.5769,s,2.04E-08,2.54E-09,2.54E-09,erg cm-2 s-1,Integrated Flux,,7.25E+16,2.42E+18,Hz,xray,,slop,1,,,,,,,,,,,,,,
357.8151,s,1.76E-08,2.27E-09,2.27E-09,erg cm-2 s-1,Integrated Flux,,7.25E+16,2.42E+18,Hz,xray,,slop,1,,,,,,,,,,,,,,
359.1225,s,1.96E-08,2.45E-09,2.45E-09,erg cm-2 s-1,Integrated Flux,,7.25E+16,2.42E+18,Hz,xray,,slop,1,,,,,,,,,,,,,,
360.3469,s,1.85E-08,2.33E-09,2.33E-09,erg cm-2 s-1,Integrated Flux,,7.25E+16,2.42E+18,Hz,xray,,slop,1,,,,,,,,,,,,,,
361.6741,s,1.45E-08,1.82E-09,1.82E-09,erg cm-2 s-1,Integrated Flux,,7.25E+16,2.42E+18,Hz,xray,,slop,1,,,,,,,,,,,,,,
363.2605,s,1.24E-08,1.58E-09,1.58E-09,erg cm-2 s-1,Integrated Flux,,7.25E+16,2.42E+18,Hz,xray,,slop,1,,,,,,,,,,,,,,
364.8071,s,1.31E-08,1.67E-09,1.67E-09,erg cm-2 s-1,Integrated Flux,,7.25E+16,2.42E+18,Hz,xray,,slop,1,,,,,,,,,,,,,,
366.3695,s,1.25E-08,1.59E-09,1.59E-09,erg cm-2 s-1,Integrated Flux,,7.25E+16,2.42E+18,Hz,xray,,slop,1,,,,,,,,,,,,,,
368.0351,s,1.29E-08,1.64E-09,1.64E-09,erg cm-2 s-1,Integrated Flux,,7.25E+16,2.42E+18,Hz,xray,,slop,1,,,,,,,,,,,,,,
369.7118,s,1.15E-08,1.48E-09,1.48E-09,erg cm-2 s-1,Integrated Flux,,7.25E+16,2.42E+18,Hz,xray,,slop,1,,,,,,,,,,,,,,
371.4375,s,1.20E-08,1.53E-09,1.53E-09,erg cm-2 s-1,Integrated Flux,,7.25E+16,2.42E+18,Hz,xray,,slop,1,,,,,,,,,,,,,,
373.0031,s,1.18E-08,1.51E-09,1.51E-09,erg cm-2 s-1,Integrated Flux,,7.25E+16,2.42E+18,Hz,xray,,slop,1,,,,,,,,,,,,,,
374.7138,s,1.34E-08,1.73E-09,1.73E-09,erg cm-2 s-1,Integrated Flux,,7.25E+16,2.42E+18,Hz,xray,,slop,1,,,,,,,,,,,,,,
376.4067,s,1.36E-08,1.68E-09,1.68E-09,erg cm-2 s-1,Integrated Flux,,7.25E+16,2.42E+18,Hz,xray,,slop,1,,,,,,,,,,,,,,
378.0926,s,1.57E-08,1.94E-09,1.94E-09,erg cm-2 s-1,Integrated Flux,,7.25E+16,2.42E+18,Hz,xray,,slop,1,,,,,,,,,,,,,,
379.7854,s,1.44E-08,1.79E-09,1.79E-09,erg cm-2 s-1,Integrated Flux,,7.25E+16,2.42E+18,Hz,xray,,slop,1,,,,,,,,,,,,,,
381.3697,s,1.30E-08,1.67E-09,1.67E-09,erg cm-2 s-1,Integrated Flux,,7.25E+16,2.42E+18,Hz,xray,,slop,1,,,,,,,,,,,,,,
382.9745,s,1.25E-08,1.60E-09,1.60E-09,erg cm-2 s-1,Integrated Flux,,7.25E+16,2.42E+18,Hz,xray,,slop,1,,,,,,,,,,,,,,
384.8726,s,1.16E-08,1.45E-09,1.45E-09,erg cm-2 s-1,Integrated Flux,,7.25E+16,2.42E+18,Hz,xray,,slop,1,,,,,,,,,,,,,,
386.7565,s,1.28E-08,1.63E-09,1.63E-09,erg cm-2 s-1,Integrated Flux,,7.25E+16,2.42E+18,Hz,xray,,slop,1,,,,,,,,,,,,,,
388.6343,s,1.23E-08,1.56E-09,1.56E-09,erg cm-2 s-1,Integrated Flux,,7.25E+16,2.42E+18,Hz,xray,,slop,1,,,,,,,,,,,,,,
390.3681,s,1.09E-08,1.39E-09,1.39E-09,erg cm-2 s-1,Integrated Flux,,7.25E+16,2.42E+18,Hz,xray,,slop,1,,,,,,,,,,,,,,
392.2321,s,1.15E-08,1.54E-09,1.54E-09,erg cm-2 s-1,Integrated Flux,,7.25E+16,2.42E+18,Hz,xray,,slop,1,,,,,,,,,,,,,,
394.0453,s,1.25E-08,1.59E-09,1.59E-09,erg cm-2 s-1,Integrated Flux,,7.25E+16,2.42E+18,Hz,xray,,slop,1,,,,,,,,,,,,,,
395.9173,s,1.24E-08,1.58E-09,1.58E-09,erg cm-2 s-1,Integrated Flux,,7.25E+16,2.42E+18,Hz,xray,,slop,1,,,,,,,,,,,,,,
397.498,s,1.08E-08,1.35E-09,1.35E-09,erg cm-2 s-1,Integrated Flux,,7.25E+16,2.42E+18,Hz,xray,,slop,1,,,,,,,,,,,,,,
399.1529,s,1.75E-08,2.19E-09,2.19E-09,erg cm-2 s-1,Integrated Flux,,7.25E+16,2.42E+18,Hz,xray,,slop,1,,,,,,,,,,,,,,
400.7084,s,1.30E-08,1.57E-09,1.57E-09,erg cm-2 s-1,Integrated Flux,,7.25E+16,2.42E+18,Hz,xray,,slop,1,,,,,,,,,,,,,,
402.3874,s,1.20E-08,1.53E-09,1.53E-09,erg cm-2 s-1,Integrated Flux,,7.25E+16,2.42E+18,Hz,xray,,slop,1,,,,,,,,,,,,,,
404.2298,s,1.32E-08,1.64E-09,1.64E-09,erg cm-2 s-1,Integrated Flux,,7.25E+16,2.42E+18,Hz,xray,,slop,1,,,,,,,,,,,,,,
405.9998,s,1.38E-08,1.77E-09,1.77E-09,erg cm-2 s-1,Integrated Flux,,7.25E+16,2.42E+18,Hz,xray,,slop,1,,,,,,,,,,,,,,
407.7736,s,1.19E-08,1.53E-09,1.53E-09,erg cm-2 s-1,Integrated Flux,,7.25E+16,2.42E+18,Hz,xray,,slop,1,,,,,,,,,,,,,,
409.2829,s,1.46E-08,1.83E-09,1.83E-09,erg cm-2 s-1,Integrated Flux,,7.25E+16,2.42E+18,Hz,xray,,slop,1,,,,,,,,,,,,,,
410.8295,s,1.40E-08,1.80E-09,1.80E-09,erg cm-2 s-1,Integrated Flux,,7.25E+16,2.42E+18,Hz,xray,,slop,1,,,,,,,,,,,,,,
412.3212,s,1.46E-08,1.89E-09,1.89E-09,erg cm-2 s-1,Integrated Flux,,7.25E+16,2.42E+18,Hz,xray,,slop,1,,,,,,,,,,,,,,
414.155,s,9.62E-09,1.23E-09,1.23E-09,erg cm-2 s-1,Integrated Flux,,7.25E+16,2.42E+18,Hz,xray,,slop,1,,,,,,,,,,,,,,
416.161,s,9.32E-09,1.23E-09,1.23E-09,erg cm-2 s-1,Integrated Flux,,7.25E+16,2.42E+18,Hz,xray,,slop,1,,,,,,,,,,,,,,
418.2736,s,1.16E-08,1.44E-09,1.44E-09,erg cm-2 s-1,Integrated Flux,,7.25E+16,2.42E+18,Hz,xray,,slop,1,,,,,,,,,,,,,,
420.1791,s,1.18E-08,1.50E-09,1.50E-09,erg cm-2 s-1,Integrated Flux,,7.25E+16,2.42E+18,Hz,xray,,slop,1,,,,,,,,,,,,,,
422.383,s,8.90E-09,1.15E-09,1.15E-09,erg cm-2 s-1,Integrated Flux,,7.25E+16,2.42E+18,Hz,xray,,slop,1,,,,,,,,,,,,,,
424.436,s,1.10E-08,1.35E-09,1.35E-09,erg cm-2 s-1,Integrated Flux,,7.25E+16,2.42E+18,Hz,xray,,slop,1,,,,,,,,,,,,,,
426.297,s,9.77E-09,1.22E-09,1.22E-09,erg cm-2 s-1,Integrated Flux,,7.25E+16,2.42E+18,Hz,xray,,slop,1,,,,,,,,,,,,,,
428.593,s,1.05E-08,1.31E-09,1.31E-09,erg cm-2 s-1,Integrated Flux,,7.25E+16,2.42E+18,Hz,xray,,slop,1,,,,,,,,,,,,,,
430.742,s,8.09E-09,1.03E-09,1.03E-09,erg cm-2 s-1,Integrated Flux,,7.25E+16,2.42E+18,Hz,xray,,slop,1,,,,,,,,,,,,,,
433.1655,s,1.09E-08,1.38E-09,1.38E-09,erg cm-2 s-1,Integrated Flux,,7.25E+16,2.42E+18,Hz,xray,,slop,1,,,,,,,,,,,,,,
434.8818,s,1.24E-08,1.60E-09,1.60E-09,erg cm-2 s-1,Integrated Flux,,7.25E+16,2.42E+18,Hz,xray,,slop,1,,,,,,,,,,,,,,
436.6261,s,1.38E-08,1.76E-09,1.76E-09,erg cm-2 s-1,Integrated Flux,,7.25E+16,2.42E+18,Hz,xray,,slop,1,,,,,,,,,,,,,,
438.2577,s,1.16E-08,1.48E-09,1.48E-09,erg cm-2 s-1,Integrated Flux,,7.25E+16,2.42E+18,Hz,xray,,slop,1,,,,,,,,,,,,,,
440.0578,s,1.11E-08,1.44E-09,1.44E-09,erg cm-2 s-1,Integrated Flux,,7.25E+16,2.42E+18,Hz,xray,,slop,1,,,,,,,,,,,,,,
442.214,s,1.03E-08,1.34E-09,1.34E-09,erg cm-2 s-1,Integrated Flux,,7.25E+16,2.42E+18,Hz,xray,,slop,1,,,,,,,,,,,,,,
444.601,s,9.66E-09,1.23E-09,1.23E-09,erg cm-2 s-1,Integrated Flux,,7.25E+16,2.42E+18,Hz,xray,,slop,1,,,,,,,,,,,,,,
446.811,s,9.37E-09,1.22E-09,1.22E-09,erg cm-2 s-1,Integrated Flux,,7.25E+16,2.42E+18,Hz,xray,,slop,1,,,,,,,,,,,,,,
448.931,s,9.51E-09,1.20E-09,1.20E-09,erg cm-2 s-1,Integrated Flux,,7.25E+16,2.42E+18,Hz,xray,,slop,1,,,,,,,,,,,,,,
451.326,s,8.26E-09,1.03E-09,1.03E-09,erg cm-2 s-1,Integrated Flux,,7.25E+16,2.42E+18,Hz,xray,,slop,1,,,,,,,,,,,,,,
453.5545,s,1.23E-08,1.53E-09,1.53E-09,erg cm-2 s-1,Integrated Flux,,7.25E+16,2.42E+18,Hz,xray,,slop,1,,,,,,,,,,,,,,
455.427,s,9.41E-09,1.18E-09,1.18E-09,erg cm-2 s-1,Integrated Flux,,7.25E+16,2.42E+18,Hz,xray,,slop,1,,,,,,,,,,,,,,
457.4131,s,1.13E-08,1.44E-09,1.44E-09,erg cm-2 s-1,Integrated Flux,,7.25E+16,2.42E+18,Hz,xray,,slop,1,,,,,,,,,,,,,,
459.741,s,9.34E-09,1.15E-09,1.15E-09,erg cm-2 s-1,Integrated Flux,,7.25E+16,2.42E+18,Hz,xray,,slop,1,,,,,,,,,,,,,,
462.055,s,9.87E-09,1.23E-09,1.23E-09,erg cm-2 s-1,Integrated Flux,,7.25E+16,2.42E+18,Hz,xray,,slop,1,,,,,,,,,,,,,,
464.545,s,8.97E-09,1.13E-09,1.13E-09,erg cm-2 s-1,Integrated Flux,,7.25E+16,2.42E+18,Hz,xray,,slop,1,,,,,,,,,,,,,,
467.009,s,8.97E-09,1.16E-09,1.16E-09,erg cm-2 s-1,Integrated Flux,,7.25E+16,2.42E+18,Hz,xray,,slop,1,,,,,,,,,,,,,,
469.502,s,8.96E-09,1.17E-09,1.17E-09,erg cm-2 s-1,Integrated Flux,,7.25E+16,2.42E+18,Hz,xray,,slop,1,,,,,,,,,,,,,,
471.764,s,8.96E-09,1.11E-09,1.11E-09,erg cm-2 s-1,Integrated Flux,,7.25E+16,2.42E+18,Hz,xray,,slop,1,,,,,,,,,,,,,,
474.136,s,9.12E-09,1.14E-09,1.14E-09,erg cm-2 s-1,Integrated Flux,,7.25E+16,2.42E+18,Hz,xray,,slop,1,,,,,,,,,,,,,,
476.332,s,8.53E-09,1.11E-09,1.11E-09,erg cm-2 s-1,Integrated Flux,,7.25E+16,2.42E+18,Hz,xray,,slop,1,,,,,,,,,,,,,,
478.73,s,8.06E-09,1.01E-09,1.01E-09,erg cm-2 s-1,Integrated Flux,,7.25E+16,2.42E+18,Hz,xray,,slop,1,,,,,,,,,,,,,,
480.9295,s,1.29E-08,1.60E-09,1.60E-09,erg cm-2 s-1,Integrated Flux,,7.25E+16,2.42E+18,Hz,xray,,slop,1,,,,,,,,,,,,,,
483.251,s,1.04E-08,1.27E-09,1.27E-09,erg cm-2 s-1,Integrated Flux,,7.25E+16,2.42E+18,Hz,xray,,slop,1,,,,,,,,,,,,,,
485.335,s,9.16E-09,1.16E-09,1.16E-09,erg cm-2 s-1,Integrated Flux,,7.25E+16,2.42E+18,Hz,xray,,slop,1,,,,,,,,,,,,,,
487.613,s,1.02E-08,1.25E-09,1.25E-09,erg cm-2 s-1,Integrated Flux,,7.25E+16,2.42E+18,Hz,xray,,slop,1,,,,,,,,,,,,,,
489.986,s,7.43E-09,9.58E-10,9.58E-10,erg cm-2 s-1,Integrated Flux,,7.25E+16,2.42E+18,Hz,xray,,slop,1,,,,,,,,,,,,,,
492.2053,s,1.14E-08,1.47E-09,1.47E-09,erg cm-2 s-1,Integrated Flux,,7.25E+16,2.42E+18,Hz,xray,,slop,1,,,,,,,,,,,,,,
494.0708,s,1.21E-08,1.56E-09,1.56E-09,erg cm-2 s-1,Integrated Flux,,7.25E+16,2.42E+18,Hz,xray,,slop,1,,,,,,,,,,,,,,
496.427,s,8.57E-09,1.09E-09,1.09E-09,erg cm-2 s-1,Integrated Flux,,7.25E+16,2.42E+18,Hz,xray,,slop,1,,,,,,,,,,,,,,
498.457,s,1.09E-08,1.37E-09,1.37E-09,erg cm-2 s-1,Integrated Flux,,7.25E+16,2.42E+18,Hz,xray,,slop,1,,,,,,,,,,,,,,
500.504,s,9.72E-09,1.20E-09,1.20E-09,erg cm-2 s-1,Integrated Flux,,7.25E+16,2.42E+18,Hz,xray,,slop,1,,,,,,,,,,,,,,
502.854,s,8.31E-09,1.05E-09,1.05E-09,erg cm-2 s-1,Integrated Flux,,7.25E+16,2.42E+18,Hz,xray,,slop,1,,,,,,,,,,,,,,
505.176,s,8.71E-09,1.13E-09,1.13E-09,erg cm-2 s-1,Integrated Flux,,7.25E+16,2.42E+18,Hz,xray,,slop,1,,,,,,,,,,,,,,
507.312,s,9.29E-09,1.18E-09,1.18E-09,erg cm-2 s-1,Integrated Flux,,7.25E+16,2.42E+18,Hz,xray,,slop,1,,,,,,,,,,,,,,
509.2016,s,9.41E-09,1.19E-09,1.19E-09,erg cm-2 s-1,Integrated Flux,,7.25E+16,2.42E+18,Hz,xray,,slop,1,,,,,,,,,,,,,,
510.8701,s,1.08E-08,1.35E-09,1.35E-09,erg cm-2 s-1,Integrated Flux,,7.25E+16,2.42E+18,Hz,xray,,slop,1,,,,,,,,,,,,,,
512.5685,s,1.18E-08,1.48E-09,1.48E-09,erg cm-2 s-1,Integrated Flux,,7.25E+16,2.42E+18,Hz,xray,,slop,1,,,,,,,,,,,,,,
514.0823,s,1.03E-08,1.26E-09,1.26E-09,erg cm-2 s-1,Integrated Flux,,7.25E+16,2.42E+18,Hz,xray,,slop,1,,,,,,,,,,,,,,
515.9596,s,9.64E-09,1.19E-09,1.19E-09,erg cm-2 s-1,Integrated Flux,,7.25E+16,2.42E+18,Hz,xray,,slop,1,,,,,,,,,,,,,,
517.986,s,7.30E-09,9.25E-10,9.25E-10,erg cm-2 s-1,Integrated Flux,,7.25E+16,2.42E+18,Hz,xray,,slop,1,,,,,,,,,,,,,,
519.7296,s,9.40E-09,1.16E-09,1.16E-09,erg cm-2 s-1,Integrated Flux,,7.25E+16,2.42E+18,Hz,xray,,slop,1,,,,,,,,,,,,,,
521.475,s,1.22E-08,1.52E-09,1.52E-09,erg cm-2 s-1,Integrated Flux,,7.25E+16,2.42E+18,Hz,xray,,slop,1,,,,,,,,,,,,,,
523.1377,s,1.06E-08,1.33E-09,1.33E-09,erg cm-2 s-1,Integrated Flux,,7.25E+16,2.42E+18,Hz,xray,,slop,1,,,,,,,,,,,,,,
524.6936,s,8.51E-09,1.04E-09,1.04E-09,erg cm-2 s-1,Integrated Flux,,7.25E+16,2.42E+18,Hz,xray,,slop,1,,,,,,,,,,,,,,
526.4496,s,1.06E-08,1.31E-09,1.31E-09,erg cm-2 s-1,Integrated Flux,,7.25E+16,2.42E+18,Hz,xray,,slop,1,,,,,,,,,,,,,,
528.5043,s,8.99E-09,1.16E-09,1.16E-09,erg cm-2 s-1,Integrated Flux,,7.25E+16,2.42E+18,Hz,xray,,slop,1,,,,,,,,,,,,,,
530.2895,s,9.35E-09,1.20E-09,1.20E-09,erg cm-2 s-1,Integrated Flux,,7.25E+16,2.42E+18,Hz,xray,,slop,1,,,,,,,,,,,,,,
532.2262,s,8.50E-09,1.05E-09,1.05E-09,erg cm-2 s-1,Integrated Flux,,7.25E+16,2.42E+18,Hz,xray,,slop,1,,,,,,,,,,,,,,
534.054,s,7.99E-09,1.02E-09,1.02E-09,erg cm-2 s-1,Integrated Flux,,7.25E+16,2.42E+18,Hz,xray,,slop,1,,,,,,,,,,,,,,
535.7704,s,9.41E-09,1.21E-09,1.21E-09,erg cm-2 s-1,Integrated Flux,,7.25E+16,2.42E+18,Hz,xray,,slop,1,,,,,,,,,,,,,,
537.6503,s,9.52E-09,1.19E-09,1.19E-09,erg cm-2 s-1,Integrated Flux,,7.25E+16,2.42E+18,Hz,xray,,slop,1,,,,,,,,,,,,,,
539.318,s,8.02E-09,9.93E-10,9.93E-10,erg cm-2 s-1,Integrated Flux,,7.25E+16,2.42E+18,Hz,xray,,slop,1,,,,,,,,,,,,,,
541.4088,s,9.61E-09,1.22E-09,1.22E-09,erg cm-2 s-1,Integrated Flux,,7.25E+16,2.42E+18,Hz,xray,,slop,1,,,,,,,,,,,,,,
543.242,s,6.64E-09,8.61E-10,8.61E-10,erg cm-2 s-1,Integrated Flux,,7.25E+16,2.42E+18,Hz,xray,,slop,1,,,,,,,,,,,,,,
545.4713,s,8.43E-09,1.07E-09,1.07E-09,erg cm-2 s-1,Integrated Flux,,7.25E+16,2.42E+18,Hz,xray,,slop,1,,,,,,,,,,,,,,
547.1947,s,9.72E-09,1.20E-09,1.20E-09,erg cm-2 s-1,Integrated Flux,,7.25E+16,2.42E+18,Hz,xray,,slop,1,,,,,,,,,,,,,,
548.9769,s,9.40E-09,1.15E-09,1.15E-09,erg cm-2 s-1,Integrated Flux,,7.25E+16,2.42E+18,Hz,xray,,slop,1,,,,,,,,,,,,,,
550.953,s,7.56E-09,9.47E-10,9.47E-10,erg cm-2 s-1,Integrated Flux,,7.25E+16,2.42E+18,Hz,xray,,slop,1,,,,,,,,,,,,,,
553.096,s,8.97E-09,1.12E-09,1.12E-09,erg cm-2 s-1,Integrated Flux,,7.25E+16,2.42E+18,Hz,xray,,slop,1,,,,,,,,,,,,,,
554.861,s,7.99E-09,1.01E-09,1.01E-09,erg cm-2 s-1,Integrated Flux,,7.25E+16,2.42E+18,Hz,xray,,slop,1,,,,,,,,,,,,,,
556.919,s,8.28E-09,1.04E-09,1.04E-09,erg cm-2 s-1,Integrated Flux,,7.25E+16,2.42E+18,Hz,xray,,slop,1,,,,,,,,,,,,,,
558.834,s,7.99E-09,1.01E-09,1.01E-09,erg cm-2 s-1,Integrated Flux,,7.25E+16,2.42E+18,Hz,xray,,slop,1,,,,,,,,,,,,,,
560.738,s,7.85E-09,1.01E-09,1.01E-09,erg cm-2 s-1,Integrated Flux,,7.25E+16,2.42E+18,Hz,xray,,slop,1,,,,,,,,,,,,,,
562.8442,s,9.52E-09,1.19E-09,1.19E-09,erg cm-2 s-1,Integrated Flux,,7.25E+16,2.42E+18,Hz,xray,,slop,1,,,,,,,,,,,,,,
564.5535,s,1.04E-08,1.29E-09,1.29E-09,erg cm-2 s-1,Integrated Flux,,7.25E+16,2.42E+18,Hz,xray,,slop,1,,,,,,,,,,,,,,
566.675,s,7.48E-09,9.37E-10,9.37E-10,erg cm-2 s-1,Integrated Flux,,7.25E+16,2.42E+18,Hz,xray,,slop,1,,,,,,,,,,,,,,
568.6623,s,9.02E-09,1.12E-09,1.12E-09,erg cm-2 s-1,Integrated Flux,,7.25E+16,2.42E+18,Hz,xray,,slop,1,,,,,,,,,,,,,,
570.851,s,7.09E-09,9.62E-10,9.62E-10,erg cm-2 s-1,Integrated Flux,,7.25E+16,2.42E+18,Hz,xray,,slop,1,,,,,,,,,,,,,,
572.813,s,7.81E-09,9.78E-10,9.78E-10,erg cm-2 s-1,Integrated Flux,,7.25E+16,2.42E+18,Hz,xray,,slop,1,,,,,,,,,,,,,,
574.905,s,8.20E-09,1.01E-09,1.01E-09,erg cm-2 s-1,Integrated Flux,,7.25E+16,2.42E+18,Hz,xray,,slop,1,,,,,,,,,,,,,,
577.014,s,7.31E-09,9.37E-10,9.37E-10,erg cm-2 s-1,Integrated Flux,,7.25E+16,2.42E+18,Hz,xray,,slop,1,,,,,,,,,,,,,,
579.181,s,8.00E-09,9.90E-10,9.90E-10,erg cm-2 s-1,Integrated Flux,,7.25E+16,2.42E+18,Hz,xray,,slop,1,,,,,,,,,,,,,,
581.224,s,7.36E-09,9.22E-10,9.22E-10,erg cm-2 s-1,Integrated Flux,,7.25E+16,2.42E+18,Hz,xray,,slop,1,,,,,,,,,,,,,,
583.489,s,7.32E-09,9.16E-10,9.16E-10,erg cm-2 s-1,Integrated Flux,,7.25E+16,2.42E+18,Hz,xray,,slop,1,,,,,,,,,,,,,,
585.5728,s,9.04E-09,1.11E-09,1.11E-09,erg cm-2 s-1,Integrated Flux,,7.25E+16,2.42E+18,Hz,xray,,slop,1,,,,,,,,,,,,,,
587.5701,s,9.47E-09,1.20E-09,1.20E-09,erg cm-2 s-1,Integrated Flux,,7.25E+16,2.42E+18,Hz,xray,,slop,1,,,,,,,,,,,,,,
589.873,s,7.59E-09,9.40E-10,9.40E-10,erg cm-2 s-1,Integrated Flux,,7.25E+16,2.42E+18,Hz,xray,,slop,1,,,,,,,,,,,,,,
592.015,s,7.21E-09,9.06E-10,9.06E-10,erg cm-2 s-1,Integrated Flux,,7.25E+16,2.42E+18,Hz,xray,,slop,1,,,,,,,,,,,,,,
594.0983,s,9.78E-09,1.22E-09,1.22E-09,erg cm-2 s-1,Integrated Flux,,7.25E+16,2.42E+18,Hz,xray,,slop,1,,,,,,,,,,,,,,
595.989,s,7.55E-09,9.36E-10,9.36E-10,erg cm-2 s-1,Integrated Flux,,7.25E+16,2.42E+18,Hz,xray,,slop,1,,,,,,,,,,,,,,
598.034,s,8.02E-09,1.01E-09,1.01E-09,erg cm-2 s-1,Integrated Flux,,7.25E+16,2.42E+18,Hz,xray,,slop,1,,,,,,,,,,,,,,
600.068,s,8.27E-09,1.05E-09,1.05E-09,erg cm-2 s-1,Integrated Flux,,7.25E+16,2.42E+18,Hz,xray,,slop,1,,,,,,,,,,,,,,
602.054,s,7.61E-09,9.43E-10,9.43E-10,erg cm-2 s-1,Integrated Flux,,7.25E+16,2.42E+18,Hz,xray,,slop,1,,,,,,,,,,,,,,
604.327,s,4.67E-09,6.12E-10,6.12E-10,erg cm-2 s-1,Integrated Flux,,7.25E+16,2.42E+18,Hz,xray,,slop,1,,,,,,,,,,,,,,
606.917,s,8.15E-09,1.02E-09,1.02E-09,erg cm-2 s-1,Integrated Flux,,7.25E+16,2.42E+18,Hz,xray,,slop,1,,,,,,,,,,,,,,
609.1383,s,8.42E-09,1.10E-09,1.10E-09,erg cm-2 s-1,Integrated Flux,,7.25E+16,2.42E+18,Hz,xray,,slop,1,,,,,,,,,,,,,,
611.1466,s,8.42E-09,1.04E-09,1.04E-09,erg cm-2 s-1,Integrated Flux,,7.25E+16,2.42E+18,Hz,xray,,slop,1,,,,,,,,,,,,,,
613.22,s,6.89E-09,8.47E-10,8.47E-10,erg cm-2 s-1,Integrated Flux,,7.25E+16,2.42E+18,Hz,xray,,slop,1,,,,,,,,,,,,,,
615.527,s,7.69E-09,9.52E-10,9.52E-10,erg cm-2 s-1,Integrated Flux,,7.25E+16,2.42E+18,Hz,xray,,slop,1,,,,,,,,,,,,,,
618.134,s,6.59E-09,8.07E-10,8.07E-10,erg cm-2 s-1,Integrated Flux,,7.25E+16,2.42E+18,Hz,xray,,slop,1,,,,,,,,,,,,,,
620.2114,s,8.51E-09,1.07E-09,1.07E-09,erg cm-2 s-1,Integrated Flux,,7.25E+16,2.42E+18,Hz,xray,,slop,1,,,,,,,,,,,,,,
622.307,s,6.88E-09,8.71E-10,8.71E-10,erg cm-2 s-1,Integrated Flux,,7.25E+16,2.42E+18,Hz,xray,,slop,1,,,,,,,,,,,,,,
624.437,s,7.40E-09,9.59E-10,9.59E-10,erg cm-2 s-1,Integrated Flux,,7.25E+16,2.42E+18,Hz,xray,,slop,1,,,,,,,,,,,,,,
626.795,s,5.64E-09,7.14E-10,7.14E-10,erg cm-2 s-1,Integrated Flux,,7.25E+16,2.42E+18,Hz,xray,,slop,1,,,,,,,,,,,,,,
628.989,s,5.99E-09,7.94E-10,7.94E-10,erg cm-2 s-1,Integrated Flux,,7.25E+16,2.42E+18,Hz,xray,,slop,1,,,,,,,,,,,,,,
631.554,s,7.88E-09,9.87E-10,9.87E-10,erg cm-2 s-1,Integrated Flux,,7.25E+16,2.42E+18,Hz,xray,,slop,1,,,,,,,,,,,,,,
633.624,s,7.50E-09,9.39E-10,9.39E-10,erg cm-2 s-1,Integrated Flux,,7.25E+16,2.42E+18,Hz,xray,,slop,1,,,,,,,,,,,,,,
635.816,s,6.44E-09,8.16E-10,8.16E-10,erg cm-2 s-1,Integrated Flux,,7.25E+16,2.42E+18,Hz,xray,,slop,1,,,,,,,,,,,,,,
638.226,s,7.41E-09,9.39E-10,9.39E-10,erg cm-2 s-1,Integrated Flux,,7.25E+16,2.42E+18,Hz,xray,,slop,1,,,,,,,,,,,,,,
640.605,s,7.30E-09,9.04E-10,9.04E-10,erg cm-2 s-1,Integrated Flux,,7.25E+16,2.42E+18,Hz,xray,,slop,1,,,,,,,,,,,,,,
643.137,s,6.10E-09,7.50E-10,7.50E-10,erg cm-2 s-1,Integrated Flux,,7.25E+16,2.42E+18,Hz,xray,,slop,1,,,,,,,,,,,,,,
645.499,s,7.24E-09,9.07E-10,9.07E-10,erg cm-2 s-1,Integrated Flux,,7.25E+16,2.42E+18,Hz,xray,,slop,1,,,,,,,,,,,,,,
647.82,s,6.34E-09,7.85E-10,7.85E-10,erg cm-2 s-1,Integrated Flux,,7.25E+16,2.42E+18,Hz,xray,,slop,1,,,,,,,,,,,,,,
650.309,s,7.52E-09,9.63E-10,9.63E-10,erg cm-2 s-1,Integrated Flux,,7.25E+16,2.42E+18,Hz,xray,,slop,1,,,,,,,,,,,,,,
652.428,s,6.79E-09,8.70E-10,8.70E-10,erg cm-2 s-1,Integrated Flux,,7.25E+16,2.42E+18,Hz,xray,,slop,1,,,,,,,,,,,,,,
655.003,s,7.58E-09,9.60E-10,9.60E-10,erg cm-2 s-1,Integrated Flux,,7.25E+16,2.42E+18,Hz,xray,,slop,1,,,,,,,,,,,,,,
657.379,s,7.18E-09,8.89E-10,8.89E-10,erg cm-2 s-1,Integrated Flux,,7.25E+16,2.42E+18,Hz,xray,,slop,1,,,,,,,,,,,,,,
659.553,s,7.31E-09,8.95E-10,8.95E-10,erg cm-2 s-1,Integrated Flux,,7.25E+16,2.42E+18,Hz,xray,,slop,1,,,,,,,,,,,,,,
661.828,s,8.08E-09,1.01E-09,1.01E-09,erg cm-2 s-1,Integrated Flux,,7.25E+16,2.42E+18,Hz,xray,,slop,1,,,,,,,,,,,,,,
664.061,s,6.94E-09,8.70E-10,8.70E-10,erg cm-2 s-1,Integrated Flux,,7.25E+16,2.42E+18,Hz,xray,,slop,1,,,,,,,,,,,,,,
666.359,s,6.55E-09,8.30E-10,8.30E-10,erg cm-2 s-1,Integrated Flux,,7.25E+16,2.42E+18,Hz,xray,,slop,1,,,,,,,,,,,,,,
668.773,s,5.81E-09,7.36E-10,7.36E-10,erg cm-2 s-1,Integrated Flux,,7.25E+16,2.42E+18,Hz,xray,,slop,1,,,,,,,,,,,,,,
671.629,s,6.06E-09,7.59E-10,7.59E-10,erg cm-2 s-1,Integrated Flux,,7.25E+16,2.42E+18,Hz,xray,,slop,1,,,,,,,,,,,,,,
674.458,s,7.03E-09,8.90E-10,8.90E-10,erg cm-2 s-1,Integrated Flux,,7.25E+16,2.42E+18,Hz,xray,,slop,1,,,,,,,,,,,,,,
677.093,s,6.32E-09,8.19E-10,8.19E-10,erg cm-2 s-1,Integrated Flux,,7.25E+16,2.42E+18,Hz,xray,,slop,1,,,,,,,,,,,,,,
679.518,s,6.41E-09,7.94E-10,7.94E-10,erg cm-2 s-1,Integrated Flux,,7.25E+16,2.42E+18,Hz,xray,,slop,1,,,,,,,,,,,,,,
681.821,s,7.34E-09,9.09E-10,9.09E-10,erg cm-2 s-1,Integrated Flux,,7.25E+16,2.42E+18,Hz,xray,,slop,1,,,,,,,,,,,,,,
684.319,s,5.82E-09,7.46E-10,7.46E-10,erg cm-2 s-1,Integrated Flux,,7.25E+16,2.42E+18,Hz,xray,,slop,1,,,,,,,,,,,,,,
687.189,s,6.32E-09,7.92E-10,7.92E-10,erg cm-2 s-1,Integrated Flux,,7.25E+16,2.42E+18,Hz,xray,,slop,1,,,,,,,,,,,,,,
689.4814,s,9.32E-09,1.17E-09,1.17E-09,erg cm-2 s-1,Integrated Flux,,7.25E+16,2.42E+18,Hz,xray,,slop,1,,,,,,,,,,,,,,
691.886,s,7.10E-09,8.89E-10,8.89E-10,erg cm-2 s-1,Integrated Flux,,7.25E+16,2.42E+18,Hz,xray,,slop,1,,,,,,,,,,,,,,
694.341,s,5.61E-09,7.27E-10,7.27E-10,erg cm-2 s-1,Integrated Flux,,7.25E+16,2.42E+18,Hz,xray,,slop,1,,,,,,,,,,,,,,
696.958,s,6.73E-09,8.34E-10,8.34E-10,erg cm-2 s-1,Integrated Flux,,7.25E+16,2.42E+18,Hz,xray,,slop,1,,,,,,,,,,,,,,
699.461,s,5.09E-09,6.45E-10,6.45E-10,erg cm-2 s-1,Integrated Flux,,7.25E+16,2.42E+18,Hz,xray,,slop,1,,,,,,,,,,,,,,
702.067,s,7.73E-09,9.68E-10,9.68E-10,erg cm-2 s-1,Integrated Flux,,7.25E+16,2.42E+18,Hz,xray,,slop,1,,,,,,,,,,,,,,
704.615,s,5.71E-09,7.15E-10,7.15E-10,erg cm-2 s-1,Integrated Flux,,7.25E+16,2.42E+18,Hz,xray,,slop,1,,,,,,,,,,,,,,
707.344,s,6.26E-09,8.02E-10,8.02E-10,erg cm-2 s-1,Integrated Flux,,7.25E+16,2.42E+18,Hz,xray,,slop,1,,,,,,,,,,,,,,
710.298,s,4.89E-09,6.27E-10,6.27E-10,erg cm-2 s-1,Integrated Flux,,7.25E+16,2.42E+18,Hz,xray,,slop,1,,,,,,,,,,,,,,
713.002,s,6.30E-09,7.72E-10,7.72E-10,erg cm-2 s-1,Integrated Flux,,7.25E+16,2.42E+18,Hz,xray,,slop,1,,,,,,,,,,,,,,
715.668,s,6.73E-09,8.44E-10,8.44E-10,erg cm-2 s-1,Integrated Flux,,7.25E+16,2.42E+18,Hz,xray,,slop,1,,,,,,,,,,,,,,
718.368,s,4.94E-09,6.05E-10,6.05E-10,erg cm-2 s-1,Integrated Flux,,7.25E+16,2.42E+18,Hz,xray,,slop,1,,,,,,,,,,,,,,
721.185,s,6.23E-09,7.81E-10,7.81E-10,erg cm-2 s-1,Integrated Flux,,7.25E+16,2.42E+18,Hz,xray,,slop,1,,,,,,,,,,,,,,
724.019,s,5.85E-09,7.17E-10,7.17E-10,erg cm-2 s-1,Integrated Flux,,7.25E+16,2.42E+18,Hz,xray,,slop,1,,,,,,,,,,,,,,
726.876,s,6.54E-09,8.01E-10,8.01E-10,erg cm-2 s-1,Integrated Flux,,7.25E+16,2.42E+18,Hz,xray,,slop,1,,,,,,,,,,,,,,
729.584,s,6.28E-09,8.08E-10,8.08E-10,erg cm-2 s-1,Integrated Flux,,7.25E+16,2.42E+18,Hz,xray,,slop,1,,,,,,,,,,,,,,
732.415,s,5.19E-09,6.43E-10,6.43E-10,erg cm-2 s-1,Integrated Flux,,7.25E+16,2.42E+18,Hz,xray,,slop,1,,,,,,,,,,,,,,
735.231,s,6.52E-09,7.98E-10,7.98E-10,erg cm-2 s-1,Integrated Flux,,7.25E+16,2.42E+18,Hz,xray,,slop,1,,,,,,,,,,,,,,
738.429,s,6.59E-09,8.16E-10,8.16E-10,erg cm-2 s-1,Integrated Flux,,7.25E+16,2.42E+18,Hz,xray,,slop,1,,,,,,,,,,,,,,
741.455,s,6.82E-09,8.45E-10,8.45E-10,erg cm-2 s-1,Integrated Flux,,7.25E+16,2.42E+18,Hz,xray,,slop,1,,,,,,,,,,,,,,
744.175,s,5.32E-09,6.89E-10,6.89E-10,erg cm-2 s-1,Integrated Flux,,7.25E+16,2.42E+18,Hz,xray,,slop,1,,,,,,,,,,,,,,
746.907,s,6.06E-09,7.68E-10,7.68E-10,erg cm-2 s-1,Integrated Flux,,7.25E+16,2.42E+18,Hz,xray,,slop,1,,,,,,,,,,,,,,
749.608,s,7.08E-09,8.67E-10,8.67E-10,erg cm-2 s-1,Integrated Flux,,7.25E+16,2.42E+18,Hz,xray,,slop,1,,,,,,,,,,,,,,
752.373,s,5.46E-09,6.84E-10,6.84E-10,erg cm-2 s-1,Integrated Flux,,7.25E+16,2.42E+18,Hz,xray,,slop,1,,,,,,,,,,,,,,
755.591,s,4.81E-09,5.95E-10,5.95E-10,erg cm-2 s-1,Integrated Flux,,7.25E+16,2.42E+18,Hz,xray,,slop,1,,,,,,,,,,,,,,
758.535,s,5.82E-09,7.21E-10,7.21E-10,erg cm-2 s-1,Integrated Flux,,7.25E+16,2.42E+18,Hz,xray,,slop,1,,,,,,,,,,,,,,
761.124,s,5.65E-09,7.16E-10,7.16E-10,erg cm-2 s-1,Integrated Flux,,7.25E+16,2.42E+18,Hz,xray,,slop,1,,,,,,,,,,,,,,
764.063,s,6.80E-09,8.33E-10,8.33E-10,erg cm-2 s-1,Integrated Flux,,7.25E+16,2.42E+18,Hz,xray,,slop,1,,,,,,,,,,,,,,
766.626,s,5.05E-09,6.27E-10,6.27E-10,erg cm-2 s-1,Integrated Flux,,7.25E+16,2.42E+18,Hz,xray,,slop,1,,,,,,,,,,,,,,
769.467,s,5.63E-09,7.13E-10,7.13E-10,erg cm-2 s-1,Integrated Flux,,7.25E+16,2.42E+18,Hz,xray,,slop,1,,,,,,,,,,,,,,
772.775,s,5.15E-09,6.67E-10,6.67E-10,erg cm-2 s-1,Integrated Flux,,7.25E+16,2.42E+18,Hz,xray,,slop,1,,,,,,,,,,,,,,
775.497,s,5.78E-09,7.16E-10,7.16E-10,erg cm-2 s-1,Integrated Flux,,7.25E+16,2.42E+18,Hz,xray,,slop,1,,,,,,,,,,,,,,
778.774,s,5.42E-09,6.72E-10,6.72E-10,erg cm-2 s-1,Integrated Flux,,7.25E+16,2.42E+18,Hz,xray,,slop,1,,,,,,,,,,,,,,
782.03,s,4.79E-09,6.30E-10,6.30E-10,erg cm-2 s-1,Integrated Flux,,7.25E+16,2.42E+18,Hz,xray,,slop,1,,,,,,,,,,,,,,
785.079,s,6.40E-09,8.02E-10,8.02E-10,erg cm-2 s-1,Integrated Flux,,7.25E+16,2.42E+18,Hz,xray,,slop,1,,,,,,,,,,,,,,
788.23,s,5.30E-09,6.71E-10,6.71E-10,erg cm-2 s-1,Integrated Flux,,7.25E+16,2.42E+18,Hz,xray,,slop,1,,,,,,,,,,,,,,
791.359,s,5.63E-09,7.13E-10,7.13E-10,erg cm-2 s-1,Integrated Flux,,7.25E+16,2.42E+18,Hz,xray,,slop,1,,,,,,,,,,,,,,
794.433,s,4.79E-09,6.21E-10,6.21E-10,erg cm-2 s-1,Integrated Flux,,7.25E+16,2.42E+18,Hz,xray,,slop,1,,,,,,,,,,,,,,
797.714,s,4.69E-09,6.00E-10,6.00E-10,erg cm-2 s-1,Integrated Flux,,7.25E+16,2.42E+18,Hz,xray,,slop,1,,,,,,,,,,,,,,
800.943,s,5.27E-09,6.60E-10,6.60E-10,erg cm-2 s-1,Integrated Flux,,7.25E+16,2.42E+18,Hz,xray,,slop,1,,,,,,,,,,,,,,
804.121,s,4.95E-09,6.20E-10,6.20E-10,erg cm-2 s-1,Integrated Flux,,7.25E+16,2.42E+18,Hz,xray,,slop,1,,,,,,,,,,,,,,
807.046,s,6.69E-09,8.48E-10,8.48E-10,erg cm-2 s-1,Integrated Flux,,7.25E+16,2.42E+18,Hz,xray,,slop,1,,,,,,,,,,,,,,
810.178,s,4.77E-09,6.19E-10,6.19E-10,erg cm-2 s-1,Integrated Flux,,7.25E+16,2.42E+18,Hz,xray,,slop,1,,,,,,,,,,,,,,
812.5308,s,6.18E-09,7.56E-10,7.56E-10,erg cm-2 s-1,Integrated Flux,,7.25E+16,2.42E+18,Hz,xray,,slop,1,,,,,,,,,,,,,,
813.6486,s,4.91E-09,6.08E-10,6.08E-10,erg cm-2 s-1,Integrated Flux,,7.25E+16,2.42E+18,Hz,xray,,slop,1,,,,,,,,,,,,,,
814.9325,s,4.04E-09,5.60E-10,5.60E-10,erg cm-2 s-1,Integrated Flux,,7.25E+16,2.42E+18,Hz,xray,,slop,1,,,,,,,,,,,,,,
816.2006,s,4.80E-09,5.94E-10,5.94E-10,erg cm-2 s-1,Integrated Flux,,7.25E+16,2.42E+18,Hz,xray,,slop,1,,,,,,,,,,,,,,
817.3878,s,5.33E-09,6.68E-10,6.68E-10,erg cm-2 s-1,Integrated Flux,,7.25E+16,2.42E+18,Hz,xray,,slop,1,,,,,,,,,,,,,,
818.6193,s,4.49E-09,5.49E-10,5.49E-10,erg cm-2 s-1,Integrated Flux,,7.25E+16,2.42E+18,Hz,xray,,slop,1,,,,,,,,,,,,,,
819.8622,s,4.73E-09,5.93E-10,5.93E-10,erg cm-2 s-1,Integrated Flux,,7.25E+16,2.42E+18,Hz,xray,,slop,1,,,,,,,,,,,,,,
821.1613,s,4.28E-09,5.57E-10,5.57E-10,erg cm-2 s-1,Integrated Flux,,7.25E+16,2.42E+18,Hz,xray,,slop,1,,,,,,,,,,,,,,
822.3954,s,5.07E-09,6.36E-10,6.36E-10,erg cm-2 s-1,Integrated Flux,,7.25E+16,2.42E+18,Hz,xray,,slop,1,,,,,,,,,,,,,,
823.7783,s,4.64E-09,5.70E-10,5.70E-10,erg cm-2 s-1,Integrated Flux,,7.25E+16,2.42E+18,Hz,xray,,slop,1,,,,,,,,,,,,,,
824.9963,s,5.42E-09,6.71E-10,6.71E-10,erg cm-2 s-1,Integrated Flux,,7.25E+16,2.42E+18,Hz,xray,,slop,1,,,,,,,,,,,,,,
826.1221,s,4.56E-09,5.65E-10,5.65E-10,erg cm-2 s-1,Integrated Flux,,7.25E+16,2.42E+18,Hz,xray,,slop,1,,,,,,,,,,,,,,
827.3826,s,3.94E-09,5.98E-10,5.98E-10,erg cm-2 s-1,Integrated Flux,,7.25E+16,2.42E+18,Hz,xray,,slop,1,,,,,,,,,,,,,,
828.6011,s,5.11E-09,6.32E-10,6.32E-10,erg cm-2 s-1,Integrated Flux,,7.25E+16,2.42E+18,Hz,xray,,slop,1,,,,,,,,,,,,,,
829.8801,s,5.02E-09,6.14E-10,6.14E-10,erg cm-2 s-1,Integrated Flux,,7.25E+16,2.42E+18,Hz,xray,,slop,1,,,,,,,,,,,,,,
831.0633,s,6.35E-09,7.63E-10,7.63E-10,erg cm-2 s-1,Integrated Flux,,7.25E+16,2.42E+18,Hz,xray,,slop,1,,,,,,,,,,,,,,
832.2006,s,5.52E-09,6.84E-10,6.84E-10,erg cm-2 s-1,Integrated Flux,,7.25E+16,2.42E+18,Hz,xray,,slop,1,,,,,,,,,,,,,,
833.4475,s,4.90E-09,6.07E-10,6.07E-10,erg cm-2 s-1,Integrated Flux,,7.25E+16,2.42E+18,Hz,xray,,slop,1,,,,,,,,,,,,,,
834.7122,s,4.74E-09,5.80E-10,5.80E-10,erg cm-2 s-1,Integrated Flux,,7.25E+16,2.42E+18,Hz,xray,,slop,1,,,,,,,,,,,,,,
835.8956,s,5.03E-09,6.23E-10,6.23E-10,erg cm-2 s-1,Integrated Flux,,7.25E+16,2.42E+18,Hz,xray,,slop,1,,,,,,,,,,,,,,
837.1095,s,3.63E-09,5.62E-10,5.62E-10,erg cm-2 s-1,Integrated Flux,,7.25E+16,2.42E+18,Hz,xray,,slop,1,,,,,,,,,,,,,,
838.2339,s,3.63E-09,5.41E-10,5.41E-10,erg cm-2 s-1,Integrated Flux,,7.25E+16,2.42E+18,Hz,xray,,slop,1,,,,,,,,,,,,,,
839.4304,s,5.86E-09,7.16E-10,7.16E-10,erg cm-2 s-1,Integrated Flux,,7.25E+16,2.42E+18,Hz,xray,,slop,1,,,,,,,,,,,,,,
840.4988,s,3.72E-09,5.76E-10,5.76E-10,erg cm-2 s-1,Integrated Flux,,7.25E+16,2.42E+18,Hz,xray,,slop,1,,,,,,,,,,,,,,
841.5877,s,5.47E-09,6.68E-10,6.68E-10,erg cm-2 s-1,Integrated Flux,,7.25E+16,2.42E+18,Hz,xray,,slop,1,,,,,,,,,,,,,,
842.8648,s,5.25E-09,6.50E-10,6.50E-10,erg cm-2 s-1,Integrated Flux,,7.25E+16,2.42E+18,Hz,xray,,slop,1,,,,,,,,,,,,,,
844.0391,s,4.57E-09,5.66E-10,5.66E-10,erg cm-2 s-1,Integrated Flux,,7.25E+16,2.42E+18,Hz,xray,,slop,1,,,,,,,,,,,,,,
845.343,s,3.90E-09,5.97E-10,5.97E-10,erg cm-2 s-1,Integrated Flux,,7.25E+16,2.42E+18,Hz,xray,,slop,1,,,,,,,,,,,,,,
846.5766,s,4.93E-09,6.10E-10,6.10E-10,erg cm-2 s-1,Integrated Flux,,7.25E+16,2.42E+18,Hz,xray,,slop,1,,,,,,,,,,,,,,
847.6596,s,4.77E-09,5.83E-10,5.83E-10,erg cm-2 s-1,Integrated Flux,,7.25E+16,2.42E+18,Hz,xray,,slop,1,,,,,,,,,,,,,,
848.9892,s,3.97E-09,5.40E-10,5.40E-10,erg cm-2 s-1,Integrated Flux,,7.25E+16,2.42E+18,Hz,xray,,slop,1,,,,,,,,,,,,,,
850.3289,s,3.98E-09,5.61E-10,5.61E-10,erg cm-2 s-1,Integrated Flux,,7.25E+16,2.42E+18,Hz,xray,,slop,1,,,,,,,,,,,,,,
851.4289,s,4.42E-09,5.54E-10,5.54E-10,erg cm-2 s-1,Integrated Flux,,7.25E+16,2.42E+18,Hz,xray,,slop,1,,,,,,,,,,,,,,
852.754,s,4.69E-09,5.88E-10,5.88E-10,erg cm-2 s-1,Integrated Flux,,7.25E+16,2.42E+18,Hz,xray,,slop,1,,,,,,,,,,,,,,
854.0873,s,4.56E-09,5.67E-10,5.67E-10,erg cm-2 s-1,Integrated Flux,,7.25E+16,2.42E+18,Hz,xray,,slop,1,,,,,,,,,,,,,,
855.3439,s,4.70E-09,5.75E-10,5.75E-10,erg cm-2 s-1,Integrated Flux,,7.25E+16,2.42E+18,Hz,xray,,slop,1,,,,,,,,,,,,,,
856.6605,s,4.15E-09,5.20E-10,5.20E-10,erg cm-2 s-1,Integrated Flux,,7.25E+16,2.42E+18,Hz,xray,,slop,1,,,,,,,,,,,,,,
858.0932,s,4.81E-09,5.87E-10,5.87E-10,erg cm-2 s-1,Integrated Flux,,7.25E+16,2.42E+18,Hz,xray,,slop,1,,,,,,,,,,,,,,
859.4308,s,3.81E-09,4.73E-10,4.73E-10,erg cm-2 s-1,Integrated Flux,,7.25E+16,2.42E+18,Hz,xray,,slop,1,,,,,,,,,,,,,,
860.7867,s,4.58E-09,5.67E-10,5.67E-10,erg cm-2 s-1,Integrated Flux,,7.25E+16,2.42E+18,Hz,xray,,slop,1,,,,,,,,,,,,,,
862.0829,s,5.11E-09,6.24E-10,6.24E-10,erg cm-2 s-1,Integrated Flux,,7.25E+16,2.42E+18,Hz,xray,,slop,1,,,,,,,,,,,,,,
863.4278,s,3.46E-09,5.16E-10,5.16E-10,erg cm-2 s-1,Integrated Flux,,7.25E+16,2.42E+18,Hz,xray,,slop,1,,,,,,,,,,,,,,
864.5822,s,6.28E-09,7.60E-10,7.60E-10,erg cm-2 s-1,Integrated Flux,,7.25E+16,2.42E+18,Hz,xray,,slop,1,,,,,,,,,,,,,,
865.837,s,4.51E-09,5.51E-10,5.51E-10,erg cm-2 s-1,Integrated Flux,,7.25E+16,2.42E+18,Hz,xray,,slop,1,,,,,,,,,,,,,,
867.1747,s,4.52E-09,5.66E-10,5.66E-10,erg cm-2 s-1,Integrated Flux,,7.25E+16,2.42E+18,Hz,xray,,slop,1,,,,,,,,,,,,,,
868.5203,s,3.83E-09,5.71E-10,5.71E-10,erg cm-2 s-1,Integrated Flux,,7.25E+16,2.42E+18,Hz,xray,,slop,1,,,,,,,,,,,,,,
869.5504,s,5.02E-09,6.14E-10,6.14E-10,erg cm-2 s-1,Integrated Flux,,7.25E+16,2.42E+18,Hz,xray,,slop,1,,,,,,,,,,,,,,
870.6968,s,3.92E-09,5.85E-10,5.85E-10,erg cm-2 s-1,Integrated Flux,,7.25E+16,2.42E+18,Hz,xray,,slop,1,,,,,,,,,,,,,,
871.9764,s,4.50E-09,5.46E-10,5.46E-10,erg cm-2 s-1,Integrated Flux,,7.25E+16,2.42E+18,Hz,xray,,slop,1,,,,,,,,,,,,,,
873.3436,s,4.27E-09,5.18E-10,5.18E-10,erg cm-2 s-1,Integrated Flux,,7.25E+16,2.42E+18,Hz,xray,,slop,1,,,,,,,,,,,,,,
874.7292,s,4.23E-09,5.17E-10,5.17E-10,erg cm-2 s-1,Integrated Flux,,7.25E+16,2.42E+18,Hz,xray,,slop,1,,,,,,,,,,,,,,
875.9062,s,5.01E-09,6.12E-10,6.12E-10,erg cm-2 s-1,Integrated Flux,,7.25E+16,2.42E+18,Hz,xray,,slop,1,,,,,,,,,,,,,,
877.1308,s,5.04E-09,6.16E-10,6.16E-10,erg cm-2 s-1,Integrated Flux,,7.25E+16,2.42E+18,Hz,xray,,slop,1,,,,,,,,,,,,,,
878.3294,s,4.50E-09,5.50E-10,5.50E-10,erg cm-2 s-1,Integrated Flux,,7.25E+16,2.42E+18,Hz,xray,,slop,1,,,,,,,,,,,,,,
879.7073,s,4.63E-09,5.66E-10,5.66E-10,erg cm-2 s-1,Integrated Flux,,7.25E+16,2.42E+18,Hz,xray,,slop,1,,,,,,,,,,,,,,
880.9655,s,4.60E-09,5.69E-10,5.69E-10,erg cm-2 s-1,Integrated Flux,,7.25E+16,2.42E+18,Hz,xray,,slop,1,,,,,,,,,,,,,,
882.2456,s,5.08E-09,6.29E-10,6.29E-10,erg cm-2 s-1,Integrated Flux,,7.25E+16,2.42E+18,Hz,xray,,slop,1,,,,,,,,,,,,,,
883.3993,s,6.04E-09,7.42E-10,7.42E-10,erg cm-2 s-1,Integrated Flux,,7.25E+16,2.42E+18,Hz,xray,,slop,1,,,,,,,,,,,,,,
884.5006,s,4.32E-09,5.35E-10,5.35E-10,erg cm-2 s-1,Integrated Flux,,7.25E+16,2.42E+18,Hz,xray,,slop,1,,,,,,,,,,,,,,
885.901,s,4.94E-09,6.04E-10,6.04E-10,erg cm-2 s-1,Integrated Flux,,7.25E+16,2.42E+18,Hz,xray,,slop,1,,,,,,,,,,,,,,
887.2148,s,3.31E-09,5.12E-10,5.12E-10,erg cm-2 s-1,Integrated Flux,,7.25E+16,2.42E+18,Hz,xray,,slop,1,,,,,,,,,,,,,,
888.3945,s,6.03E-09,7.47E-10,7.47E-10,erg cm-2 s-1,Integrated Flux,,7.25E+16,2.42E+18,Hz,xray,,slop,1,,,,,,,,,,,,,,
889.5169,s,3.91E-09,5.83E-10,5.83E-10,erg cm-2 s-1,Integrated Flux,,7.25E+16,2.42E+18,Hz,xray,,slop,1,,,,,,,,,,,,,,
890.7539,s,4.16E-09,5.22E-10,5.22E-10,erg cm-2 s-1,Integrated Flux,,7.25E+16,2.42E+18,Hz,xray,,slop,1,,,,,,,,,,,,,,
892.1451,s,5.10E-09,6.31E-10,6.31E-10,erg cm-2 s-1,Integrated Flux,,7.25E+16,2.42E+18,Hz,xray,,slop,1,,,,,,,,,,,,,,
893.358,s,4.21E-09,5.15E-10,5.15E-10,erg cm-2 s-1,Integrated Flux,,7.25E+16,2.42E+18,Hz,xray,,slop,1,,,,,,,,,,,,,,
894.5396,s,3.92E-09,5.88E-10,5.88E-10,erg cm-2 s-1,Integrated Flux,,7.25E+16,2.42E+18,Hz,xray,,slop,1,,,,,,,,,,,,,,
895.5857,s,3.82E-09,5.70E-10,5.70E-10,erg cm-2 s-1,Integrated Flux,,7.25E+16,2.42E+18,Hz,xray,,slop,1,,,,,,,,,,,,,,
896.8683,s,4.53E-09,5.60E-10,5.60E-10,erg cm-2 s-1,Integrated Flux,,7.25E+16,2.42E+18,Hz,xray,,slop,1,,,,,,,,,,,,,,
897.9908,s,3.91E-09,5.83E-10,5.83E-10,erg cm-2 s-1,Integrated Flux,,7.25E+16,2.42E+18,Hz,xray,,slop,1,,,,,,,,,,,,,,
899.2852,s,4.23E-09,5.24E-10,5.24E-10,erg cm-2 s-1,Integrated Flux,,7.25E+16,2.42E+18,Hz,xray,,slop,1,,,,,,,,,,,,,,
900.6467,s,4.60E-09,5.69E-10,5.69E-10,erg cm-2 s-1,Integrated Flux,,7.25E+16,2.42E+18,Hz,xray,,slop,1,,,,,,,,,,,,,,
901.8055,s,4.02E-09,5.63E-10,5.63E-10,erg cm-2 s-1,Integrated Flux,,7.25E+16,2.42E+18,Hz,xray,,slop,1,,,,,,,,,,,,,,
903.1051,s,4.43E-09,5.41E-10,5.41E-10,erg cm-2 s-1,Integrated Flux,,7.25E+16,2.42E+18,Hz,xray,,slop,1,,,,,,,,,,,,,,
904.3589,s,4.62E-09,5.64E-10,5.64E-10,erg cm-2 s-1,Integrated Flux,,7.25E+16,2.42E+18,Hz,xray,,slop,1,,,,,,,,,,,,,,
905.5792,s,4.31E-09,5.33E-10,5.33E-10,erg cm-2 s-1,Integrated Flux,,7.25E+16,2.42E+18,Hz,xray,,slop,1,,,,,,,,,,,,,,
906.9537,s,3.85E-09,5.73E-10,5.73E-10,erg cm-2 s-1,Integrated Flux,,7.25E+16,2.42E+18,Hz,xray,,slop,1,,,,,,,,,,,,,,
908.1629,s,4.66E-09,5.65E-10,5.65E-10,erg cm-2 s-1,Integrated Flux,,7.25E+16,2.42E+18,Hz,xray,,slop,1,,,,,,,,,,,,,,
909.3479,s,4.37E-09,5.41E-10,5.41E-10,erg cm-2 s-1,Integrated Flux,,7.25E+16,2.42E+18,Hz,xray,,slop,1,,,,,,,,,,,,,,
910.5457,s,5.41E-09,6.57E-10,6.57E-10,erg cm-2 s-1,Integrated Flux,,7.25E+16,2.42E+18,Hz,xray,,slop,1,,,,,,,,,,,,,,
911.7919,s,5.11E-09,6.32E-10,6.32E-10,erg cm-2 s-1,Integrated Flux,,7.25E+16,2.42E+18,Hz,xray,,slop,1,,,,,,,,,,,,,,
913.0284,s,5.90E-09,7.21E-10,7.21E-10,erg cm-2 s-1,Integrated Flux,,7.25E+16,2.42E+18,Hz,xray,,slop,1,,,,,,,,,,,,,,
914.2167,s,4.40E-09,5.51E-10,5.51E-10,erg cm-2 s-1,Integrated Flux,,7.25E+16,2.42E+18,Hz,xray,,slop,1,,,,,,,,,,,,,,
915.5919,s,5.14E-09,6.36E-10,6.36E-10,erg cm-2 s-1,Integrated Flux,,7.25E+16,2.42E+18,Hz,xray,,slop,1,,,,,,,,,,,,,,
916.9035,s,4.04E-09,4.97E-10,4.97E-10,erg cm-2 s-1,Integrated Flux,,7.25E+16,2.42E+18,Hz,xray,,slop,1,,,,,,,,,,,,,,
918.114,s,3.87E-09,5.77E-10,5.77E-10,erg cm-2 s-1,Integrated Flux,,7.25E+16,2.42E+18,Hz,xray,,slop,1,,,,,,,,,,,,,,
919.3513,s,3.93E-09,5.86E-10,5.86E-10,erg cm-2 s-1,Integrated Flux,,7.25E+16,2.42E+18,Hz,xray,,slop,1,,,,,,,,,,,,,,
920.4023,s,3.78E-09,5.68E-10,5.68E-10,erg cm-2 s-1,Integrated Flux,,7.25E+16,2.42E+18,Hz,xray,,slop,1,,,,,,,,,,,,,,
921.6501,s,4.50E-09,5.64E-10,5.64E-10,erg cm-2 s-1,Integrated Flux,,7.25E+16,2.42E+18,Hz,xray,,slop,1,,,,,,,,,,,,,,
923.0683,s,4.60E-09,5.65E-10,5.65E-10,erg cm-2 s-1,Integrated Flux,,7.25E+16,2.42E+18,Hz,xray,,slop,1,,,,,,,,,,,,,,
924.4656,s,4.08E-09,4.98E-10,4.98E-10,erg cm-2 s-1,Integrated Flux,,7.25E+16,2.42E+18,Hz,xray,,slop,1,,,,,,,,,,,,,,
925.6637,s,3.74E-09,5.57E-10,5.57E-10,erg cm-2 s-1,Integrated Flux,,7.25E+16,2.42E+18,Hz,xray,,slop,1,,,,,,,,,,,,,,
926.9915,s,3.79E-09,5.76E-10,5.76E-10,erg cm-2 s-1,Integrated Flux,,7.25E+16,2.42E+18,Hz,xray,,slop,1,,,,,,,,,,,,,,
928.2865,s,4.68E-09,5.72E-10,5.72E-10,erg cm-2 s-1,Integrated Flux,,7.25E+16,2.42E+18,Hz,xray,,slop,1,,,,,,,,,,,,,,
929.6172,s,3.50E-09,5.22E-10,5.22E-10,erg cm-2 s-1,Integrated Flux,,7.25E+16,2.42E+18,Hz,xray,,slop,1,,,,,,,,,,,,,,
930.9015,s,4.01E-09,4.90E-10,4.90E-10,erg cm-2 s-1,Integrated Flux,,7.25E+16,2.42E+18,Hz,xray,,slop,1,,,,,,,,,,,,,,
932.2293,s,3.95E-09,5.59E-10,5.59E-10,erg cm-2 s-1,Integrated Flux,,7.25E+16,2.42E+18,Hz,xray,,slop,1,,,,,,,,,,,,,,
933.495,s,4.03E-09,6.01E-10,6.01E-10,erg cm-2 s-1,Integrated Flux,,7.25E+16,2.42E+18,Hz,xray,,slop,1,,,,,,,,,,,,,,
934.4912,s,3.68E-09,5.59E-10,5.59E-10,erg cm-2 s-1,Integrated Flux,,7.25E+16,2.42E+18,Hz,xray,,slop,1,,,,,,,,,,,,,,
935.7093,s,3.85E-09,4.97E-10,4.97E-10,erg cm-2 s-1,Integrated Flux,,7.25E+16,2.42E+18,Hz,xray,,slop,1,,,,,,,,,,,,,,
936.955,s,3.63E-09,5.62E-10,5.62E-10,erg cm-2 s-1,Integrated Flux,,7.25E+16,2.42E+18,Hz,xray,,slop,1,,,,,,,,,,,,,,
938.2689,s,4.71E-09,5.83E-10,5.83E-10,erg cm-2 s-1,Integrated Flux,,7.25E+16,2.42E+18,Hz,xray,,slop,1,,,,,,,,,,,,,,
939.5507,s,3.63E-09,5.73E-10,5.73E-10,erg cm-2 s-1,Integrated Flux,,7.25E+16,2.42E+18,Hz,xray,,slop,1,,,,,,,,,,,,,,
940.6954,s,3.51E-09,5.23E-10,5.23E-10,erg cm-2 s-1,Integrated Flux,,7.25E+16,2.42E+18,Hz,xray,,slop,1,,,,,,,,,,,,,,
942.0021,s,4.50E-09,5.50E-10,5.50E-10,erg cm-2 s-1,Integrated Flux,,7.25E+16,2.42E+18,Hz,xray,,slop,1,,,,,,,,,,,,,,
943.1854,s,3.98E-09,5.93E-10,5.93E-10,erg cm-2 s-1,Integrated Flux,,7.25E+16,2.42E+18,Hz,xray,,slop,1,,,,,,,,,,,,,,
944.2896,s,3.92E-09,5.85E-10,5.85E-10,erg cm-2 s-1,Integrated Flux,,7.25E+16,2.42E+18,Hz,xray,,slop,1,,,,,,,,,,,,,,
945.4081,s,3.46E-09,5.17E-10,5.17E-10,erg cm-2 s-1,Integrated Flux,,7.25E+16,2.42E+18,Hz,xray,,slop,1,,,,,,,,,,,,,,
946.577,s,3.86E-09,5.75E-10,5.75E-10,erg cm-2 s-1,Integrated Flux,,7.25E+16,2.42E+18,Hz,xray,,slop,1,,,,,,,,,,,,,,
947.7842,s,4.32E-09,5.42E-10,5.42E-10,erg cm-2 s-1,Integrated Flux,,7.25E+16,2.42E+18,Hz,xray,,slop,1,,,,,,,,,,,,,,
949.0511,s,3.02E-09,4.58E-10,4.58E-10,erg cm-2 s-1,Integrated Flux,,7.25E+16,2.42E+18,Hz,xray,,slop,1,,,,,,,,,,,,,,
950.2012,s,4.42E-09,5.40E-10,5.40E-10,erg cm-2 s-1,Integrated Flux,,7.25E+16,2.42E+18,Hz,xray,,slop,1,,,,,,,,,,,,,,
951.5462,s,4.01E-09,4.91E-10,4.91E-10,erg cm-2 s-1,Integrated Flux,,7.25E+16,2.42E+18,Hz,xray,,slop,1,,,,,,,,,,,,,,
952.8862,s,3.57E-09,5.42E-10,5.42E-10,erg cm-2 s-1,Integrated Flux,,7.25E+16,2.42E+18,Hz,xray,,slop,1,,,,,,,,,,,,,,
954.1001,s,4.44E-09,5.50E-10,5.50E-10,erg cm-2 s-1,Integrated Flux,,7.25E+16,2.42E+18,Hz,xray,,slop,1,,,,,,,,,,,,,,
955.3684,s,4.41E-09,5.39E-10,5.39E-10,erg cm-2 s-1,Integrated Flux,,7.25E+16,2.42E+18,Hz,xray,,slop,1,,,,,,,,,,,,,,
956.514,s,3.97E-09,5.83E-10,5.83E-10,erg cm-2 s-1,Integrated Flux,,7.25E+16,2.42E+18,Hz,xray,,slop,1,,,,,,,,,,,,,,
957.6883,s,4.72E-09,5.77E-10,5.77E-10,erg cm-2 s-1,Integrated Flux,,7.25E+16,2.42E+18,Hz,xray,,slop,1,,,,,,,,,,,,,,
958.8588,s,3.90E-09,5.54E-10,5.54E-10,erg cm-2 s-1,Integrated Flux,,7.25E+16,2.42E+18,Hz,xray,,slop,1,,,,,,,,,,,,,,
960.0405,s,3.40E-09,5.16E-10,5.16E-10,erg cm-2 s-1,Integrated Flux,,7.25E+16,2.42E+18,Hz,xray,,slop,1,,,,,,,,,,,,,,
961.1233,s,3.86E-09,5.76E-10,5.76E-10,erg cm-2 s-1,Integrated Flux,,7.25E+16,2.42E+18,Hz,xray,,slop,1,,,,,,,,,,,,,,
962.1941,s,3.66E-09,5.46E-10,5.46E-10,erg cm-2 s-1,Integrated Flux,,7.25E+16,2.42E+18,Hz,xray,,slop,1,,,,,,,,,,,,,,
963.5319,s,4.18E-09,5.24E-10,5.24E-10,erg cm-2 s-1,Integrated Flux,,7.25E+16,2.42E+18,Hz,xray,,slop,1,,,,,,,,,,,,,,
964.7592,s,4.99E-09,6.17E-10,6.17E-10,erg cm-2 s-1,Integrated Flux,,7.25E+16,2.42E+18,Hz,xray,,slop,1,,,,,,,,,,,,,,
966.1508,s,4.73E-09,5.85E-10,5.85E-10,erg cm-2 s-1,Integrated Flux,,7.25E+16,2.42E+18,Hz,xray,,slop,1,,,,,,,,,,,,,,
967.3393,s,3.78E-09,5.64E-10,5.64E-10,erg cm-2 s-1,Integrated Flux,,7.25E+16,2.42E+18,Hz,xray,,slop,1,,,,,,,,,,,,,,
968.5292,s,3.98E-09,5.75E-10,5.75E-10,erg cm-2 s-1,Integrated Flux,,7.25E+16,2.42E+18,Hz,xray,,slop,1,,,,,,,,,,,,,,
969.6612,s,3.92E-09,5.09E-10,5.09E-10,erg cm-2 s-1,Integrated Flux,,7.25E+16,2.42E+18,Hz,xray,,slop,1,,,,,,,,,,,,,,
970.8841,s,4.01E-09,5.92E-10,5.92E-10,erg cm-2 s-1,Integrated Flux,,7.25E+16,2.42E+18,Hz,xray,,slop,1,,,,,,,,,,,,,,
972.024,s,3.96E-09,5.89E-10,5.89E-10,erg cm-2 s-1,Integrated Flux,,7.25E+16,2.42E+18,Hz,xray,,slop,1,,,,,,,,,,,,,,
973.1139,s,3.91E-09,5.83E-10,5.83E-10,erg cm-2 s-1,Integrated Flux,,7.25E+16,2.42E+18,Hz,xray,,slop,1,,,,,,,,,,,,,,
974.2157,s,4.02E-09,5.38E-10,5.38E-10,erg cm-2 s-1,Integrated Flux,,7.25E+16,2.42E+18,Hz,xray,,slop,1,,,,,,,,,,,,,,
975.4336,s,3.57E-09,5.33E-10,5.33E-10,erg cm-2 s-1,Integrated Flux,,7.25E+16,2.42E+18,Hz,xray,,slop,1,,,,,,,,,,,,,,
976.7152,s,5.24E-09,6.40E-10,6.40E-10,erg cm-2 s-1,Integrated Flux,,7.25E+16,2.42E+18,Hz,xray,,slop,1,,,,,,,,,,,,,,
977.9251,s,3.35E-09,5.00E-10,5.00E-10,erg cm-2 s-1,Integrated Flux,,7.25E+16,2.42E+18,Hz,xray,,slop,1,,,,,,,,,,,,,,
979.0306,s,4.35E-09,5.39E-10,5.39E-10,erg cm-2 s-1,Integrated Flux,,7.25E+16,2.42E+18,Hz,xray,,slop,1,,,,,,,,,,,,,,
980.4524,s,4.31E-09,5.33E-10,5.33E-10,erg cm-2 s-1,Integrated Flux,,7.25E+16,2.42E+18,Hz,xray,,slop,1,,,,,,,,,,,,,,
981.6659,s,3.03E-09,4.60E-10,4.60E-10,erg cm-2 s-1,Integrated Flux,,7.25E+16,2.42E+18,Hz,xray,,slop,1,,,,,,,,,,,,,,
982.9937,s,3.15E-09,4.70E-10,4.70E-10,erg cm-2 s-1,Integrated Flux,,7.25E+16,2.42E+18,Hz,xray,,slop,1,,,,,,,,,,,,,,
984.2987,s,2.89E-09,4.31E-10,4.31E-10,erg cm-2 s-1,Integrated Flux,,7.25E+16,2.42E+18,Hz,xray,,slop,1,,,,,,,,,,,,,,
985.5009,s,3.66E-09,5.56E-10,5.56E-10,erg cm-2 s-1,Integrated Flux,,7.25E+16,2.42E+18,Hz,xray,,slop,1,,,,,,,,,,,,,,
986.7264,s,3.87E-09,4.89E-10,4.89E-10,erg cm-2 s-1,Integrated Flux,,7.25E+16,2.42E+18,Hz,xray,,slop,1,,,,,,,,,,,,,,
988.0723,s,3.05E-09,4.55E-10,4.55E-10,erg cm-2 s-1,Integrated Flux,,7.25E+16,2.42E+18,Hz,xray,,slop,1,,,,,,,,,,,,,,
989.3861,s,3.90E-09,5.19E-10,5.19E-10,erg cm-2 s-1,Integrated Flux,,7.25E+16,2.42E+18,Hz,xray,,slop,1,,,,,,,,,,,,,,
990.7364,s,3.09E-09,4.60E-10,4.60E-10,erg cm-2 s-1,Integrated Flux,,7.25E+16,2.42E+18,Hz,xray,,slop,1,,,,,,,,,,,,,,
992.0186,s,3.19E-09,5.14E-10,5.14E-10,erg cm-2 s-1,Integrated Flux,,7.25E+16,2.42E+18,Hz,xray,,slop,1,,,,,,,,,,,,,,
993.1588,s,3.30E-09,5.11E-10,5.11E-10,erg cm-2 s-1,Integrated Flux,,7.25E+16,2.42E+18,Hz,xray,,slop,1,,,,,,,,,,,,,,
994.3848,s,3.07E-09,4.67E-10,4.67E-10,erg cm-2 s-1,Integrated Flux,,7.25E+16,2.42E+18,Hz,xray,,slop,1,,,,,,,,,,,,,,
995.6834,s,3.54E-09,5.38E-10,5.38E-10,erg cm-2 s-1,Integrated Flux,,7.25E+16,2.42E+18,Hz,xray,,slop,1,,,,,,,,,,,,,,
996.8887,s,3.52E-09,5.35E-10,5.35E-10,erg cm-2 s-1,Integrated Flux,,7.25E+16,2.42E+18,Hz,xray,,slop,1,,,,,,,,,,,,,,
998.0574,s,3.54E-09,5.28E-10,5.28E-10,erg cm-2 s-1,Integrated Flux,,7.25E+16,2.42E+18,Hz,xray,,slop,1,,,,,,,,,,,,,,
999.2062,s,4.02E-09,5.28E-10,5.28E-10,erg cm-2 s-1,Integrated Flux,,7.25E+16,2.42E+18,Hz,xray,,slop,1,,,,,,,,,,,,,,
1000.5615,s,3.51E-09,5.33E-10,5.33E-10,erg cm-2 s-1,Integrated Flux,,7.25E+16,2.42E+18,Hz,xray,,slop,1,,,,,,,,,,,,,,
1001.7562,s,3.87E-09,5.77E-10,5.77E-10,erg cm-2 s-1,Integrated Flux,,7.25E+16,2.42E+18,Hz,xray,,slop,1,,,,,,,,,,,,,,
1002.8067,s,3.69E-09,5.49E-10,5.49E-10,erg cm-2 s-1,Integrated Flux,,7.25E+16,2.42E+18,Hz,xray,,slop,1,,,,,,,,,,,,,,
1004.033,s,2.99E-09,4.63E-10,4.63E-10,erg cm-2 s-1,Integrated Flux,,7.25E+16,2.42E+18,Hz,xray,,slop,1,,,,,,,,,,,,,,
1005.2654,s,3.33E-09,4.96E-10,4.96E-10,erg cm-2 s-1,Integrated Flux,,7.25E+16,2.42E+18,Hz,xray,,slop,1,,,,,,,,,,,,,,
1006.4733,s,4.74E-09,5.79E-10,5.79E-10,erg cm-2 s-1,Integrated Flux,,7.25E+16,2.42E+18,Hz,xray,,slop,1,,,,,,,,,,,,,,
1007.6779,s,3.97E-09,5.86E-10,5.86E-10,erg cm-2 s-1,Integrated Flux,,7.25E+16,2.42E+18,Hz,xray,,slop,1,,,,,,,,,,,,,,
1008.9475,s,4.02E-09,6.00E-10,6.00E-10,erg cm-2 s-1,Integrated Flux,,7.25E+16,2.42E+18,Hz,xray,,slop,1,,,,,,,,,,,,,,
1010.09,s,3.43E-09,5.11E-10,5.11E-10,erg cm-2 s-1,Integrated Flux,,7.25E+16,2.42E+18,Hz,xray,,slop,1,,,,,,,,,,,,,,
1011.1846,s,3.39E-09,5.05E-10,5.05E-10,erg cm-2 s-1,Integrated Flux,,7.25E+16,2.42E+18,Hz,xray,,slop,1,,,,,,,,,,,,,,
1012.3279,s,3.18E-09,4.74E-10,4.74E-10,erg cm-2 s-1,Integrated Flux,,7.25E+16,2.42E+18,Hz,xray,,slop,1,,,,,,,,,,,,,,
1013.5487,s,4.04E-09,5.83E-10,5.83E-10,erg cm-2 s-1,Integrated Flux,,7.25E+16,2.42E+18,Hz,xray,,slop,1,,,,,,,,,,,,,,
1014.7842,s,3.24E-09,4.93E-10,4.93E-10,erg cm-2 s-1,Integrated Flux,,7.25E+16,2.42E+18,Hz,xray,,slop,1,,,,,,,,,,,,,,
1016.0989,s,3.63E-09,5.62E-10,5.62E-10,erg cm-2 s-1,Integrated Flux,,7.25E+16,2.42E+18,Hz,xray,,slop,1,,,,,,,,,,,,,,
1017.2795,s,3.06E-09,4.57E-10,4.57E-10,erg cm-2 s-1,Integrated Flux,,7.25E+16,2.42E+18,Hz,xray,,slop,1,,,,,,,,,,,,,,
1018.445,s,3.76E-09,5.61E-10,5.61E-10,erg cm-2 s-1,Integrated Flux,,7.25E+16,2.42E+18,Hz,xray,,slop,1,,,,,,,,,,,,,,
1019.5706,s,2.97E-09,4.51E-10,4.51E-10,erg cm-2 s-1,Integrated Flux,,7.25E+16,2.42E+18,Hz,xray,,slop,1,,,,,,,,,,,,,,
1020.8585,s,3.50E-09,5.22E-10,5.22E-10,erg cm-2 s-1,Integrated Flux,,7.25E+16,2.42E+18,Hz,xray,,slop,1,,,,,,,,,,,,,,
1022.1077,s,4.15E-09,5.07E-10,5.07E-10,erg cm-2 s-1,Integrated Flux,,7.25E+16,2.42E+18,Hz,xray,,slop,1,,,,,,,,,,,,,,
1023.3751,s,2.96E-09,4.50E-10,4.50E-10,erg cm-2 s-1,Integrated Flux,,7.25E+16,2.42E+18,Hz,xray,,slop,1,,,,,,,,,,,,,,
1024.6442,s,3.86E-09,5.91E-10,5.91E-10,erg cm-2 s-1,Integrated Flux,,7.25E+16,2.42E+18,Hz,xray,,slop,1,,,,,,,,,,,,,,
1025.8028,s,3.75E-09,5.71E-10,5.71E-10,erg cm-2 s-1,Integrated Flux,,7.25E+16,2.42E+18,Hz,xray,,slop,1,,,,,,,,,,,,,,
1026.876,s,3.85E-09,5.68E-10,5.68E-10,erg cm-2 s-1,Integrated Flux,,7.25E+16,2.42E+18,Hz,xray,,slop,1,,,,,,,,,,,,,,
1028.0205,s,3.47E-09,5.18E-10,5.18E-10,erg cm-2 s-1,Integrated Flux,,7.25E+16,2.42E+18,Hz,xray,,slop,1,,,,,,,,,,,,,,
1029.3732,s,3.27E-09,4.87E-10,4.87E-10,erg cm-2 s-1,Integrated Flux,,7.25E+16,2.42E+18,Hz,xray,,slop,1,,,,,,,,,,,,,,
1030.5231,s,3.32E-09,4.96E-10,4.96E-10,erg cm-2 s-1,Integrated Flux,,7.25E+16,2.42E+18,Hz,xray,,slop,1,,,,,,,,,,,,,,
1031.8065,s,3.93E-09,5.44E-10,5.44E-10,erg cm-2 s-1,Integrated Flux,,7.25E+16,2.42E+18,Hz,xray,,slop,1,,,,,,,,,,,,,,
1033.1018,s,3.23E-09,4.91E-10,4.91E-10,erg cm-2 s-1,Integrated Flux,,7.25E+16,2.42E+18,Hz,xray,,slop,1,,,,,,,,,,,,,,
1034.3181,s,2.71E-09,4.04E-10,4.04E-10,erg cm-2 s-1,Integrated Flux,,7.25E+16,2.42E+18,Hz,xray,,slop,1,,,,,,,,,,,,,,
1035.8581,s,3.51E-09,5.44E-10,5.44E-10,erg cm-2 s-1,Integrated Flux,,7.25E+16,2.42E+18,Hz,xray,,slop,1,,,,,,,,,,,,,,
1037.0331,s,3.23E-09,5.10E-10,5.10E-10,erg cm-2 s-1,Integrated Flux,,7.25E+16,2.42E+18,Hz,xray,,slop,1,,,,,,,,,,,,,,
1038.1301,s,3.72E-09,5.55E-10,5.55E-10,erg cm-2 s-1,Integrated Flux,,7.25E+16,2.42E+18,Hz,xray,,slop,1,,,,,,,,,,,,,,
1039.3118,s,3.49E-09,5.20E-10,5.20E-10,erg cm-2 s-1,Integrated Flux,,7.25E+16,2.42E+18,Hz,xray,,slop,1,,,,,,,,,,,,,,
1040.4713,s,3.90E-09,5.81E-10,5.81E-10,erg cm-2 s-1,Integrated Flux,,7.25E+16,2.42E+18,Hz,xray,,slop,1,,,,,,,,,,,,,,
1041.6966,s,3.96E-09,6.02E-10,6.02E-10,erg cm-2 s-1,Integrated Flux,,7.25E+16,2.42E+18,Hz,xray,,slop,1,,,,,,,,,,,,,,
1042.959,s,3.28E-09,4.89E-10,4.89E-10,erg cm-2 s-1,Integrated Flux,,7.25E+16,2.42E+18,Hz,xray,,slop,1,,,,,,,,,,,,,,
1044.3552,s,3.15E-09,4.70E-10,4.70E-10,erg cm-2 s-1,Integrated Flux,,7.25E+16,2.42E+18,Hz,xray,,slop,1,,,,,,,,,,,,,,
1045.6208,s,3.86E-09,5.86E-10,5.86E-10,erg cm-2 s-1,Integrated Flux,,7.25E+16,2.42E+18,Hz,xray,,slop,1,,,,,,,,,,,,,,
1046.7856,s,3.65E-09,5.44E-10,5.44E-10,erg cm-2 s-1,Integrated Flux,,7.25E+16,2.42E+18,Hz,xray,,slop,1,,,,,,,,,,,,,,
1048.0961,s,3.42E-09,5.20E-10,5.20E-10,erg cm-2 s-1,Integrated Flux,,7.25E+16,2.42E+18,Hz,xray,,slop,1,,,,,,,,,,,,,,
1049.3812,s,3.19E-09,4.76E-10,4.76E-10,erg cm-2 s-1,Integrated Flux,,7.25E+16,2.42E+18,Hz,xray,,slop,1,,,,,,,,,,,,,,
1050.6598,s,3.53E-09,5.27E-10,5.27E-10,erg cm-2 s-1,Integrated Flux,,7.25E+16,2.42E+18,Hz,xray,,slop,1,,,,,,,,,,,,,,
1051.759,s,3.75E-09,5.60E-10,5.60E-10,erg cm-2 s-1,Integrated Flux,,7.25E+16,2.42E+18,Hz,xray,,slop,1,,,,,,,,,,,,,,
1052.9309,s,3.15E-09,4.79E-10,4.79E-10,erg cm-2 s-1,Integrated Flux,,7.25E+16,2.42E+18,Hz,xray,,slop,1,,,,,,,,,,,,,,
1054.3161,s,3.62E-09,5.40E-10,5.40E-10,erg cm-2 s-1,Integrated Flux,,7.25E+16,2.42E+18,Hz,xray,,slop,1,,,,,,,,,,,,,,
1055.4666,s,3.64E-09,5.53E-10,5.53E-10,erg cm-2 s-1,Integrated Flux,,7.25E+16,2.42E+18,Hz,xray,,slop,1,,,,,,,,,,,,,,
1056.6687,s,3.63E-09,5.42E-10,5.42E-10,erg cm-2 s-1,Integrated Flux,,7.25E+16,2.42E+18,Hz,xray,,slop,1,,,,,,,,,,,,,,
1057.7717,s,3.86E-09,5.87E-10,5.87E-10,erg cm-2 s-1,Integrated Flux,,7.25E+16,2.42E+18,Hz,xray,,slop,1,,,,,,,,,,,,,,
1058.9198,s,3.56E-09,5.31E-10,5.31E-10,erg cm-2 s-1,Integrated Flux,,7.25E+16,2.42E+18,Hz,xray,,slop,1,,,,,,,,,,,,,,
1060.1531,s,3.79E-09,5.66E-10,5.66E-10,erg cm-2 s-1,Integrated Flux,,7.25E+16,2.42E+18,Hz,xray,,slop,1,,,,,,,,,,,,,,
1061.3856,s,3.82E-09,5.69E-10,5.69E-10,erg cm-2 s-1,Integrated Flux,,7.25E+16,2.42E+18,Hz,xray,,slop,1,,,,,,,,,,,,,,
1062.585,s,3.43E-09,5.12E-10,5.12E-10,erg cm-2 s-1,Integrated Flux,,7.25E+16,2.42E+18,Hz,xray,,slop,1,,,,,,,,,,,,,,
1063.9993,s,2.71E-09,4.04E-10,4.04E-10,erg cm-2 s-1,Integrated Flux,,7.25E+16,2.42E+18,Hz,xray,,slop,1,,,,,,,,,,,,,,
1065.297,s,2.37E-09,3.54E-10,3.54E-10,erg cm-2 s-1,Integrated Flux,,7.25E+16,2.42E+18,Hz,xray,,slop,1,,,,,,,,,,,,,,
1066.6069,s,3.24E-09,4.92E-10,4.92E-10,erg cm-2 s-1,Integrated Flux,,7.25E+16,2.42E+18,Hz,xray,,slop,1,,,,,,,,,,,,,,
1067.7788,s,4.02E-09,5.93E-10,5.93E-10,erg cm-2 s-1,Integrated Flux,,7.25E+16,2.42E+18,Hz,xray,,slop,1,,,,,,,,,,,,,,
1068.979,s,2.97E-09,4.55E-10,4.55E-10,erg cm-2 s-1,Integrated Flux,,7.25E+16,2.42E+18,Hz,xray,,slop,1,,,,,,,,,,,,,,
1070.2757,s,2.72E-09,4.22E-10,4.22E-10,erg cm-2 s-1,Integrated Flux,,7.25E+16,2.42E+18,Hz,xray,,slop,1,,,,,,,,,,,,,,
1071.4789,s,3.38E-09,5.04E-10,5.04E-10,erg cm-2 s-1,Integrated Flux,,7.25E+16,2.42E+18,Hz,xray,,slop,1,,,,,,,,,,,,,,
1072.7209,s,3.84E-09,4.96E-10,4.96E-10,erg cm-2 s-1,Integrated Flux,,7.25E+16,2.42E+18,Hz,xray,,slop,1,,,,,,,,,,,,,,
1074.0644,s,3.20E-09,4.77E-10,4.77E-10,erg cm-2 s-1,Integrated Flux,,7.25E+16,2.42E+18,Hz,xray,,slop,1,,,,,,,,,,,,,,
1075.1583,s,4.04E-09,6.03E-10,6.03E-10,erg cm-2 s-1,Integrated Flux,,7.25E+16,2.42E+18,Hz,xray,,slop,1,,,,,,,,,,,,,,
1076.4249,s,2.64E-09,3.93E-10,3.93E-10,erg cm-2 s-1,Integrated Flux,,7.25E+16,2.42E+18,Hz,xray,,slop,1,,,,,,,,,,,,,,
1077.7234,s,3.31E-09,4.94E-10,4.94E-10,erg cm-2 s-1,Integrated Flux,,7.25E+16,2.42E+18,Hz,xray,,slop,1,,,,,,,,,,,,,,
1079.0814,s,2.87E-09,4.27E-10,4.27E-10,erg cm-2 s-1,Integrated Flux,,7.25E+16,2.42E+18,Hz,xray,,slop,1,,,,,,,,,,,,,,
1080.3642,s,3.04E-09,4.54E-10,4.54E-10,erg cm-2 s-1,Integrated Flux,,7.25E+16,2.42E+18,Hz,xray,,slop,1,,,,,,,,,,,,,,
1081.7087,s,2.77E-09,4.21E-10,4.21E-10,erg cm-2 s-1,Integrated Flux,,7.25E+16,2.42E+18,Hz,xray,,slop,1,,,,,,,,,,,,,,
1083.0753,s,3.48E-09,5.28E-10,5.28E-10,erg cm-2 s-1,Integrated Flux,,7.25E+16,2.42E+18,Hz,xray,,slop,1,,,,,,,,,,,,,,
1084.245,s,3.91E-09,5.83E-10,5.83E-10,erg cm-2 s-1,Integrated Flux,,7.25E+16,2.42E+18,Hz,xray,,slop,1,,,,,,,,,,,,,,
1085.6983,s,3.60E-09,5.37E-10,5.37E-10,erg cm-2 s-1,Integrated Flux,,7.25E+16,2.42E+18,Hz,xray,,slop,1,,,,,,,,,,,,,,
1086.9312,s,4.06E-09,4.96E-10,4.96E-10,erg cm-2 s-1,Integrated Flux,,7.25E+16,2.42E+18,Hz,xray,,slop,1,,,,,,,,,,,,,,
1088.1371,s,2.55E-09,3.80E-10,3.80E-10,erg cm-2 s-1,Integrated Flux,,7.25E+16,2.42E+18,Hz,xray,,slop,1,,,,,,,,,,,,,,
1089.5569,s,3.28E-09,4.84E-10,4.84E-10,erg cm-2 s-1,Integrated Flux,,7.25E+16,2.42E+18,Hz,xray,,slop,1,,,,,,,,,,,,,,
1090.7268,s,3.32E-09,5.04E-10,5.04E-10,erg cm-2 s-1,Integrated Flux,,7.25E+16,2.42E+18,Hz,xray,,slop,1,,,,,,,,,,,,,,
1091.9885,s,3.71E-09,5.53E-10,5.53E-10,erg cm-2 s-1,Integrated Flux,,7.25E+16,2.42E+18,Hz,xray,,slop,1,,,,,,,,,,,,,,
1093.3158,s,2.88E-09,4.37E-10,4.37E-10,erg cm-2 s-1,Integrated Flux,,7.25E+16,2.42E+18,Hz,xray,,slop,1,,,,,,,,,,,,,,
1094.7528,s,4.21E-09,5.14E-10,5.14E-10,erg cm-2 s-1,Integrated Flux,,7.25E+16,2.42E+18,Hz,xray,,slop,1,,,,,,,,,,,,,,
1096.0723,s,3.34E-09,5.28E-10,5.28E-10,erg cm-2 s-1,Integrated Flux,,7.25E+16,2.42E+18,Hz,xray,,slop,1,,,,,,,,,,,,,,
1097.3093,s,3.18E-09,5.12E-10,5.12E-10,erg cm-2 s-1,Integrated Flux,,7.25E+16,2.42E+18,Hz,xray,,slop,1,,,,,,,,,,,,,,
1098.5491,s,3.10E-09,4.90E-10,4.90E-10,erg cm-2 s-1,Integrated Flux,,7.25E+16,2.42E+18,Hz,xray,,slop,1,,,,,,,,,,,,,,
1099.9521,s,3.42E-09,5.10E-10,5.10E-10,erg cm-2 s-1,Integrated Flux,,7.25E+16,2.42E+18,Hz,xray,,slop,1,,,,,,,,,,,,,,
1101.0906,s,3.28E-09,4.90E-10,4.90E-10,erg cm-2 s-1,Integrated Flux,,7.25E+16,2.42E+18,Hz,xray,,slop,1,,,,,,,,,,,,,,
1102.3019,s,3.70E-09,5.63E-10,5.63E-10,erg cm-2 s-1,Integrated Flux,,7.25E+16,2.42E+18,Hz,xray,,slop,1,,,,,,,,,,,,,,
1103.5137,s,3.16E-09,4.66E-10,4.66E-10,erg cm-2 s-1,Integrated Flux,,7.25E+16,2.42E+18,Hz,xray,,slop,1,,,,,,,,,,,,,,
1104.7175,s,3.30E-09,4.93E-10,4.93E-10,erg cm-2 s-1,Integrated Flux,,7.25E+16,2.42E+18,Hz,xray,,slop,1,,,,,,,,,,,,,,
1105.8265,s,3.87E-09,5.77E-10,5.77E-10,erg cm-2 s-1,Integrated Flux,,7.25E+16,2.42E+18,Hz,xray,,slop,1,,,,,,,,,,,,,,
1107.0093,s,3.74E-09,5.58E-10,5.58E-10,erg cm-2 s-1,Integrated Flux,,7.25E+16,2.42E+18,Hz,xray,,slop,1,,,,,,,,,,,,,,
1108.2814,s,3.53E-09,5.36E-10,5.36E-10,erg cm-2 s-1,Integrated Flux,,7.25E+16,2.42E+18,Hz,xray,,slop,1,,,,,,,,,,,,,,
1109.5504,s,3.48E-09,5.39E-10,5.39E-10,erg cm-2 s-1,Integrated Flux,,7.25E+16,2.42E+18,Hz,xray,,slop,1,,,,,,,,,,,,,,
1110.9121,s,2.87E-09,4.53E-10,4.53E-10,erg cm-2 s-1,Integrated Flux,,7.25E+16,2.42E+18,Hz,xray,,slop,1,,,,,,,,,,,,,,
1112.1172,s,3.08E-09,4.60E-10,4.60E-10,erg cm-2 s-1,Integrated Flux,,7.25E+16,2.42E+18,Hz,xray,,slop,1,,,,,,,,,,,,,,
1113.3791,s,3.08E-09,4.68E-10,4.68E-10,erg cm-2 s-1,Integrated Flux,,7.25E+16,2.42E+18,Hz,xray,,slop,1,,,,,,,,,,,,,,
1114.6343,s,3.63E-09,5.41E-10,5.41E-10,erg cm-2 s-1,Integrated Flux,,7.25E+16,2.42E+18,Hz,xray,,slop,1,,,,,,,,,,,,,,
1115.8384,s,3.25E-09,4.85E-10,4.85E-10,erg cm-2 s-1,Integrated Flux,,7.25E+16,2.42E+18,Hz,xray,,slop,1,,,,,,,,,,,,,,
1117.0098,s,3.46E-09,5.25E-10,5.25E-10,erg cm-2 s-1,Integrated Flux,,7.25E+16,2.42E+18,Hz,xray,,slop,1,,,,,,,,,,,,,,
1118.4841,s,2.39E-09,3.56E-10,3.56E-10,erg cm-2 s-1,Integrated Flux,,7.25E+16,2.42E+18,Hz,xray,,slop,1,,,,,,,,,,,,,,
1119.793,s,3.67E-09,5.62E-10,5.62E-10,erg cm-2 s-1,Integrated Flux,,7.25E+16,2.42E+18,Hz,xray,,slop,1,,,,,,,,,,,,,,
1120.942,s,3.13E-09,4.67E-10,4.67E-10,erg cm-2 s-1,Integrated Flux,,7.25E+16,2.42E+18,Hz,xray,,slop,1,,,,,,,,,,,,,,
1122.3432,s,2.70E-09,4.03E-10,4.03E-10,erg cm-2 s-1,Integrated Flux,,7.25E+16,2.42E+18,Hz,xray,,slop,1,,,,,,,,,,,,,,
1123.6521,s,2.71E-09,4.19E-10,4.19E-10,erg cm-2 s-1,Integrated Flux,,7.25E+16,2.42E+18,Hz,xray,,slop,1,,,,,,,,,,,,,,
1125.0267,s,3.01E-09,4.49E-10,4.49E-10,erg cm-2 s-1,Integrated Flux,,7.25E+16,2.42E+18,Hz,xray,,slop,1,,,,,,,,,,,,,,
1126.4817,s,2.75E-09,4.11E-10,4.11E-10,erg cm-2 s-1,Integrated Flux,,7.25E+16,2.42E+18,Hz,xray,,slop,1,,,,,,,,,,,,,,
1127.6561,s,3.75E-09,5.59E-10,5.59E-10,erg cm-2 s-1,Integrated Flux,,7.25E+16,2.42E+18,Hz,xray,,slop,1,,,,,,,,,,,,,,
1128.9978,s,2.61E-09,3.89E-10,3.89E-10,erg cm-2 s-1,Integrated Flux,,7.25E+16,2.42E+18,Hz,xray,,slop,1,,,,,,,,,,,,,,
1130.4129,s,3.64E-09,5.43E-10,5.43E-10,erg cm-2 s-1,Integrated Flux,,7.25E+16,2.42E+18,Hz,xray,,slop,1,,,,,,,,,,,,,,
1131.569,s,3.20E-09,4.78E-10,4.78E-10,erg cm-2 s-1,Integrated Flux,,7.25E+16,2.42E+18,Hz,xray,,slop,1,,,,,,,,,,,,,,
1132.746,s,3.66E-09,5.56E-10,5.56E-10,erg cm-2 s-1,Integrated Flux,,7.25E+16,2.42E+18,Hz,xray,,slop,1,,,,,,,,,,,,,,
1134.023,s,3.50E-09,5.22E-10,5.22E-10,erg cm-2 s-1,Integrated Flux,,7.25E+16,2.42E+18,Hz,xray,,slop,1,,,,,,,,,,,,,,
1135.2907,s,2.56E-09,3.82E-10,3.82E-10,erg cm-2 s-1,Integrated Flux,,7.25E+16,2.42E+18,Hz,xray,,slop,1,,,,,,,,,,,,,,
1136.7406,s,4.23E-09,5.17E-10,5.17E-10,erg cm-2 s-1,Integrated Flux,,7.25E+16,2.42E+18,Hz,xray,,slop,1,,,,,,,,,,,,,,
1138.0863,s,3.13E-09,4.66E-10,4.66E-10,erg cm-2 s-1,Integrated Flux,,7.25E+16,2.42E+18,Hz,xray,,slop,1,,,,,,,,,,,,,,
1139.5217,s,2.07E-09,3.15E-10,3.15E-10,erg cm-2 s-1,Integrated Flux,,7.25E+16,2.42E+18,Hz,xray,,slop,1,,,,,,,,,,,,,,
1141.0177,s,2.83E-09,4.30E-10,4.30E-10,erg cm-2 s-1,Integrated Flux,,7.25E+16,2.42E+18,Hz,xray,,slop,1,,,,,,,,,,,,,,
1142.4308,s,2.59E-09,3.87E-10,3.87E-10,erg cm-2 s-1,Integrated Flux,,7.25E+16,2.42E+18,Hz,xray,,slop,1,,,,,,,,,,,,,,
1143.8954,s,3.10E-09,4.81E-10,4.81E-10,erg cm-2 s-1,Integrated Flux,,7.25E+16,2.42E+18,Hz,xray,,slop,1,,,,,,,,,,,,,,
1145.217,s,3.05E-09,4.55E-10,4.55E-10,erg cm-2 s-1,Integrated Flux,,7.25E+16,2.42E+18,Hz,xray,,slop,1,,,,,,,,,,,,,,
1146.7247,s,3.09E-09,4.61E-10,4.61E-10,erg cm-2 s-1,Integrated Flux,,7.25E+16,2.42E+18,Hz,xray,,slop,1,,,,,,,,,,,,,,
1148.1822,s,2.94E-09,4.47E-10,4.47E-10,erg cm-2 s-1,Integrated Flux,,7.25E+16,2.42E+18,Hz,xray,,slop,1,,,,,,,,,,,,,,
1149.4882,s,2.42E-09,3.61E-10,3.61E-10,erg cm-2 s-1,Integrated Flux,,7.25E+16,2.42E+18,Hz,xray,,slop,1,,,,,,,,,,,,,,
1150.9572,s,2.42E-09,3.82E-10,3.82E-10,erg cm-2 s-1,Integrated Flux,,7.25E+16,2.42E+18,Hz,xray,,slop,1,,,,,,,,,,,,,,
1152.3606,s,2.87E-09,4.28E-10,4.28E-10,erg cm-2 s-1,Integrated Flux,,7.25E+16,2.42E+18,Hz,xray,,slop,1,,,,,,,,,,,,,,
1153.7049,s,3.20E-09,4.77E-10,4.77E-10,erg cm-2 s-1,Integrated Flux,,7.25E+16,2.42E+18,Hz,xray,,slop,1,,,,,,,,,,,,,,
1155.1124,s,2.72E-09,4.14E-10,4.14E-10,erg cm-2 s-1,Integrated Flux,,7.25E+16,2.42E+18,Hz,xray,,slop,1,,,,,,,,,,,,,,
1156.5709,s,2.59E-09,3.87E-10,3.87E-10,erg cm-2 s-1,Integrated Flux,,7.25E+16,2.42E+18,Hz,xray,,slop,1,,,,,,,,,,,,,,
1157.8585,s,2.50E-09,3.73E-10,3.73E-10,erg cm-2 s-1,Integrated Flux,,7.25E+16,2.42E+18,Hz,xray,,slop,1,,,,,,,,,,,,,,
1159.2688,s,2.52E-09,3.76E-10,3.76E-10,erg cm-2 s-1,Integrated Flux,,7.25E+16,2.42E+18,Hz,xray,,slop,1,,,,,,,,,,,,,,
1160.8356,s,2.62E-09,3.97E-10,3.97E-10,erg cm-2 s-1,Integrated Flux,,7.25E+16,2.42E+18,Hz,xray,,slop,1,,,,,,,,,,,,,,
1162.559,s,2.80E-09,4.18E-10,4.18E-10,erg cm-2 s-1,Integrated Flux,,7.25E+16,2.42E+18,Hz,xray,,slop,1,,,,,,,,,,,,,,
1163.8854,s,3.00E-09,4.64E-10,4.64E-10,erg cm-2 s-1,Integrated Flux,,7.25E+16,2.42E+18,Hz,xray,,slop,1,,,,,,,,,,,,,,
1165.168,s,2.62E-09,3.91E-10,3.91E-10,erg cm-2 s-1,Integrated Flux,,7.25E+16,2.42E+18,Hz,xray,,slop,1,,,,,,,,,,,,,,
1166.5718,s,3.24E-09,4.83E-10,4.83E-10,erg cm-2 s-1,Integrated Flux,,7.25E+16,2.42E+18,Hz,xray,,slop,1,,,,,,,,,,,,,,
1167.7794,s,3.28E-09,4.88E-10,4.88E-10,erg cm-2 s-1,Integrated Flux,,7.25E+16,2.42E+18,Hz,xray,,slop,1,,,,,,,,,,,,,,
1169.1585,s,4.18E-09,5.10E-10,5.10E-10,erg cm-2 s-1,Integrated Flux,,7.25E+16,2.42E+18,Hz,xray,,slop,1,,,,,,,,,,,,,,
1170.4927,s,3.03E-09,4.51E-10,4.51E-10,erg cm-2 s-1,Integrated Flux,,7.25E+16,2.42E+18,Hz,xray,,slop,1,,,,,,,,,,,,,,
1171.8166,s,3.06E-09,4.56E-10,4.56E-10,erg cm-2 s-1,Integrated Flux,,7.25E+16,2.42E+18,Hz,xray,,slop,1,,,,,,,,,,,,,,
1173.129,s,3.06E-09,4.56E-10,4.56E-10,erg cm-2 s-1,Integrated Flux,,7.25E+16,2.42E+18,Hz,xray,,slop,1,,,,,,,,,,,,,,
1174.5721,s,2.34E-09,3.49E-10,3.49E-10,erg cm-2 s-1,Integrated Flux,,7.25E+16,2.42E+18,Hz,xray,,slop,1,,,,,,,,,,,,,,
1175.9371,s,2.86E-09,4.38E-10,4.38E-10,erg cm-2 s-1,Integrated Flux,,7.25E+16,2.42E+18,Hz,xray,,slop,1,,,,,,,,,,,,,,
1177.489,s,1.93E-09,2.93E-10,2.93E-10,erg cm-2 s-1,Integrated Flux,,7.25E+16,2.42E+18,Hz,xray,,slop,1,,,,,,,,,,,,,,
1179.1786,s,2.36E-09,3.59E-10,3.59E-10,erg cm-2 s-1,Integrated Flux,,7.25E+16,2.42E+18,Hz,xray,,slop,1,,,,,,,,,,,,,,
1180.6234,s,2.47E-09,3.76E-10,3.76E-10,erg cm-2 s-1,Integrated Flux,,7.25E+16,2.42E+18,Hz,xray,,slop,1,,,,,,,,,,,,,,
1182.0763,s,2.79E-09,4.33E-10,4.33E-10,erg cm-2 s-1,Integrated Flux,,7.25E+16,2.42E+18,Hz,xray,,slop,1,,,,,,,,,,,,,,
1183.3862,s,3.72E-09,5.65E-10,5.65E-10,erg cm-2 s-1,Integrated Flux,,7.25E+16,2.42E+18,Hz,xray,,slop,1,,,,,,,,,,,,,,
1184.7936,s,2.68E-09,4.07E-10,4.07E-10,erg cm-2 s-1,Integrated Flux,,7.25E+16,2.42E+18,Hz,xray,,slop,1,,,,,,,,,,,,,,
1186.0486,s,3.03E-09,4.52E-10,4.52E-10,erg cm-2 s-1,Integrated Flux,,7.25E+16,2.42E+18,Hz,xray,,slop,1,,,,,,,,,,,,,,
1187.3992,s,2.40E-09,3.57E-10,3.57E-10,erg cm-2 s-1,Integrated Flux,,7.25E+16,2.42E+18,Hz,xray,,slop,1,,,,,,,,,,,,,,
1188.9104,s,3.53E-09,5.26E-10,5.26E-10,erg cm-2 s-1,Integrated Flux,,7.25E+16,2.42E+18,Hz,xray,,slop,1,,,,,,,,,,,,,,
1190.3549,s,2.64E-09,4.01E-10,4.01E-10,erg cm-2 s-1,Integrated Flux,,7.25E+16,2.42E+18,Hz,xray,,slop,1,,,,,,,,,,,,,,
1191.7442,s,3.07E-09,4.57E-10,4.57E-10,erg cm-2 s-1,Integrated Flux,,7.25E+16,2.42E+18,Hz,xray,,slop,1,,,,,,,,,,,,,,
1193.0395,s,4.03E-09,6.01E-10,6.01E-10,erg cm-2 s-1,Integrated Flux,,7.25E+16,2.42E+18,Hz,xray,,slop,1,,,,,,,,,,,,,,
1194.4182,s,3.80E-09,5.67E-10,5.67E-10,erg cm-2 s-1,Integrated Flux,,7.25E+16,2.42E+18,Hz,xray,,slop,1,,,,,,,,,,,,,,
1196.0922,s,2.09E-09,3.12E-10,3.12E-10,erg cm-2 s-1,Integrated Flux,,7.25E+16,2.42E+18,Hz,xray,,slop,1,,,,,,,,,,,,,,
1197.4966,s,2.63E-09,4.00E-10,4.00E-10,erg cm-2 s-1,Integrated Flux,,7.25E+16,2.42E+18,Hz,xray,,slop,1,,,,,,,,,,,,,,
1198.9074,s,2.90E-09,4.41E-10,4.41E-10,erg cm-2 s-1,Integrated Flux,,7.25E+16,2.42E+18,Hz,xray,,slop,1,,,,,,,,,,,,,,
1200.5925,s,2.33E-09,3.47E-10,3.47E-10,erg cm-2 s-1,Integrated Flux,,7.25E+16,2.42E+18,Hz,xray,,slop,1,,,,,,,,,,,,,,
1201.9508,s,3.14E-09,4.77E-10,4.77E-10,erg cm-2 s-1,Integrated Flux,,7.25E+16,2.42E+18,Hz,xray,,slop,1,,,,,,,,,,,,,,
1203.3278,s,2.95E-09,4.49E-10,4.49E-10,erg cm-2 s-1,Integrated Flux,,7.25E+16,2.42E+18,Hz,xray,,slop,1,,,,,,,,,,,,,,
1204.6912,s,3.09E-09,4.55E-10,4.55E-10,erg cm-2 s-1,Integrated Flux,,7.25E+16,2.42E+18,Hz,xray,,slop,1,,,,,,,,,,,,,,
1206.0211,s,3.20E-09,4.78E-10,4.78E-10,erg cm-2 s-1,Integrated Flux,,7.25E+16,2.42E+18,Hz,xray,,slop,1,,,,,,,,,,,,,,
1207.3108,s,3.03E-09,4.51E-10,4.51E-10,erg cm-2 s-1,Integrated Flux,,7.25E+16,2.42E+18,Hz,xray,,slop,1,,,,,,,,,,,,,,
1208.7444,s,2.32E-09,3.53E-10,3.53E-10,erg cm-2 s-1,Integrated Flux,,7.25E+16,2.42E+18,Hz,xray,,slop,1,,,,,,,,,,,,,,
1210.2098,s,3.38E-09,5.14E-10,5.14E-10,erg cm-2 s-1,Integrated Flux,,7.25E+16,2.42E+18,Hz,xray,,slop,1,,,,,,,,,,,,,,
1211.6458,s,2.57E-09,3.99E-10,3.99E-10,erg cm-2 s-1,Integrated Flux,,7.25E+16,2.42E+18,Hz,xray,,slop,1,,,,,,,,,,,,,,
1212.9729,s,3.24E-09,4.92E-10,4.92E-10,erg cm-2 s-1,Integrated Flux,,7.25E+16,2.42E+18,Hz,xray,,slop,1,,,,,,,,,,,,,,
1214.3685,s,2.68E-09,4.00E-10,4.00E-10,erg cm-2 s-1,Integrated Flux,,7.25E+16,2.42E+18,Hz,xray,,slop,1,,,,,,,,,,,,,,
1215.7144,s,3.05E-09,4.64E-10,4.64E-10,erg cm-2 s-1,Integrated Flux,,7.25E+16,2.42E+18,Hz,xray,,slop,1,,,,,,,,,,,,,,
1217.3266,s,2.08E-09,3.16E-10,3.16E-10,erg cm-2 s-1,Integrated Flux,,7.25E+16,2.42E+18,Hz,xray,,slop,1,,,,,,,,,,,,,,
1218.9419,s,2.81E-09,4.19E-10,4.19E-10,erg cm-2 s-1,Integrated Flux,,7.25E+16,2.42E+18,Hz,xray,,slop,1,,,,,,,,,,,,,,
1220.4103,s,2.35E-09,3.57E-10,3.57E-10,erg cm-2 s-1,Integrated Flux,,7.25E+16,2.42E+18,Hz,xray,,slop,1,,,,,,,,,,,,,,
1221.7667,s,3.97E-09,5.73E-10,5.73E-10,erg cm-2 s-1,Integrated Flux,,7.25E+16,2.42E+18,Hz,xray,,slop,1,,,,,,,,,,,,,,
1223.0209,s,2.99E-09,4.54E-10,4.54E-10,erg cm-2 s-1,Integrated Flux,,7.25E+16,2.42E+18,Hz,xray,,slop,1,,,,,,,,,,,,,,
1224.655,s,2.19E-09,3.27E-10,3.27E-10,erg cm-2 s-1,Integrated Flux,,7.25E+16,2.42E+18,Hz,xray,,slop,1,,,,,,,,,,,,,,
1226.3588,s,2.79E-09,4.24E-10,4.24E-10,erg cm-2 s-1,Integrated Flux,,7.25E+16,2.42E+18,Hz,xray,,slop,1,,,,,,,,,,,,,,
1227.6691,s,3.33E-09,4.96E-10,4.96E-10,erg cm-2 s-1,Integrated Flux,,7.25E+16,2.42E+18,Hz,xray,,slop,1,,,,,,,,,,,,,,
1228.8951,s,3.89E-09,5.50E-10,5.50E-10,erg cm-2 s-1,Integrated Flux,,7.25E+16,2.42E+18,Hz,xray,,slop,1,,,,,,,,,,,,,,
1230.3232,s,2.42E-09,3.57E-10,3.57E-10,erg cm-2 s-1,Integrated Flux,,7.25E+16,2.42E+18,Hz,xray,,slop,1,,,,,,,,,,,,,,
1231.8857,s,2.56E-09,4.04E-10,4.04E-10,erg cm-2 s-1,Integrated Flux,,7.25E+16,2.42E+18,Hz,xray,,slop,1,,,,,,,,,,,,,,
1233.482,s,2.11E-09,3.21E-10,3.21E-10,erg cm-2 s-1,Integrated Flux,,7.25E+16,2.42E+18,Hz,xray,,slop,1,,,,,,,,,,,,,,
1235.1529,s,2.71E-09,4.19E-10,4.19E-10,erg cm-2 s-1,Integrated Flux,,7.25E+16,2.42E+18,Hz,xray,,slop,1,,,,,,,,,,,,,,
1236.7142,s,2.67E-09,3.97E-10,3.97E-10,erg cm-2 s-1,Integrated Flux,,7.25E+16,2.42E+18,Hz,xray,,slop,1,,,,,,,,,,,,,,
1238.1433,s,3.40E-09,5.08E-10,5.08E-10,erg cm-2 s-1,Integrated Flux,,7.25E+16,2.42E+18,Hz,xray,,slop,1,,,,,,,,,,,,,,
1239.6009,s,2.67E-09,4.14E-10,4.14E-10,erg cm-2 s-1,Integrated Flux,,7.25E+16,2.42E+18,Hz,xray,,slop,1,,,,,,,,,,,,,,
1241.313,s,1.91E-09,2.85E-10,2.85E-10,erg cm-2 s-1,Integrated Flux,,7.25E+16,2.42E+18,Hz,xray,,slop,1,,,,,,,,,,,,,,
1243.1462,s,2.14E-09,3.19E-10,3.19E-10,erg cm-2 s-1,Integrated Flux,,7.25E+16,2.42E+18,Hz,xray,,slop,1,,,,,,,,,,,,,,
1244.7778,s,2.68E-09,4.00E-10,4.00E-10,erg cm-2 s-1,Integrated Flux,,7.25E+16,2.42E+18,Hz,xray,,slop,1,,,,,,,,,,,,,,
1246.3798,s,2.37E-09,3.60E-10,3.60E-10,erg cm-2 s-1,Integrated Flux,,7.25E+16,2.42E+18,Hz,xray,,slop,1,,,,,,,,,,,,,,
1247.934,s,2.66E-09,4.04E-10,4.04E-10,erg cm-2 s-1,Integrated Flux,,7.25E+16,2.42E+18,Hz,xray,,slop,1,,,,,,,,,,,,,,
1249.388,s,3.56E-09,5.41E-10,5.41E-10,erg cm-2 s-1,Integrated Flux,,7.25E+16,2.42E+18,Hz,xray,,slop,1,,,,,,,,,,,,,,
1251.0807,s,2.17E-09,3.24E-10,3.24E-10,erg cm-2 s-1,Integrated Flux,,7.25E+16,2.42E+18,Hz,xray,,slop,1,,,,,,,,,,,,,,
1252.8374,s,2.09E-09,3.17E-10,3.17E-10,erg cm-2 s-1,Integrated Flux,,7.25E+16,2.42E+18,Hz,xray,,slop,1,,,,,,,,,,,,,,
1254.6344,s,2.74E-09,4.09E-10,4.09E-10,erg cm-2 s-1,Integrated Flux,,7.25E+16,2.42E+18,Hz,xray,,slop,1,,,,,,,,,,,,,,
1256.2164,s,2.55E-09,3.81E-10,3.81E-10,erg cm-2 s-1,Integrated Flux,,7.25E+16,2.42E+18,Hz,xray,,slop,1,,,,,,,,,,,,,,
1257.9318,s,2.21E-09,3.43E-10,3.43E-10,erg cm-2 s-1,Integrated Flux,,7.25E+16,2.42E+18,Hz,xray,,slop,1,,,,,,,,,,,,,,
1259.6993,s,2.65E-09,3.95E-10,3.95E-10,erg cm-2 s-1,Integrated Flux,,7.25E+16,2.42E+18,Hz,xray,,slop,1,,,,,,,,,,,,,,
1261.17,s,1.96E-09,2.92E-10,2.92E-10,erg cm-2 s-1,Integrated Flux,,7.25E+16,2.42E+18,Hz,xray,,slop,1,,,,,,,,,,,,,,
1263.021,s,2.13E-09,3.24E-10,3.24E-10,erg cm-2 s-1,Integrated Flux,,7.25E+16,2.42E+18,Hz,xray,,slop,1,,,,,,,,,,,,,,
1264.5401,s,3.79E-09,5.66E-10,5.66E-10,erg cm-2 s-1,Integrated Flux,,7.25E+16,2.42E+18,Hz,xray,,slop,1,,,,,,,,,,,,,,
1266.1178,s,2.57E-09,3.83E-10,3.83E-10,erg cm-2 s-1,Integrated Flux,,7.25E+16,2.42E+18,Hz,xray,,slop,1,,,,,,,,,,,,,,
1267.6072,s,2.13E-09,3.24E-10,3.24E-10,erg cm-2 s-1,Integrated Flux,,7.25E+16,2.42E+18,Hz,xray,,slop,1,,,,,,,,,,,,,,
1269.3498,s,2.62E-09,3.98E-10,3.98E-10,erg cm-2 s-1,Integrated Flux,,7.25E+16,2.42E+18,Hz,xray,,slop,1,,,,,,,,,,,,,,
1270.8782,s,3.58E-09,5.34E-10,5.34E-10,erg cm-2 s-1,Integrated Flux,,7.25E+16,2.42E+18,Hz,xray,,slop,1,,,,,,,,,,,,,,
1272.2629,s,2.58E-09,3.92E-10,3.92E-10,erg cm-2 s-1,Integrated Flux,,7.25E+16,2.42E+18,Hz,xray,,slop,1,,,,,,,,,,,,,,
1273.653,s,1.91E-09,2.90E-10,2.90E-10,erg cm-2 s-1,Integrated Flux,,7.25E+16,2.42E+18,Hz,xray,,slop,1,,,,,,,,,,,,,,
1275.4969,s,2.64E-09,3.90E-10,3.90E-10,erg cm-2 s-1,Integrated Flux,,7.25E+16,2.42E+18,Hz,xray,,slop,1,,,,,,,,,,,,,,
1277.017,s,2.86E-09,4.27E-10,4.27E-10,erg cm-2 s-1,Integrated Flux,,7.25E+16,2.42E+18,Hz,xray,,slop,1,,,,,,,,,,,,,,
1278.474,s,3.34E-09,4.99E-10,4.99E-10,erg cm-2 s-1,Integrated Flux,,7.25E+16,2.42E+18,Hz,xray,,slop,1,,,,,,,,,,,,,,
1280.1957,s,3.39E-09,5.06E-10,5.06E-10,erg cm-2 s-1,Integrated Flux,,7.25E+16,2.42E+18,Hz,xray,,slop,1,,,,,,,,,,,,,,
1281.6809,s,2.82E-09,4.21E-10,4.21E-10,erg cm-2 s-1,Integrated Flux,,7.25E+16,2.42E+18,Hz,xray,,slop,1,,,,,,,,,,,,,,
1283.189,s,2.93E-09,4.38E-10,4.38E-10,erg cm-2 s-1,Integrated Flux,,7.25E+16,2.42E+18,Hz,xray,,slop,1,,,,,,,,,,,,,,
1284.6184,s,2.54E-09,3.86E-10,3.86E-10,erg cm-2 s-1,Integrated Flux,,7.25E+16,2.42E+18,Hz,xray,,slop,1,,,,,,,,,,,,,,
1286.3325,s,3.01E-09,4.57E-10,4.57E-10,erg cm-2 s-1,Integrated Flux,,7.25E+16,2.42E+18,Hz,xray,,slop,1,,,,,,,,,,,,,,
1287.8433,s,2.44E-09,3.64E-10,3.64E-10,erg cm-2 s-1,Integrated Flux,,7.25E+16,2.42E+18,Hz,xray,,slop,1,,,,,,,,,,,,,,
1289.3814,s,2.33E-09,3.47E-10,3.47E-10,erg cm-2 s-1,Integrated Flux,,7.25E+16,2.42E+18,Hz,xray,,slop,1,,,,,,,,,,,,,,
1291.2664,s,2.28E-09,3.40E-10,3.40E-10,erg cm-2 s-1,Integrated Flux,,7.25E+16,2.42E+18,Hz,xray,,slop,1,,,,,,,,,,,,,,
1292.7369,s,3.27E-09,4.87E-10,4.87E-10,erg cm-2 s-1,Integrated Flux,,7.25E+16,2.42E+18,Hz,xray,,slop,1,,,,,,,,,,,,,,
1294.3219,s,2.24E-09,3.41E-10,3.41E-10,erg cm-2 s-1,Integrated Flux,,7.25E+16,2.42E+18,Hz,xray,,slop,1,,,,,,,,,,,,,,
1295.8071,s,2.39E-09,3.63E-10,3.63E-10,erg cm-2 s-1,Integrated Flux,,7.25E+16,2.42E+18,Hz,xray,,slop,1,,,,,,,,,,,,,,
1297.5193,s,2.32E-09,3.45E-10,3.45E-10,erg cm-2 s-1,Integrated Flux,,7.25E+16,2.42E+18,Hz,xray,,slop,1,,,,,,,,,,,,,,
1299.1354,s,2.13E-09,3.17E-10,3.17E-10,erg cm-2 s-1,Integrated Flux,,7.25E+16,2.42E+18,Hz,xray,,slop,1,,,,,,,,,,,,,,
1300.967,s,1.88E-09,2.81E-10,2.81E-10,erg cm-2 s-1,Integrated Flux,,7.25E+16,2.42E+18,Hz,xray,,slop,1,,,,,,,,,,,,,,
1302.6326,s,2.43E-09,3.70E-10,3.70E-10,erg cm-2 s-1,Integrated Flux,,7.25E+16,2.42E+18,Hz,xray,,slop,1,,,,,,,,,,,,,,
1304.3123,s,3.00E-09,4.48E-10,4.48E-10,erg cm-2 s-1,Integrated Flux,,7.25E+16,2.42E+18,Hz,xray,,slop,1,,,,,,,,,,,,,,
1306.218,s,2.00E-09,2.98E-10,2.98E-10,erg cm-2 s-1,Integrated Flux,,7.25E+16,2.42E+18,Hz,xray,,slop,1,,,,,,,,,,,,,,
1307.7742,s,2.73E-09,4.14E-10,4.14E-10,erg cm-2 s-1,Integrated Flux,,7.25E+16,2.42E+18,Hz,xray,,slop,1,,,,,,,,,,,,,,
1309.3195,s,2.45E-09,3.66E-10,3.66E-10,erg cm-2 s-1,Integrated Flux,,7.25E+16,2.42E+18,Hz,xray,,slop,1,,,,,,,,,,,,,,
1310.9095,s,2.56E-09,3.82E-10,3.82E-10,erg cm-2 s-1,Integrated Flux,,7.25E+16,2.42E+18,Hz,xray,,slop,1,,,,,,,,,,,,,,
1312.447,s,3.45E-09,5.15E-10,5.15E-10,erg cm-2 s-1,Integrated Flux,,7.25E+16,2.42E+18,Hz,xray,,slop,1,,,,,,,,,,,,,,
1313.906,s,1.97E-09,2.99E-10,2.99E-10,erg cm-2 s-1,Integrated Flux,,7.25E+16,2.42E+18,Hz,xray,,slop,1,,,,,,,,,,,,,,
1315.5216,s,2.30E-09,3.43E-10,3.43E-10,erg cm-2 s-1,Integrated Flux,,7.25E+16,2.42E+18,Hz,xray,,slop,1,,,,,,,,,,,,,,
1317.3309,s,2.70E-09,4.02E-10,4.02E-10,erg cm-2 s-1,Integrated Flux,,7.25E+16,2.42E+18,Hz,xray,,slop,1,,,,,,,,,,,,,,
1319.0437,s,2.20E-09,3.29E-10,3.29E-10,erg cm-2 s-1,Integrated Flux,,7.25E+16,2.42E+18,Hz,xray,,slop,1,,,,,,,,,,,,,,
1320.7424,s,2.59E-09,3.89E-10,3.89E-10,erg cm-2 s-1,Integrated Flux,,7.25E+16,2.42E+18,Hz,xray,,slop,1,,,,,,,,,,,,,,
1322.1684,s,3.44E-09,5.12E-10,5.12E-10,erg cm-2 s-1,Integrated Flux,,7.25E+16,2.42E+18,Hz,xray,,slop,1,,,,,,,,,,,,,,
1323.6761,s,2.54E-09,3.86E-10,3.86E-10,erg cm-2 s-1,Integrated Flux,,7.25E+16,2.42E+18,Hz,xray,,slop,1,,,,,,,,,,,,,,
1325.2779,s,2.63E-09,3.92E-10,3.92E-10,erg cm-2 s-1,Integrated Flux,,7.25E+16,2.42E+18,Hz,xray,,slop,1,,,,,,,,,,,,,,
1326.5434,s,2.91E-09,4.34E-10,4.34E-10,erg cm-2 s-1,Integrated Flux,,7.25E+16,2.42E+18,Hz,xray,,slop,1,,,,,,,,,,,,,,
1328.2641,s,2.06E-09,3.07E-10,3.07E-10,erg cm-2 s-1,Integrated Flux,,7.25E+16,2.42E+18,Hz,xray,,slop,1,,,,,,,,,,,,,,
1330.223,s,1.85E-09,2.82E-10,2.82E-10,erg cm-2 s-1,Integrated Flux,,7.25E+16,2.42E+18,Hz,xray,,slop,1,,,,,,,,,,,,,,
1332.1949,s,2.16E-09,3.27E-10,3.27E-10,erg cm-2 s-1,Integrated Flux,,7.25E+16,2.42E+18,Hz,xray,,slop,1,,,,,,,,,,,,,,
1333.9817,s,2.17E-09,3.23E-10,3.23E-10,erg cm-2 s-1,Integrated Flux,,7.25E+16,2.42E+18,Hz,xray,,slop,1,,,,,,,,,,,,,,
1335.8736,s,2.65E-09,3.95E-10,3.95E-10,erg cm-2 s-1,Integrated Flux,,7.25E+16,2.42E+18,Hz,xray,,slop,1,,,,,,,,,,,,,,
1337.3554,s,2.56E-09,3.81E-10,3.81E-10,erg cm-2 s-1,Integrated Flux,,7.25E+16,2.42E+18,Hz,xray,,slop,1,,,,,,,,,,,,,,
1338.9903,s,2.50E-09,3.73E-10,3.73E-10,erg cm-2 s-1,Integrated Flux,,7.25E+16,2.42E+18,Hz,xray,,slop,1,,,,,,,,,,,,,,
1340.8276,s,2.49E-09,3.79E-10,3.79E-10,erg cm-2 s-1,Integrated Flux,,7.25E+16,2.42E+18,Hz,xray,,slop,1,,,,,,,,,,,,,,
1342.6339,s,3.01E-09,4.57E-10,4.57E-10,erg cm-2 s-1,Integrated Flux,,7.25E+16,2.42E+18,Hz,xray,,slop,1,,,,,,,,,,,,,,
1344.1837,s,2.68E-09,3.96E-10,3.96E-10,erg cm-2 s-1,Integrated Flux,,7.25E+16,2.42E+18,Hz,xray,,slop,1,,,,,,,,,,,,,,
1345.8911,s,2.34E-09,3.49E-10,3.49E-10,erg cm-2 s-1,Integrated Flux,,7.25E+16,2.42E+18,Hz,xray,,slop,1,,,,,,,,,,,,,,
1347.5695,s,2.25E-09,3.42E-10,3.42E-10,erg cm-2 s-1,Integrated Flux,,7.25E+16,2.42E+18,Hz,xray,,slop,1,,,,,,,,,,,,,,
1349.2486,s,2.81E-09,4.27E-10,4.27E-10,erg cm-2 s-1,Integrated Flux,,7.25E+16,2.42E+18,Hz,xray,,slop,1,,,,,,,,,,,,,,
1350.7013,s,2.23E-09,3.32E-10,3.32E-10,erg cm-2 s-1,Integrated Flux,,7.25E+16,2.42E+18,Hz,xray,,slop,1,,,,,,,,,,,,,,
1352.5477,s,2.12E-09,3.16E-10,3.16E-10,erg cm-2 s-1,Integrated Flux,,7.25E+16,2.42E+18,Hz,xray,,slop,1,,,,,,,,,,,,,,
1354.454,s,1.99E-09,2.97E-10,2.97E-10,erg cm-2 s-1,Integrated Flux,,7.25E+16,2.42E+18,Hz,xray,,slop,1,,,,,,,,,,,,,,
1356.1918,s,2.44E-09,3.64E-10,3.64E-10,erg cm-2 s-1,Integrated Flux,,7.25E+16,2.42E+18,Hz,xray,,slop,1,,,,,,,,,,,,,,
1358.032,s,2.06E-09,3.07E-10,3.07E-10,erg cm-2 s-1,Integrated Flux,,7.25E+16,2.42E+18,Hz,xray,,slop,1,,,,,,,,,,,,,,
1359.7897,s,2.71E-09,4.04E-10,4.04E-10,erg cm-2 s-1,Integrated Flux,,7.25E+16,2.42E+18,Hz,xray,,slop,1,,,,,,,,,,,,,,
1361.5283,s,2.74E-09,4.32E-10,4.32E-10,erg cm-2 s-1,Integrated Flux,,7.25E+16,2.42E+18,Hz,xray,,slop,1,,,,,,,,,,,,,,
1363.0465,s,2.90E-09,4.41E-10,4.41E-10,erg cm-2 s-1,Integrated Flux,,7.25E+16,2.42E+18,Hz,xray,,slop,1,,,,,,,,,,,,,,
1364.714,s,3.13E-09,4.67E-10,4.67E-10,erg cm-2 s-1,Integrated Flux,,7.25E+16,2.42E+18,Hz,xray,,slop,1,,,,,,,,,,,,,,
1366.3164,s,3.25E-09,4.94E-10,4.94E-10,erg cm-2 s-1,Integrated Flux,,7.25E+16,2.42E+18,Hz,xray,,slop,1,,,,,,,,,,,,,,
1367.9642,s,2.36E-09,3.58E-10,3.58E-10,erg cm-2 s-1,Integrated Flux,,7.25E+16,2.42E+18,Hz,xray,,slop,1,,,,,,,,,,,,,,
1369.621,s,2.24E-09,3.34E-10,3.34E-10,erg cm-2 s-1,Integrated Flux,,7.25E+16,2.42E+18,Hz,xray,,slop,1,,,,,,,,,,,,,,
1371.4444,s,2.26E-09,3.43E-10,3.43E-10,erg cm-2 s-1,Integrated Flux,,7.25E+16,2.42E+18,Hz,xray,,slop,1,,,,,,,,,,,,,,
1373.4237,s,2.01E-09,3.11E-10,3.11E-10,erg cm-2 s-1,Integrated Flux,,7.25E+16,2.42E+18,Hz,xray,,slop,1,,,,,,,,,,,,,,
1375.2119,s,2.11E-09,3.15E-10,3.15E-10,erg cm-2 s-1,Integrated Flux,,7.25E+16,2.42E+18,Hz,xray,,slop,1,,,,,,,,,,,,,,
1377.113,s,1.99E-09,2.96E-10,2.96E-10,erg cm-2 s-1,Integrated Flux,,7.25E+16,2.42E+18,Hz,xray,,slop,1,,,,,,,,,,,,,,
1379.0654,s,2.33E-09,3.47E-10,3.47E-10,erg cm-2 s-1,Integrated Flux,,7.25E+16,2.42E+18,Hz,xray,,slop,1,,,,,,,,,,,,,,
1380.884,s,1.96E-09,2.97E-10,2.97E-10,erg cm-2 s-1,Integrated Flux,,7.25E+16,2.42E+18,Hz,xray,,slop,1,,,,,,,,,,,,,,
1382.6931,s,2.05E-09,3.11E-10,3.11E-10,erg cm-2 s-1,Integrated Flux,,7.25E+16,2.42E+18,Hz,xray,,slop,1,,,,,,,,,,,,,,
1384.2202,s,2.17E-09,3.24E-10,3.24E-10,erg cm-2 s-1,Integrated Flux,,7.25E+16,2.42E+18,Hz,xray,,slop,1,,,,,,,,,,,,,,
1386.0362,s,3.22E-09,4.80E-10,4.80E-10,erg cm-2 s-1,Integrated Flux,,7.25E+16,2.42E+18,Hz,xray,,slop,1,,,,,,,,,,,,,,
1387.6578,s,2.18E-09,3.31E-10,3.31E-10,erg cm-2 s-1,Integrated Flux,,7.25E+16,2.42E+18,Hz,xray,,slop,1,,,,,,,,,,,,,,
1389.7535,s,2.23E-09,3.33E-10,3.33E-10,erg cm-2 s-1,Integrated Flux,,7.25E+16,2.42E+18,Hz,xray,,slop,1,,,,,,,,,,,,,,
1391.774,s,2.66E-09,3.96E-10,3.96E-10,erg cm-2 s-1,Integrated Flux,,7.25E+16,2.42E+18,Hz,xray,,slop,1,,,,,,,,,,,,,,
1393.72,s,1.71E-09,2.60E-10,2.60E-10,erg cm-2 s-1,Integrated Flux,,7.25E+16,2.42E+18,Hz,xray,,slop,1,,,,,,,,,,,,,,
1395.712,s,2.21E-09,3.29E-10,3.29E-10,erg cm-2 s-1,Integrated Flux,,7.25E+16,2.42E+18,Hz,xray,,slop,1,,,,,,,,,,,,,,
1397.1171,s,2.54E-09,3.79E-10,3.79E-10,erg cm-2 s-1,Integrated Flux,,7.25E+16,2.42E+18,Hz,xray,,slop,1,,,,,,,,,,,,,,
1398.8498,s,2.71E-09,4.05E-10,4.05E-10,erg cm-2 s-1,Integrated Flux,,7.25E+16,2.42E+18,Hz,xray,,slop,1,,,,,,,,,,,,,,
1400.5669,s,2.20E-09,3.29E-10,3.29E-10,erg cm-2 s-1,Integrated Flux,,7.25E+16,2.42E+18,Hz,xray,,slop,1,,,,,,,,,,,,,,
1402.4491,s,2.16E-09,3.24E-10,3.24E-10,erg cm-2 s-1,Integrated Flux,,7.25E+16,2.42E+18,Hz,xray,,slop,1,,,,,,,,,,,,,,
1404.226,s,2.51E-09,3.74E-10,3.74E-10,erg cm-2 s-1,Integrated Flux,,7.25E+16,2.42E+18,Hz,xray,,slop,1,,,,,,,,,,,,,,
1406.0566,s,2.07E-09,3.09E-10,3.09E-10,erg cm-2 s-1,Integrated Flux,,7.25E+16,2.42E+18,Hz,xray,,slop,1,,,,,,,,,,,,,,
1407.7567,s,2.14E-09,3.25E-10,3.25E-10,erg cm-2 s-1,Integrated Flux,,7.25E+16,2.42E+18,Hz,xray,,slop,1,,,,,,,,,,,,,,
1409.64,s,1.65E-09,2.55E-10,2.55E-10,erg cm-2 s-1,Integrated Flux,,7.25E+16,2.42E+18,Hz,xray,,slop,1,,,,,,,,,,,,,,
1411.7949,s,2.43E-09,3.76E-10,3.76E-10,erg cm-2 s-1,Integrated Flux,,7.25E+16,2.42E+18,Hz,xray,,slop,1,,,,,,,,,,,,,,
1413.865,s,1.96E-09,2.97E-10,2.97E-10,erg cm-2 s-1,Integrated Flux,,7.25E+16,2.42E+18,Hz,xray,,slop,1,,,,,,,,,,,,,,
1415.7987,s,2.38E-09,3.62E-10,3.62E-10,erg cm-2 s-1,Integrated Flux,,7.25E+16,2.42E+18,Hz,xray,,slop,1,,,,,,,,,,,,,,
1417.708,s,2.01E-09,3.05E-10,3.05E-10,erg cm-2 s-1,Integrated Flux,,7.25E+16,2.42E+18,Hz,xray,,slop,1,,,,,,,,,,,,,,
1419.646,s,1.96E-09,2.92E-10,2.92E-10,erg cm-2 s-1,Integrated Flux,,7.25E+16,2.42E+18,Hz,xray,,slop,1,,,,,,,,,,,,,,
1421.5248,s,2.25E-09,3.36E-10,3.36E-10,erg cm-2 s-1,Integrated Flux,,7.25E+16,2.42E+18,Hz,xray,,slop,1,,,,,,,,,,,,,,
1423.3854,s,2.43E-09,3.62E-10,3.62E-10,erg cm-2 s-1,Integrated Flux,,7.25E+16,2.42E+18,Hz,xray,,slop,1,,,,,,,,,,,,,,
1424.9481,s,2.29E-09,3.48E-10,3.48E-10,erg cm-2 s-1,Integrated Flux,,7.25E+16,2.42E+18,Hz,xray,,slop,1,,,,,,,,,,,,,,
1426.851,s,1.88E-09,2.81E-10,2.81E-10,erg cm-2 s-1,Integrated Flux,,7.25E+16,2.42E+18,Hz,xray,,slop,1,,,,,,,,,,,,,,
1428.7679,s,2.04E-09,3.10E-10,3.10E-10,erg cm-2 s-1,Integrated Flux,,7.25E+16,2.42E+18,Hz,xray,,slop,1,,,,,,,,,,,,,,
1430.5705,s,2.70E-09,3.99E-10,3.99E-10,erg cm-2 s-1,Integrated Flux,,7.25E+16,2.42E+18,Hz,xray,,slop,1,,,,,,,,,,,,,,
1432.3366,s,2.50E-09,3.81E-10,3.81E-10,erg cm-2 s-1,Integrated Flux,,7.25E+16,2.42E+18,Hz,xray,,slop,1,,,,,,,,,,,,,,
1433.955,s,2.54E-09,3.86E-10,3.86E-10,erg cm-2 s-1,Integrated Flux,,7.25E+16,2.42E+18,Hz,xray,,slop,1,,,,,,,,,,,,,,
1435.756,s,1.69E-09,2.53E-10,2.53E-10,erg cm-2 s-1,Integrated Flux,,7.25E+16,2.42E+18,Hz,xray,,slop,1,,,,,,,,,,,,,,
1437.772,s,2.12E-09,3.19E-10,3.19E-10,erg cm-2 s-1,Integrated Flux,,7.25E+16,2.42E+18,Hz,xray,,slop,1,,,,,,,,,,,,,,
1439.9752,s,2.09E-09,3.11E-10,3.11E-10,erg cm-2 s-1,Integrated Flux,,7.25E+16,2.42E+18,Hz,xray,,slop,1,,,,,,,,,,,,,,
1441.7384,s,2.38E-09,3.55E-10,3.55E-10,erg cm-2 s-1,Integrated Flux,,7.25E+16,2.42E+18,Hz,xray,,slop,1,,,,,,,,,,,,,,
1443.4247,s,2.59E-09,3.93E-10,3.93E-10,erg cm-2 s-1,Integrated Flux,,7.25E+16,2.42E+18,Hz,xray,,slop,1,,,,,,,,,,,,,,
1445.405,s,1.78E-09,2.65E-10,2.65E-10,erg cm-2 s-1,Integrated Flux,,7.25E+16,2.42E+18,Hz,xray,,slop,1,,,,,,,,,,,,,,
1447.482,s,1.51E-09,2.24E-10,2.24E-10,erg cm-2 s-1,Integrated Flux,,7.25E+16,2.42E+18,Hz,xray,,slop,1,,,,,,,,,,,,,,
1449.9403,s,2.09E-09,3.23E-10,3.23E-10,erg cm-2 s-1,Integrated Flux,,7.25E+16,2.42E+18,Hz,xray,,slop,1,,,,,,,,,,,,,,
1452.1332,s,2.20E-09,3.27E-10,3.27E-10,erg cm-2 s-1,Integrated Flux,,7.25E+16,2.42E+18,Hz,xray,,slop,1,,,,,,,,,,,,,,
1454.0984,s,2.13E-09,3.30E-10,3.30E-10,erg cm-2 s-1,Integrated Flux,,7.25E+16,2.42E+18,Hz,xray,,slop,1,,,,,,,,,,,,,,
1456.0484,s,2.29E-09,3.41E-10,3.41E-10,erg cm-2 s-1,Integrated Flux,,7.25E+16,2.42E+18,Hz,xray,,slop,1,,,,,,,,,,,,,,
1457.9951,s,2.11E-09,3.15E-10,3.15E-10,erg cm-2 s-1,Integrated Flux,,7.25E+16,2.42E+18,Hz,xray,,slop,1,,,,,,,,,,,,,,
1459.956,s,1.90E-09,3.00E-10,3.00E-10,erg cm-2 s-1,Integrated Flux,,7.25E+16,2.42E+18,Hz,xray,,slop,1,,,,,,,,,,,,,,
1462.0685,s,2.12E-09,3.22E-10,3.22E-10,erg cm-2 s-1,Integrated Flux,,7.25E+16,2.42E+18,Hz,xray,,slop,1,,,,,,,,,,,,,,
1463.966,s,1.83E-09,2.79E-10,2.79E-10,erg cm-2 s-1,Integrated Flux,,7.25E+16,2.42E+18,Hz,xray,,slop,1,,,,,,,,,,,,,,
1465.7344,s,2.06E-09,3.13E-10,3.13E-10,erg cm-2 s-1,Integrated Flux,,7.25E+16,2.42E+18,Hz,xray,,slop,1,,,,,,,,,,,,,,
1467.7813,s,2.77E-09,4.12E-10,4.12E-10,erg cm-2 s-1,Integrated Flux,,7.25E+16,2.42E+18,Hz,xray,,slop,1,,,,,,,,,,,,,,
1469.706,s,1.99E-09,3.03E-10,3.03E-10,erg cm-2 s-1,Integrated Flux,,7.25E+16,2.42E+18,Hz,xray,,slop,1,,,,,,,,,,,,,,
1471.6399,s,2.22E-09,3.37E-10,3.37E-10,erg cm-2 s-1,Integrated Flux,,7.25E+16,2.42E+18,Hz,xray,,slop,1,,,,,,,,,,,,,,
1473.3306,s,2.58E-09,3.85E-10,3.85E-10,erg cm-2 s-1,Integrated Flux,,7.25E+16,2.42E+18,Hz,xray,,slop,1,,,,,,,,,,,,,,
1475.417,s,1.87E-09,2.84E-10,2.84E-10,erg cm-2 s-1,Integrated Flux,,7.25E+16,2.42E+18,Hz,xray,,slop,1,,,,,,,,,,,,,,
1477.2648,s,2.31E-09,3.50E-10,3.50E-10,erg cm-2 s-1,Integrated Flux,,7.25E+16,2.42E+18,Hz,xray,,slop,1,,,,,,,,,,,,,,
1479.3911,s,2.17E-09,3.23E-10,3.23E-10,erg cm-2 s-1,Integrated Flux,,7.25E+16,2.42E+18,Hz,xray,,slop,1,,,,,,,,,,,,,,
1481.25,s,1.91E-09,2.84E-10,2.84E-10,erg cm-2 s-1,Integrated Flux,,7.25E+16,2.42E+18,Hz,xray,,slop,1,,,,,,,,,,,,,,
1483.294,s,1.63E-09,2.43E-10,2.43E-10,erg cm-2 s-1,Integrated Flux,,7.25E+16,2.42E+18,Hz,xray,,slop,1,,,,,,,,,,,,,,
1485.71,s,1.70E-09,2.58E-10,2.58E-10,erg cm-2 s-1,Integrated Flux,,7.25E+16,2.42E+18,Hz,xray,,slop,1,,,,,,,,,,,,,,
1487.8472,s,2.24E-09,3.34E-10,3.34E-10,erg cm-2 s-1,Integrated Flux,,7.25E+16,2.42E+18,Hz,xray,,slop,1,,,,,,,,,,,,,,
1489.895,s,1.80E-09,2.68E-10,2.68E-10,erg cm-2 s-1,Integrated Flux,,7.25E+16,2.42E+18,Hz,xray,,slop,1,,,,,,,,,,,,,,
1492.029,s,1.65E-09,2.56E-10,2.56E-10,erg cm-2 s-1,Integrated Flux,,7.25E+16,2.42E+18,Hz,xray,,slop,1,,,,,,,,,,,,,,
1493.874,s,2.32E-09,3.45E-10,3.45E-10,erg cm-2 s-1,Integrated Flux,,7.25E+16,2.42E+18,Hz,xray,,slop,1,,,,,,,,,,,,,,
1496.174,s,1.88E-09,2.86E-10,2.86E-10,erg cm-2 s-1,Integrated Flux,,7.25E+16,2.42E+18,Hz,xray,,slop,1,,,,,,,,,,,,,,
1498.506,s,1.69E-09,2.57E-10,2.57E-10,erg cm-2 s-1,Integrated Flux,,7.25E+16,2.42E+18,Hz,xray,,slop,1,,,,,,,,,,,,,,
1500.4799,s,2.23E-09,3.38E-10,3.38E-10,erg cm-2 s-1,Integrated Flux,,7.25E+16,2.42E+18,Hz,xray,,slop,1,,,,,,,,,,,,,,
1502.0844,s,2.59E-09,3.94E-10,3.94E-10,erg cm-2 s-1,Integrated Flux,,7.25E+16,2.42E+18,Hz,xray,,slop,1,,,,,,,,,,,,,,
1503.844,s,2.10E-09,3.14E-10,3.14E-10,erg cm-2 s-1,Integrated Flux,,7.25E+16,2.42E+18,Hz,xray,,slop,1,,,,,,,,,,,,,,
1505.986,s,1.94E-09,2.94E-10,2.94E-10,erg cm-2 s-1,Integrated Flux,,7.25E+16,2.42E+18,Hz,xray,,slop,1,,,,,,,,,,,,,,
1507.936,s,1.97E-09,2.94E-10,2.94E-10,erg cm-2 s-1,Integrated Flux,,7.25E+16,2.42E+18,Hz,xray,,slop,1,,,,,,,,,,,,,,
1509.9603,s,2.24E-09,3.34E-10,3.34E-10,erg cm-2 s-1,Integrated Flux,,7.25E+16,2.42E+18,Hz,xray,,slop,1,,,,,,,,,,,,,,
1511.975,s,1.65E-09,2.51E-10,2.51E-10,erg cm-2 s-1,Integrated Flux,,7.25E+16,2.42E+18,Hz,xray,,slop,1,,,,,,,,,,,,,,
1514.076,s,1.97E-09,3.00E-10,3.00E-10,erg cm-2 s-1,Integrated Flux,,7.25E+16,2.42E+18,Hz,xray,,slop,1,,,,,,,,,,,,,,
1515.968,s,1.89E-09,2.92E-10,2.92E-10,erg cm-2 s-1,Integrated Flux,,7.25E+16,2.42E+18,Hz,xray,,slop,1,,,,,,,,,,,,,,
1518.1128,s,2.18E-09,3.31E-10,3.31E-10,erg cm-2 s-1,Integrated Flux,,7.25E+16,2.42E+18,Hz,xray,,slop,1,,,,,,,,,,,,,,
1519.9589,s,2.56E-09,3.81E-10,3.81E-10,erg cm-2 s-1,Integrated Flux,,7.25E+16,2.42E+18,Hz,xray,,slop,1,,,,,,,,,,,,,,
1521.6556,s,2.19E-09,3.27E-10,3.27E-10,erg cm-2 s-1,Integrated Flux,,7.25E+16,2.42E+18,Hz,xray,,slop,1,,,,,,,,,,,,,,
1523.931,s,1.78E-09,2.71E-10,2.71E-10,erg cm-2 s-1,Integrated Flux,,7.25E+16,2.42E+18,Hz,xray,,slop,1,,,,,,,,,,,,,,
1525.7114,s,2.20E-09,3.41E-10,3.41E-10,erg cm-2 s-1,Integrated Flux,,7.25E+16,2.42E+18,Hz,xray,,slop,1,,,,,,,,,,,,,,
1527.7397,s,2.14E-09,3.19E-10,3.19E-10,erg cm-2 s-1,Integrated Flux,,7.25E+16,2.42E+18,Hz,xray,,slop,1,,,,,,,,,,,,,,
1529.897,s,1.99E-09,3.02E-10,3.02E-10,erg cm-2 s-1,Integrated Flux,,7.25E+16,2.42E+18,Hz,xray,,slop,1,,,,,,,,,,,,,,
1531.933,s,1.74E-09,2.60E-10,2.60E-10,erg cm-2 s-1,Integrated Flux,,7.25E+16,2.42E+18,Hz,xray,,slop,1,,,,,,,,,,,,,,
1533.939,s,1.76E-09,2.68E-10,2.68E-10,erg cm-2 s-1,Integrated Flux,,7.25E+16,2.42E+18,Hz,xray,,slop,1,,,,,,,,,,,,,,
1536.3364,s,2.17E-09,3.30E-10,3.30E-10,erg cm-2 s-1,Integrated Flux,,7.25E+16,2.42E+18,Hz,xray,,slop,1,,,,,,,,,,,,,,
1537.9661,s,2.16E-09,3.34E-10,3.34E-10,erg cm-2 s-1,Integrated Flux,,7.25E+16,2.42E+18,Hz,xray,,slop,1,,,,,,,,,,,,,,
1540.03,s,1.89E-09,2.81E-10,2.81E-10,erg cm-2 s-1,Integrated Flux,,7.25E+16,2.42E+18,Hz,xray,,slop,1,,,,,,,,,,,,,,
1541.9322,s,2.17E-09,3.24E-10,3.24E-10,erg cm-2 s-1,Integrated Flux,,7.25E+16,2.42E+18,Hz,xray,,slop,1,,,,,,,,,,,,,,
1544.24,s,1.86E-09,2.77E-10,2.77E-10,erg cm-2 s-1,Integrated Flux,,7.25E+16,2.42E+18,Hz,xray,,slop,1,,,,,,,,,,,,,,
1546.3076,s,2.20E-09,3.41E-10,3.41E-10,erg cm-2 s-1,Integrated Flux,,7.25E+16,2.42E+18,Hz,xray,,slop,1,,,,,,,,,,,,,,
1548.376,s,2.01E-09,3.06E-10,3.06E-10,erg cm-2 s-1,Integrated Flux,,7.25E+16,2.42E+18,Hz,xray,,slop,1,,,,,,,,,,,,,,
1550.2685,s,2.83E-09,4.38E-10,4.38E-10,erg cm-2 s-1,Integrated Flux,,7.25E+16,2.42E+18,Hz,xray,,slop,1,,,,,,,,,,,,,,
1552.0469,s,2.08E-09,3.28E-10,3.28E-10,erg cm-2 s-1,Integrated Flux,,7.25E+16,2.42E+18,Hz,xray,,slop,1,,,,,,,,,,,,,,
1553.868,s,2.35E-09,3.50E-10,3.50E-10,erg cm-2 s-1,Integrated Flux,,7.25E+16,2.42E+18,Hz,xray,,slop,1,,,,,,,,,,,,,,
1555.7498,s,2.63E-09,3.92E-10,3.92E-10,erg cm-2 s-1,Integrated Flux,,7.25E+16,2.42E+18,Hz,xray,,slop,1,,,,,,,,,,,,,,
1557.506,s,1.82E-09,2.77E-10,2.77E-10,erg cm-2 s-1,Integrated Flux,,7.25E+16,2.42E+18,Hz,xray,,slop,1,,,,,,,,,,,,,,
1559.612,s,2.00E-09,3.05E-10,3.05E-10,erg cm-2 s-1,Integrated Flux,,7.25E+16,2.42E+18,Hz,xray,,slop,1,,,,,,,,,,,,,,
1561.9266,s,2.08E-09,3.16E-10,3.16E-10,erg cm-2 s-1,Integrated Flux,,7.25E+16,2.42E+18,Hz,xray,,slop,1,,,,,,,,,,,,,,
1564.02,s,1.96E-09,2.97E-10,2.97E-10,erg cm-2 s-1,Integrated Flux,,7.25E+16,2.42E+18,Hz,xray,,slop,1,,,,,,,,,,,,,,
1566.527,s,1.77E-09,2.64E-10,2.64E-10,erg cm-2 s-1,Integrated Flux,,7.25E+16,2.42E+18,Hz,xray,,slop,1,,,,,,,,,,,,,,
1568.858,s,2.07E-09,3.09E-10,3.09E-10,erg cm-2 s-1,Integrated Flux,,7.25E+16,2.42E+18,Hz,xray,,slop,1,,,,,,,,,,,,,,
1571.003,s,1.85E-09,2.75E-10,2.75E-10,erg cm-2 s-1,Integrated Flux,,7.25E+16,2.42E+18,Hz,xray,,slop,1,,,,,,,,,,,,,,
1573.138,s,1.88E-09,2.85E-10,2.85E-10,erg cm-2 s-1,Integrated Flux,,7.25E+16,2.42E+18,Hz,xray,,slop,1,,,,,,,,,,,,,,
1575.293,s,1.83E-09,2.78E-10,2.78E-10,erg cm-2 s-1,Integrated Flux,,7.25E+16,2.42E+18,Hz,xray,,slop,1,,,,,,,,,,,,,,
1577.4518,s,2.37E-09,3.67E-10,3.67E-10,erg cm-2 s-1,Integrated Flux,,7.25E+16,2.42E+18,Hz,xray,,slop,1,,,,,,,,,,,,,,
1579.841,s,1.52E-09,2.26E-10,2.26E-10,erg cm-2 s-1,Integrated Flux,,7.25E+16,2.42E+18,Hz,xray,,slop,1,,,,,,,,,,,,,,
1582.168,s,1.93E-09,2.94E-10,2.94E-10,erg cm-2 s-1,Integrated Flux,,7.25E+16,2.42E+18,Hz,xray,,slop,1,,,,,,,,,,,,,,
1584.349,s,1.69E-09,2.64E-10,2.64E-10,erg cm-2 s-1,Integrated Flux,,7.25E+16,2.42E+18,Hz,xray,,slop,1,,,,,,,,,,,,,,
1586.663,s,1.37E-09,2.08E-10,2.08E-10,erg cm-2 s-1,Integrated Flux,,7.25E+16,2.42E+18,Hz,xray,,slop,1,,,,,,,,,,,,,,
1589.5321,s,2.28E-09,3.40E-10,3.40E-10,erg cm-2 s-1,Integrated Flux,,7.25E+16,2.42E+18,Hz,xray,,slop,1,,,,,,,,,,,,,,
1591.4477,s,1.99E-09,3.09E-10,3.09E-10,erg cm-2 s-1,Integrated Flux,,7.25E+16,2.42E+18,Hz,xray,,slop,1,,,,,,,,,,,,,,
1593.918,s,1.52E-09,2.27E-10,2.27E-10,erg cm-2 s-1,Integrated Flux,,7.25E+16,2.42E+18,Hz,xray,,slop,1,,,,,,,,,,,,,,
1595.746,s,2.56E-09,3.82E-10,3.82E-10,erg cm-2 s-1,Integrated Flux,,7.25E+16,2.42E+18,Hz,xray,,slop,1,,,,,,,,,,,,,,
1597.9052,s,2.12E-09,3.22E-10,3.22E-10,erg cm-2 s-1,Integrated Flux,,7.25E+16,2.42E+18,Hz,xray,,slop,1,,,,,,,,,,,,,,
1600.078,s,1.61E-09,2.49E-10,2.49E-10,erg cm-2 s-1,Integrated Flux,,7.25E+16,2.42E+18,Hz,xray,,slop,1,,,,,,,,,,,,,,
1602.424,s,2.17E-09,3.24E-10,3.24E-10,erg cm-2 s-1,Integrated Flux,,7.25E+16,2.42E+18,Hz,xray,,slop,1,,,,,,,,,,,,,,
1604.5817,s,2.22E-09,3.38E-10,3.38E-10,erg cm-2 s-1,Integrated Flux,,7.25E+16,2.42E+18,Hz,xray,,slop,1,,,,,,,,,,,,,,
1606.718,s,1.77E-09,2.79E-10,2.79E-10,erg cm-2 s-1,Integrated Flux,,7.25E+16,2.42E+18,Hz,xray,,slop,1,,,,,,,,,,,,,,
1608.868,s,1.86E-09,2.77E-10,2.77E-10,erg cm-2 s-1,Integrated Flux,,7.25E+16,2.42E+18,Hz,xray,,slop,1,,,,,,,,,,,,,,
1611.367,s,1.65E-09,2.46E-10,2.46E-10,erg cm-2 s-1,Integrated Flux,,7.25E+16,2.42E+18,Hz,xray,,slop,1,,,,,,,,,,,,,,
1613.863,s,1.87E-09,2.79E-10,2.79E-10,erg cm-2 s-1,Integrated Flux,,7.25E+16,2.42E+18,Hz,xray,,slop,1,,,,,,,,,,,,,,
1616.39,s,1.39E-09,2.12E-10,2.12E-10,erg cm-2 s-1,Integrated Flux,,7.25E+16,2.42E+18,Hz,xray,,slop,1,,,,,,,,,,,,,,
1618.886,s,1.90E-09,2.84E-10,2.84E-10,erg cm-2 s-1,Integrated Flux,,7.25E+16,2.42E+18,Hz,xray,,slop,1,,,,,,,,,,,,,,
1621.491,s,1.72E-09,2.61E-10,2.61E-10,erg cm-2 s-1,Integrated Flux,,7.25E+16,2.42E+18,Hz,xray,,slop,1,,,,,,,,,,,,,,
1623.918,s,1.97E-09,2.93E-10,2.93E-10,erg cm-2 s-1,Integrated Flux,,7.25E+16,2.42E+18,Hz,xray,,slop,1,,,,,,,,,,,,,,
1625.8537,s,2.45E-09,3.66E-10,3.66E-10,erg cm-2 s-1,Integrated Flux,,7.25E+16,2.42E+18,Hz,xray,,slop,1,,,,,,,,,,,,,,
1628.121,s,1.28E-09,1.91E-10,1.91E-10,erg cm-2 s-1,Integrated Flux,,7.25E+16,2.42E+18,Hz,xray,,slop,1,,,,,,,,,,,,,,
1630.555,s,2.00E-09,2.98E-10,2.98E-10,erg cm-2 s-1,Integrated Flux,,7.25E+16,2.42E+18,Hz,xray,,slop,1,,,,,,,,,,,,,,
1632.91,s,1.28E-09,1.95E-10,1.95E-10,erg cm-2 s-1,Integrated Flux,,7.25E+16,2.42E+18,Hz,xray,,slop,1,,,,,,,,,,,,,,
1635.368,s,1.77E-09,2.64E-10,2.64E-10,erg cm-2 s-1,Integrated Flux,,7.25E+16,2.42E+18,Hz,xray,,slop,1,,,,,,,,,,,,,,
1637.719,s,1.74E-09,2.59E-10,2.59E-10,erg cm-2 s-1,Integrated Flux,,7.25E+16,2.42E+18,Hz,xray,,slop,1,,,,,,,,,,,,,,
1639.6942,s,2.49E-09,3.71E-10,3.71E-10,erg cm-2 s-1,Integrated Flux,,7.25E+16,2.42E+18,Hz,xray,,slop,1,,,,,,,,,,,,,,
1641.632,s,1.71E-09,2.55E-10,2.55E-10,erg cm-2 s-1,Integrated Flux,,7.25E+16,2.42E+18,Hz,xray,,slop,1,,,,,,,,,,,,,,
1643.888,s,1.77E-09,2.69E-10,2.69E-10,erg cm-2 s-1,Integrated Flux,,7.25E+16,2.42E+18,Hz,xray,,slop,1,,,,,,,,,,,,,,
1645.892,s,2.04E-09,3.05E-10,3.05E-10,erg cm-2 s-1,Integrated Flux,,7.25E+16,2.42E+18,Hz,xray,,slop,1,,,,,,,,,,,,,,
1647.9645,s,2.05E-09,3.11E-10,3.11E-10,erg cm-2 s-1,Integrated Flux,,7.25E+16,2.42E+18,Hz,xray,,slop,1,,,,,,,,,,,,,,
1649.5712,s,2.62E-09,4.05E-10,4.05E-10,erg cm-2 s-1,Integrated Flux,,7.25E+16,2.42E+18,Hz,xray,,slop,1,,,,,,,,,,,,,,
1651.624,s,1.82E-09,2.71E-10,2.71E-10,erg cm-2 s-1,Integrated Flux,,7.25E+16,2.42E+18,Hz,xray,,slop,1,,,,,,,,,,,,,,
1653.78,s,1.74E-09,2.59E-10,2.59E-10,erg cm-2 s-1,Integrated Flux,,7.25E+16,2.42E+18,Hz,xray,,slop,1,,,,,,,,,,,,,,
1655.961,s,1.78E-09,2.70E-10,2.70E-10,erg cm-2 s-1,Integrated Flux,,7.25E+16,2.42E+18,Hz,xray,,slop,1,,,,,,,,,,,,,,
1658.68,s,1.44E-09,2.15E-10,2.15E-10,erg cm-2 s-1,Integrated Flux,,7.25E+16,2.42E+18,Hz,xray,,slop,1,,,,,,,,,,,,,,
1661.071,s,1.59E-09,2.42E-10,2.42E-10,erg cm-2 s-1,Integrated Flux,,7.25E+16,2.42E+18,Hz,xray,,slop,1,,,,,,,,,,,,,,
1663.239,s,1.54E-09,2.34E-10,2.34E-10,erg cm-2 s-1,Integrated Flux,,7.25E+16,2.42E+18,Hz,xray,,slop,1,,,,,,,,,,,,,,
1665.687,s,2.20E-09,3.28E-10,3.28E-10,erg cm-2 s-1,Integrated Flux,,7.25E+16,2.42E+18,Hz,xray,,slop,1,,,,,,,,,,,,,,
1668.154,s,1.71E-09,2.51E-10,2.51E-10,erg cm-2 s-1,Integrated Flux,,7.25E+16,2.42E+18,Hz,xray,,slop,1,,,,,,,,,,,,,,
1670.572,s,1.63E-09,2.53E-10,2.53E-10,erg cm-2 s-1,Integrated Flux,,7.25E+16,2.42E+18,Hz,xray,,slop,1,,,,,,,,,,,,,,
1672.904,s,1.10E-09,1.74E-10,1.74E-10,erg cm-2 s-1,Integrated Flux,,7.25E+16,2.42E+18,Hz,xray,,slop,1,,,,,,,,,,,,,,
1675.556,s,1.79E-09,2.66E-10,2.66E-10,erg cm-2 s-1,Integrated Flux,,7.25E+16,2.42E+18,Hz,xray,,slop,1,,,,,,,,,,,,,,
1677.793,s,1.76E-09,2.62E-10,2.62E-10,erg cm-2 s-1,Integrated Flux,,7.25E+16,2.42E+18,Hz,xray,,slop,1,,,,,,,,,,,,,,
1680.124,s,1.58E-09,2.35E-10,2.35E-10,erg cm-2 s-1,Integrated Flux,,7.25E+16,2.42E+18,Hz,xray,,slop,1,,,,,,,,,,,,,,
1682.4068,s,2.69E-09,4.01E-10,4.01E-10,erg cm-2 s-1,Integrated Flux,,7.25E+16,2.42E+18,Hz,xray,,slop,1,,,,,,,,,,,,,,
1684.743,s,1.74E-09,2.59E-10,2.59E-10,erg cm-2 s-1,Integrated Flux,,7.25E+16,2.42E+18,Hz,xray,,slop,1,,,,,,,,,,,,,,
1686.7111,s,2.15E-09,3.21E-10,3.21E-10,erg cm-2 s-1,Integrated Flux,,7.25E+16,2.42E+18,Hz,xray,,slop,1,,,,,,,,,,,,,,
1688.764,s,1.80E-09,2.68E-10,2.68E-10,erg cm-2 s-1,Integrated Flux,,7.25E+16,2.42E+18,Hz,xray,,slop,1,,,,,,,,,,,,,,
1691.351,s,1.87E-09,2.85E-10,2.85E-10,erg cm-2 s-1,Integrated Flux,,7.25E+16,2.42E+18,Hz,xray,,slop,1,,,,,,,,,,,,,,
1693.856,s,1.31E-09,1.95E-10,1.95E-10,erg cm-2 s-1,Integrated Flux,,7.25E+16,2.42E+18,Hz,xray,,slop,1,,,,,,,,,,,,,,
1696.369,s,1.91E-09,2.84E-10,2.84E-10,erg cm-2 s-1,Integrated Flux,,7.25E+16,2.42E+18,Hz,xray,,slop,1,,,,,,,,,,,,,,
1698.637,s,1.51E-09,2.25E-10,2.25E-10,erg cm-2 s-1,Integrated Flux,,7.25E+16,2.42E+18,Hz,xray,,slop,1,,,,,,,,,,,,,,
1701.268,s,1.60E-09,2.38E-10,2.38E-10,erg cm-2 s-1,Integrated Flux,,7.25E+16,2.42E+18,Hz,xray,,slop,1,,,,,,,,,,,,,,
1703.987,s,1.51E-09,2.34E-10,2.34E-10,erg cm-2 s-1,Integrated Flux,,7.25E+16,2.42E+18,Hz,xray,,slop,1,,,,,,,,,,,,,,
1706.67,s,1.58E-09,2.36E-10,2.36E-10,erg cm-2 s-1,Integrated Flux,,7.25E+16,2.42E+18,Hz,xray,,slop,1,,,,,,,,,,,,,,
1708.972,s,1.70E-09,2.54E-10,2.54E-10,erg cm-2 s-1,Integrated Flux,,7.25E+16,2.42E+18,Hz,xray,,slop,1,,,,,,,,,,,,,,
1711.392,s,1.50E-09,2.24E-10,2.24E-10,erg cm-2 s-1,Integrated Flux,,7.25E+16,2.42E+18,Hz,xray,,slop,1,,,,,,,,,,,,,,
1713.7531,s,2.08E-09,3.22E-10,3.22E-10,erg cm-2 s-1,Integrated Flux,,7.25E+16,2.42E+18,Hz,xray,,slop,1,,,,,,,,,,,,,,
1716.164,s,1.56E-09,2.32E-10,2.32E-10,erg cm-2 s-1,Integrated Flux,,7.25E+16,2.42E+18,Hz,xray,,slop,1,,,,,,,,,,,,,,
1718.923,s,1.90E-09,2.89E-10,2.89E-10,erg cm-2 s-1,Integrated Flux,,7.25E+16,2.42E+18,Hz,xray,,slop,1,,,,,,,,,,,,,,
1720.905,s,1.59E-09,2.42E-10,2.42E-10,erg cm-2 s-1,Integrated Flux,,7.25E+16,2.42E+18,Hz,xray,,slop,1,,,,,,,,,,,,,,
1723.439,s,1.83E-09,2.78E-10,2.78E-10,erg cm-2 s-1,Integrated Flux,,7.25E+16,2.42E+18,Hz,xray,,slop,1,,,,,,,,,,,,,,
1725.9215,s,2.31E-09,3.44E-10,3.44E-10,erg cm-2 s-1,Integrated Flux,,7.25E+16,2.42E+18,Hz,xray,,slop,1,,,,,,,,,,,,,,
1728.793,s,1.50E-09,2.28E-10,2.28E-10,erg cm-2 s-1,Integrated Flux,,7.25E+16,2.42E+18,Hz,xray,,slop,1,,,,,,,,,,,,,,
1731.383,s,1.69E-09,2.62E-10,2.62E-10,erg cm-2 s-1,Integrated Flux,,7.25E+16,2.42E+18,Hz,xray,,slop,1,,,,,,,,,,,,,,
1734.008,s,1.31E-09,1.96E-10,1.96E-10,erg cm-2 s-1,Integrated Flux,,7.25E+16,2.42E+18,Hz,xray,,slop,1,,,,,,,,,,,,,,
4998.123,s,3.28E-10,7.18E-11,7.18E-11,erg cm-2 s-1,Integrated Flux,,7.25E+16,2.42E+18,Hz,xray,,slop,1,,,,,,,,,,,,,,
5042.3,s,3.78E-10,8.31E-11,8.31E-11,erg cm-2 s-1,Integrated Flux,,7.25E+16,2.42E+18,Hz,xray,,slop,1,,,,,,,,,,,,,,
5078.195,s,3.64E-10,7.62E-11,7.62E-11,erg cm-2 s-1,Integrated Flux,,7.25E+16,2.42E+18,Hz,xray,,slop,1,,,,,,,,,,,,,,
5127.563,s,3.10E-10,6.62E-11,6.62E-11,erg cm-2 s-1,Integrated Flux,,7.25E+16,2.42E+18,Hz,xray,,slop,1,,,,,,,,,,,,,,
5182.384,s,3.96E-10,8.47E-11,8.47E-11,erg cm-2 s-1,Integrated Flux,,7.25E+16,2.42E+18,Hz,xray,,slop,1,,,,,,,,,,,,,,
5236.913,s,2.40E-10,5.26E-11,5.26E-11,erg cm-2 s-1,Integrated Flux,,7.25E+16,2.42E+18,Hz,xray,,slop,1,,,,,,,,,,,,,,
5294.939,s,2.39E-10,5.26E-11,5.26E-11,erg cm-2 s-1,Integrated Flux,,7.25E+16,2.42E+18,Hz,xray,,slop,1,,,,,,,,,,,,,,
5338.646,s,3.14E-10,7.05E-11,7.05E-11,erg cm-2 s-1,Integrated Flux,,7.25E+16,2.42E+18,Hz,xray,,slop,1,,,,,,,,,,,,,,
5387.525,s,2.75E-10,5.90E-11,5.90E-11,erg cm-2 s-1,Integrated Flux,,7.25E+16,2.42E+18,Hz,xray,,slop,1,,,,,,,,,,,,,,
5441.445,s,2.27E-10,5.12E-11,5.12E-11,erg cm-2 s-1,Integrated Flux,,7.25E+16,2.42E+18,Hz,xray,,slop,1,,,,,,,,,,,,,,
5525.762,s,1.84E-10,3.95E-11,3.95E-11,erg cm-2 s-1,Integrated Flux,,7.25E+16,2.42E+18,Hz,xray,,slop,1,,,,,,,,,,,,,,
5579.595,s,2.08E-10,4.67E-11,4.67E-11,erg cm-2 s-1,Integrated Flux,,7.25E+16,2.42E+18,Hz,xray,,slop,1,,,,,,,,,,,,,,
5636.258,s,1.57E-10,3.54E-11,3.54E-11,erg cm-2 s-1,Integrated Flux,,7.25E+16,2.42E+18,Hz,xray,,slop,1,,,,,,,,,,,,,,
5706.847,s,1.74E-10,3.86E-11,3.86E-11,erg cm-2 s-1,Integrated Flux,,7.25E+16,2.42E+18,Hz,xray,,slop,1,,,,,,,,,,,,,,
5771.911,s,3.14E-10,7.05E-11,7.05E-11,erg cm-2 s-1,Integrated Flux,,7.25E+16,2.42E+18,Hz,xray,,slop,1,,,,,,,,,,,,,,
5827.662,s,2.40E-10,5.04E-11,5.04E-11,erg cm-2 s-1,Integrated Flux,,7.25E+16,2.42E+18,Hz,xray,,slop,1,,,,,,,,,,,,,,
5913.561,s,1.92E-10,4.05E-11,4.05E-11,erg cm-2 s-1,Integrated Flux,,7.25E+16,2.42E+18,Hz,xray,,slop,1,,,,,,,,,,,,,,
5981.269,s,2.27E-10,5.13E-11,5.13E-11,erg cm-2 s-1,Integrated Flux,,7.25E+16,2.42E+18,Hz,xray,,slop,1,,,,,,,,,,,,,,
6047.493,s,2.40E-10,5.25E-11,5.25E-11,erg cm-2 s-1,Integrated Flux,,7.25E+16,2.42E+18,Hz,xray,,slop,1,,,,,,,,,,,,,,
6116.282,s,1.56E-10,3.52E-11,3.52E-11,erg cm-2 s-1,Integrated Flux,,7.25E+16,2.42E+18,Hz,xray,,slop,1,,,,,,,,,,,,,,
6200.352,s,2.76E-10,5.89E-11,5.89E-11,erg cm-2 s-1,Integrated Flux,,7.25E+16,2.42E+18,Hz,xray,,slop,1,,,,,,,,,,,,,,
6251.899,s,2.94E-10,6.44E-11,6.44E-11,erg cm-2 s-1,Integrated Flux,,7.25E+16,2.42E+18,Hz,xray,,slop,1,,,,,,,,,,,,,,
6338.183,s,1.92E-10,4.32E-11,4.32E-11,erg cm-2 s-1,Integrated Flux,,7.25E+16,2.42E+18,Hz,xray,,slop,1,,,,,,,,,,,,,,
6424.056,s,1.67E-10,3.76E-11,3.76E-11,erg cm-2 s-1,Integrated Flux,,7.25E+16,2.42E+18,Hz,xray,,slop,1,,,,,,,,,,,,,,
6487.87,s,2.08E-10,4.67E-11,4.67E-11,erg cm-2 s-1,Integrated Flux,,7.25E+16,2.42E+18,Hz,xray,,slop,1,,,,,,,,,,,,,,
6565.094,s,1.47E-10,3.31E-11,3.31E-11,erg cm-2 s-1,Integrated Flux,,7.25E+16,2.42E+18,Hz,xray,,slop,1,,,,,,,,,,,,,,
6655.231,s,1.57E-10,3.53E-11,3.53E-11,erg cm-2 s-1,Integrated Flux,,7.25E+16,2.42E+18,Hz,xray,,slop,1,,,,,,,,,,,,,,
6743.36,s,1.46E-10,3.29E-11,3.29E-11,erg cm-2 s-1,Integrated Flux,,7.25E+16,2.42E+18,Hz,xray,,slop,1,,,,,,,,,,,,,,
6820.21,s,1.31E-10,2.90E-11,2.90E-11,erg cm-2 s-1,Integrated Flux,,7.25E+16,2.42E+18,Hz,xray,,slop,1,,,,,,,,,,,,,,
10721.009,s,8.00E-11,1.75E-11,1.75E-11,erg cm-2 s-1,Integrated Flux,,7.25E+16,2.42E+18,Hz,xray,,slop,1,,,,,,,,,,,,,,
10789.066,s,9.57E-11,2.10E-11,2.10E-11,erg cm-2 s-1,Integrated Flux,,7.25E+16,2.42E+18,Hz,xray,,slop,1,,,,,,,,,,,,,,
10870.782,s,6.15E-11,1.38E-11,1.38E-11,erg cm-2 s-1,Integrated Flux,,7.25E+16,2.42E+18,Hz,xray,,slop,1,,,,,,,,,,,,,,
10946.756,s,6.06E-11,1.37E-11,1.37E-11,erg cm-2 s-1,Integrated Flux,,7.25E+16,2.42E+18,Hz,xray,,slop,1,,,,,,,,,,,,,,
11040.511,s,6.49E-11,1.42E-11,1.42E-11,erg cm-2 s-1,Integrated Flux,,7.25E+16,2.42E+18,Hz,xray,,slop,1,,,,,,,,,,,,,,
11122.533,s,5.04E-11,1.11E-11,1.11E-11,erg cm-2 s-1,Integrated Flux,,7.25E+16,2.42E+18,Hz,xray,,slop,1,,,,,,,,,,,,,,
11187.132,s,1.22E-10,2.68E-11,2.68E-11,erg cm-2 s-1,Integrated Flux,,7.25E+16,2.42E+18,Hz,xray,,slop,1,,,,,,,,,,,,,,
11274.231,s,6.38E-11,1.28E-11,1.28E-11,erg cm-2 s-1,Integrated Flux,,7.25E+16,2.42E+18,Hz,xray,,slop,1,,,,,,,,,,,,,,
11368.862,s,6.95E-11,1.56E-11,1.56E-11,erg cm-2 s-1,Integrated Flux,,7.25E+16,2.42E+18,Hz,xray,,slop,1,,,,,,,,,,,,,,
11441.7,s,6.59E-11,1.48E-11,1.48E-11,erg cm-2 s-1,Integrated Flux,,7.25E+16,2.42E+18,Hz,xray,,slop,1,,,,,,,,,,,,,,
11522.034,s,6.43E-11,1.42E-11,1.42E-11,erg cm-2 s-1,Integrated Flux,,7.25E+16,2.42E+18,Hz,xray,,slop,1,,,,,,,,,,,,,,
11602.292,s,5.70E-11,1.28E-11,1.28E-11,erg cm-2 s-1,Integrated Flux,,7.25E+16,2.42E+18,Hz,xray,,slop,1,,,,,,,,,,,,,,
11684.966,s,6.20E-11,1.30E-11,1.30E-11,erg cm-2 s-1,Integrated Flux,,7.25E+16,2.42E+18,Hz,xray,,slop,1,,,,,,,,,,,,,,
11762.004,s,4.60E-11,1.03E-11,1.03E-11,erg cm-2 s-1,Integrated Flux,,7.25E+16,2.42E+18,Hz,xray,,slop,1,,,,,,,,,,,,,,
11854.023,s,5.49E-11,1.23E-11,1.23E-11,erg cm-2 s-1,Integrated Flux,,7.25E+16,2.42E+18,Hz,xray,,slop,1,,,,,,,,,,,,,,
11954.243,s,4.82E-11,1.06E-11,1.06E-11,erg cm-2 s-1,Integrated Flux,,7.25E+16,2.42E+18,Hz,xray,,slop,1,,,,,,,,,,,,,,
12039.883,s,5.28E-11,1.13E-11,1.13E-11,erg cm-2 s-1,Integrated Flux,,7.25E+16,2.42E+18,Hz,xray,,slop,1,,,,,,,,,,,,,,
12115.536,s,5.38E-11,1.21E-11,1.21E-11,erg cm-2 s-1,Integrated Flux,,7.25E+16,2.42E+18,Hz,xray,,slop,1,,,,,,,,,,,,,,
12185.365,s,5.77E-11,1.29E-11,1.29E-11,erg cm-2 s-1,Integrated Flux,,7.25E+16,2.42E+18,Hz,xray,,slop,1,,,,,,,,,,,,,,
12300.569,s,3.39E-11,7.63E-12,7.63E-12,erg cm-2 s-1,Integrated Flux,,7.25E+16,2.42E+18,Hz,xray,,slop,1,,,,,,,,,,,,,,
12415.038,s,6.01E-11,1.35E-11,1.35E-11,erg cm-2 s-1,Integrated Flux,,7.25E+16,2.42E+18,Hz,xray,,slop,1,,,,,,,,,,,,,,
12498.15,s,4.82E-11,1.08E-11,1.08E-11,erg cm-2 s-1,Integrated Flux,,7.25E+16,2.42E+18,Hz,xray,,slop,1,,,,,,,,,,,,,,
12597.816,s,5.00E-11,1.12E-11,1.12E-11,erg cm-2 s-1,Integrated Flux,,7.25E+16,2.42E+18,Hz,xray,,slop,1,,,,,,,,,,,,,,
12705.881,s,3.92E-11,8.82E-12,8.82E-12,erg cm-2 s-1,Integrated Flux,,7.25E+16,2.42E+18,Hz,xray,,slop,1,,,,,,,,,,,,,,
12817.259,s,4.55E-11,7.61E-12,7.61E-12,erg cm-2 s-1,Integrated Flux,,7.25E+16,2.42E+18,Hz,xray,,slop,1,,,,,,,,,,,,,,
16619.443,s,2.34E-11,5.25E-12,5.25E-12,erg cm-2 s-1,Integrated Flux,,7.25E+16,2.42E+18,Hz,xray,,slop,1,,,,,,,,,,,,,,
16787.035,s,1.73E-11,3.88E-12,3.88E-12,erg cm-2 s-1,Integrated Flux,,7.25E+16,2.42E+18,Hz,xray,,slop,1,,,,,,,,,,,,,,
16960.817,s,2.70E-11,6.04E-12,6.04E-12,erg cm-2 s-1,Integrated Flux,,7.25E+16,2.42E+18,Hz,xray,,slop,1,,,,,,,,,,,,,,
17099.333,s,2.43E-11,5.44E-12,5.44E-12,erg cm-2 s-1,Integrated Flux,,7.25E+16,2.42E+18,Hz,xray,,slop,1,,,,,,,,,,,,,,
17227.387,s,3.28E-11,7.18E-12,7.18E-12,erg cm-2 s-1,Integrated Flux,,7.25E+16,2.42E+18,Hz,xray,,slop,1,,,,,,,,,,,,,,
17387.494,s,2.18E-11,4.77E-12,4.77E-12,erg cm-2 s-1,Integrated Flux,,7.25E+16,2.42E+18,Hz,xray,,slop,1,,,,,,,,,,,,,,
17542.495,s,1.85E-11,4.16E-12,4.16E-12,erg cm-2 s-1,Integrated Flux,,7.25E+16,2.42E+18,Hz,xray,,slop,1,,,,,,,,,,,,,,
17697.213,s,3.12E-11,7.01E-12,7.01E-12,erg cm-2 s-1,Integrated Flux,,7.25E+16,2.42E+18,Hz,xray,,slop,1,,,,,,,,,,,,,,
17814.804,s,2.24E-11,5.04E-12,5.04E-12,erg cm-2 s-1,Integrated Flux,,7.25E+16,2.42E+18,Hz,xray,,slop,1,,,,,,,,,,,,,,
18002.97,s,2.12E-11,4.77E-12,4.77E-12,erg cm-2 s-1,Integrated Flux,,7.25E+16,2.42E+18,Hz,xray,,slop,1,,,,,,,,,,,,,,
18174.581,s,1.72E-11,3.87E-12,3.87E-12,erg cm-2 s-1,Integrated Flux,,7.25E+16,2.42E+18,Hz,xray,,slop,1,,,,,,,,,,,,,,
18342.172,s,1.85E-11,4.04E-12,4.04E-12,erg cm-2 s-1,Integrated Flux,,7.25E+16,2.42E+18,Hz,xray,,slop,1,,,,,,,,,,,,,,
18506.838,s,3.88E-11,8.49E-12,8.49E-12,erg cm-2 s-1,Integrated Flux,,7.25E+16,2.42E+18,Hz,xray,,slop,1,,,,,,,,,,,,,,
18685.946,s,2.20E-11,4.63E-12,4.63E-12,erg cm-2 s-1,Integrated Flux,,7.25E+16,2.42E+18,Hz,xray,,slop,1,,,,,,,,,,,,,,
22388.585,s,1.41E-11,2.22E-12,2.22E-12,erg cm-2 s-1,Integrated Flux,,7.25E+16,2.42E+18,Hz,xray,,slop,1,,,,,,,,,,,,,,
28210.638,s,1.17E-11,2.62E-12,2.62E-12,erg cm-2 s-1,Integrated Flux,,7.25E+16,2.42E+18,Hz,xray,,slop,1,,,,,,,,,,,,,,
28427.896,s,1.10E-11,2.48E-12,2.48E-12,erg cm-2 s-1,Integrated Flux,,7.25E+16,2.42E+18,Hz,xray,,slop,1,,,,,,,,,,,,,,
28615.06,s,8.11E-12,1.83E-12,1.83E-12,erg cm-2 s-1,Integrated Flux,,7.25E+16,2.42E+18,Hz,xray,,slop,1,,,,,,,,,,,,,,
28869.298,s,8.25E-12,1.86E-12,1.86E-12,erg cm-2 s-1,Integrated Flux,,7.25E+16,2.42E+18,Hz,xray,,slop,1,,,,,,,,,,,,,,
29065.502,s,9.87E-12,2.21E-12,2.21E-12,erg cm-2 s-1,Integrated Flux,,7.25E+16,2.42E+18,Hz,xray,,slop,1,,,,,,,,,,,,,,
29270.806,s,9.88E-12,2.11E-12,2.11E-12,erg cm-2 s-1,Integrated Flux,,7.25E+16,2.42E+18,Hz,xray,,slop,1,,,,,,,,,,,,,,
29481.458,s,7.96E-12,1.79E-12,1.79E-12,erg cm-2 s-1,Integrated Flux,,7.25E+16,2.42E+18,Hz,xray,,slop,1,,,,,,,,,,,,,,
29720.538,s,7.66E-12,1.72E-12,1.72E-12,erg cm-2 s-1,Integrated Flux,,7.25E+16,2.42E+18,Hz,xray,,slop,1,,,,,,,,,,,,,,
29927.271,s,1.10E-11,2.47E-12,2.47E-12,erg cm-2 s-1,Integrated Flux,,7.25E+16,2.42E+18,Hz,xray,,slop,1,,,,,,,,,,,,,,
30115.181,s,1.00E-11,2.26E-12,2.26E-12,erg cm-2 s-1,Integrated Flux,,7.25E+16,2.42E+18,Hz,xray,,slop,1,,,,,,,,,,,,,,
30294.954,s,8.63E-12,1.94E-12,1.94E-12,erg cm-2 s-1,Integrated Flux,,7.25E+16,2.42E+18,Hz,xray,,slop,1,,,,,,,,,,,,,,
45585.03,s,4.50E-12,1.01E-12,1.01E-12,erg cm-2 s-1,Integrated Flux,,7.25E+16,2.42E+18,Hz,xray,,slop,1,,,,,,,,,,,,,,
45994.264,s,2.51E-12,6.66E-13,6.66E-13,erg cm-2 s-1,Integrated Flux,,7.25E+16,2.42E+18,Hz,xray,,slop,1,,,,,,,,,,,,,,
46384.752,s,3.92E-12,1.03E-12,1.03E-12,erg cm-2 s-1,Integrated Flux,,7.25E+16,2.42E+18,Hz,xray,,slop,1,,,,,,,,,,,,,,
46732.145,s,4.78E-12,1.08E-12,1.08E-12,erg cm-2 s-1,Integrated Flux,,7.25E+16,2.42E+18,Hz,xray,,slop,1,,,,,,,,,,,,,,
47027.979,s,4.13E-12,1.01E-12,1.01E-12,erg cm-2 s-1,Integrated Flux,,7.25E+16,2.42E+18,Hz,xray,,slop,1,,,,,,,,,,,,,,
47374.776,s,4.54E-12,1.02E-12,1.02E-12,erg cm-2 s-1,Integrated Flux,,7.25E+16,2.42E+18,Hz,xray,,slop,1,,,,,,,,,,,,,,
47730.986,s,4.46E-12,9.18E-13,9.18E-13,erg cm-2 s-1,Integrated Flux,,7.25E+16,2.42E+18,Hz,xray,,slop,1,,,,,,,,,,,,,,
75715.078,s,4.45E-12,8.94E-13,8.94E-13,erg cm-2 s-1,Integrated Flux,,7.25E+16,2.42E+18,Hz,xray,,slop,1,,,,,,,,,,,,,,
76075.392,s,3.43E-12,5.12E-13,5.12E-13,erg cm-2 s-1,Integrated Flux,,7.25E+16,2.42E+18,Hz,xray,,slop,1,,,,,,,,,,,,,,
76530.549,s,1.95E-12,4.42E-13,4.42E-13,erg cm-2 s-1,Integrated Flux,,7.25E+16,2.42E+18,Hz,xray,,slop,1,,,,,,,,,,,,,,
82462.667,s,2.32E-12,5.45E-13,5.45E-13,erg cm-2 s-1,Integrated Flux,,7.25E+16,2.42E+18,Hz,xray,,slop,1,,,,,,,,,,,,,,
113202.056,s,2.36E-12,3.16E-13,3.16E-13,erg cm-2 s-1,Integrated Flux,,7.25E+16,2.42E+18,Hz,xray,,slop,1,,,,,,,,,,,,,,
116993.669,s,1.20E-12,3.55E-13,3.55E-13,erg cm-2 s-1,Integrated Flux,,7.25E+16,2.42E+18,Hz,xray,,slop,1,,,,,,,,,,,,,,
128019.143,s,1.86E-12,3.50E-13,3.50E-13,erg cm-2 s-1,Integrated Flux,,7.25E+16,2.42E+18,Hz,xray,,slop,1,,,,,,,,,,,,,,
134009.874,s,1.87E-12,2.34E-13,2.34E-13,erg cm-2 s-1,Integrated Flux,,7.25E+16,2.42E+18,Hz,xray,,slop,1,,,,,,,,,,,,,,
139664.66,s,1.01E-12,2.89E-13,2.89E-13,erg cm-2 s-1,Integrated Flux,,7.25E+16,2.42E+18,Hz,xray,,slop,1,,,,,,,,,,,,,,
148874.224,s,1.54E-12,1.76E-13,1.76E-13,erg cm-2 s-1,Integrated Flux,,7.25E+16,2.42E+18,Hz,xray,,slop,1,,,,,,,,,,,,,,
165880.076,s,1.01E-12,2.42E-13,2.42E-13,erg cm-2 s-1,Integrated Flux,,7.25E+16,2.42E+18,Hz,xray,,slop,1,,,,,,,,,,,,,,
185702.936,s,1.24E-12,2.00E-13,2.00E-13,erg cm-2 s-1,Integrated Flux,,7.25E+16,2.42E+18,Hz,xray,,slop,1,,,,,,,,,,,,,,
197726.7,s,8.67E-13,2.24E-13,2.24E-13,erg cm-2 s-1,Integrated Flux,,7.25E+16,2.42E+18,Hz,xray,,slop,1,,,,,,,,,,,,,,
203460.885,s,9.04E-13,2.65E-13,2.65E-13,erg cm-2 s-1,Integrated Flux,,7.25E+16,2.42E+18,Hz,xray,,slop,1,,,,,,,,,,,,,,
218090.632,s,1.22E-12,1.20E-13,1.20E-13,erg cm-2 s-1,Integrated Flux,,7.25E+16,2.42E+18,Hz,xray,,slop,1,,,,,,,,,,,,,,
226679.268,s,5.81E-13,1.92E-13,1.92E-13,erg cm-2 s-1,Integrated Flux,,7.25E+16,2.42E+18,Hz,xray,,slop,1,,,,,,,,,,,,,,
232535.094,s,7.28E-13,1.93E-13,1.93E-13,erg cm-2 s-1,Integrated Flux,,7.25E+16,2.42E+18,Hz,xray,,slop,1,,,,,,,,,,,,,,
239289.914,s,7.48E-13,1.61E-13,1.61E-13,erg cm-2 s-1,Integrated Flux,,7.25E+16,2.42E+18,Hz,xray,,slop,1,,,,,,,,,,,,,,
263371.347,s,6.49E-13,1.45E-13,1.45E-13,erg cm-2 s-1,Integrated Flux,,7.25E+16,2.42E+18,Hz,xray,,slop,1,,,,,,,,,,,,,,
285557.044,s,5.42E-13,9.23E-14,9.23E-14,erg cm-2 s-1,Integrated Flux,,7.25E+16,2.42E+18,Hz,xray,,slop,1,,,,,,,,,,,,,,
298012.044,s,4.10E-13,1.04E-13,1.04E-13,erg cm-2 s-1,Integrated Flux,,7.25E+16,2.42E+18,Hz,xray,,slop,1,,,,,,,,,,,,,,
309814.596,s,4.15E-13,1.07E-13,1.07E-13,erg cm-2 s-1,Integrated Flux,,7.25E+16,2.42E+18,Hz,xray,,slop,1,,,,,,,,,,,,,,
321444.616,s,4.52E-13,1.03E-13,1.03E-13,erg cm-2 s-1,Integrated Flux,,7.25E+16,2.42E+18,Hz,xray,,slop,1,,,,,,,,,,,,,,
338638.212,s,4.35E-13,6.95E-14,6.95E-14,erg cm-2 s-1,Integrated Flux,,7.25E+16,2.42E+18,Hz,xray,,slop,1,,,,,,,,,,,,,,
375019.925,s,3.01E-13,8.67E-14,8.67E-14,erg cm-2 s-1,Integrated Flux,,7.25E+16,2.42E+18,Hz,xray,,slop,1,,,,,,,,,,,,,,
385925.627,s,3.27E-13,8.66E-14,8.66E-14,erg cm-2 s-1,Integrated Flux,,7.25E+16,2.42E+18,Hz,xray,,slop,1,,,,,,,,,,,,,,
396770.593,s,3.46E-13,9.99E-14,9.99E-14,erg cm-2 s-1,Integrated Flux,,7.25E+16,2.42E+18,Hz,xray,,slop,1,,,,,,,,,,,,,,
410044.871,s,4.87E-13,7.83E-14,7.83E-14,erg cm-2 s-1,Integrated Flux,,7.25E+16,2.42E+18,Hz,xray,,slop,1,,,,,,,,,,,,,,
420311.11,s,2.90E-13,8.59E-14,8.59E-14,erg cm-2 s-1,Integrated Flux,,7.25E+16,2.42E+18,Hz,xray,,slop,1,,,,,,,,,,,,,,
446428.609,s,4.08E-13,9.49E-14,9.49E-14,erg cm-2 s-1,Integrated Flux,,7.25E+16,2.42E+18,Hz,xray,,slop,1,,,,,,,,,,,,,,
467523.68,s,3.82E-13,5.97E-14,5.97E-14,erg cm-2 s-1,Integrated Flux,,7.25E+16,2.42E+18,Hz,xray,,slop,1,,,,,,,,,,,,,,
493249.152,s,2.66E-13,4.85E-14,4.85E-14,erg cm-2 s-1,Integrated Flux,,7.25E+16,2.42E+18,Hz,xray,,slop,1,,,,,,,,,,,,,,
585221.861,s,2.47E-13,5.31E-14,5.31E-14,erg cm-2 s-1,Integrated Flux,,7.25E+16,2.42E+18,Hz,xray,,slop,1,,,,,,,,,,,,,,
624594.273,s,2.41E-13,9.61E-14,9.61E-14,erg cm-2 s-1,Integrated Flux,,7.25E+16,2.42E+18,Hz,xray,,slop,1,,,,,,,,,,,,,,
651783.856,s,3.59E-13,4.78E-14,4.78E-14,erg cm-2 s-1,Integrated Flux,,7.25E+16,2.42E+18,Hz,xray,,slop,1,,,,,,,,,,,,,,
700669.582,s,2.15E-13,5.25E-14,5.25E-14,erg cm-2 s-1,Integrated Flux,,7.25E+16,2.42E+18,Hz,xray,,slop,1,,,,,,,,,,,,,,
728563.983,s,2.02E-13,5.67E-14,5.67E-14,erg cm-2 s-1,Integrated Flux,,7.25E+16,2.42E+18,Hz,xray,,slop,1,,,,,,,,,,,,,,
752074.149,s,2.38E-13,4.22E-14,4.22E-14,erg cm-2 s-1,Integrated Flux,,7.25E+16,2.42E+18,Hz,xray,,slop,1,,,,,,,,,,,,,,
812813.946,s,1.61E-13,5.70E-14,5.70E-14,erg cm-2 s-1,Integrated Flux,,7.25E+16,2.42E+18,Hz,xray,,slop,1,,,,,,,,,,,,,,
834308.928,s,2.20E-13,3.33E-14,3.33E-14,erg cm-2 s-1,Integrated Flux,,7.25E+16,2.42E+18,Hz,xray,,slop,1,,,,,,,,,,,,,,
902697.937,s,1.42E-13,2.13E-14,2.13E-14,erg cm-2 s-1,Integrated Flux,,7.25E+16,2.42E+18,Hz,xray,,slop,1,,,,,,,,,,,,,,
973393.489,s,9.99E-14,3.66E-14,3.66E-14,erg cm-2 s-1,Integrated Flux,,7.25E+16,2.42E+18,Hz,xray,,slop,1,,,,,,,,,,,,,,
1003467.918,s,1.44E-13,2.65E-14,2.65E-14,erg cm-2 s-1,Integrated Flux,,7.25E+16,2.42E+18,Hz,xray,,slop,1,,,,,,,,,,,,,,
1068703.847,s,9.84E-14,4.39E-14,4.39E-14,erg cm-2 s-1,Integrated Flux,,7.25E+16,2.42E+18,Hz,xray,,slop,1,,,,,,,,,,,,,,
1118822.844,s,1.79E-13,2.12E-14,2.12E-14,erg cm-2 s-1,Integrated Flux,,7.25E+16,2.42E+18,Hz,xray,,slop,1,,,,,,,,,,,,,,
1246666.368,s,8.20E-14,1.86E-14,1.86E-14,erg cm-2 s-1,Integrated Flux,,7.25E+16,2.42E+18,Hz,xray,,slop,1,,,,,,,,,,,,,,
1393084.15,s,7.37E-14,1.40E-14,1.40E-14,erg cm-2 s-1,Integrated Flux,,7.25E+16,2.42E+18,Hz,xray,,slop,1,,,,,,,,,,,,,,
1470429.192,s,5.31E-14,1.03E-14,1.03E-14,erg cm-2 s-1,Integrated Flux,,7.25E+16,2.42E+18,Hz,xray,,slop,1,,,,,,,,,,,,,,
1572767.974,s,3.53E-14,1.69E-14,1.69E-14,erg cm-2 s-1,Integrated Flux,,7.25E+16,2.42E+18,Hz,xray,,slop,1,,,,,,,,,,,,,,
1693019.884,s,5.94E-14,8.60E-15,8.60E-15,erg cm-2 s-1,Integrated Flux,,7.25E+16,2.42E+18,Hz,xray,,slop,1,,,,,,,,,,,,,,
1824639.99,s,2.92E-14,1.38E-14,1.38E-14,erg cm-2 s-1,Integrated Flux,,7.25E+16,2.42E+18,Hz,xray,,slop,1,,,,,,,,,,,,,,
1985457.458,s,5.25E-14,7.52E-15,7.52E-15,erg cm-2 s-1,Integrated Flux,,7.25E+16,2.42E+18,Hz,xray,,slop,1,,,,,,,,,,,,,,
2354857.555,s,2.51E-14,4.87E-15,4.87E-15,erg cm-2 s-1,Integrated Flux,,7.25E+16,2.42E+18,Hz,xray,,slop,1,,,,,,,,,,,,,,
2650576.201,s,1.50E-14,4.88E-15,4.88E-15,erg cm-2 s-1,Integrated Flux,,7.25E+16,2.42E+18,Hz,xray,,slop,1,,,,,,,,,,,,,,
266,s,-6.82E-01,2.10E-02,2.10E-02,erg cm-2 s-1,Spectral Index,,7.25E+16,2.42E+18,Hz,,,,1,,,,,,,,,,,,,,
1031,s,-7.04E-01,1.30E-02,1.30E-02,erg cm-2 s-1,Spectral Index,,7.25E+16,2.42E+18,Hz,,,,1,,,,,,,,,,,,,,
140173,s,-8.20E-01,6.00E-02,6.00E-02,erg cm-2 s-1,Spectral Index,,7.25E+16,2.42E+18,Hz,,,,1,,,,,,,,,,,,,,
