Time,TimeLower,TimeUpper,TimeUnits,Value,ValueLower,ValueUpper,ValueUnits,ValueType,Wave,WaveLower,WaveUpper,WaveUnits,Filter,CalGroup,SlopGroup
11089.98864,,,s,0.313328572,0.022256861,0.022256861,mJy,Spectral Flux,6.29E+14,,,Hz,g,g_offset,slop
11323.44144,,,s,1.247383514,0.077884123,0.077884123,mJy,Spectral Flux,4.81E+14,,,Hz,r,r_offset,slop
11548.51344,,,s,3.104559588,0.084607868,0.084607868,mJy,Spectral Flux,3.94E+14,,,Hz,i,i_offset,slop
11779.37424,,,s,5.754399373,0.208142244,0.208142244,mJy,Spectral Flux,3.29E+14,,,Hz,z,z_offset,slop
12433.85424,,,s,0.304789499,0.019030445,0.019030445,mJy,Spectral Flux,6.29E+14,,,Hz,g,g_offset,slop
12660.48144,,,s,1.137627286,0.051201662,0.051201662,mJy,Spectral Flux,4.81E+14,,,Hz,r,r_offset,slop
12892.81104,,,s,2.805433638,0.076455855,0.076455855,mJy,Spectral Flux,3.94E+14,,,Hz,i,i_offset,slop
13118.14224,,,s,5.395106225,0.242819779,0.242819779,mJy,Spectral Flux,3.29E+14,,,Hz,z,z_offset,slop
13785.40944,,,s,0.231206479,0.020343664,0.020343664,mJy,Spectral Flux,6.29E+14,,,Hz,g,g_offset,slop
14018.77584,,,s,1.076465214,0.048448916,0.048448916,mJy,Spectral Flux,4.81E+14,,,Hz,r,r_offset,slop
14244.10704,,,s,2.654605562,0.096019675,0.096019675,mJy,Spectral Flux,3.94E+14,,,Hz,i,i_offset,slop
14477.04144,,,s,5.05824662,0.271945697,0.271945697,mJy,Spectral Flux,3.29E+14,,,Hz,z,z_offset,slop
14807.26224,,,s,0.242102905,0.023326742,0.023326742,mJy,Spectral Flux,6.29E+14,,,Hz,g,g_offset,slop
15040.11024,,,s,1,0.045007414,0.045007414,mJy,Spectral Flux,4.81E+14,,,Hz,r,r_offset,slop
15265.44144,,,s,2.488857318,0.090024399,0.090024399,mJy,Spectral Flux,3.94E+14,,,Hz,i,i_offset,slop
15500.10384,,,s,4.742419853,0.296107178,0.296107178,mJy,Spectral Flux,3.29E+14,,,Hz,z,z_offset,slop
16166.42064,,,s,0.207014135,0.028365377,0.028365377,mJy,Spectral Flux,6.29E+14,,,Hz,g,g_offset,slop
16391.75184,,,s,0.920449572,0.041427055,0.041427055,mJy,Spectral Flux,4.81E+14,,,Hz,r,r_offset,slop
16623.04464,,,s,2.355049284,0.105994678,0.105994678,mJy,Spectral Flux,3.94E+14,,,Hz,i,i_offset,slop
16847.77104,,,s,4.698941086,0.252628411,0.252628411,mJy,Spectral Flux,3.29E+14,,,Hz,z,z_offset,slop
89121.11184,,,s,0.029922646,0.005712356,0.005712356,mJy,Spectral Flux,6.29E+14,,,Hz,g,g_offset,slop
89468.35344,,,s,0.72443596,0.032604989,0.032604989,mJy,Spectral Flux,3.29E+14,,,Hz,z,z_offset,slop
89721.15984,,,s,0.73790423,0.039671826,0.039671826,mJy,Spectral Flux,3.29E+14,,,Hz,z,z_offset,slop
90104.60304,,,s,0.36982818,0.013377046,0.013377046,mJy,Spectral Flux,3.94E+14,,,Hz,i,i_offset,slop
90242.92944,,,s,0.366437575,0.009986441,0.009986441,mJy,Spectral Flux,3.94E+14,,,Hz,i,i_offset,slop
90381.25584,,,s,0.356451133,0.012893186,0.012893186,mJy,Spectral Flux,3.94E+14,,,Hz,i,i_offset,slop
90739.29744,,,s,0.134276496,0.007219086,0.007219086,mJy,Spectral Flux,4.81E+14,,,Hz,r,r_offset,slop
91041.26544,,,s,0.138038426,0.006212753,0.006212753,mJy,Spectral Flux,4.81E+14,,,Hz,r,r_offset,slop
93861.62064,,,s,0.022908677,0.00313898,0.00313898,mJy,Spectral Flux,6.29E+14,,,Hz,g,g_offset,slop
94335.35184,,,s,0.630957344,0.081416471,0.081416471,mJy,Spectral Flux,3.29E+14,,,Hz,z,z_offset,slop
95167.03824,,,s,0.124738351,0.008860616,0.008860616,mJy,Spectral Flux,4.81E+14,,,Hz,r,r_offset,slop
98951.35824,,,s,0.544502653,0.038677991,0.038677991,mJy,Spectral Flux,3.29E+14,,,Hz,z,z_offset,slop
99202.26384,,,s,0.570164272,0.073571951,0.073571951,mJy,Spectral Flux,3.29E+14,,,Hz,z,z_offset,slop
183129.323,,,s,0.044874539,0.005428809,0.005428809,mJy,Spectral Flux,4.81E+14,,,Hz,r,r_offset,slop
185158.6862,,,s,0.231206479,0.029834054,0.029834054,mJy,Spectral Flux,3.29E+14,,,Hz,z,z_offset,slop
259470.635,,,s,0.075857758,0.009177081,0.009177081,mJy,Spectral Flux,3.94E+14,,,Hz,i,i_offset,slop
259799.387,,,s,0.024888573,0.003211532,0.003211532,mJy,Spectral Flux,4.81E+14,,,Hz,r,r_offset,slop
259802.9294,,,s,0.135518941,0.018569002,0.018569002,mJy,Spectral Flux,3.29E+14,,,Hz,z,z_offset,slop
347922.4622,,,s,0.048752849,0.005897997,0.005897997,mJy,Spectral Flux,3.94E+14,,,Hz,i,i_offset,slop
348251.0414,,,s,0.016904409,0.002316267,0.002316267,mJy,Spectral Flux,4.81E+14,,,Hz,r,r_offset,slop
348251.9054,,,s,0.107646521,0.015601564,0.015601564,mJy,Spectral Flux,3.29E+14,,,Hz,z,z_offset,slop
438615.1598,,,s,0.015703628,0.00276167,0.00276167,mJy,Spectral Flux,4.81E+14,,,Hz,r,r_offset,slop
438615.3326,,,s,0.041686938,0.006692422,0.006692422,mJy,Spectral Flux,3.94E+14,,,Hz,i,i_offset,slop
439260.2222,,,s,0.097274722,0.014098345,0.014098345,mJy,Spectral Flux,3.29E+14,,,Hz,z,z_offset,slop
526960.3694,,,s,0.024434306,0.003732892,0.003732892,mJy,Spectral Flux,3.94E+14,,,Hz,i,i_offset,slop
527443.7774,,,s,0.062517269,0.010036523,0.010036523,mJy,Spectral Flux,3.29E+14,,,Hz,z,z_offset,slop
311040,,,s,0.005445027,0.000196952,0.000196952,mJy,Spectral Flux,6.29E+14,,,Hz,g,g_offset,slop
311040,,,s,0.02421029,0.00087571,0.00087571,mJy,Spectral Flux,4.81E+14,,,Hz,r,r_offset,slop
311040,,,s,0.064863443,0.000594672,0.000594672,mJy,Spectral Flux,3.94E+14,,,Hz,i,i_offset,slop
311040,,,s,0.123594743,0.001133123,0.001133123,mJy,Spectral Flux,3.29E+14,,,Hz,z,z_offset,slop
820800,,,s,0.009120108,0.000647834,0.000647834,mJy,Spectral Flux,4.81E+14,,,Hz,r,r_offset,slop
820800,,,s,0.018197009,0.000819,0.000819,mJy,Spectral Flux,3.94E+14,,,Hz,i,i_offset,slop
820800,,,s,0.035974934,0.000980417,0.000980417,mJy,Spectral Flux,3.29E+14,,,Hz,z,z_offset,slop
83335.392,,,s,0.158489319,0.026663645,0.026663645,mJy,Spectral Flux,4.81E+14,,,Hz,r,r2_offset,slop
341930.592,,,s,0.019588447,0.001723571,0.001723571,mJy,Spectral Flux,4.81E+14,,,Hz,r,r2_offset,slop
403620.192,,,s,0.014996848,0.000674969,0.000674969,mJy,Spectral Flux,4.81E+14,,,Hz,r,r2_offset,slop
490365.792,,,s,0.014454398,0.001512439,0.001512439,mJy,Spectral Flux,4.81E+14,,,Hz,r,r2_offset,slop
557844.192,,,s,0.011481536,0.000105263,0.000105263,mJy,Spectral Flux,4.81E+14,,,Hz,r,r2_offset,slop
577456.992,,,s,0.01,0.000710336,0.000710336,mJy,Spectral Flux,4.81E+14,,,Hz,r,r2_offset,slop
662560.992,,,s,0.009036495,0.000641895,0.000641895,mJy,Spectral Flux,4.81E+14,,,Hz,r,r2_offset,slop
749911.392,,,s,0.006606934,0.000691318,0.000691318,mJy,Spectral Flux,4.81E+14,,,Hz,r,r2_offset,slop
836829.792,,,s,0.00519996,0.000369372,0.000369372,mJy,Spectral Flux,4.81E+14,,,Hz,r,r2_offset,slop
862058.592,,,s,0.005445027,0.000874145,0.000874145,mJy,Spectral Flux,4.81E+14,,,Hz,r,r2_offset,slop
83335.392,,,s,0.444631267,0.064441871,0.064441871,mJy,Spectral Flux,3.94E+14,,,Hz,i,i2_offset,slop
145543.392,,,s,0.187068214,0.001715052,0.001715052,mJy,Spectral Flux,3.94E+14,,,Hz,i,i2_offset,slop
234448.992,,,s,0.088715601,0.001619242,0.001619242,mJy,Spectral Flux,3.94E+14,,,Hz,i,i2_offset,slop
341930.592,,,s,0.056493697,0.002043432,0.002043432,mJy,Spectral Flux,3.94E+14,,,Hz,i,i2_offset,slop
403620.192,,,s,0.037325016,0.000681258,0.000681258,mJy,Spectral Flux,3.94E+14,,,Hz,i,i2_offset,slop
490365.792,,,s,0.034673685,0.002758306,0.002758306,mJy,Spectral Flux,3.94E+14,,,Hz,i,i2_offset,slop
557844.192,,,s,0.028840315,0.00026441,0.00026441,mJy,Spectral Flux,3.94E+14,,,Hz,i,i2_offset,slop
577456.992,,,s,0.023988329,0.001289681,0.001289681,mJy,Spectral Flux,3.94E+14,,,Hz,i,i2_offset,slop
662560.992,,,s,0.019952623,0.00107271,0.00107271,mJy,Spectral Flux,3.94E+14,,,Hz,i,i2_offset,slop
749911.392,,,s,0.014859356,0.001182068,0.001182068,mJy,Spectral Flux,3.94E+14,,,Hz,i,i2_offset,slop
836829.792,,,s,0.014859356,0.000798881,0.000798881,mJy,Spectral Flux,3.94E+14,,,Hz,i,i2_offset,slop
862058.592,,,s,0.017378008,0.001961004,0.001961004,mJy,Spectral Flux,3.94E+14,,,Hz,i,i2_offset,slop
83335.392,,,s,0.731139083,0.094343563,0.094343563,mJy,Spectral Flux,3.29E+14,,,Hz,z,z2_offset,slop
145543.392,,,s,0.35318317,0.006446319,0.006446319,mJy,Spectral Flux,3.29E+14,,,Hz,z,z2_offset,slop
234448.992,,,s,0.158489319,0.002892756,0.002892756,mJy,Spectral Flux,3.29E+14,,,Hz,z,z2_offset,slop
341930.592,,,s,0.106659612,0.005734324,0.005734324,mJy,Spectral Flux,3.29E+14,,,Hz,z,z2_offset,slop
403620.192,,,s,0.069183097,0.001262734,0.001262734,mJy,Spectral Flux,3.29E+14,,,Hz,z,z2_offset,slop
490365.792,,,s,0.05597576,0.003009416,0.003009416,mJy,Spectral Flux,3.29E+14,,,Hz,z,z2_offset,slop
577456.992,,,s,0.043251383,0.002325317,0.002325317,mJy,Spectral Flux,3.29E+14,,,Hz,z,z2_offset,slop
662560.992,,,s,0.034040819,0.001830131,0.001830131,mJy,Spectral Flux,3.29E+14,,,Hz,z,z2_offset,slop
749911.392,,,s,0.025585859,0.001817456,0.001817456,mJy,Spectral Flux,3.29E+14,,,Hz,z,z2_offset,slop
836829.792,,,s,0.021877616,0.000984655,0.000984655,mJy,Spectral Flux,3.29E+14,,,Hz,z,z2_offset,slop
862058.592,,,s,0.015848932,0.003375097,0.003375097,mJy,Spectral Flux,3.29E+14,,,Hz,z,z2_offset,slop
3400,,,s,2.433470777,0.33909019,0.33909019,mJy,Spectral Flux,5.48E+14,,,Hz,uvot-v,uvot-v_offset,slop
3900,,,s,2.273898922,0.249331022,0.249331022,mJy,Spectral Flux,5.48E+14,,,Hz,uvot-v,uvot-v_offset,slop
4200,,,s,1.90488901,0.159571854,0.159571854,mJy,Spectral Flux,5.48E+14,,,Hz,uvot-v,uvot-v_offset,slop
4400,,,s,1.635611506,0.209438059,0.209438059,mJy,Spectral Flux,5.48E+14,,,Hz,uvot-v,uvot-v_offset,slop
38200,,,s,0.204451438,0.013962537,0.013962537,mJy,Spectral Flux,5.48E+14,,,Hz,uvot-v,uvot-v_offset,slop
55300,,,s,0.117684242,0.010970565,0.010970565,mJy,Spectral Flux,5.48E+14,,,Hz,uvot-v,uvot-v_offset,slop
92800,,,s,0.063230347,0.006781804,0.006781804,mJy,Spectral Flux,5.48E+14,,,Hz,uvot-v,uvot-v_offset,slop
3800,,,s,0.624130914,0.077212072,0.077212072,mJy,Spectral Flux,6.83E+14,,,Hz,uvot-b,uvot-b_offset,slop
4000,,,s,0.536623899,0.071421166,0.071421166,mJy,Spectral Flux,6.83E+14,,,Hz,uvot-b,uvot-b_offset,slop
4400,,,s,0.39764217,0.049544413,0.049544413,mJy,Spectral Flux,6.83E+14,,,Hz,uvot-b,uvot-b_offset,slop
44400,,,s,0.032557757,0.004053634,0.004053634,mJy,Spectral Flux,6.83E+14,,,Hz,uvot-b,uvot-b_offset,slop
60300,,,s,0.022584531,0.004439694,0.004439694,mJy,Spectral Flux,6.83E+14,,,Hz,uvot-b,uvot-b_offset,slop
3600,,,s,0.129756997,0.014417444,0.014417444,mJy,Spectral Flux,8.65E+14,,,Hz,uvot-u,uvot-u_offset,slop
3700,,,s,0.120545852,0.012014537,0.012014537,mJy,Spectral Flux,8.65E+14,,,Hz,uvot-u,uvot-u_offset,slop
3900,,,s,0.09932017,0.024429558,0.024429558,mJy,Spectral Flux,8.65E+14,,,Hz,uvot-u,uvot-u_offset,slop
4400,,,s,0.110934223,0.01842229,0.01842229,mJy,Spectral Flux,8.65E+14,,,Hz,uvot-u,uvot-u_offset,slop
32400,,,s,0.011133471,0.001922326,0.001922326,mJy,Spectral Flux,8.65E+14,,,Hz,uvot-u,uvot-u_offset,slop
49700,,,s,0.007208722,0.001802181,0.001802181,mJy,Spectral Flux,8.65E+14,,,Hz,uvot-u,uvot-u_offset,slop
95800,,,s,0.005086154,0.001682035,0.001682035,mJy,Spectral Flux,8.65E+14,,,Hz,uvot-u,uvot-u_offset,slop
5.634,,,d,4.95,0.62,0.62,mJy,Spectral Flux,2.29E+11,,,Hz,Ka,,slop
5.634,,,d,4.97,0.85,0.85,mJy,Spectral Flux,2.90E+11,,,Hz,Kc,,slop
6.654,,,d,4.19,0.89,0.89,mJy,Spectral Flux,2.29E+11,,,Hz,Ka,,slop
7.63,,,d,4.16,0.66,0.66,mJy,Spectral Flux,2.72E+11,,,Hz,Kb,,slop
7.63,,,d,2.96,1.33,1.33,mJy,Spectral Flux,3.41E+11,,,Hz,Kd,,slop
8.577,,,d,3.83,0.83,0.83,mJy,Spectral Flux,2.29E+11,,,Hz,Ka,,slop
3376.254,,,s,7.78E-08,3.17E-09,3.17E-09,erg cm-2 s-1,Integrated Flux,,7.25E+16,2.42E+18,Hz,xray,,slop
3381.482,,,s,9.22E-08,3.67E-09,3.67E-09,erg cm-2 s-1,Integrated Flux,,7.25E+16,2.42E+18,Hz,xray,,slop
3386.421,,,s,8.45E-08,3.38E-09,3.38E-09,erg cm-2 s-1,Integrated Flux,,7.25E+16,2.42E+18,Hz,xray,,slop
3391.608,,,s,8.21E-08,3.29E-09,3.29E-09,erg cm-2 s-1,Integrated Flux,,7.25E+16,2.42E+18,Hz,xray,,slop
3396.83,,,s,8.38E-08,3.37E-09,3.37E-09,erg cm-2 s-1,Integrated Flux,,7.25E+16,2.42E+18,Hz,xray,,slop
3402.133,,,s,8.62E-08,3.45E-09,3.45E-09,erg cm-2 s-1,Integrated Flux,,7.25E+16,2.42E+18,Hz,xray,,slop
3407.352,,,s,8.26E-08,3.30E-09,3.30E-09,erg cm-2 s-1,Integrated Flux,,7.25E+16,2.42E+18,Hz,xray,,slop
3412.592,,,s,8.12E-08,3.24E-09,3.24E-09,erg cm-2 s-1,Integrated Flux,,7.25E+16,2.42E+18,Hz,xray,,slop
3417.883,,,s,8.35E-08,3.31E-09,3.31E-09,erg cm-2 s-1,Integrated Flux,,7.25E+16,2.42E+18,Hz,xray,,slop
3423.1,,,s,8.10E-08,3.30E-09,3.30E-09,erg cm-2 s-1,Integrated Flux,,7.25E+16,2.42E+18,Hz,xray,,slop
3428.597,,,s,8.02E-08,3.17E-09,3.17E-09,erg cm-2 s-1,Integrated Flux,,7.25E+16,2.42E+18,Hz,xray,,slop
3433.928,,,s,8.26E-08,3.30E-09,3.30E-09,erg cm-2 s-1,Integrated Flux,,7.25E+16,2.42E+18,Hz,xray,,slop
3439.36,,,s,7.99E-08,3.23E-09,3.23E-09,erg cm-2 s-1,Integrated Flux,,7.25E+16,2.42E+18,Hz,xray,,slop
3444.856,,,s,7.56E-08,3.06E-09,3.06E-09,erg cm-2 s-1,Integrated Flux,,7.25E+16,2.42E+18,Hz,xray,,slop
3450.769,,,s,7.55E-08,3.03E-09,3.03E-09,erg cm-2 s-1,Integrated Flux,,7.25E+16,2.42E+18,Hz,xray,,slop
3456.297,,,s,8.11E-08,3.25E-09,3.25E-09,erg cm-2 s-1,Integrated Flux,,7.25E+16,2.42E+18,Hz,xray,,slop
3461.747,,,s,7.85E-08,3.17E-09,3.17E-09,erg cm-2 s-1,Integrated Flux,,7.25E+16,2.42E+18,Hz,xray,,slop
3467.159,,,s,8.55E-08,3.42E-09,3.42E-09,erg cm-2 s-1,Integrated Flux,,7.25E+16,2.42E+18,Hz,xray,,slop
3472.455,,,s,7.92E-08,3.17E-09,3.17E-09,erg cm-2 s-1,Integrated Flux,,7.25E+16,2.42E+18,Hz,xray,,slop
3478.072,,,s,8.08E-08,3.24E-09,3.24E-09,erg cm-2 s-1,Integrated Flux,,7.25E+16,2.42E+18,Hz,xray,,slop
3483.601,,,s,7.95E-08,3.17E-09,3.17E-09,erg cm-2 s-1,Integrated Flux,,7.25E+16,2.42E+18,Hz,xray,,slop
3488.73,,,s,8.77E-08,3.47E-09,3.47E-09,erg cm-2 s-1,Integrated Flux,,7.25E+16,2.42E+18,Hz,xray,,slop
3494.097,,,s,8.23E-08,3.26E-09,3.26E-09,erg cm-2 s-1,Integrated Flux,,7.25E+16,2.42E+18,Hz,xray,,slop
3499.616,,,s,7.23E-08,2.95E-09,2.95E-09,erg cm-2 s-1,Integrated Flux,,7.25E+16,2.42E+18,Hz,xray,,slop
3505.827,,,s,7.50E-08,3.00E-09,3.00E-09,erg cm-2 s-1,Integrated Flux,,7.25E+16,2.42E+18,Hz,xray,,slop
3511.571,,,s,7.81E-08,3.16E-09,3.16E-09,erg cm-2 s-1,Integrated Flux,,7.25E+16,2.42E+18,Hz,xray,,slop
3517.36,,,s,7.19E-08,2.92E-09,2.92E-09,erg cm-2 s-1,Integrated Flux,,7.25E+16,2.42E+18,Hz,xray,,slop
3523.327,,,s,7.65E-08,3.05E-09,3.05E-09,erg cm-2 s-1,Integrated Flux,,7.25E+16,2.42E+18,Hz,xray,,slop
3529.029,,,s,7.64E-08,3.09E-09,3.09E-09,erg cm-2 s-1,Integrated Flux,,7.25E+16,2.42E+18,Hz,xray,,slop
3534.464,,,s,8.03E-08,3.25E-09,3.25E-09,erg cm-2 s-1,Integrated Flux,,7.25E+16,2.42E+18,Hz,xray,,slop
3539.836,,,s,8.43E-08,3.35E-09,3.35E-09,erg cm-2 s-1,Integrated Flux,,7.25E+16,2.42E+18,Hz,xray,,slop
3545.236,,,s,7.91E-08,3.17E-09,3.17E-09,erg cm-2 s-1,Integrated Flux,,7.25E+16,2.42E+18,Hz,xray,,slop
3550.954,,,s,8.15E-08,3.28E-09,3.28E-09,erg cm-2 s-1,Integrated Flux,,7.25E+16,2.42E+18,Hz,xray,,slop
3556.307,,,s,7.73E-08,3.09E-09,3.09E-09,erg cm-2 s-1,Integrated Flux,,7.25E+16,2.42E+18,Hz,xray,,slop
3561.97,,,s,8.11E-08,3.28E-09,3.28E-09,erg cm-2 s-1,Integrated Flux,,7.25E+16,2.42E+18,Hz,xray,,slop
3567.577,,,s,7.67E-08,3.08E-09,3.08E-09,erg cm-2 s-1,Integrated Flux,,7.25E+16,2.42E+18,Hz,xray,,slop
3573.534,,,s,6.95E-08,2.83E-09,2.83E-09,erg cm-2 s-1,Integrated Flux,,7.25E+16,2.42E+18,Hz,xray,,slop
3579.679,,,s,7.73E-08,3.10E-09,3.10E-09,erg cm-2 s-1,Integrated Flux,,7.25E+16,2.42E+18,Hz,xray,,slop
3585.614,,,s,7.47E-08,3.02E-09,3.02E-09,erg cm-2 s-1,Integrated Flux,,7.25E+16,2.42E+18,Hz,xray,,slop
3591.568,,,s,7.28E-08,2.94E-09,2.94E-09,erg cm-2 s-1,Integrated Flux,,7.25E+16,2.42E+18,Hz,xray,,slop
3597.374,,,s,7.38E-08,2.95E-09,2.95E-09,erg cm-2 s-1,Integrated Flux,,7.25E+16,2.42E+18,Hz,xray,,slop
3603.449,,,s,7.35E-08,2.96E-09,2.96E-09,erg cm-2 s-1,Integrated Flux,,7.25E+16,2.42E+18,Hz,xray,,slop
3609.124,,,s,8.23E-08,3.28E-09,3.28E-09,erg cm-2 s-1,Integrated Flux,,7.25E+16,2.42E+18,Hz,xray,,slop
3615.08,,,s,7.01E-08,2.81E-09,2.81E-09,erg cm-2 s-1,Integrated Flux,,7.25E+16,2.42E+18,Hz,xray,,slop
3620.876,,,s,8.16E-08,3.26E-09,3.26E-09,erg cm-2 s-1,Integrated Flux,,7.25E+16,2.42E+18,Hz,xray,,slop
3626.416,,,s,7.39E-08,2.95E-09,2.95E-09,erg cm-2 s-1,Integrated Flux,,7.25E+16,2.42E+18,Hz,xray,,slop
3632.548,,,s,7.19E-08,2.90E-09,2.90E-09,erg cm-2 s-1,Integrated Flux,,7.25E+16,2.42E+18,Hz,xray,,slop
3638.476,,,s,7.62E-08,3.05E-09,3.05E-09,erg cm-2 s-1,Integrated Flux,,7.25E+16,2.42E+18,Hz,xray,,slop
3644.38,,,s,7.73E-08,3.10E-09,3.10E-09,erg cm-2 s-1,Integrated Flux,,7.25E+16,2.42E+18,Hz,xray,,slop
3650.308,,,s,7.25E-08,2.90E-09,2.90E-09,erg cm-2 s-1,Integrated Flux,,7.25E+16,2.42E+18,Hz,xray,,slop
3656.491,,,s,7.22E-08,2.86E-09,2.86E-09,erg cm-2 s-1,Integrated Flux,,7.25E+16,2.42E+18,Hz,xray,,slop
3662.389,,,s,7.65E-08,3.07E-09,3.07E-09,erg cm-2 s-1,Integrated Flux,,7.25E+16,2.42E+18,Hz,xray,,slop
3668.122,,,s,7.86E-08,3.16E-09,3.16E-09,erg cm-2 s-1,Integrated Flux,,7.25E+16,2.42E+18,Hz,xray,,slop
3673.796,,,s,7.48E-08,2.99E-09,2.99E-09,erg cm-2 s-1,Integrated Flux,,7.25E+16,2.42E+18,Hz,xray,,slop
3679.702,,,s,7.57E-08,3.03E-09,3.03E-09,erg cm-2 s-1,Integrated Flux,,7.25E+16,2.42E+18,Hz,xray,,slop
3685.743,,,s,7.25E-08,2.90E-09,2.90E-09,erg cm-2 s-1,Integrated Flux,,7.25E+16,2.42E+18,Hz,xray,,slop
3691.615,,,s,7.82E-08,3.17E-09,3.17E-09,erg cm-2 s-1,Integrated Flux,,7.25E+16,2.42E+18,Hz,xray,,slop
3697.643,,,s,6.89E-08,2.76E-09,2.76E-09,erg cm-2 s-1,Integrated Flux,,7.25E+16,2.42E+18,Hz,xray,,slop
3703.781,,,s,8.00E-08,3.17E-09,3.17E-09,erg cm-2 s-1,Integrated Flux,,7.25E+16,2.42E+18,Hz,xray,,slop
3709.361,,,s,7.10E-08,2.86E-09,2.86E-09,erg cm-2 s-1,Integrated Flux,,7.25E+16,2.42E+18,Hz,xray,,slop
3715.716,,,s,6.93E-08,2.76E-09,2.76E-09,erg cm-2 s-1,Integrated Flux,,7.25E+16,2.42E+18,Hz,xray,,slop
3722.13,,,s,6.92E-08,2.79E-09,2.79E-09,erg cm-2 s-1,Integrated Flux,,7.25E+16,2.42E+18,Hz,xray,,slop
3728.296,,,s,7.08E-08,2.84E-09,2.84E-09,erg cm-2 s-1,Integrated Flux,,7.25E+16,2.42E+18,Hz,xray,,slop
3734.92,,,s,6.29E-08,2.57E-09,2.57E-09,erg cm-2 s-1,Integrated Flux,,7.25E+16,2.42E+18,Hz,xray,,slop
3741.339,,,s,7.25E-08,2.94E-09,2.94E-09,erg cm-2 s-1,Integrated Flux,,7.25E+16,2.42E+18,Hz,xray,,slop
3747.493,,,s,7.08E-08,2.84E-09,2.84E-09,erg cm-2 s-1,Integrated Flux,,7.25E+16,2.42E+18,Hz,xray,,slop
3753.853,,,s,6.98E-08,2.78E-09,2.78E-09,erg cm-2 s-1,Integrated Flux,,7.25E+16,2.42E+18,Hz,xray,,slop
3760.046,,,s,7.45E-08,3.03E-09,3.03E-09,erg cm-2 s-1,Integrated Flux,,7.25E+16,2.42E+18,Hz,xray,,slop
3765.839,,,s,7.90E-08,3.17E-09,3.17E-09,erg cm-2 s-1,Integrated Flux,,7.25E+16,2.42E+18,Hz,xray,,slop
3771.748,,,s,6.89E-08,2.77E-09,2.77E-09,erg cm-2 s-1,Integrated Flux,,7.25E+16,2.42E+18,Hz,xray,,slop
3777.787,,,s,7.48E-08,3.00E-09,3.00E-09,erg cm-2 s-1,Integrated Flux,,7.25E+16,2.42E+18,Hz,xray,,slop
3783.995,,,s,7.18E-08,2.86E-09,2.86E-09,erg cm-2 s-1,Integrated Flux,,7.25E+16,2.42E+18,Hz,xray,,slop
3790.018,,,s,7.33E-08,2.94E-09,2.94E-09,erg cm-2 s-1,Integrated Flux,,7.25E+16,2.42E+18,Hz,xray,,slop
3796.286,,,s,6.84E-08,2.74E-09,2.74E-09,erg cm-2 s-1,Integrated Flux,,7.25E+16,2.42E+18,Hz,xray,,slop
3802.889,,,s,6.80E-08,2.72E-09,2.72E-09,erg cm-2 s-1,Integrated Flux,,7.25E+16,2.42E+18,Hz,xray,,slop
3808.821,,,s,7.77E-08,3.09E-09,3.09E-09,erg cm-2 s-1,Integrated Flux,,7.25E+16,2.42E+18,Hz,xray,,slop
3814.986,,,s,6.86E-08,2.75E-09,2.75E-09,erg cm-2 s-1,Integrated Flux,,7.25E+16,2.42E+18,Hz,xray,,slop
3821.441,,,s,6.80E-08,2.73E-09,2.73E-09,erg cm-2 s-1,Integrated Flux,,7.25E+16,2.42E+18,Hz,xray,,slop
3827.985,,,s,6.52E-08,2.63E-09,2.63E-09,erg cm-2 s-1,Integrated Flux,,7.25E+16,2.42E+18,Hz,xray,,slop
3834.698,,,s,6.88E-08,2.75E-09,2.75E-09,erg cm-2 s-1,Integrated Flux,,7.25E+16,2.42E+18,Hz,xray,,slop
3841.061,,,s,7.22E-08,2.90E-09,2.90E-09,erg cm-2 s-1,Integrated Flux,,7.25E+16,2.42E+18,Hz,xray,,slop
3846.992,,,s,7.61E-08,3.04E-09,3.04E-09,erg cm-2 s-1,Integrated Flux,,7.25E+16,2.42E+18,Hz,xray,,slop
3853.346,,,s,6.70E-08,2.68E-09,2.68E-09,erg cm-2 s-1,Integrated Flux,,7.25E+16,2.42E+18,Hz,xray,,slop
3859.461,,,s,7.18E-08,2.85E-09,2.85E-09,erg cm-2 s-1,Integrated Flux,,7.25E+16,2.42E+18,Hz,xray,,slop
3865.962,,,s,6.93E-08,2.76E-09,2.76E-09,erg cm-2 s-1,Integrated Flux,,7.25E+16,2.42E+18,Hz,xray,,slop
3872.34,,,s,6.96E-08,2.78E-09,2.78E-09,erg cm-2 s-1,Integrated Flux,,7.25E+16,2.42E+18,Hz,xray,,slop
3878.74,,,s,6.87E-08,2.78E-09,2.78E-09,erg cm-2 s-1,Integrated Flux,,7.25E+16,2.42E+18,Hz,xray,,slop
3885.034,,,s,7.02E-08,2.82E-09,2.82E-09,erg cm-2 s-1,Integrated Flux,,7.25E+16,2.42E+18,Hz,xray,,slop
3891.514,,,s,6.99E-08,2.79E-09,2.79E-09,erg cm-2 s-1,Integrated Flux,,7.25E+16,2.42E+18,Hz,xray,,slop
3897.982,,,s,6.71E-08,2.71E-09,2.71E-09,erg cm-2 s-1,Integrated Flux,,7.25E+16,2.42E+18,Hz,xray,,slop
3904.656,,,s,6.63E-08,2.64E-09,2.64E-09,erg cm-2 s-1,Integrated Flux,,7.25E+16,2.42E+18,Hz,xray,,slop
3911.158,,,s,6.70E-08,2.70E-09,2.70E-09,erg cm-2 s-1,Integrated Flux,,7.25E+16,2.42E+18,Hz,xray,,slop
3918.004,,,s,6.58E-08,2.65E-09,2.65E-09,erg cm-2 s-1,Integrated Flux,,7.25E+16,2.42E+18,Hz,xray,,slop
3924.474,,,s,6.93E-08,2.79E-09,2.79E-09,erg cm-2 s-1,Integrated Flux,,7.25E+16,2.42E+18,Hz,xray,,slop
3931.181,,,s,6.45E-08,2.59E-09,2.59E-09,erg cm-2 s-1,Integrated Flux,,7.25E+16,2.42E+18,Hz,xray,,slop
3937.826,,,s,6.53E-08,2.65E-09,2.65E-09,erg cm-2 s-1,Integrated Flux,,7.25E+16,2.42E+18,Hz,xray,,slop
3944.684,,,s,6.43E-08,2.59E-09,2.59E-09,erg cm-2 s-1,Integrated Flux,,7.25E+16,2.42E+18,Hz,xray,,slop
3951.358,,,s,6.80E-08,2.72E-09,2.72E-09,erg cm-2 s-1,Integrated Flux,,7.25E+16,2.42E+18,Hz,xray,,slop
3957.868,,,s,6.83E-08,2.73E-09,2.73E-09,erg cm-2 s-1,Integrated Flux,,7.25E+16,2.42E+18,Hz,xray,,slop
3964.543,,,s,6.46E-08,2.60E-09,2.60E-09,erg cm-2 s-1,Integrated Flux,,7.25E+16,2.42E+18,Hz,xray,,slop
3971.313,,,s,6.70E-08,2.66E-09,2.66E-09,erg cm-2 s-1,Integrated Flux,,7.25E+16,2.42E+18,Hz,xray,,slop
3978.162,,,s,6.29E-08,2.51E-09,2.51E-09,erg cm-2 s-1,Integrated Flux,,7.25E+16,2.42E+18,Hz,xray,,slop
3984.863,,,s,6.85E-08,2.75E-09,2.75E-09,erg cm-2 s-1,Integrated Flux,,7.25E+16,2.42E+18,Hz,xray,,slop
3991.815,,,s,6.18E-08,2.49E-09,2.49E-09,erg cm-2 s-1,Integrated Flux,,7.25E+16,2.42E+18,Hz,xray,,slop
3998.683,,,s,6.45E-08,2.57E-09,2.57E-09,erg cm-2 s-1,Integrated Flux,,7.25E+16,2.42E+18,Hz,xray,,slop
4005.307,,,s,6.92E-08,2.77E-09,2.77E-09,erg cm-2 s-1,Integrated Flux,,7.25E+16,2.42E+18,Hz,xray,,slop
4012.134,,,s,6.02E-08,2.46E-09,2.46E-09,erg cm-2 s-1,Integrated Flux,,7.25E+16,2.42E+18,Hz,xray,,slop
4019.056,,,s,6.67E-08,2.66E-09,2.66E-09,erg cm-2 s-1,Integrated Flux,,7.25E+16,2.42E+18,Hz,xray,,slop
4025.765,,,s,6.68E-08,2.68E-09,2.68E-09,erg cm-2 s-1,Integrated Flux,,7.25E+16,2.42E+18,Hz,xray,,slop
4032.458,,,s,6.38E-08,2.56E-09,2.56E-09,erg cm-2 s-1,Integrated Flux,,7.25E+16,2.42E+18,Hz,xray,,slop
4039.443,,,s,6.29E-08,2.53E-09,2.53E-09,erg cm-2 s-1,Integrated Flux,,7.25E+16,2.42E+18,Hz,xray,,slop
4046.528,,,s,6.24E-08,2.51E-09,2.51E-09,erg cm-2 s-1,Integrated Flux,,7.25E+16,2.42E+18,Hz,xray,,slop
4053.406,,,s,6.44E-08,2.59E-09,2.59E-09,erg cm-2 s-1,Integrated Flux,,7.25E+16,2.42E+18,Hz,xray,,slop
4060.247,,,s,6.48E-08,2.59E-09,2.59E-09,erg cm-2 s-1,Integrated Flux,,7.25E+16,2.42E+18,Hz,xray,,slop
4067.133,,,s,6.56E-08,2.64E-09,2.64E-09,erg cm-2 s-1,Integrated Flux,,7.25E+16,2.42E+18,Hz,xray,,slop
4073.709,,,s,6.72E-08,2.71E-09,2.71E-09,erg cm-2 s-1,Integrated Flux,,7.25E+16,2.42E+18,Hz,xray,,slop
4080.534,,,s,6.23E-08,2.52E-09,2.52E-09,erg cm-2 s-1,Integrated Flux,,7.25E+16,2.42E+18,Hz,xray,,slop
4087.444,,,s,6.37E-08,2.62E-09,2.62E-09,erg cm-2 s-1,Integrated Flux,,7.25E+16,2.42E+18,Hz,xray,,slop
4094.472,,,s,6.36E-08,2.57E-09,2.57E-09,erg cm-2 s-1,Integrated Flux,,7.25E+16,2.42E+18,Hz,xray,,slop
4101.156,,,s,6.35E-08,2.54E-09,2.54E-09,erg cm-2 s-1,Integrated Flux,,7.25E+16,2.42E+18,Hz,xray,,slop
4108.454,,,s,6.23E-08,2.48E-09,2.48E-09,erg cm-2 s-1,Integrated Flux,,7.25E+16,2.42E+18,Hz,xray,,slop
4115.336,,,s,6.29E-08,2.53E-09,2.53E-09,erg cm-2 s-1,Integrated Flux,,7.25E+16,2.42E+18,Hz,xray,,slop
4122.429,,,s,6.25E-08,2.52E-09,2.52E-09,erg cm-2 s-1,Integrated Flux,,7.25E+16,2.42E+18,Hz,xray,,slop
4129.324,,,s,6.42E-08,2.58E-09,2.58E-09,erg cm-2 s-1,Integrated Flux,,7.25E+16,2.42E+18,Hz,xray,,slop
4136.092,,,s,6.74E-08,2.72E-09,2.72E-09,erg cm-2 s-1,Integrated Flux,,7.25E+16,2.42E+18,Hz,xray,,slop
4143.349,,,s,5.55E-08,2.24E-09,2.24E-09,erg cm-2 s-1,Integrated Flux,,7.25E+16,2.42E+18,Hz,xray,,slop
4150.966,,,s,6.04E-08,2.42E-09,2.42E-09,erg cm-2 s-1,Integrated Flux,,7.25E+16,2.42E+18,Hz,xray,,slop
4157.985,,,s,6.36E-08,2.59E-09,2.59E-09,erg cm-2 s-1,Integrated Flux,,7.25E+16,2.42E+18,Hz,xray,,slop
4164.985,,,s,6.49E-08,2.59E-09,2.59E-09,erg cm-2 s-1,Integrated Flux,,7.25E+16,2.42E+18,Hz,xray,,slop
4172.019,,,s,5.82E-08,2.37E-09,2.37E-09,erg cm-2 s-1,Integrated Flux,,7.25E+16,2.42E+18,Hz,xray,,slop
4179.361,,,s,5.96E-08,2.39E-09,2.39E-09,erg cm-2 s-1,Integrated Flux,,7.25E+16,2.42E+18,Hz,xray,,slop
4186.642,,,s,6.15E-08,2.48E-09,2.48E-09,erg cm-2 s-1,Integrated Flux,,7.25E+16,2.42E+18,Hz,xray,,slop
4194.074,,,s,5.87E-08,2.39E-09,2.39E-09,erg cm-2 s-1,Integrated Flux,,7.25E+16,2.42E+18,Hz,xray,,slop
4201.213,,,s,6.38E-08,2.54E-09,2.54E-09,erg cm-2 s-1,Integrated Flux,,7.25E+16,2.42E+18,Hz,xray,,slop
4208.459,,,s,5.97E-08,2.38E-09,2.38E-09,erg cm-2 s-1,Integrated Flux,,7.25E+16,2.42E+18,Hz,xray,,slop
4215.996,,,s,6.12E-08,2.42E-09,2.42E-09,erg cm-2 s-1,Integrated Flux,,7.25E+16,2.42E+18,Hz,xray,,slop
4223.24,,,s,6.10E-08,2.46E-09,2.46E-09,erg cm-2 s-1,Integrated Flux,,7.25E+16,2.42E+18,Hz,xray,,slop
4230.531,,,s,5.84E-08,2.39E-09,2.39E-09,erg cm-2 s-1,Integrated Flux,,7.25E+16,2.42E+18,Hz,xray,,slop
4238.071,,,s,6.02E-08,2.40E-09,2.40E-09,erg cm-2 s-1,Integrated Flux,,7.25E+16,2.42E+18,Hz,xray,,slop
4245.361,,,s,5.91E-08,2.34E-09,2.34E-09,erg cm-2 s-1,Integrated Flux,,7.25E+16,2.42E+18,Hz,xray,,slop
4252.651,,,s,6.31E-08,2.52E-09,2.52E-09,erg cm-2 s-1,Integrated Flux,,7.25E+16,2.42E+18,Hz,xray,,slop
4259.685,,,s,6.29E-08,2.51E-09,2.51E-09,erg cm-2 s-1,Integrated Flux,,7.25E+16,2.42E+18,Hz,xray,,slop
4266.863,,,s,6.39E-08,2.55E-09,2.55E-09,erg cm-2 s-1,Integrated Flux,,7.25E+16,2.42E+18,Hz,xray,,slop
4273.805,,,s,6.21E-08,2.49E-09,2.49E-09,erg cm-2 s-1,Integrated Flux,,7.25E+16,2.42E+18,Hz,xray,,slop
4281.207,,,s,5.73E-08,2.31E-09,2.31E-09,erg cm-2 s-1,Integrated Flux,,7.25E+16,2.42E+18,Hz,xray,,slop
4288.909,,,s,5.57E-08,2.26E-09,2.26E-09,erg cm-2 s-1,Integrated Flux,,7.25E+16,2.42E+18,Hz,xray,,slop
4296.666,,,s,5.98E-08,2.40E-09,2.40E-09,erg cm-2 s-1,Integrated Flux,,7.25E+16,2.42E+18,Hz,xray,,slop
4304.396,,,s,5.62E-08,2.27E-09,2.27E-09,erg cm-2 s-1,Integrated Flux,,7.25E+16,2.42E+18,Hz,xray,,slop
4312.017,,,s,5.76E-08,2.34E-09,2.34E-09,erg cm-2 s-1,Integrated Flux,,7.25E+16,2.42E+18,Hz,xray,,slop
4319.39,,,s,5.98E-08,2.40E-09,2.40E-09,erg cm-2 s-1,Integrated Flux,,7.25E+16,2.42E+18,Hz,xray,,slop
4326.891,,,s,5.72E-08,2.30E-09,2.30E-09,erg cm-2 s-1,Integrated Flux,,7.25E+16,2.42E+18,Hz,xray,,slop
4334.727,,,s,5.80E-08,2.33E-09,2.33E-09,erg cm-2 s-1,Integrated Flux,,7.25E+16,2.42E+18,Hz,xray,,slop
4341.998,,,s,5.90E-08,2.37E-09,2.37E-09,erg cm-2 s-1,Integrated Flux,,7.25E+16,2.42E+18,Hz,xray,,slop
4349.63,,,s,5.66E-08,2.31E-09,2.31E-09,erg cm-2 s-1,Integrated Flux,,7.25E+16,2.42E+18,Hz,xray,,slop
4357.437,,,s,5.69E-08,2.31E-09,2.31E-09,erg cm-2 s-1,Integrated Flux,,7.25E+16,2.42E+18,Hz,xray,,slop
4365.218,,,s,5.80E-08,2.34E-09,2.34E-09,erg cm-2 s-1,Integrated Flux,,7.25E+16,2.42E+18,Hz,xray,,slop
4372.788,,,s,5.79E-08,2.33E-09,2.33E-09,erg cm-2 s-1,Integrated Flux,,7.25E+16,2.42E+18,Hz,xray,,slop
4380.312,,,s,5.86E-08,2.36E-09,2.36E-09,erg cm-2 s-1,Integrated Flux,,7.25E+16,2.42E+18,Hz,xray,,slop
4387.909,,,s,5.91E-08,2.38E-09,2.38E-09,erg cm-2 s-1,Integrated Flux,,7.25E+16,2.42E+18,Hz,xray,,slop
4395.831,,,s,5.55E-08,2.23E-09,2.23E-09,erg cm-2 s-1,Integrated Flux,,7.25E+16,2.42E+18,Hz,xray,,slop
4403.542,,,s,5.61E-08,2.26E-09,2.26E-09,erg cm-2 s-1,Integrated Flux,,7.25E+16,2.42E+18,Hz,xray,,slop
4411.519,,,s,5.44E-08,2.20E-09,2.20E-09,erg cm-2 s-1,Integrated Flux,,7.25E+16,2.42E+18,Hz,xray,,slop
4419.209,,,s,5.90E-08,2.34E-09,2.34E-09,erg cm-2 s-1,Integrated Flux,,7.25E+16,2.42E+18,Hz,xray,,slop
4426.819,,,s,5.83E-08,2.36E-09,2.36E-09,erg cm-2 s-1,Integrated Flux,,7.25E+16,2.42E+18,Hz,xray,,slop
4434.098,,,s,6.27E-08,2.52E-09,2.52E-09,erg cm-2 s-1,Integrated Flux,,7.25E+16,2.42E+18,Hz,xray,,slop
4441.237,,,s,5.99E-08,2.41E-09,2.41E-09,erg cm-2 s-1,Integrated Flux,,7.25E+16,2.42E+18,Hz,xray,,slop
4448.81,,,s,5.76E-08,2.32E-09,2.32E-09,erg cm-2 s-1,Integrated Flux,,7.25E+16,2.42E+18,Hz,xray,,slop
4456.536,,,s,5.67E-08,2.27E-09,2.27E-09,erg cm-2 s-1,Integrated Flux,,7.25E+16,2.42E+18,Hz,xray,,slop
4464.58,,,s,5.49E-08,2.24E-09,2.24E-09,erg cm-2 s-1,Integrated Flux,,7.25E+16,2.42E+18,Hz,xray,,slop
4472.465,,,s,5.51E-08,2.22E-09,2.22E-09,erg cm-2 s-1,Integrated Flux,,7.25E+16,2.42E+18,Hz,xray,,slop
4480.301,,,s,5.39E-08,2.24E-09,2.24E-09,erg cm-2 s-1,Integrated Flux,,7.25E+16,2.42E+18,Hz,xray,,slop
4487.94,,,s,5.89E-08,2.40E-09,2.40E-09,erg cm-2 s-1,Integrated Flux,,7.25E+16,2.42E+18,Hz,xray,,slop
4495.682,,,s,5.99E-08,2.37E-09,2.37E-09,erg cm-2 s-1,Integrated Flux,,7.25E+16,2.42E+18,Hz,xray,,slop
4503.336,,,s,5.59E-08,2.23E-09,2.23E-09,erg cm-2 s-1,Integrated Flux,,7.25E+16,2.42E+18,Hz,xray,,slop
4511.075,,,s,5.72E-08,2.31E-09,2.31E-09,erg cm-2 s-1,Integrated Flux,,7.25E+16,2.42E+18,Hz,xray,,slop
4519.07,,,s,5.54E-08,2.22E-09,2.22E-09,erg cm-2 s-1,Integrated Flux,,7.25E+16,2.42E+18,Hz,xray,,slop
4527.405,,,s,5.25E-08,2.12E-09,2.12E-09,erg cm-2 s-1,Integrated Flux,,7.25E+16,2.42E+18,Hz,xray,,slop
21615.001,,,s,5.17E-09,2.69E-10,2.69E-10,erg cm-2 s-1,Integrated Flux,,7.25E+16,2.42E+18,Hz,xray,,slop
21624.512,,,s,4.90E-09,2.46E-10,2.46E-10,erg cm-2 s-1,Integrated Flux,,7.25E+16,2.42E+18,Hz,xray,,slop
21633.536,,,s,5.01E-09,2.65E-10,2.65E-10,erg cm-2 s-1,Integrated Flux,,7.25E+16,2.42E+18,Hz,xray,,slop
21642.666,,,s,5.14E-09,2.68E-10,2.68E-10,erg cm-2 s-1,Integrated Flux,,7.25E+16,2.42E+18,Hz,xray,,slop
21651.746,,,s,5.19E-09,2.65E-10,2.65E-10,erg cm-2 s-1,Integrated Flux,,7.25E+16,2.42E+18,Hz,xray,,slop
21660.794,,,s,5.01E-09,2.61E-10,2.61E-10,erg cm-2 s-1,Integrated Flux,,7.25E+16,2.42E+18,Hz,xray,,slop
21670.07,,,s,4.99E-09,2.62E-10,2.62E-10,erg cm-2 s-1,Integrated Flux,,7.25E+16,2.42E+18,Hz,xray,,slop
21679.191,,,s,4.86E-09,2.55E-10,2.55E-10,erg cm-2 s-1,Integrated Flux,,7.25E+16,2.42E+18,Hz,xray,,slop
21688.74,,,s,5.09E-09,2.61E-10,2.61E-10,erg cm-2 s-1,Integrated Flux,,7.25E+16,2.42E+18,Hz,xray,,slop
21697.647,,,s,5.07E-09,2.75E-10,2.75E-10,erg cm-2 s-1,Integrated Flux,,7.25E+16,2.42E+18,Hz,xray,,slop
21706.77,,,s,5.09E-09,2.71E-10,2.71E-10,erg cm-2 s-1,Integrated Flux,,7.25E+16,2.42E+18,Hz,xray,,slop
21715.764,,,s,5.47E-09,2.76E-10,2.76E-10,erg cm-2 s-1,Integrated Flux,,7.25E+16,2.42E+18,Hz,xray,,slop
21724.669,,,s,4.98E-09,2.51E-10,2.51E-10,erg cm-2 s-1,Integrated Flux,,7.25E+16,2.42E+18,Hz,xray,,slop
21734.041,,,s,5.04E-09,2.56E-10,2.56E-10,erg cm-2 s-1,Integrated Flux,,7.25E+16,2.42E+18,Hz,xray,,slop
21743.529,,,s,5.10E-09,2.64E-10,2.64E-10,erg cm-2 s-1,Integrated Flux,,7.25E+16,2.42E+18,Hz,xray,,slop
21752.189,,,s,4.88E-09,2.61E-10,2.61E-10,erg cm-2 s-1,Integrated Flux,,7.25E+16,2.42E+18,Hz,xray,,slop
21761.313,,,s,5.44E-09,2.80E-10,2.80E-10,erg cm-2 s-1,Integrated Flux,,7.25E+16,2.42E+18,Hz,xray,,slop
21770.271,,,s,4.86E-09,2.55E-10,2.55E-10,erg cm-2 s-1,Integrated Flux,,7.25E+16,2.42E+18,Hz,xray,,slop
21779.69,,,s,5.13E-09,2.60E-10,2.60E-10,erg cm-2 s-1,Integrated Flux,,7.25E+16,2.42E+18,Hz,xray,,slop
21789.104,,,s,4.81E-09,2.47E-10,2.47E-10,erg cm-2 s-1,Integrated Flux,,7.25E+16,2.42E+18,Hz,xray,,slop
21798.732,,,s,5.01E-09,2.54E-10,2.54E-10,erg cm-2 s-1,Integrated Flux,,7.25E+16,2.42E+18,Hz,xray,,slop
21807.866,,,s,5.26E-09,2.72E-10,2.72E-10,erg cm-2 s-1,Integrated Flux,,7.25E+16,2.42E+18,Hz,xray,,slop
21816.782,,,s,5.17E-09,2.66E-10,2.66E-10,erg cm-2 s-1,Integrated Flux,,7.25E+16,2.42E+18,Hz,xray,,slop
21826.134,,,s,4.85E-09,2.59E-10,2.59E-10,erg cm-2 s-1,Integrated Flux,,7.25E+16,2.42E+18,Hz,xray,,slop
21836.148,,,s,4.25E-09,2.25E-10,2.25E-10,erg cm-2 s-1,Integrated Flux,,7.25E+16,2.42E+18,Hz,xray,,slop
21846.166,,,s,4.82E-09,2.49E-10,2.49E-10,erg cm-2 s-1,Integrated Flux,,7.25E+16,2.42E+18,Hz,xray,,slop
21855.898,,,s,4.89E-09,2.50E-10,2.50E-10,erg cm-2 s-1,Integrated Flux,,7.25E+16,2.42E+18,Hz,xray,,slop
21864.861,,,s,5.38E-09,2.72E-10,2.72E-10,erg cm-2 s-1,Integrated Flux,,7.25E+16,2.42E+18,Hz,xray,,slop
21873.742,,,s,5.03E-09,2.66E-10,2.66E-10,erg cm-2 s-1,Integrated Flux,,7.25E+16,2.42E+18,Hz,xray,,slop
21883.046,,,s,4.74E-09,2.52E-10,2.52E-10,erg cm-2 s-1,Integrated Flux,,7.25E+16,2.42E+18,Hz,xray,,slop
21892.701,,,s,5.09E-09,2.55E-10,2.55E-10,erg cm-2 s-1,Integrated Flux,,7.25E+16,2.42E+18,Hz,xray,,slop
21901.747,,,s,5.06E-09,2.66E-10,2.66E-10,erg cm-2 s-1,Integrated Flux,,7.25E+16,2.42E+18,Hz,xray,,slop
21911.317,,,s,4.64E-09,2.53E-10,2.53E-10,erg cm-2 s-1,Integrated Flux,,7.25E+16,2.42E+18,Hz,xray,,slop
21920.272,,,s,5.23E-09,2.68E-10,2.68E-10,erg cm-2 s-1,Integrated Flux,,7.25E+16,2.42E+18,Hz,xray,,slop
21929.382,,,s,4.92E-09,2.57E-10,2.57E-10,erg cm-2 s-1,Integrated Flux,,7.25E+16,2.42E+18,Hz,xray,,slop
21938.866,,,s,4.75E-09,2.47E-10,2.47E-10,erg cm-2 s-1,Integrated Flux,,7.25E+16,2.42E+18,Hz,xray,,slop
21948.716,,,s,4.68E-09,2.46E-10,2.46E-10,erg cm-2 s-1,Integrated Flux,,7.25E+16,2.42E+18,Hz,xray,,slop
21958.237,,,s,5.23E-09,2.69E-10,2.69E-10,erg cm-2 s-1,Integrated Flux,,7.25E+16,2.42E+18,Hz,xray,,slop
21966.546,,,s,5.51E-09,2.77E-10,2.77E-10,erg cm-2 s-1,Integrated Flux,,7.25E+16,2.42E+18,Hz,xray,,slop
21975.506,,,s,5.26E-09,2.67E-10,2.67E-10,erg cm-2 s-1,Integrated Flux,,7.25E+16,2.42E+18,Hz,xray,,slop
21984.167,,,s,5.16E-09,2.68E-10,2.68E-10,erg cm-2 s-1,Integrated Flux,,7.25E+16,2.42E+18,Hz,xray,,slop
21993.423,,,s,5.03E-09,2.57E-10,2.57E-10,erg cm-2 s-1,Integrated Flux,,7.25E+16,2.42E+18,Hz,xray,,slop
22002.164,,,s,5.52E-09,2.83E-10,2.83E-10,erg cm-2 s-1,Integrated Flux,,7.25E+16,2.42E+18,Hz,xray,,slop
22010.826,,,s,5.27E-09,2.76E-10,2.76E-10,erg cm-2 s-1,Integrated Flux,,7.25E+16,2.42E+18,Hz,xray,,slop
22020.433,,,s,4.66E-09,2.42E-10,2.42E-10,erg cm-2 s-1,Integrated Flux,,7.25E+16,2.42E+18,Hz,xray,,slop
22030.138,,,s,4.53E-09,2.38E-10,2.38E-10,erg cm-2 s-1,Integrated Flux,,7.25E+16,2.42E+18,Hz,xray,,slop
22039.968,,,s,5.16E-09,2.64E-10,2.64E-10,erg cm-2 s-1,Integrated Flux,,7.25E+16,2.42E+18,Hz,xray,,slop
22048.696,,,s,5.34E-09,2.72E-10,2.72E-10,erg cm-2 s-1,Integrated Flux,,7.25E+16,2.42E+18,Hz,xray,,slop
22057.666,,,s,4.91E-09,2.52E-10,2.52E-10,erg cm-2 s-1,Integrated Flux,,7.25E+16,2.42E+18,Hz,xray,,slop
22066.865,,,s,5.15E-09,2.66E-10,2.66E-10,erg cm-2 s-1,Integrated Flux,,7.25E+16,2.42E+18,Hz,xray,,slop
22076.117,,,s,5.08E-09,2.64E-10,2.64E-10,erg cm-2 s-1,Integrated Flux,,7.25E+16,2.42E+18,Hz,xray,,slop
22085.052,,,s,5.09E-09,2.62E-10,2.62E-10,erg cm-2 s-1,Integrated Flux,,7.25E+16,2.42E+18,Hz,xray,,slop
22094.017,,,s,5.24E-09,2.72E-10,2.72E-10,erg cm-2 s-1,Integrated Flux,,7.25E+16,2.42E+18,Hz,xray,,slop
25492.636,,,s,4.11E-09,2.21E-10,2.21E-10,erg cm-2 s-1,Integrated Flux,,7.25E+16,2.42E+18,Hz,xray,,slop
25504.572,,,s,4.12E-09,2.38E-10,2.38E-10,erg cm-2 s-1,Integrated Flux,,7.25E+16,2.42E+18,Hz,xray,,slop
25516.959,,,s,3.68E-09,2.35E-10,2.35E-10,erg cm-2 s-1,Integrated Flux,,7.25E+16,2.42E+18,Hz,xray,,slop
25530.191,,,s,3.83E-09,2.62E-10,2.62E-10,erg cm-2 s-1,Integrated Flux,,7.25E+16,2.42E+18,Hz,xray,,slop
25543.135,,,s,3.94E-09,2.56E-10,2.56E-10,erg cm-2 s-1,Integrated Flux,,7.25E+16,2.42E+18,Hz,xray,,slop
25555.346,,,s,4.49E-09,2.75E-10,2.75E-10,erg cm-2 s-1,Integrated Flux,,7.25E+16,2.42E+18,Hz,xray,,slop
25567.362,,,s,3.97E-09,2.41E-10,2.41E-10,erg cm-2 s-1,Integrated Flux,,7.25E+16,2.42E+18,Hz,xray,,slop
25579.559,,,s,4.04E-09,2.28E-10,2.28E-10,erg cm-2 s-1,Integrated Flux,,7.25E+16,2.42E+18,Hz,xray,,slop
25592.031,,,s,3.73E-09,2.14E-10,2.14E-10,erg cm-2 s-1,Integrated Flux,,7.25E+16,2.42E+18,Hz,xray,,slop
25604.782,,,s,3.94E-09,2.22E-10,2.22E-10,erg cm-2 s-1,Integrated Flux,,7.25E+16,2.42E+18,Hz,xray,,slop
25617.478,,,s,3.78E-09,2.11E-10,2.11E-10,erg cm-2 s-1,Integrated Flux,,7.25E+16,2.42E+18,Hz,xray,,slop
25630.526,,,s,3.74E-09,2.20E-10,2.20E-10,erg cm-2 s-1,Integrated Flux,,7.25E+16,2.42E+18,Hz,xray,,slop
25642.902,,,s,3.97E-09,2.22E-10,2.22E-10,erg cm-2 s-1,Integrated Flux,,7.25E+16,2.42E+18,Hz,xray,,slop
25665.299,,,s,3.62E-09,2.17E-10,2.17E-10,erg cm-2 s-1,Integrated Flux,,7.25E+16,2.42E+18,Hz,xray,,slop
25688.395,,,s,3.91E-09,2.31E-10,2.31E-10,erg cm-2 s-1,Integrated Flux,,7.25E+16,2.42E+18,Hz,xray,,slop
25700.466,,,s,3.82E-09,2.16E-10,2.16E-10,erg cm-2 s-1,Integrated Flux,,7.25E+16,2.42E+18,Hz,xray,,slop
25713.329,,,s,3.87E-09,2.17E-10,2.17E-10,erg cm-2 s-1,Integrated Flux,,7.25E+16,2.42E+18,Hz,xray,,slop
25726.924,,,s,3.50E-09,2.07E-10,2.07E-10,erg cm-2 s-1,Integrated Flux,,7.25E+16,2.42E+18,Hz,xray,,slop
25739.668,,,s,3.92E-09,2.45E-10,2.45E-10,erg cm-2 s-1,Integrated Flux,,7.25E+16,2.42E+18,Hz,xray,,slop
25752.045,,,s,3.92E-09,2.44E-10,2.44E-10,erg cm-2 s-1,Integrated Flux,,7.25E+16,2.42E+18,Hz,xray,,slop
25765.907,,,s,3.55E-09,2.37E-10,2.37E-10,erg cm-2 s-1,Integrated Flux,,7.25E+16,2.42E+18,Hz,xray,,slop
25778.859,,,s,4.38E-09,2.96E-10,2.96E-10,erg cm-2 s-1,Integrated Flux,,7.25E+16,2.42E+18,Hz,xray,,slop
25790.567,,,s,4.18E-09,2.85E-10,2.85E-10,erg cm-2 s-1,Integrated Flux,,7.25E+16,2.42E+18,Hz,xray,,slop
25803.568,,,s,4.05E-09,2.79E-10,2.79E-10,erg cm-2 s-1,Integrated Flux,,7.25E+16,2.42E+18,Hz,xray,,slop
25816.262,,,s,4.07E-09,2.74E-10,2.74E-10,erg cm-2 s-1,Integrated Flux,,7.25E+16,2.42E+18,Hz,xray,,slop
25830.043,,,s,3.64E-09,2.43E-10,2.43E-10,erg cm-2 s-1,Integrated Flux,,7.25E+16,2.42E+18,Hz,xray,,slop
25843.659,,,s,3.71E-09,2.50E-10,2.50E-10,erg cm-2 s-1,Integrated Flux,,7.25E+16,2.42E+18,Hz,xray,,slop
25856.935,,,s,3.81E-09,2.48E-10,2.48E-10,erg cm-2 s-1,Integrated Flux,,7.25E+16,2.42E+18,Hz,xray,,slop
25870.178,,,s,4.02E-09,2.68E-10,2.68E-10,erg cm-2 s-1,Integrated Flux,,7.25E+16,2.42E+18,Hz,xray,,slop
25883.616,,,s,3.47E-09,2.32E-10,2.32E-10,erg cm-2 s-1,Integrated Flux,,7.25E+16,2.42E+18,Hz,xray,,slop
25897.291,,,s,3.97E-09,2.63E-10,2.63E-10,erg cm-2 s-1,Integrated Flux,,7.25E+16,2.42E+18,Hz,xray,,slop
25910.096,,,s,3.73E-09,2.47E-10,2.47E-10,erg cm-2 s-1,Integrated Flux,,7.25E+16,2.42E+18,Hz,xray,,slop
25924.039,,,s,3.75E-09,2.54E-10,2.54E-10,erg cm-2 s-1,Integrated Flux,,7.25E+16,2.42E+18,Hz,xray,,slop
25937.438,,,s,3.74E-09,2.50E-10,2.50E-10,erg cm-2 s-1,Integrated Flux,,7.25E+16,2.42E+18,Hz,xray,,slop
25951.674,,,s,3.51E-09,2.40E-10,2.40E-10,erg cm-2 s-1,Integrated Flux,,7.25E+16,2.42E+18,Hz,xray,,slop
25965.094,,,s,3.66E-09,2.56E-10,2.56E-10,erg cm-2 s-1,Integrated Flux,,7.25E+16,2.42E+18,Hz,xray,,slop
25979.1,,,s,3.85E-09,2.61E-10,2.61E-10,erg cm-2 s-1,Integrated Flux,,7.25E+16,2.42E+18,Hz,xray,,slop
25992.43,,,s,3.92E-09,2.73E-10,2.73E-10,erg cm-2 s-1,Integrated Flux,,7.25E+16,2.42E+18,Hz,xray,,slop
26005.311,,,s,3.74E-09,2.54E-10,2.54E-10,erg cm-2 s-1,Integrated Flux,,7.25E+16,2.42E+18,Hz,xray,,slop
26019.067,,,s,3.62E-09,2.46E-10,2.46E-10,erg cm-2 s-1,Integrated Flux,,7.25E+16,2.42E+18,Hz,xray,,slop
26033.612,,,s,3.32E-09,2.26E-10,2.26E-10,erg cm-2 s-1,Integrated Flux,,7.25E+16,2.42E+18,Hz,xray,,slop
26048.296,,,s,3.14E-09,2.31E-10,2.31E-10,erg cm-2 s-1,Integrated Flux,,7.25E+16,2.42E+18,Hz,xray,,slop
26062.416,,,s,3.95E-09,2.73E-10,2.73E-10,erg cm-2 s-1,Integrated Flux,,7.25E+16,2.42E+18,Hz,xray,,slop
26075.228,,,s,4.01E-09,2.75E-10,2.75E-10,erg cm-2 s-1,Integrated Flux,,7.25E+16,2.42E+18,Hz,xray,,slop
26088.428,,,s,3.96E-09,2.60E-10,2.60E-10,erg cm-2 s-1,Integrated Flux,,7.25E+16,2.42E+18,Hz,xray,,slop
26102.171,,,s,3.87E-09,2.61E-10,2.61E-10,erg cm-2 s-1,Integrated Flux,,7.25E+16,2.42E+18,Hz,xray,,slop
26115.764,,,s,3.99E-09,2.66E-10,2.66E-10,erg cm-2 s-1,Integrated Flux,,7.25E+16,2.42E+18,Hz,xray,,slop
26129.236,,,s,3.78E-09,2.56E-10,2.56E-10,erg cm-2 s-1,Integrated Flux,,7.25E+16,2.42E+18,Hz,xray,,slop
26142.526,,,s,3.74E-09,2.53E-10,2.53E-10,erg cm-2 s-1,Integrated Flux,,7.25E+16,2.42E+18,Hz,xray,,slop
26156.388,,,s,3.74E-09,2.51E-10,2.51E-10,erg cm-2 s-1,Integrated Flux,,7.25E+16,2.42E+18,Hz,xray,,slop
26170.091,,,s,3.93E-09,2.66E-10,2.66E-10,erg cm-2 s-1,Integrated Flux,,7.25E+16,2.42E+18,Hz,xray,,slop
26183.077,,,s,3.78E-09,2.58E-10,2.58E-10,erg cm-2 s-1,Integrated Flux,,7.25E+16,2.42E+18,Hz,xray,,slop
26196.99,,,s,3.60E-09,2.45E-10,2.45E-10,erg cm-2 s-1,Integrated Flux,,7.25E+16,2.42E+18,Hz,xray,,slop
26210.252,,,s,3.99E-09,2.77E-10,2.77E-10,erg cm-2 s-1,Integrated Flux,,7.25E+16,2.42E+18,Hz,xray,,slop
26223.009,,,s,4.01E-09,2.70E-10,2.70E-10,erg cm-2 s-1,Integrated Flux,,7.25E+16,2.42E+18,Hz,xray,,slop
26236.265,,,s,3.95E-09,2.73E-10,2.73E-10,erg cm-2 s-1,Integrated Flux,,7.25E+16,2.42E+18,Hz,xray,,slop
26249.181,,,s,3.76E-09,2.62E-10,2.62E-10,erg cm-2 s-1,Integrated Flux,,7.25E+16,2.42E+18,Hz,xray,,slop
26262.939,,,s,3.71E-09,2.56E-10,2.56E-10,erg cm-2 s-1,Integrated Flux,,7.25E+16,2.42E+18,Hz,xray,,slop
26276.959,,,s,3.55E-09,2.48E-10,2.48E-10,erg cm-2 s-1,Integrated Flux,,7.25E+16,2.42E+18,Hz,xray,,slop
26289.944,,,s,4.06E-09,2.78E-10,2.78E-10,erg cm-2 s-1,Integrated Flux,,7.25E+16,2.42E+18,Hz,xray,,slop
26302.317,,,s,3.84E-09,2.62E-10,2.62E-10,erg cm-2 s-1,Integrated Flux,,7.25E+16,2.42E+18,Hz,xray,,slop
26315.57,,,s,3.93E-09,2.73E-10,2.73E-10,erg cm-2 s-1,Integrated Flux,,7.25E+16,2.42E+18,Hz,xray,,slop
26328.053,,,s,4.21E-09,2.98E-10,2.98E-10,erg cm-2 s-1,Integrated Flux,,7.25E+16,2.42E+18,Hz,xray,,slop
26341.128,,,s,4.05E-09,2.85E-10,2.85E-10,erg cm-2 s-1,Integrated Flux,,7.25E+16,2.42E+18,Hz,xray,,slop
26354.615,,,s,3.80E-09,2.73E-10,2.73E-10,erg cm-2 s-1,Integrated Flux,,7.25E+16,2.42E+18,Hz,xray,,slop
26368.221,,,s,3.78E-09,2.66E-10,2.66E-10,erg cm-2 s-1,Integrated Flux,,7.25E+16,2.42E+18,Hz,xray,,slop
26381.242,,,s,3.79E-09,2.62E-10,2.62E-10,erg cm-2 s-1,Integrated Flux,,7.25E+16,2.42E+18,Hz,xray,,slop
26395.251,,,s,4.10E-09,2.81E-10,2.81E-10,erg cm-2 s-1,Integrated Flux,,7.25E+16,2.42E+18,Hz,xray,,slop
26407.898,,,s,3.71E-09,2.65E-10,2.65E-10,erg cm-2 s-1,Integrated Flux,,7.25E+16,2.42E+18,Hz,xray,,slop
26421.65,,,s,3.71E-09,2.52E-10,2.52E-10,erg cm-2 s-1,Integrated Flux,,7.25E+16,2.42E+18,Hz,xray,,slop
26435.315,,,s,3.73E-09,2.61E-10,2.61E-10,erg cm-2 s-1,Integrated Flux,,7.25E+16,2.42E+18,Hz,xray,,slop
26449.093,,,s,3.55E-09,2.46E-10,2.46E-10,erg cm-2 s-1,Integrated Flux,,7.25E+16,2.42E+18,Hz,xray,,slop
26463.422,,,s,3.71E-09,2.55E-10,2.55E-10,erg cm-2 s-1,Integrated Flux,,7.25E+16,2.42E+18,Hz,xray,,slop
26476.765,,,s,3.88E-09,2.65E-10,2.65E-10,erg cm-2 s-1,Integrated Flux,,7.25E+16,2.42E+18,Hz,xray,,slop
26489.781,,,s,4.02E-09,2.75E-10,2.75E-10,erg cm-2 s-1,Integrated Flux,,7.25E+16,2.42E+18,Hz,xray,,slop
26502.424,,,s,3.92E-09,2.72E-10,2.72E-10,erg cm-2 s-1,Integrated Flux,,7.25E+16,2.42E+18,Hz,xray,,slop
26516.193,,,s,3.68E-09,2.53E-10,2.53E-10,erg cm-2 s-1,Integrated Flux,,7.25E+16,2.42E+18,Hz,xray,,slop
26529.552,,,s,3.95E-09,2.75E-10,2.75E-10,erg cm-2 s-1,Integrated Flux,,7.25E+16,2.42E+18,Hz,xray,,slop
26543.96,,,s,3.24E-09,2.36E-10,2.36E-10,erg cm-2 s-1,Integrated Flux,,7.25E+16,2.42E+18,Hz,xray,,slop
26557.64,,,s,4.03E-09,2.79E-10,2.79E-10,erg cm-2 s-1,Integrated Flux,,7.25E+16,2.42E+18,Hz,xray,,slop
26571.558,,,s,3.62E-09,2.44E-10,2.44E-10,erg cm-2 s-1,Integrated Flux,,7.25E+16,2.42E+18,Hz,xray,,slop
26585.907,,,s,3.32E-09,2.34E-10,2.34E-10,erg cm-2 s-1,Integrated Flux,,7.25E+16,2.42E+18,Hz,xray,,slop
26600.697,,,s,3.82E-09,2.61E-10,2.61E-10,erg cm-2 s-1,Integrated Flux,,7.25E+16,2.42E+18,Hz,xray,,slop
26613.868,,,s,3.83E-09,2.61E-10,2.61E-10,erg cm-2 s-1,Integrated Flux,,7.25E+16,2.42E+18,Hz,xray,,slop
26627.838,,,s,3.77E-09,2.59E-10,2.59E-10,erg cm-2 s-1,Integrated Flux,,7.25E+16,2.42E+18,Hz,xray,,slop
26641.268,,,s,3.68E-09,2.58E-10,2.58E-10,erg cm-2 s-1,Integrated Flux,,7.25E+16,2.42E+18,Hz,xray,,slop
26654.906,,,s,3.73E-09,2.54E-10,2.54E-10,erg cm-2 s-1,Integrated Flux,,7.25E+16,2.42E+18,Hz,xray,,slop
26668.348,,,s,3.85E-09,2.61E-10,2.61E-10,erg cm-2 s-1,Integrated Flux,,7.25E+16,2.42E+18,Hz,xray,,slop
31126.431,,,s,3.00E-09,1.60E-10,1.60E-10,erg cm-2 s-1,Integrated Flux,,7.25E+16,2.42E+18,Hz,xray,,slop
31141.842,,,s,2.83E-09,1.53E-10,1.53E-10,erg cm-2 s-1,Integrated Flux,,7.25E+16,2.42E+18,Hz,xray,,slop
31157.367,,,s,3.11E-09,1.66E-10,1.66E-10,erg cm-2 s-1,Integrated Flux,,7.25E+16,2.42E+18,Hz,xray,,slop
31172.59,,,s,2.98E-09,1.58E-10,1.58E-10,erg cm-2 s-1,Integrated Flux,,7.25E+16,2.42E+18,Hz,xray,,slop
31188.482,,,s,2.78E-09,1.54E-10,1.54E-10,erg cm-2 s-1,Integrated Flux,,7.25E+16,2.42E+18,Hz,xray,,slop
31203.726,,,s,3.08E-09,1.66E-10,1.66E-10,erg cm-2 s-1,Integrated Flux,,7.25E+16,2.42E+18,Hz,xray,,slop
31218.362,,,s,3.12E-09,1.70E-10,1.70E-10,erg cm-2 s-1,Integrated Flux,,7.25E+16,2.42E+18,Hz,xray,,slop
31233.161,,,s,3.05E-09,1.66E-10,1.66E-10,erg cm-2 s-1,Integrated Flux,,7.25E+16,2.42E+18,Hz,xray,,slop
31247.437,,,s,3.22E-09,1.75E-10,1.75E-10,erg cm-2 s-1,Integrated Flux,,7.25E+16,2.42E+18,Hz,xray,,slop
31262.441,,,s,2.75E-09,1.59E-10,1.59E-10,erg cm-2 s-1,Integrated Flux,,7.25E+16,2.42E+18,Hz,xray,,slop
31277.004,,,s,3.26E-09,1.76E-10,1.76E-10,erg cm-2 s-1,Integrated Flux,,7.25E+16,2.42E+18,Hz,xray,,slop
31291.717,,,s,2.92E-09,1.61E-10,1.61E-10,erg cm-2 s-1,Integrated Flux,,7.25E+16,2.42E+18,Hz,xray,,slop
31305.978,,,s,3.24E-09,1.79E-10,1.79E-10,erg cm-2 s-1,Integrated Flux,,7.25E+16,2.42E+18,Hz,xray,,slop
31321.125,,,s,2.82E-09,1.55E-10,1.55E-10,erg cm-2 s-1,Integrated Flux,,7.25E+16,2.42E+18,Hz,xray,,slop
31336.473,,,s,3.12E-09,1.65E-10,1.65E-10,erg cm-2 s-1,Integrated Flux,,7.25E+16,2.42E+18,Hz,xray,,slop
31351.817,,,s,2.80E-09,1.55E-10,1.55E-10,erg cm-2 s-1,Integrated Flux,,7.25E+16,2.42E+18,Hz,xray,,slop
31367.134,,,s,2.90E-09,1.58E-10,1.58E-10,erg cm-2 s-1,Integrated Flux,,7.25E+16,2.42E+18,Hz,xray,,slop
31382.754,,,s,2.89E-09,1.57E-10,1.57E-10,erg cm-2 s-1,Integrated Flux,,7.25E+16,2.42E+18,Hz,xray,,slop
31398.144,,,s,3.08E-09,1.62E-10,1.62E-10,erg cm-2 s-1,Integrated Flux,,7.25E+16,2.42E+18,Hz,xray,,slop
31412.391,,,s,3.46E-09,1.82E-10,1.82E-10,erg cm-2 s-1,Integrated Flux,,7.25E+16,2.42E+18,Hz,xray,,slop
31427.109,,,s,2.83E-09,1.50E-10,1.50E-10,erg cm-2 s-1,Integrated Flux,,7.25E+16,2.42E+18,Hz,xray,,slop
31443.691,,,s,2.86E-09,1.52E-10,1.52E-10,erg cm-2 s-1,Integrated Flux,,7.25E+16,2.42E+18,Hz,xray,,slop
31458.929,,,s,2.97E-09,1.63E-10,1.63E-10,erg cm-2 s-1,Integrated Flux,,7.25E+16,2.42E+18,Hz,xray,,slop
31474.232,,,s,2.95E-09,1.54E-10,1.54E-10,erg cm-2 s-1,Integrated Flux,,7.25E+16,2.42E+18,Hz,xray,,slop
31489.743,,,s,2.99E-09,1.69E-10,1.69E-10,erg cm-2 s-1,Integrated Flux,,7.25E+16,2.42E+18,Hz,xray,,slop
31505.14,,,s,2.81E-09,1.55E-10,1.55E-10,erg cm-2 s-1,Integrated Flux,,7.25E+16,2.42E+18,Hz,xray,,slop
31521.106,,,s,2.85E-09,1.55E-10,1.55E-10,erg cm-2 s-1,Integrated Flux,,7.25E+16,2.42E+18,Hz,xray,,slop
31536.582,,,s,2.64E-09,1.54E-10,1.54E-10,erg cm-2 s-1,Integrated Flux,,7.25E+16,2.42E+18,Hz,xray,,slop
31552.955,,,s,2.91E-09,1.58E-10,1.58E-10,erg cm-2 s-1,Integrated Flux,,7.25E+16,2.42E+18,Hz,xray,,slop
31567.762,,,s,3.04E-09,1.64E-10,1.64E-10,erg cm-2 s-1,Integrated Flux,,7.25E+16,2.42E+18,Hz,xray,,slop
31583.142,,,s,3.09E-09,1.64E-10,1.64E-10,erg cm-2 s-1,Integrated Flux,,7.25E+16,2.42E+18,Hz,xray,,slop
31597.932,,,s,3.01E-09,1.66E-10,1.66E-10,erg cm-2 s-1,Integrated Flux,,7.25E+16,2.42E+18,Hz,xray,,slop
31613.33,,,s,2.97E-09,1.65E-10,1.65E-10,erg cm-2 s-1,Integrated Flux,,7.25E+16,2.42E+18,Hz,xray,,slop
31628.516,,,s,2.93E-09,1.57E-10,1.57E-10,erg cm-2 s-1,Integrated Flux,,7.25E+16,2.42E+18,Hz,xray,,slop
31643.971,,,s,3.18E-09,1.67E-10,1.67E-10,erg cm-2 s-1,Integrated Flux,,7.25E+16,2.42E+18,Hz,xray,,slop
31658.48,,,s,3.00E-09,1.59E-10,1.59E-10,erg cm-2 s-1,Integrated Flux,,7.25E+16,2.42E+18,Hz,xray,,slop
31673.883,,,s,2.97E-09,1.63E-10,1.63E-10,erg cm-2 s-1,Integrated Flux,,7.25E+16,2.42E+18,Hz,xray,,slop
31689.323,,,s,3.02E-09,1.59E-10,1.59E-10,erg cm-2 s-1,Integrated Flux,,7.25E+16,2.42E+18,Hz,xray,,slop
31704.169,,,s,2.97E-09,1.60E-10,1.60E-10,erg cm-2 s-1,Integrated Flux,,7.25E+16,2.42E+18,Hz,xray,,slop
31720.328,,,s,2.64E-09,1.47E-10,1.47E-10,erg cm-2 s-1,Integrated Flux,,7.25E+16,2.42E+18,Hz,xray,,slop
31736.053,,,s,3.06E-09,1.67E-10,1.67E-10,erg cm-2 s-1,Integrated Flux,,7.25E+16,2.42E+18,Hz,xray,,slop
31750.532,,,s,3.25E-09,1.74E-10,1.74E-10,erg cm-2 s-1,Integrated Flux,,7.25E+16,2.42E+18,Hz,xray,,slop
31766.039,,,s,2.57E-09,1.43E-10,1.43E-10,erg cm-2 s-1,Integrated Flux,,7.25E+16,2.42E+18,Hz,xray,,slop
31782.131,,,s,3.03E-09,1.63E-10,1.63E-10,erg cm-2 s-1,Integrated Flux,,7.25E+16,2.42E+18,Hz,xray,,slop
31796.971,,,s,3.16E-09,1.68E-10,1.68E-10,erg cm-2 s-1,Integrated Flux,,7.25E+16,2.42E+18,Hz,xray,,slop
31813.443,,,s,2.52E-09,1.41E-10,1.41E-10,erg cm-2 s-1,Integrated Flux,,7.25E+16,2.42E+18,Hz,xray,,slop
31830.306,,,s,2.64E-09,1.47E-10,1.47E-10,erg cm-2 s-1,Integrated Flux,,7.25E+16,2.42E+18,Hz,xray,,slop
31846.487,,,s,2.68E-09,1.51E-10,1.51E-10,erg cm-2 s-1,Integrated Flux,,7.25E+16,2.42E+18,Hz,xray,,slop
31862.873,,,s,2.75E-09,1.50E-10,1.50E-10,erg cm-2 s-1,Integrated Flux,,7.25E+16,2.42E+18,Hz,xray,,slop
31878.037,,,s,3.17E-09,1.68E-10,1.68E-10,erg cm-2 s-1,Integrated Flux,,7.25E+16,2.42E+18,Hz,xray,,slop
31892.607,,,s,3.00E-09,1.64E-10,1.64E-10,erg cm-2 s-1,Integrated Flux,,7.25E+16,2.42E+18,Hz,xray,,slop
31907.621,,,s,2.93E-09,1.61E-10,1.61E-10,erg cm-2 s-1,Integrated Flux,,7.25E+16,2.42E+18,Hz,xray,,slop
31923.163,,,s,2.90E-09,1.57E-10,1.57E-10,erg cm-2 s-1,Integrated Flux,,7.25E+16,2.42E+18,Hz,xray,,slop
31939.095,,,s,2.69E-09,1.50E-10,1.50E-10,erg cm-2 s-1,Integrated Flux,,7.25E+16,2.42E+18,Hz,xray,,slop
31955.08,,,s,3.00E-09,1.63E-10,1.63E-10,erg cm-2 s-1,Integrated Flux,,7.25E+16,2.42E+18,Hz,xray,,slop
31970.632,,,s,2.84E-09,1.54E-10,1.54E-10,erg cm-2 s-1,Integrated Flux,,7.25E+16,2.42E+18,Hz,xray,,slop
31986.287,,,s,3.04E-09,1.63E-10,1.63E-10,erg cm-2 s-1,Integrated Flux,,7.25E+16,2.42E+18,Hz,xray,,slop
32002.126,,,s,2.62E-09,1.46E-10,1.46E-10,erg cm-2 s-1,Integrated Flux,,7.25E+16,2.42E+18,Hz,xray,,slop
32018.117,,,s,2.81E-09,1.55E-10,1.55E-10,erg cm-2 s-1,Integrated Flux,,7.25E+16,2.42E+18,Hz,xray,,slop
32033.767,,,s,2.85E-09,1.62E-10,1.62E-10,erg cm-2 s-1,Integrated Flux,,7.25E+16,2.42E+18,Hz,xray,,slop
32049.196,,,s,2.82E-09,1.58E-10,1.58E-10,erg cm-2 s-1,Integrated Flux,,7.25E+16,2.42E+18,Hz,xray,,slop
32065.529,,,s,2.74E-09,1.47E-10,1.47E-10,erg cm-2 s-1,Integrated Flux,,7.25E+16,2.42E+18,Hz,xray,,slop
32081.556,,,s,2.91E-09,1.57E-10,1.57E-10,erg cm-2 s-1,Integrated Flux,,7.25E+16,2.42E+18,Hz,xray,,slop
32097.511,,,s,2.54E-09,1.43E-10,1.43E-10,erg cm-2 s-1,Integrated Flux,,7.25E+16,2.42E+18,Hz,xray,,slop
32113.791,,,s,3.03E-09,1.63E-10,1.63E-10,erg cm-2 s-1,Integrated Flux,,7.25E+16,2.42E+18,Hz,xray,,slop
32128.715,,,s,3.22E-09,1.71E-10,1.71E-10,erg cm-2 s-1,Integrated Flux,,7.25E+16,2.42E+18,Hz,xray,,slop
32144.019,,,s,2.93E-09,1.55E-10,1.55E-10,erg cm-2 s-1,Integrated Flux,,7.25E+16,2.42E+18,Hz,xray,,slop
32159.125,,,s,3.07E-09,1.68E-10,1.68E-10,erg cm-2 s-1,Integrated Flux,,7.25E+16,2.42E+18,Hz,xray,,slop
32173.953,,,s,3.02E-09,1.62E-10,1.62E-10,erg cm-2 s-1,Integrated Flux,,7.25E+16,2.42E+18,Hz,xray,,slop
32189.138,,,s,2.83E-09,1.52E-10,1.52E-10,erg cm-2 s-1,Integrated Flux,,7.25E+16,2.42E+18,Hz,xray,,slop
32205.326,,,s,2.76E-09,1.49E-10,1.49E-10,erg cm-2 s-1,Integrated Flux,,7.25E+16,2.42E+18,Hz,xray,,slop
32221.855,,,s,2.71E-09,1.49E-10,1.49E-10,erg cm-2 s-1,Integrated Flux,,7.25E+16,2.42E+18,Hz,xray,,slop
32237.606,,,s,2.97E-09,1.64E-10,1.64E-10,erg cm-2 s-1,Integrated Flux,,7.25E+16,2.42E+18,Hz,xray,,slop
32252.702,,,s,2.70E-09,1.49E-10,1.49E-10,erg cm-2 s-1,Integrated Flux,,7.25E+16,2.42E+18,Hz,xray,,slop
32269.681,,,s,2.69E-09,1.47E-10,1.47E-10,erg cm-2 s-1,Integrated Flux,,7.25E+16,2.42E+18,Hz,xray,,slop
32286.052,,,s,2.87E-09,1.54E-10,1.54E-10,erg cm-2 s-1,Integrated Flux,,7.25E+16,2.42E+18,Hz,xray,,slop
32302.187,,,s,2.73E-09,1.50E-10,1.50E-10,erg cm-2 s-1,Integrated Flux,,7.25E+16,2.42E+18,Hz,xray,,slop
32318.831,,,s,2.37E-09,1.38E-10,1.38E-10,erg cm-2 s-1,Integrated Flux,,7.25E+16,2.42E+18,Hz,xray,,slop
32336.094,,,s,2.75E-09,1.50E-10,1.50E-10,erg cm-2 s-1,Integrated Flux,,7.25E+16,2.42E+18,Hz,xray,,slop
32352.254,,,s,2.68E-09,1.51E-10,1.51E-10,erg cm-2 s-1,Integrated Flux,,7.25E+16,2.42E+18,Hz,xray,,slop
32368.381,,,s,2.97E-09,1.61E-10,1.61E-10,erg cm-2 s-1,Integrated Flux,,7.25E+16,2.42E+18,Hz,xray,,slop
32383.867,,,s,2.88E-09,1.58E-10,1.58E-10,erg cm-2 s-1,Integrated Flux,,7.25E+16,2.42E+18,Hz,xray,,slop
32399.038,,,s,2.79E-09,1.50E-10,1.50E-10,erg cm-2 s-1,Integrated Flux,,7.25E+16,2.42E+18,Hz,xray,,slop
32416.064,,,s,2.64E-09,1.49E-10,1.49E-10,erg cm-2 s-1,Integrated Flux,,7.25E+16,2.42E+18,Hz,xray,,slop
32432.854,,,s,2.69E-09,1.48E-10,1.48E-10,erg cm-2 s-1,Integrated Flux,,7.25E+16,2.42E+18,Hz,xray,,slop
32449.231,,,s,2.72E-09,1.50E-10,1.50E-10,erg cm-2 s-1,Integrated Flux,,7.25E+16,2.42E+18,Hz,xray,,slop
32465.251,,,s,2.77E-09,1.53E-10,1.53E-10,erg cm-2 s-1,Integrated Flux,,7.25E+16,2.42E+18,Hz,xray,,slop
32481.09,,,s,2.84E-09,1.52E-10,1.52E-10,erg cm-2 s-1,Integrated Flux,,7.25E+16,2.42E+18,Hz,xray,,slop
32497.063,,,s,2.78E-09,1.53E-10,1.53E-10,erg cm-2 s-1,Integrated Flux,,7.25E+16,2.42E+18,Hz,xray,,slop
32513.122,,,s,2.68E-09,1.47E-10,1.47E-10,erg cm-2 s-1,Integrated Flux,,7.25E+16,2.42E+18,Hz,xray,,slop
32529.071,,,s,2.70E-09,1.52E-10,1.52E-10,erg cm-2 s-1,Integrated Flux,,7.25E+16,2.42E+18,Hz,xray,,slop
32544.934,,,s,2.94E-09,1.60E-10,1.60E-10,erg cm-2 s-1,Integrated Flux,,7.25E+16,2.42E+18,Hz,xray,,slop
32559.917,,,s,3.19E-09,1.72E-10,1.72E-10,erg cm-2 s-1,Integrated Flux,,7.25E+16,2.42E+18,Hz,xray,,slop
32575.184,,,s,2.74E-09,1.47E-10,1.47E-10,erg cm-2 s-1,Integrated Flux,,7.25E+16,2.42E+18,Hz,xray,,slop
32591.433,,,s,2.84E-09,1.60E-10,1.60E-10,erg cm-2 s-1,Integrated Flux,,7.25E+16,2.42E+18,Hz,xray,,slop
32606.825,,,s,2.89E-09,1.56E-10,1.56E-10,erg cm-2 s-1,Integrated Flux,,7.25E+16,2.42E+18,Hz,xray,,slop
32621.964,,,s,2.92E-09,1.62E-10,1.62E-10,erg cm-2 s-1,Integrated Flux,,7.25E+16,2.42E+18,Hz,xray,,slop
32637.528,,,s,2.81E-09,1.50E-10,1.50E-10,erg cm-2 s-1,Integrated Flux,,7.25E+16,2.42E+18,Hz,xray,,slop
32654.468,,,s,2.73E-09,1.50E-10,1.50E-10,erg cm-2 s-1,Integrated Flux,,7.25E+16,2.42E+18,Hz,xray,,slop
32670.147,,,s,3.01E-09,1.66E-10,1.66E-10,erg cm-2 s-1,Integrated Flux,,7.25E+16,2.42E+18,Hz,xray,,slop
32686.461,,,s,2.90E-09,1.60E-10,1.60E-10,erg cm-2 s-1,Integrated Flux,,7.25E+16,2.42E+18,Hz,xray,,slop
32703.345,,,s,2.75E-09,1.51E-10,1.51E-10,erg cm-2 s-1,Integrated Flux,,7.25E+16,2.42E+18,Hz,xray,,slop
32720.495,,,s,2.76E-09,1.57E-10,1.57E-10,erg cm-2 s-1,Integrated Flux,,7.25E+16,2.42E+18,Hz,xray,,slop
32736.92,,,s,2.97E-09,1.66E-10,1.66E-10,erg cm-2 s-1,Integrated Flux,,7.25E+16,2.42E+18,Hz,xray,,slop
32753.945,,,s,2.77E-09,1.52E-10,1.52E-10,erg cm-2 s-1,Integrated Flux,,7.25E+16,2.42E+18,Hz,xray,,slop
32770.987,,,s,3.06E-09,1.63E-10,1.63E-10,erg cm-2 s-1,Integrated Flux,,7.25E+16,2.42E+18,Hz,xray,,slop
32786.785,,,s,3.19E-09,1.72E-10,1.72E-10,erg cm-2 s-1,Integrated Flux,,7.25E+16,2.42E+18,Hz,xray,,slop
32802.746,,,s,3.03E-09,1.62E-10,1.62E-10,erg cm-2 s-1,Integrated Flux,,7.25E+16,2.42E+18,Hz,xray,,slop
32818.836,,,s,3.21E-09,1.74E-10,1.74E-10,erg cm-2 s-1,Integrated Flux,,7.25E+16,2.42E+18,Hz,xray,,slop
32834.538,,,s,2.84E-09,1.60E-10,1.60E-10,erg cm-2 s-1,Integrated Flux,,7.25E+16,2.42E+18,Hz,xray,,slop
32850.756,,,s,3.12E-09,1.70E-10,1.70E-10,erg cm-2 s-1,Integrated Flux,,7.25E+16,2.42E+18,Hz,xray,,slop
36892.338,,,s,2.41E-09,1.30E-10,1.30E-10,erg cm-2 s-1,Integrated Flux,,7.25E+16,2.42E+18,Hz,xray,,slop
36914.322,,,s,2.22E-09,1.23E-10,1.23E-10,erg cm-2 s-1,Integrated Flux,,7.25E+16,2.42E+18,Hz,xray,,slop
36934.967,,,s,2.50E-09,1.42E-10,1.42E-10,erg cm-2 s-1,Integrated Flux,,7.25E+16,2.42E+18,Hz,xray,,slop
36956.652,,,s,2.26E-09,1.29E-10,1.29E-10,erg cm-2 s-1,Integrated Flux,,7.25E+16,2.42E+18,Hz,xray,,slop
36977.684,,,s,2.35E-09,1.35E-10,1.35E-10,erg cm-2 s-1,Integrated Flux,,7.25E+16,2.42E+18,Hz,xray,,slop
36999.684,,,s,2.19E-09,1.23E-10,1.23E-10,erg cm-2 s-1,Integrated Flux,,7.25E+16,2.42E+18,Hz,xray,,slop
37021.08,,,s,2.23E-09,1.31E-10,1.31E-10,erg cm-2 s-1,Integrated Flux,,7.25E+16,2.42E+18,Hz,xray,,slop
37042.538,,,s,2.24E-09,1.26E-10,1.26E-10,erg cm-2 s-1,Integrated Flux,,7.25E+16,2.42E+18,Hz,xray,,slop
37064.149,,,s,2.28E-09,1.32E-10,1.32E-10,erg cm-2 s-1,Integrated Flux,,7.25E+16,2.42E+18,Hz,xray,,slop
37084.823,,,s,2.46E-09,1.39E-10,1.39E-10,erg cm-2 s-1,Integrated Flux,,7.25E+16,2.42E+18,Hz,xray,,slop
37104.578,,,s,2.40E-09,1.37E-10,1.37E-10,erg cm-2 s-1,Integrated Flux,,7.25E+16,2.42E+18,Hz,xray,,slop
37125.241,,,s,2.38E-09,1.35E-10,1.35E-10,erg cm-2 s-1,Integrated Flux,,7.25E+16,2.42E+18,Hz,xray,,slop
37146.749,,,s,2.36E-09,1.28E-10,1.28E-10,erg cm-2 s-1,Integrated Flux,,7.25E+16,2.42E+18,Hz,xray,,slop
37169.207,,,s,2.14E-09,1.22E-10,1.22E-10,erg cm-2 s-1,Integrated Flux,,7.25E+16,2.42E+18,Hz,xray,,slop
37190.566,,,s,2.42E-09,1.38E-10,1.38E-10,erg cm-2 s-1,Integrated Flux,,7.25E+16,2.42E+18,Hz,xray,,slop
37211.807,,,s,2.33E-09,1.29E-10,1.29E-10,erg cm-2 s-1,Integrated Flux,,7.25E+16,2.42E+18,Hz,xray,,slop
37233.182,,,s,2.34E-09,1.32E-10,1.32E-10,erg cm-2 s-1,Integrated Flux,,7.25E+16,2.42E+18,Hz,xray,,slop
37253.581,,,s,2.41E-09,1.38E-10,1.38E-10,erg cm-2 s-1,Integrated Flux,,7.25E+16,2.42E+18,Hz,xray,,slop
37274.277,,,s,2.22E-09,1.28E-10,1.28E-10,erg cm-2 s-1,Integrated Flux,,7.25E+16,2.42E+18,Hz,xray,,slop
37295.801,,,s,2.26E-09,1.30E-10,1.30E-10,erg cm-2 s-1,Integrated Flux,,7.25E+16,2.42E+18,Hz,xray,,slop
37317.087,,,s,2.32E-09,1.36E-10,1.36E-10,erg cm-2 s-1,Integrated Flux,,7.25E+16,2.42E+18,Hz,xray,,slop
37338.437,,,s,2.26E-09,1.27E-10,1.27E-10,erg cm-2 s-1,Integrated Flux,,7.25E+16,2.42E+18,Hz,xray,,slop
37360.323,,,s,2.12E-09,1.23E-10,1.23E-10,erg cm-2 s-1,Integrated Flux,,7.25E+16,2.42E+18,Hz,xray,,slop
37381.653,,,s,2.33E-09,1.32E-10,1.32E-10,erg cm-2 s-1,Integrated Flux,,7.25E+16,2.42E+18,Hz,xray,,slop
37403.05,,,s,2.38E-09,1.35E-10,1.35E-10,erg cm-2 s-1,Integrated Flux,,7.25E+16,2.42E+18,Hz,xray,,slop
37424.169,,,s,2.21E-09,1.32E-10,1.32E-10,erg cm-2 s-1,Integrated Flux,,7.25E+16,2.42E+18,Hz,xray,,slop
37446.136,,,s,2.20E-09,1.26E-10,1.26E-10,erg cm-2 s-1,Integrated Flux,,7.25E+16,2.42E+18,Hz,xray,,slop
37466.493,,,s,2.53E-09,1.40E-10,1.40E-10,erg cm-2 s-1,Integrated Flux,,7.25E+16,2.42E+18,Hz,xray,,slop
37487.381,,,s,2.16E-09,1.31E-10,1.31E-10,erg cm-2 s-1,Integrated Flux,,7.25E+16,2.42E+18,Hz,xray,,slop
37508.133,,,s,2.52E-09,1.43E-10,1.43E-10,erg cm-2 s-1,Integrated Flux,,7.25E+16,2.42E+18,Hz,xray,,slop
37528.112,,,s,2.13E-09,1.24E-10,1.24E-10,erg cm-2 s-1,Integrated Flux,,7.25E+16,2.42E+18,Hz,xray,,slop
37550.158,,,s,2.28E-09,1.31E-10,1.31E-10,erg cm-2 s-1,Integrated Flux,,7.25E+16,2.42E+18,Hz,xray,,slop
37571.575,,,s,2.34E-09,1.30E-10,1.30E-10,erg cm-2 s-1,Integrated Flux,,7.25E+16,2.42E+18,Hz,xray,,slop
37593.415,,,s,2.17E-09,1.29E-10,1.29E-10,erg cm-2 s-1,Integrated Flux,,7.25E+16,2.42E+18,Hz,xray,,slop
37614.079,,,s,2.48E-09,1.38E-10,1.38E-10,erg cm-2 s-1,Integrated Flux,,7.25E+16,2.42E+18,Hz,xray,,slop
37635.856,,,s,2.10E-09,1.24E-10,1.24E-10,erg cm-2 s-1,Integrated Flux,,7.25E+16,2.42E+18,Hz,xray,,slop
37658.67,,,s,2.06E-09,1.19E-10,1.19E-10,erg cm-2 s-1,Integrated Flux,,7.25E+16,2.42E+18,Hz,xray,,slop
37682.066,,,s,2.12E-09,1.23E-10,1.23E-10,erg cm-2 s-1,Integrated Flux,,7.25E+16,2.42E+18,Hz,xray,,slop
37704.023,,,s,2.25E-09,1.38E-10,1.38E-10,erg cm-2 s-1,Integrated Flux,,7.25E+16,2.42E+18,Hz,xray,,slop
37724.324,,,s,2.27E-09,1.32E-10,1.32E-10,erg cm-2 s-1,Integrated Flux,,7.25E+16,2.42E+18,Hz,xray,,slop
37746.005,,,s,2.17E-09,1.29E-10,1.29E-10,erg cm-2 s-1,Integrated Flux,,7.25E+16,2.42E+18,Hz,xray,,slop
37767.998,,,s,2.25E-09,1.30E-10,1.30E-10,erg cm-2 s-1,Integrated Flux,,7.25E+16,2.42E+18,Hz,xray,,slop
37788.85,,,s,2.27E-09,1.34E-10,1.34E-10,erg cm-2 s-1,Integrated Flux,,7.25E+16,2.42E+18,Hz,xray,,slop
37810.514,,,s,2.14E-09,1.27E-10,1.27E-10,erg cm-2 s-1,Integrated Flux,,7.25E+16,2.42E+18,Hz,xray,,slop
37833.632,,,s,2.22E-09,1.25E-10,1.25E-10,erg cm-2 s-1,Integrated Flux,,7.25E+16,2.42E+18,Hz,xray,,slop
37853.371,,,s,2.48E-09,1.38E-10,1.38E-10,erg cm-2 s-1,Integrated Flux,,7.25E+16,2.42E+18,Hz,xray,,slop
37874.927,,,s,2.36E-09,1.30E-10,1.30E-10,erg cm-2 s-1,Integrated Flux,,7.25E+16,2.42E+18,Hz,xray,,slop
37895.653,,,s,2.39E-09,1.33E-10,1.33E-10,erg cm-2 s-1,Integrated Flux,,7.25E+16,2.42E+18,Hz,xray,,slop
37917.372,,,s,2.19E-09,1.26E-10,1.26E-10,erg cm-2 s-1,Integrated Flux,,7.25E+16,2.42E+18,Hz,xray,,slop
37938.841,,,s,2.23E-09,1.32E-10,1.32E-10,erg cm-2 s-1,Integrated Flux,,7.25E+16,2.42E+18,Hz,xray,,slop
37959.178,,,s,2.31E-09,1.37E-10,1.37E-10,erg cm-2 s-1,Integrated Flux,,7.25E+16,2.42E+18,Hz,xray,,slop
37981.419,,,s,2.16E-09,1.26E-10,1.26E-10,erg cm-2 s-1,Integrated Flux,,7.25E+16,2.42E+18,Hz,xray,,slop
38001.741,,,s,2.22E-09,1.43E-10,1.43E-10,erg cm-2 s-1,Integrated Flux,,7.25E+16,2.42E+18,Hz,xray,,slop
38022.924,,,s,2.18E-09,1.28E-10,1.28E-10,erg cm-2 s-1,Integrated Flux,,7.25E+16,2.42E+18,Hz,xray,,slop
38045.223,,,s,2.28E-09,1.34E-10,1.34E-10,erg cm-2 s-1,Integrated Flux,,7.25E+16,2.42E+18,Hz,xray,,slop
38066.793,,,s,2.13E-09,1.25E-10,1.25E-10,erg cm-2 s-1,Integrated Flux,,7.25E+16,2.42E+18,Hz,xray,,slop
38088.861,,,s,2.14E-09,1.27E-10,1.27E-10,erg cm-2 s-1,Integrated Flux,,7.25E+16,2.42E+18,Hz,xray,,slop
38109.789,,,s,2.41E-09,1.39E-10,1.39E-10,erg cm-2 s-1,Integrated Flux,,7.25E+16,2.42E+18,Hz,xray,,slop
38130.778,,,s,2.37E-09,1.33E-10,1.33E-10,erg cm-2 s-1,Integrated Flux,,7.25E+16,2.42E+18,Hz,xray,,slop
38152.499,,,s,2.08E-09,1.21E-10,1.21E-10,erg cm-2 s-1,Integrated Flux,,7.25E+16,2.42E+18,Hz,xray,,slop
38174.927,,,s,2.21E-09,1.28E-10,1.28E-10,erg cm-2 s-1,Integrated Flux,,7.25E+16,2.42E+18,Hz,xray,,slop
38195.674,,,s,2.38E-09,1.33E-10,1.33E-10,erg cm-2 s-1,Integrated Flux,,7.25E+16,2.42E+18,Hz,xray,,slop
38217.748,,,s,2.15E-09,1.25E-10,1.25E-10,erg cm-2 s-1,Integrated Flux,,7.25E+16,2.42E+18,Hz,xray,,slop
38239.826,,,s,2.24E-09,1.35E-10,1.35E-10,erg cm-2 s-1,Integrated Flux,,7.25E+16,2.42E+18,Hz,xray,,slop
38261.768,,,s,2.14E-09,1.25E-10,1.25E-10,erg cm-2 s-1,Integrated Flux,,7.25E+16,2.42E+18,Hz,xray,,slop
38283.598,,,s,2.21E-09,1.29E-10,1.29E-10,erg cm-2 s-1,Integrated Flux,,7.25E+16,2.42E+18,Hz,xray,,slop
38306.208,,,s,1.96E-09,1.19E-10,1.19E-10,erg cm-2 s-1,Integrated Flux,,7.25E+16,2.42E+18,Hz,xray,,slop
38328.368,,,s,2.50E-09,1.39E-10,1.39E-10,erg cm-2 s-1,Integrated Flux,,7.25E+16,2.42E+18,Hz,xray,,slop
38349.759,,,s,2.05E-09,1.21E-10,1.21E-10,erg cm-2 s-1,Integrated Flux,,7.25E+16,2.42E+18,Hz,xray,,slop
38370.803,,,s,2.46E-09,1.46E-10,1.46E-10,erg cm-2 s-1,Integrated Flux,,7.25E+16,2.42E+18,Hz,xray,,slop
38391.826,,,s,2.13E-09,1.25E-10,1.25E-10,erg cm-2 s-1,Integrated Flux,,7.25E+16,2.42E+18,Hz,xray,,slop
38414.157,,,s,2.19E-09,1.26E-10,1.26E-10,erg cm-2 s-1,Integrated Flux,,7.25E+16,2.42E+18,Hz,xray,,slop
38436.737,,,s,2.01E-09,1.20E-10,1.20E-10,erg cm-2 s-1,Integrated Flux,,7.25E+16,2.42E+18,Hz,xray,,slop
38460.059,,,s,1.99E-09,1.25E-10,1.25E-10,erg cm-2 s-1,Integrated Flux,,7.25E+16,2.42E+18,Hz,xray,,slop
38481.923,,,s,2.30E-09,1.30E-10,1.30E-10,erg cm-2 s-1,Integrated Flux,,7.25E+16,2.42E+18,Hz,xray,,slop
38504.749,,,s,2.02E-09,1.23E-10,1.23E-10,erg cm-2 s-1,Integrated Flux,,7.25E+16,2.42E+18,Hz,xray,,slop
38526.483,,,s,2.00E-09,1.21E-10,1.21E-10,erg cm-2 s-1,Integrated Flux,,7.25E+16,2.42E+18,Hz,xray,,slop
38550.025,,,s,2.18E-09,1.23E-10,1.23E-10,erg cm-2 s-1,Integrated Flux,,7.25E+16,2.42E+18,Hz,xray,,slop
43942.115,,,s,2.19E-09,1.19E-10,1.19E-10,erg cm-2 s-1,Integrated Flux,,7.25E+16,2.42E+18,Hz,xray,,slop
43965.807,,,s,2.22E-09,1.24E-10,1.24E-10,erg cm-2 s-1,Integrated Flux,,7.25E+16,2.42E+18,Hz,xray,,slop
43989.5,,,s,2.35E-09,1.26E-10,1.26E-10,erg cm-2 s-1,Integrated Flux,,7.25E+16,2.42E+18,Hz,xray,,slop
44014.036,,,s,1.97E-09,1.11E-10,1.11E-10,erg cm-2 s-1,Integrated Flux,,7.25E+16,2.42E+18,Hz,xray,,slop
44039.821,,,s,2.03E-09,1.15E-10,1.15E-10,erg cm-2 s-1,Integrated Flux,,7.25E+16,2.42E+18,Hz,xray,,slop
44065.375,,,s,2.04E-09,1.15E-10,1.15E-10,erg cm-2 s-1,Integrated Flux,,7.25E+16,2.42E+18,Hz,xray,,slop
44091.812,,,s,1.78E-09,1.04E-10,1.04E-10,erg cm-2 s-1,Integrated Flux,,7.25E+16,2.42E+18,Hz,xray,,slop
44118.808,,,s,1.96E-09,1.14E-10,1.14E-10,erg cm-2 s-1,Integrated Flux,,7.25E+16,2.42E+18,Hz,xray,,slop
44144.553,,,s,2.13E-09,1.19E-10,1.19E-10,erg cm-2 s-1,Integrated Flux,,7.25E+16,2.42E+18,Hz,xray,,slop
44167.828,,,s,2.27E-09,1.28E-10,1.28E-10,erg cm-2 s-1,Integrated Flux,,7.25E+16,2.42E+18,Hz,xray,,slop
44192.422,,,s,1.97E-09,1.11E-10,1.11E-10,erg cm-2 s-1,Integrated Flux,,7.25E+16,2.42E+18,Hz,xray,,slop
44217.631,,,s,2.14E-09,1.18E-10,1.18E-10,erg cm-2 s-1,Integrated Flux,,7.25E+16,2.42E+18,Hz,xray,,slop
44243.564,,,s,1.88E-09,1.05E-10,1.05E-10,erg cm-2 s-1,Integrated Flux,,7.25E+16,2.42E+18,Hz,xray,,slop
44271.444,,,s,1.95E-09,1.08E-10,1.08E-10,erg cm-2 s-1,Integrated Flux,,7.25E+16,2.42E+18,Hz,xray,,slop
44296.673,,,s,2.07E-09,1.21E-10,1.21E-10,erg cm-2 s-1,Integrated Flux,,7.25E+16,2.42E+18,Hz,xray,,slop
44320.09,,,s,2.26E-09,1.27E-10,1.27E-10,erg cm-2 s-1,Integrated Flux,,7.25E+16,2.42E+18,Hz,xray,,slop
44345.963,,,s,1.77E-09,1.06E-10,1.06E-10,erg cm-2 s-1,Integrated Flux,,7.25E+16,2.42E+18,Hz,xray,,slop
44372.643,,,s,1.86E-09,1.08E-10,1.08E-10,erg cm-2 s-1,Integrated Flux,,7.25E+16,2.42E+18,Hz,xray,,slop
44397.799,,,s,2.19E-09,1.20E-10,1.20E-10,erg cm-2 s-1,Integrated Flux,,7.25E+16,2.42E+18,Hz,xray,,slop
44424.456,,,s,1.91E-09,1.06E-10,1.06E-10,erg cm-2 s-1,Integrated Flux,,7.25E+16,2.42E+18,Hz,xray,,slop
44450.737,,,s,2.09E-09,1.13E-10,1.13E-10,erg cm-2 s-1,Integrated Flux,,7.25E+16,2.42E+18,Hz,xray,,slop
44477.966,,,s,2.01E-09,1.06E-10,1.06E-10,erg cm-2 s-1,Integrated Flux,,7.25E+16,2.42E+18,Hz,xray,,slop
44503.733,,,s,2.19E-09,1.20E-10,1.20E-10,erg cm-2 s-1,Integrated Flux,,7.25E+16,2.42E+18,Hz,xray,,slop
44528.895,,,s,2.16E-09,1.16E-10,1.16E-10,erg cm-2 s-1,Integrated Flux,,7.25E+16,2.42E+18,Hz,xray,,slop
44554.582,,,s,2.10E-09,1.15E-10,1.15E-10,erg cm-2 s-1,Integrated Flux,,7.25E+16,2.42E+18,Hz,xray,,slop
44580.276,,,s,2.06E-09,1.13E-10,1.13E-10,erg cm-2 s-1,Integrated Flux,,7.25E+16,2.42E+18,Hz,xray,,slop
44606.525,,,s,2.01E-09,1.15E-10,1.15E-10,erg cm-2 s-1,Integrated Flux,,7.25E+16,2.42E+18,Hz,xray,,slop
44631.301,,,s,2.13E-09,1.15E-10,1.15E-10,erg cm-2 s-1,Integrated Flux,,7.25E+16,2.42E+18,Hz,xray,,slop
44656.429,,,s,2.17E-09,1.18E-10,1.18E-10,erg cm-2 s-1,Integrated Flux,,7.25E+16,2.42E+18,Hz,xray,,slop
44681.362,,,s,2.15E-09,1.15E-10,1.15E-10,erg cm-2 s-1,Integrated Flux,,7.25E+16,2.42E+18,Hz,xray,,slop
44707.556,,,s,1.98E-09,1.10E-10,1.10E-10,erg cm-2 s-1,Integrated Flux,,7.25E+16,2.42E+18,Hz,xray,,slop
44734.742,,,s,1.96E-09,1.09E-10,1.09E-10,erg cm-2 s-1,Integrated Flux,,7.25E+16,2.42E+18,Hz,xray,,slop
44761.374,,,s,2.06E-09,1.14E-10,1.14E-10,erg cm-2 s-1,Integrated Flux,,7.25E+16,2.42E+18,Hz,xray,,slop
44787.589,,,s,2.07E-09,1.13E-10,1.13E-10,erg cm-2 s-1,Integrated Flux,,7.25E+16,2.42E+18,Hz,xray,,slop
44814.044,,,s,2.07E-09,1.13E-10,1.13E-10,erg cm-2 s-1,Integrated Flux,,7.25E+16,2.42E+18,Hz,xray,,slop
44840.562,,,s,2.03E-09,1.13E-10,1.13E-10,erg cm-2 s-1,Integrated Flux,,7.25E+16,2.42E+18,Hz,xray,,slop
44866.866,,,s,2.00E-09,1.09E-10,1.09E-10,erg cm-2 s-1,Integrated Flux,,7.25E+16,2.42E+18,Hz,xray,,slop
44893.628,,,s,2.08E-09,1.12E-10,1.12E-10,erg cm-2 s-1,Integrated Flux,,7.25E+16,2.42E+18,Hz,xray,,slop
44919.346,,,s,2.01E-09,1.13E-10,1.13E-10,erg cm-2 s-1,Integrated Flux,,7.25E+16,2.42E+18,Hz,xray,,slop
44945.6,,,s,2.13E-09,1.18E-10,1.18E-10,erg cm-2 s-1,Integrated Flux,,7.25E+16,2.42E+18,Hz,xray,,slop
44972.7,,,s,1.79E-09,1.02E-10,1.02E-10,erg cm-2 s-1,Integrated Flux,,7.25E+16,2.42E+18,Hz,xray,,slop
48382.159,,,s,1.37E-09,8.09E-11,8.09E-11,erg cm-2 s-1,Integrated Flux,,7.25E+16,2.42E+18,Hz,xray,,slop
48412.735,,,s,1.40E-09,8.17E-11,8.17E-11,erg cm-2 s-1,Integrated Flux,,7.25E+16,2.42E+18,Hz,xray,,slop
48442.107,,,s,1.56E-09,9.10E-11,9.10E-11,erg cm-2 s-1,Integrated Flux,,7.25E+16,2.42E+18,Hz,xray,,slop
48470.425,,,s,1.40E-09,8.20E-11,8.20E-11,erg cm-2 s-1,Integrated Flux,,7.25E+16,2.42E+18,Hz,xray,,slop
48499.699,,,s,1.52E-09,8.43E-11,8.43E-11,erg cm-2 s-1,Integrated Flux,,7.25E+16,2.42E+18,Hz,xray,,slop
48527.609,,,s,1.56E-09,8.48E-11,8.48E-11,erg cm-2 s-1,Integrated Flux,,7.25E+16,2.42E+18,Hz,xray,,slop
48556.224,,,s,1.39E-09,8.30E-11,8.30E-11,erg cm-2 s-1,Integrated Flux,,7.25E+16,2.42E+18,Hz,xray,,slop
48584.119,,,s,1.61E-09,8.87E-11,8.87E-11,erg cm-2 s-1,Integrated Flux,,7.25E+16,2.42E+18,Hz,xray,,slop
48613.982,,,s,1.38E-09,7.68E-11,7.68E-11,erg cm-2 s-1,Integrated Flux,,7.25E+16,2.42E+18,Hz,xray,,slop
48643.391,,,s,1.49E-09,8.82E-11,8.82E-11,erg cm-2 s-1,Integrated Flux,,7.25E+16,2.42E+18,Hz,xray,,slop
48671.564,,,s,1.50E-09,8.67E-11,8.67E-11,erg cm-2 s-1,Integrated Flux,,7.25E+16,2.42E+18,Hz,xray,,slop
48699.624,,,s,1.53E-09,8.69E-11,8.69E-11,erg cm-2 s-1,Integrated Flux,,7.25E+16,2.42E+18,Hz,xray,,slop
48726.049,,,s,1.44E-09,9.02E-11,9.02E-11,erg cm-2 s-1,Integrated Flux,,7.25E+16,2.42E+18,Hz,xray,,slop
48756.813,,,s,1.30E-09,7.70E-11,7.70E-11,erg cm-2 s-1,Integrated Flux,,7.25E+16,2.42E+18,Hz,xray,,slop
48786.934,,,s,1.57E-09,8.53E-11,8.53E-11,erg cm-2 s-1,Integrated Flux,,7.25E+16,2.42E+18,Hz,xray,,slop
48815.517,,,s,1.49E-09,8.43E-11,8.43E-11,erg cm-2 s-1,Integrated Flux,,7.25E+16,2.42E+18,Hz,xray,,slop
48843.677,,,s,1.56E-09,8.91E-11,8.91E-11,erg cm-2 s-1,Integrated Flux,,7.25E+16,2.42E+18,Hz,xray,,slop
48873.213,,,s,1.38E-09,7.98E-11,7.98E-11,erg cm-2 s-1,Integrated Flux,,7.25E+16,2.42E+18,Hz,xray,,slop
48902.521,,,s,1.49E-09,8.26E-11,8.26E-11,erg cm-2 s-1,Integrated Flux,,7.25E+16,2.42E+18,Hz,xray,,slop
48930.411,,,s,1.63E-09,9.23E-11,9.23E-11,erg cm-2 s-1,Integrated Flux,,7.25E+16,2.42E+18,Hz,xray,,slop
48957.443,,,s,1.63E-09,9.15E-11,9.15E-11,erg cm-2 s-1,Integrated Flux,,7.25E+16,2.42E+18,Hz,xray,,slop
48985.693,,,s,1.34E-09,7.55E-11,7.55E-11,erg cm-2 s-1,Integrated Flux,,7.25E+16,2.42E+18,Hz,xray,,slop
49016.427,,,s,1.50E-09,8.53E-11,8.53E-11,erg cm-2 s-1,Integrated Flux,,7.25E+16,2.42E+18,Hz,xray,,slop
49045.286,,,s,1.50E-09,8.50E-11,8.50E-11,erg cm-2 s-1,Integrated Flux,,7.25E+16,2.42E+18,Hz,xray,,slop
49073.132,,,s,1.58E-09,8.57E-11,8.57E-11,erg cm-2 s-1,Integrated Flux,,7.25E+16,2.42E+18,Hz,xray,,slop
49100.608,,,s,1.54E-09,8.57E-11,8.57E-11,erg cm-2 s-1,Integrated Flux,,7.25E+16,2.42E+18,Hz,xray,,slop
49129.613,,,s,1.49E-09,8.26E-11,8.26E-11,erg cm-2 s-1,Integrated Flux,,7.25E+16,2.42E+18,Hz,xray,,slop
49157.717,,,s,1.53E-09,8.95E-11,8.95E-11,erg cm-2 s-1,Integrated Flux,,7.25E+16,2.42E+18,Hz,xray,,slop
49185.785,,,s,1.43E-09,8.34E-11,8.34E-11,erg cm-2 s-1,Integrated Flux,,7.25E+16,2.42E+18,Hz,xray,,slop
49214.869,,,s,1.48E-09,8.19E-11,8.19E-11,erg cm-2 s-1,Integrated Flux,,7.25E+16,2.42E+18,Hz,xray,,slop
49242.691,,,s,1.66E-09,9.32E-11,9.32E-11,erg cm-2 s-1,Integrated Flux,,7.25E+16,2.42E+18,Hz,xray,,slop
49269.945,,,s,1.37E-09,8.25E-11,8.25E-11,erg cm-2 s-1,Integrated Flux,,7.25E+16,2.42E+18,Hz,xray,,slop
49300.24,,,s,1.41E-09,7.87E-11,7.87E-11,erg cm-2 s-1,Integrated Flux,,7.25E+16,2.42E+18,Hz,xray,,slop
49331.961,,,s,1.28E-09,7.65E-11,7.65E-11,erg cm-2 s-1,Integrated Flux,,7.25E+16,2.42E+18,Hz,xray,,slop
49362.298,,,s,1.49E-09,8.63E-11,8.63E-11,erg cm-2 s-1,Integrated Flux,,7.25E+16,2.42E+18,Hz,xray,,slop
49391.798,,,s,1.33E-09,7.92E-11,7.92E-11,erg cm-2 s-1,Integrated Flux,,7.25E+16,2.42E+18,Hz,xray,,slop
49421.764,,,s,1.40E-09,8.07E-11,8.07E-11,erg cm-2 s-1,Integrated Flux,,7.25E+16,2.42E+18,Hz,xray,,slop
49452.091,,,s,1.42E-09,8.13E-11,8.13E-11,erg cm-2 s-1,Integrated Flux,,7.25E+16,2.42E+18,Hz,xray,,slop
49482.095,,,s,1.39E-09,8.14E-11,8.14E-11,erg cm-2 s-1,Integrated Flux,,7.25E+16,2.42E+18,Hz,xray,,slop
49510.417,,,s,1.50E-09,8.68E-11,8.68E-11,erg cm-2 s-1,Integrated Flux,,7.25E+16,2.42E+18,Hz,xray,,slop
49538.857,,,s,1.47E-09,8.48E-11,8.48E-11,erg cm-2 s-1,Integrated Flux,,7.25E+16,2.42E+18,Hz,xray,,slop
49567.704,,,s,1.44E-09,7.99E-11,7.99E-11,erg cm-2 s-1,Integrated Flux,,7.25E+16,2.42E+18,Hz,xray,,slop
49597.372,,,s,1.61E-09,8.77E-11,8.77E-11,erg cm-2 s-1,Integrated Flux,,7.25E+16,2.42E+18,Hz,xray,,slop
49626.073,,,s,1.44E-09,8.39E-11,8.39E-11,erg cm-2 s-1,Integrated Flux,,7.25E+16,2.42E+18,Hz,xray,,slop
49654.45,,,s,1.54E-09,8.85E-11,8.85E-11,erg cm-2 s-1,Integrated Flux,,7.25E+16,2.42E+18,Hz,xray,,slop
49681.598,,,s,1.52E-09,8.57E-11,8.57E-11,erg cm-2 s-1,Integrated Flux,,7.25E+16,2.42E+18,Hz,xray,,slop
49711.118,,,s,1.43E-09,8.11E-11,8.11E-11,erg cm-2 s-1,Integrated Flux,,7.25E+16,2.42E+18,Hz,xray,,slop
49738.932,,,s,1.52E-09,8.85E-11,8.85E-11,erg cm-2 s-1,Integrated Flux,,7.25E+16,2.42E+18,Hz,xray,,slop
49767.436,,,s,1.41E-09,8.47E-11,8.47E-11,erg cm-2 s-1,Integrated Flux,,7.25E+16,2.42E+18,Hz,xray,,slop
49797.212,,,s,1.35E-09,7.80E-11,7.80E-11,erg cm-2 s-1,Integrated Flux,,7.25E+16,2.42E+18,Hz,xray,,slop
49827.492,,,s,1.53E-09,8.63E-11,8.63E-11,erg cm-2 s-1,Integrated Flux,,7.25E+16,2.42E+18,Hz,xray,,slop
49854.959,,,s,1.51E-09,8.58E-11,8.58E-11,erg cm-2 s-1,Integrated Flux,,7.25E+16,2.42E+18,Hz,xray,,slop
49884.719,,,s,1.39E-09,7.99E-11,7.99E-11,erg cm-2 s-1,Integrated Flux,,7.25E+16,2.42E+18,Hz,xray,,slop
49914.484,,,s,1.33E-09,8.35E-11,8.35E-11,erg cm-2 s-1,Integrated Flux,,7.25E+16,2.42E+18,Hz,xray,,slop
49944.774,,,s,1.26E-09,7.62E-11,7.62E-11,erg cm-2 s-1,Integrated Flux,,7.25E+16,2.42E+18,Hz,xray,,slop
49974.913,,,s,1.55E-09,8.85E-11,8.85E-11,erg cm-2 s-1,Integrated Flux,,7.25E+16,2.42E+18,Hz,xray,,slop
50004.81,,,s,1.24E-09,8.07E-11,8.07E-11,erg cm-2 s-1,Integrated Flux,,7.25E+16,2.42E+18,Hz,xray,,slop
50033.716,,,s,1.49E-09,8.65E-11,8.65E-11,erg cm-2 s-1,Integrated Flux,,7.25E+16,2.42E+18,Hz,xray,,slop
50062.487,,,s,1.44E-09,8.50E-11,8.50E-11,erg cm-2 s-1,Integrated Flux,,7.25E+16,2.42E+18,Hz,xray,,slop
50090.342,,,s,1.50E-09,8.86E-11,8.86E-11,erg cm-2 s-1,Integrated Flux,,7.25E+16,2.42E+18,Hz,xray,,slop
54005.408,,,s,1.35E-09,9.00E-11,9.00E-11,erg cm-2 s-1,Integrated Flux,,7.25E+16,2.42E+18,Hz,xray,,slop
54042.254,,,s,1.18E-09,7.03E-11,7.03E-11,erg cm-2 s-1,Integrated Flux,,7.25E+16,2.42E+18,Hz,xray,,slop
54080.891,,,s,1.24E-09,7.60E-11,7.60E-11,erg cm-2 s-1,Integrated Flux,,7.25E+16,2.42E+18,Hz,xray,,slop
54119.524,,,s,1.20E-09,7.48E-11,7.48E-11,erg cm-2 s-1,Integrated Flux,,7.25E+16,2.42E+18,Hz,xray,,slop
54156.484,,,s,1.49E-09,9.04E-11,9.04E-11,erg cm-2 s-1,Integrated Flux,,7.25E+16,2.42E+18,Hz,xray,,slop
54191.214,,,s,1.27E-09,7.82E-11,7.82E-11,erg cm-2 s-1,Integrated Flux,,7.25E+16,2.42E+18,Hz,xray,,slop
54229.515,,,s,1.28E-09,8.11E-11,8.11E-11,erg cm-2 s-1,Integrated Flux,,7.25E+16,2.42E+18,Hz,xray,,slop
54265.482,,,s,1.28E-09,8.01E-11,8.01E-11,erg cm-2 s-1,Integrated Flux,,7.25E+16,2.42E+18,Hz,xray,,slop
54303.288,,,s,1.33E-09,8.18E-11,8.18E-11,erg cm-2 s-1,Integrated Flux,,7.25E+16,2.42E+18,Hz,xray,,slop
54340.423,,,s,1.29E-09,7.92E-11,7.92E-11,erg cm-2 s-1,Integrated Flux,,7.25E+16,2.42E+18,Hz,xray,,slop
54379.387,,,s,1.24E-09,7.78E-11,7.78E-11,erg cm-2 s-1,Integrated Flux,,7.25E+16,2.42E+18,Hz,xray,,slop
54419.345,,,s,1.23E-09,7.76E-11,7.76E-11,erg cm-2 s-1,Integrated Flux,,7.25E+16,2.42E+18,Hz,xray,,slop
54454.965,,,s,1.39E-09,8.69E-11,8.69E-11,erg cm-2 s-1,Integrated Flux,,7.25E+16,2.42E+18,Hz,xray,,slop
54492.5,,,s,1.13E-09,7.49E-11,7.49E-11,erg cm-2 s-1,Integrated Flux,,7.25E+16,2.42E+18,Hz,xray,,slop
54530.968,,,s,1.28E-09,8.05E-11,8.05E-11,erg cm-2 s-1,Integrated Flux,,7.25E+16,2.42E+18,Hz,xray,,slop
54570.013,,,s,1.22E-09,7.72E-11,7.72E-11,erg cm-2 s-1,Integrated Flux,,7.25E+16,2.42E+18,Hz,xray,,slop
54608.514,,,s,1.24E-09,8.21E-11,8.21E-11,erg cm-2 s-1,Integrated Flux,,7.25E+16,2.42E+18,Hz,xray,,slop
54648.103,,,s,1.18E-09,7.63E-11,7.63E-11,erg cm-2 s-1,Integrated Flux,,7.25E+16,2.42E+18,Hz,xray,,slop
54687.566,,,s,1.17E-09,7.53E-11,7.53E-11,erg cm-2 s-1,Integrated Flux,,7.25E+16,2.42E+18,Hz,xray,,slop
54728.012,,,s,1.22E-09,7.87E-11,7.87E-11,erg cm-2 s-1,Integrated Flux,,7.25E+16,2.42E+18,Hz,xray,,slop
54767.421,,,s,1.24E-09,7.86E-11,7.86E-11,erg cm-2 s-1,Integrated Flux,,7.25E+16,2.42E+18,Hz,xray,,slop
54808.249,,,s,1.12E-09,7.41E-11,7.41E-11,erg cm-2 s-1,Integrated Flux,,7.25E+16,2.42E+18,Hz,xray,,slop
54848.124,,,s,1.28E-09,8.33E-11,8.33E-11,erg cm-2 s-1,Integrated Flux,,7.25E+16,2.42E+18,Hz,xray,,slop
54886.229,,,s,1.23E-09,8.16E-11,8.16E-11,erg cm-2 s-1,Integrated Flux,,7.25E+16,2.42E+18,Hz,xray,,slop
54925.608,,,s,1.16E-09,7.66E-11,7.66E-11,erg cm-2 s-1,Integrated Flux,,7.25E+16,2.42E+18,Hz,xray,,slop
54963.785,,,s,1.30E-09,8.39E-11,8.39E-11,erg cm-2 s-1,Integrated Flux,,7.25E+16,2.42E+18,Hz,xray,,slop
55001.35,,,s,1.34E-09,8.62E-11,8.62E-11,erg cm-2 s-1,Integrated Flux,,7.25E+16,2.42E+18,Hz,xray,,slop
55038.935,,,s,1.24E-09,8.05E-11,8.05E-11,erg cm-2 s-1,Integrated Flux,,7.25E+16,2.42E+18,Hz,xray,,slop
55076.054,,,s,1.29E-09,8.33E-11,8.33E-11,erg cm-2 s-1,Integrated Flux,,7.25E+16,2.42E+18,Hz,xray,,slop
55114.746,,,s,1.17E-09,7.66E-11,7.66E-11,erg cm-2 s-1,Integrated Flux,,7.25E+16,2.42E+18,Hz,xray,,slop
55155.325,,,s,1.22E-09,7.93E-11,7.93E-11,erg cm-2 s-1,Integrated Flux,,7.25E+16,2.42E+18,Hz,xray,,slop
55194.799,,,s,1.19E-09,7.79E-11,7.79E-11,erg cm-2 s-1,Integrated Flux,,7.25E+16,2.42E+18,Hz,xray,,slop
55234.911,,,s,1.19E-09,7.87E-11,7.87E-11,erg cm-2 s-1,Integrated Flux,,7.25E+16,2.42E+18,Hz,xray,,slop
55274.841,,,s,1.30E-09,8.26E-11,8.26E-11,erg cm-2 s-1,Integrated Flux,,7.25E+16,2.42E+18,Hz,xray,,slop
55310.768,,,s,1.25E-09,8.65E-11,8.65E-11,erg cm-2 s-1,Integrated Flux,,7.25E+16,2.42E+18,Hz,xray,,slop
55350.012,,,s,1.28E-09,8.33E-11,8.33E-11,erg cm-2 s-1,Integrated Flux,,7.25E+16,2.42E+18,Hz,xray,,slop
55387.093,,,s,1.23E-09,8.13E-11,8.13E-11,erg cm-2 s-1,Integrated Flux,,7.25E+16,2.42E+18,Hz,xray,,slop
55426.392,,,s,1.19E-09,7.73E-11,7.73E-11,erg cm-2 s-1,Integrated Flux,,7.25E+16,2.42E+18,Hz,xray,,slop
55464.027,,,s,1.40E-09,9.04E-11,9.04E-11,erg cm-2 s-1,Integrated Flux,,7.25E+16,2.42E+18,Hz,xray,,slop
55500.2,,,s,1.22E-09,8.02E-11,8.02E-11,erg cm-2 s-1,Integrated Flux,,7.25E+16,2.42E+18,Hz,xray,,slop
55540.933,,,s,1.08E-09,7.17E-11,7.17E-11,erg cm-2 s-1,Integrated Flux,,7.25E+16,2.42E+18,Hz,xray,,slop
55582.077,,,s,1.22E-09,8.05E-11,8.05E-11,erg cm-2 s-1,Integrated Flux,,7.25E+16,2.42E+18,Hz,xray,,slop
89498.892,,,s,6.41E-10,1.43E-10,1.43E-10,erg cm-2 s-1,Integrated Flux,,7.25E+16,2.42E+18,Hz,xray,,slop
89520.455,,,s,4.48E-10,1.04E-10,1.04E-10,erg cm-2 s-1,Integrated Flux,,7.25E+16,2.42E+18,Hz,xray,,slop
89544.4,,,s,7.32E-10,1.64E-10,1.64E-10,erg cm-2 s-1,Integrated Flux,,7.25E+16,2.42E+18,Hz,xray,,slop
89565.402,,,s,5.25E-10,1.15E-10,1.15E-10,erg cm-2 s-1,Integrated Flux,,7.25E+16,2.42E+18,Hz,xray,,slop
89594.892,,,s,4.01E-10,8.90E-11,8.90E-11,erg cm-2 s-1,Integrated Flux,,7.25E+16,2.42E+18,Hz,xray,,slop
89621.375,,,s,4.99E-10,1.14E-10,1.14E-10,erg cm-2 s-1,Integrated Flux,,7.25E+16,2.42E+18,Hz,xray,,slop
89650.531,,,s,4.71E-10,1.06E-10,1.06E-10,erg cm-2 s-1,Integrated Flux,,7.25E+16,2.42E+18,Hz,xray,,slop
89678.632,,,s,4.69E-10,1.00E-10,1.00E-10,erg cm-2 s-1,Integrated Flux,,7.25E+16,2.42E+18,Hz,xray,,slop
89707.841,,,s,4.80E-10,1.06E-10,1.06E-10,erg cm-2 s-1,Integrated Flux,,7.25E+16,2.42E+18,Hz,xray,,slop
89732.324,,,s,6.31E-10,1.41E-10,1.41E-10,erg cm-2 s-1,Integrated Flux,,7.25E+16,2.42E+18,Hz,xray,,slop
89748.877,,,s,9.68E-10,2.02E-10,2.02E-10,erg cm-2 s-1,Integrated Flux,,7.25E+16,2.42E+18,Hz,xray,,slop
89774.544,,,s,5.20E-10,1.03E-10,1.03E-10,erg cm-2 s-1,Integrated Flux,,7.25E+16,2.42E+18,Hz,xray,,slop
94517.322,,,s,4.34E-10,9.86E-11,9.86E-11,erg cm-2 s-1,Integrated Flux,,7.25E+16,2.42E+18,Hz,xray,,slop
94588.936,,,s,3.79E-10,9.37E-11,9.37E-11,erg cm-2 s-1,Integrated Flux,,7.25E+16,2.42E+18,Hz,xray,,slop
94659.769,,,s,6.32E-10,1.41E-10,1.41E-10,erg cm-2 s-1,Integrated Flux,,7.25E+16,2.42E+18,Hz,xray,,slop
94727.089,,,s,4.10E-10,9.96E-11,9.96E-11,erg cm-2 s-1,Integrated Flux,,7.25E+16,2.42E+18,Hz,xray,,slop
94782.753,,,s,6.71E-10,1.56E-10,1.56E-10,erg cm-2 s-1,Integrated Flux,,7.25E+16,2.42E+18,Hz,xray,,slop
94843.805,,,s,4.28E-10,9.83E-11,9.83E-11,erg cm-2 s-1,Integrated Flux,,7.25E+16,2.42E+18,Hz,xray,,slop
94905.111,,,s,6.45E-10,1.48E-10,1.48E-10,erg cm-2 s-1,Integrated Flux,,7.25E+16,2.42E+18,Hz,xray,,slop
94977.821,,,s,4.44E-10,1.05E-10,1.05E-10,erg cm-2 s-1,Integrated Flux,,7.25E+16,2.42E+18,Hz,xray,,slop
95045.115,,,s,5.46E-10,1.14E-10,1.14E-10,erg cm-2 s-1,Integrated Flux,,7.25E+16,2.42E+18,Hz,xray,,slop
95099.929,,,s,5.85E-10,1.35E-10,1.35E-10,erg cm-2 s-1,Integrated Flux,,7.25E+16,2.42E+18,Hz,xray,,slop
95158.225,,,s,6.86E-10,1.56E-10,1.56E-10,erg cm-2 s-1,Integrated Flux,,7.25E+16,2.42E+18,Hz,xray,,slop
95195.458,,,s,6.07E-10,1.41E-10,1.41E-10,erg cm-2 s-1,Integrated Flux,,7.25E+16,2.42E+18,Hz,xray,,slop
95258.392,,,s,6.51E-10,1.48E-10,1.48E-10,erg cm-2 s-1,Integrated Flux,,7.25E+16,2.42E+18,Hz,xray,,slop
95312.799,,,s,4.86E-10,1.10E-10,1.10E-10,erg cm-2 s-1,Integrated Flux,,7.25E+16,2.42E+18,Hz,xray,,slop
95375.358,,,s,5.48E-10,1.30E-10,1.30E-10,erg cm-2 s-1,Integrated Flux,,7.25E+16,2.42E+18,Hz,xray,,slop
95432.148,,,s,5.36E-10,1.23E-10,1.23E-10,erg cm-2 s-1,Integrated Flux,,7.25E+16,2.42E+18,Hz,xray,,slop
95507.242,,,s,3.81E-10,8.64E-11,8.64E-11,erg cm-2 s-1,Integrated Flux,,7.25E+16,2.42E+18,Hz,xray,,slop
95578.576,,,s,5.54E-10,1.35E-10,1.35E-10,erg cm-2 s-1,Integrated Flux,,7.25E+16,2.42E+18,Hz,xray,,slop
95631.982,,,s,5.31E-10,1.24E-10,1.24E-10,erg cm-2 s-1,Integrated Flux,,7.25E+16,2.42E+18,Hz,xray,,slop
95699.178,,,s,5.89E-10,1.35E-10,1.35E-10,erg cm-2 s-1,Integrated Flux,,7.25E+16,2.42E+18,Hz,xray,,slop
95751.707,,,s,5.81E-10,1.35E-10,1.35E-10,erg cm-2 s-1,Integrated Flux,,7.25E+16,2.42E+18,Hz,xray,,slop
95814.802,,,s,5.71E-10,1.26E-10,1.26E-10,erg cm-2 s-1,Integrated Flux,,7.25E+16,2.42E+18,Hz,xray,,slop
95856.89,,,s,6.54E-10,1.48E-10,1.48E-10,erg cm-2 s-1,Integrated Flux,,7.25E+16,2.42E+18,Hz,xray,,slop
95920.073,,,s,4.21E-10,9.95E-11,9.95E-11,erg cm-2 s-1,Integrated Flux,,7.25E+16,2.42E+18,Hz,xray,,slop
96002.731,,,s,5.05E-10,1.13E-10,1.13E-10,erg cm-2 s-1,Integrated Flux,,7.25E+16,2.42E+18,Hz,xray,,slop
96098.042,,,s,5.45E-10,9.73E-11,9.73E-11,erg cm-2 s-1,Integrated Flux,,7.25E+16,2.42E+18,Hz,xray,,slop
100146.535,,,s,3.97E-10,9.33E-11,9.33E-11,erg cm-2 s-1,Integrated Flux,,7.25E+16,2.42E+18,Hz,xray,,slop
100313.024,,,s,4.31E-10,1.02E-10,1.02E-10,erg cm-2 s-1,Integrated Flux,,7.25E+16,2.42E+18,Hz,xray,,slop
100456.572,,,s,5.81E-10,1.34E-10,1.34E-10,erg cm-2 s-1,Integrated Flux,,7.25E+16,2.42E+18,Hz,xray,,slop
100566.64,,,s,5.05E-10,1.20E-10,1.20E-10,erg cm-2 s-1,Integrated Flux,,7.25E+16,2.42E+18,Hz,xray,,slop
100703.297,,,s,5.72E-10,1.27E-10,1.27E-10,erg cm-2 s-1,Integrated Flux,,7.25E+16,2.42E+18,Hz,xray,,slop
100850.717,,,s,4.58E-10,1.05E-10,1.05E-10,erg cm-2 s-1,Integrated Flux,,7.25E+16,2.42E+18,Hz,xray,,slop
100988.743,,,s,4.55E-10,1.07E-10,1.07E-10,erg cm-2 s-1,Integrated Flux,,7.25E+16,2.42E+18,Hz,xray,,slop
101129.659,,,s,5.15E-10,1.20E-10,1.20E-10,erg cm-2 s-1,Integrated Flux,,7.25E+16,2.42E+18,Hz,xray,,slop
105636.766,,,s,5.40E-10,1.29E-10,1.29E-10,erg cm-2 s-1,Integrated Flux,,7.25E+16,2.42E+18,Hz,xray,,slop
105679.39,,,s,3.83E-10,8.71E-11,8.71E-11,erg cm-2 s-1,Integrated Flux,,7.25E+16,2.42E+18,Hz,xray,,slop
105742.204,,,s,4.02E-10,8.91E-11,8.91E-11,erg cm-2 s-1,Integrated Flux,,7.25E+16,2.42E+18,Hz,xray,,slop
105796.105,,,s,3.59E-10,8.31E-11,8.31E-11,erg cm-2 s-1,Integrated Flux,,7.25E+16,2.42E+18,Hz,xray,,slop
105848.007,,,s,4.60E-10,1.08E-10,1.08E-10,erg cm-2 s-1,Integrated Flux,,7.25E+16,2.42E+18,Hz,xray,,slop
105888.375,,,s,5.38E-10,1.20E-10,1.20E-10,erg cm-2 s-1,Integrated Flux,,7.25E+16,2.42E+18,Hz,xray,,slop
105932.082,,,s,5.29E-10,1.18E-10,1.18E-10,erg cm-2 s-1,Integrated Flux,,7.25E+16,2.42E+18,Hz,xray,,slop
105978.666,,,s,5.73E-10,1.21E-10,1.21E-10,erg cm-2 s-1,Integrated Flux,,7.25E+16,2.42E+18,Hz,xray,,slop
106023.769,,,s,3.11E-10,7.44E-11,7.44E-11,erg cm-2 s-1,Integrated Flux,,7.25E+16,2.42E+18,Hz,xray,,slop
106097.861,,,s,3.46E-10,8.00E-11,8.00E-11,erg cm-2 s-1,Integrated Flux,,7.25E+16,2.42E+18,Hz,xray,,slop
106136.928,,,s,6.37E-10,1.41E-10,1.41E-10,erg cm-2 s-1,Integrated Flux,,7.25E+16,2.42E+18,Hz,xray,,slop
106188.5,,,s,2.82E-10,6.64E-11,6.64E-11,erg cm-2 s-1,Integrated Flux,,7.25E+16,2.42E+18,Hz,xray,,slop
106244.79,,,s,6.03E-10,1.37E-10,1.37E-10,erg cm-2 s-1,Integrated Flux,,7.25E+16,2.42E+18,Hz,xray,,slop
106293.249,,,s,4.46E-10,1.01E-10,1.01E-10,erg cm-2 s-1,Integrated Flux,,7.25E+16,2.42E+18,Hz,xray,,slop
106347.899,,,s,3.17E-10,7.02E-11,7.02E-11,erg cm-2 s-1,Integrated Flux,,7.25E+16,2.42E+18,Hz,xray,,slop
106418.296,,,s,3.80E-10,8.63E-11,8.63E-11,erg cm-2 s-1,Integrated Flux,,7.25E+16,2.42E+18,Hz,xray,,slop
106459.291,,,s,5.41E-10,1.27E-10,1.27E-10,erg cm-2 s-1,Integrated Flux,,7.25E+16,2.42E+18,Hz,xray,,slop
106505.174,,,s,3.26E-10,7.28E-11,7.28E-11,erg cm-2 s-1,Integrated Flux,,7.25E+16,2.42E+18,Hz,xray,,slop
106570.096,,,s,3.71E-10,8.51E-11,8.51E-11,erg cm-2 s-1,Integrated Flux,,7.25E+16,2.42E+18,Hz,xray,,slop
106626.529,,,s,4.10E-10,9.48E-11,9.48E-11,erg cm-2 s-1,Integrated Flux,,7.25E+16,2.42E+18,Hz,xray,,slop
106686.579,,,s,3.17E-10,7.34E-11,7.34E-11,erg cm-2 s-1,Integrated Flux,,7.25E+16,2.42E+18,Hz,xray,,slop
106738.606,,,s,4.06E-10,9.08E-11,9.08E-11,erg cm-2 s-1,Integrated Flux,,7.25E+16,2.42E+18,Hz,xray,,slop
106785.745,,,s,6.49E-10,1.48E-10,1.48E-10,erg cm-2 s-1,Integrated Flux,,7.25E+16,2.42E+18,Hz,xray,,slop
106839.65,,,s,2.70E-10,6.37E-11,6.37E-11,erg cm-2 s-1,Integrated Flux,,7.25E+16,2.42E+18,Hz,xray,,slop
106889.422,,,s,6.06E-10,1.36E-10,1.36E-10,erg cm-2 s-1,Integrated Flux,,7.25E+16,2.42E+18,Hz,xray,,slop
106927.157,,,s,5.63E-10,1.26E-10,1.26E-10,erg cm-2 s-1,Integrated Flux,,7.25E+16,2.42E+18,Hz,xray,,slop
106980.562,,,s,2.96E-10,7.08E-11,7.08E-11,erg cm-2 s-1,Integrated Flux,,7.25E+16,2.42E+18,Hz,xray,,slop
107072.297,,,s,3.29E-10,6.07E-11,6.07E-11,erg cm-2 s-1,Integrated Flux,,7.25E+16,2.42E+18,Hz,xray,,slop
111947.788,,,s,4.94E-10,1.10E-10,1.10E-10,erg cm-2 s-1,Integrated Flux,,7.25E+16,2.42E+18,Hz,xray,,slop
112020.749,,,s,3.46E-10,7.98E-11,7.98E-11,erg cm-2 s-1,Integrated Flux,,7.25E+16,2.42E+18,Hz,xray,,slop
112087.056,,,s,3.39E-10,7.63E-11,7.63E-11,erg cm-2 s-1,Integrated Flux,,7.25E+16,2.42E+18,Hz,xray,,slop
112167.177,,,s,3.74E-10,8.49E-11,8.49E-11,erg cm-2 s-1,Integrated Flux,,7.25E+16,2.42E+18,Hz,xray,,slop
112243.899,,,s,2.56E-10,5.73E-11,5.73E-11,erg cm-2 s-1,Integrated Flux,,7.25E+16,2.42E+18,Hz,xray,,slop
112335.292,,,s,2.77E-10,6.40E-11,6.40E-11,erg cm-2 s-1,Integrated Flux,,7.25E+16,2.42E+18,Hz,xray,,slop
112434.207,,,s,2.98E-10,7.22E-11,7.22E-11,erg cm-2 s-1,Integrated Flux,,7.25E+16,2.42E+18,Hz,xray,,slop
112507.544,,,s,2.94E-10,6.58E-11,6.58E-11,erg cm-2 s-1,Integrated Flux,,7.25E+16,2.42E+18,Hz,xray,,slop
112579.381,,,s,4.10E-10,9.17E-11,9.17E-11,erg cm-2 s-1,Integrated Flux,,7.25E+16,2.42E+18,Hz,xray,,slop
112669.312,,,s,3.16E-10,7.13E-11,7.13E-11,erg cm-2 s-1,Integrated Flux,,7.25E+16,2.42E+18,Hz,xray,,slop
112740.35,,,s,3.65E-10,8.17E-11,8.17E-11,erg cm-2 s-1,Integrated Flux,,7.25E+16,2.42E+18,Hz,xray,,slop
112816.947,,,s,2.13E-10,5.25E-11,5.25E-11,erg cm-2 s-1,Integrated Flux,,7.25E+16,2.42E+18,Hz,xray,,slop
112922.132,,,s,3.07E-10,7.21E-11,7.21E-11,erg cm-2 s-1,Integrated Flux,,7.25E+16,2.42E+18,Hz,xray,,slop
112995.471,,,s,3.37E-10,7.65E-11,7.65E-11,erg cm-2 s-1,Integrated Flux,,7.25E+16,2.42E+18,Hz,xray,,slop
113099.952,,,s,3.67E-10,8.47E-11,8.47E-11,erg cm-2 s-1,Integrated Flux,,7.25E+16,2.42E+18,Hz,xray,,slop
113223.124,,,s,2.37E-10,5.31E-11,5.31E-11,erg cm-2 s-1,Integrated Flux,,7.25E+16,2.42E+18,Hz,xray,,slop
113351.635,,,s,3.71E-10,7.46E-11,7.46E-11,erg cm-2 s-1,Integrated Flux,,7.25E+16,2.42E+18,Hz,xray,,slop
117076.366,,,s,2.59E-10,5.89E-11,5.89E-11,erg cm-2 s-1,Integrated Flux,,7.25E+16,2.42E+18,Hz,xray,,slop
117139.276,,,s,3.28E-10,7.17E-11,7.17E-11,erg cm-2 s-1,Integrated Flux,,7.25E+16,2.42E+18,Hz,xray,,slop
117208,,,s,2.42E-10,5.61E-11,5.61E-11,erg cm-2 s-1,Integrated Flux,,7.25E+16,2.42E+18,Hz,xray,,slop
117283.028,,,s,2.63E-10,5.94E-11,5.94E-11,erg cm-2 s-1,Integrated Flux,,7.25E+16,2.42E+18,Hz,xray,,slop
117348.034,,,s,3.01E-10,6.72E-11,6.72E-11,erg cm-2 s-1,Integrated Flux,,7.25E+16,2.42E+18,Hz,xray,,slop
117398.934,,,s,5.60E-10,1.30E-10,1.30E-10,erg cm-2 s-1,Integrated Flux,,7.25E+16,2.42E+18,Hz,xray,,slop
117455.473,,,s,2.78E-10,6.32E-11,6.32E-11,erg cm-2 s-1,Integrated Flux,,7.25E+16,2.42E+18,Hz,xray,,slop
117508.879,,,s,3.60E-10,8.05E-11,8.05E-11,erg cm-2 s-1,Integrated Flux,,7.25E+16,2.42E+18,Hz,xray,,slop
117567.802,,,s,3.59E-10,8.03E-11,8.03E-11,erg cm-2 s-1,Integrated Flux,,7.25E+16,2.42E+18,Hz,xray,,slop
117613.56,,,s,3.75E-10,8.54E-11,8.54E-11,erg cm-2 s-1,Integrated Flux,,7.25E+16,2.42E+18,Hz,xray,,slop
117654.949,,,s,4.62E-10,1.03E-10,1.03E-10,erg cm-2 s-1,Integrated Flux,,7.25E+16,2.42E+18,Hz,xray,,slop
117706.581,,,s,3.05E-10,7.08E-11,7.08E-11,erg cm-2 s-1,Integrated Flux,,7.25E+16,2.42E+18,Hz,xray,,slop
117777.538,,,s,2.54E-10,5.90E-11,5.90E-11,erg cm-2 s-1,Integrated Flux,,7.25E+16,2.42E+18,Hz,xray,,slop
117846.365,,,s,3.28E-10,7.46E-11,7.46E-11,erg cm-2 s-1,Integrated Flux,,7.25E+16,2.42E+18,Hz,xray,,slop
117888.864,,,s,5.88E-10,1.32E-10,1.32E-10,erg cm-2 s-1,Integrated Flux,,7.25E+16,2.42E+18,Hz,xray,,slop
117937.439,,,s,2.96E-10,6.46E-11,6.46E-11,erg cm-2 s-1,Integrated Flux,,7.25E+16,2.42E+18,Hz,xray,,slop
117992.541,,,s,3.22E-10,7.48E-11,7.48E-11,erg cm-2 s-1,Integrated Flux,,7.25E+16,2.42E+18,Hz,xray,,slop
118049.553,,,s,4.34E-10,9.80E-11,9.80E-11,erg cm-2 s-1,Integrated Flux,,7.25E+16,2.42E+18,Hz,xray,,slop
118111.639,,,s,2.81E-10,6.28E-11,6.28E-11,erg cm-2 s-1,Integrated Flux,,7.25E+16,2.42E+18,Hz,xray,,slop
118175.7,,,s,2.36E-10,5.37E-11,5.37E-11,erg cm-2 s-1,Integrated Flux,,7.25E+16,2.42E+18,Hz,xray,,slop
118243.901,,,s,3.46E-10,7.73E-11,7.73E-11,erg cm-2 s-1,Integrated Flux,,7.25E+16,2.42E+18,Hz,xray,,slop
118318.791,,,s,2.72E-10,6.04E-11,6.04E-11,erg cm-2 s-1,Integrated Flux,,7.25E+16,2.42E+18,Hz,xray,,slop
118388.638,,,s,2.28E-10,5.16E-11,5.16E-11,erg cm-2 s-1,Integrated Flux,,7.25E+16,2.42E+18,Hz,xray,,slop
118475.2,,,s,4.28E-10,7.13E-11,7.13E-11,erg cm-2 s-1,Integrated Flux,,7.25E+16,2.42E+18,Hz,xray,,slop
124777.347,,,s,3.85E-10,8.39E-11,8.39E-11,erg cm-2 s-1,Integrated Flux,,7.25E+16,2.42E+18,Hz,xray,,slop
124813.084,,,s,3.55E-10,7.86E-11,7.86E-11,erg cm-2 s-1,Integrated Flux,,7.25E+16,2.42E+18,Hz,xray,,slop
124846.477,,,s,3.13E-10,6.99E-11,6.99E-11,erg cm-2 s-1,Integrated Flux,,7.25E+16,2.42E+18,Hz,xray,,slop
124890.355,,,s,2.78E-10,6.33E-11,6.33E-11,erg cm-2 s-1,Integrated Flux,,7.25E+16,2.42E+18,Hz,xray,,slop
124934.359,,,s,3.32E-10,7.58E-11,7.58E-11,erg cm-2 s-1,Integrated Flux,,7.25E+16,2.42E+18,Hz,xray,,slop
124982.469,,,s,2.77E-10,6.03E-11,6.03E-11,erg cm-2 s-1,Integrated Flux,,7.25E+16,2.42E+18,Hz,xray,,slop
125014.342,,,s,4.51E-10,1.01E-10,1.01E-10,erg cm-2 s-1,Integrated Flux,,7.25E+16,2.42E+18,Hz,xray,,slop
125047.063,,,s,2.94E-10,6.70E-11,6.70E-11,erg cm-2 s-1,Integrated Flux,,7.25E+16,2.42E+18,Hz,xray,,slop
125090.941,,,s,3.28E-10,7.48E-11,7.48E-11,erg cm-2 s-1,Integrated Flux,,7.25E+16,2.42E+18,Hz,xray,,slop
125137.473,,,s,3.26E-10,5.65E-11,5.65E-11,erg cm-2 s-1,Integrated Flux,,7.25E+16,2.42E+18,Hz,xray,,slop
129117.917,,,s,3.25E-10,7.26E-11,7.26E-11,erg cm-2 s-1,Integrated Flux,,7.25E+16,2.42E+18,Hz,xray,,slop
129159.161,,,s,2.60E-10,6.04E-11,6.04E-11,erg cm-2 s-1,Integrated Flux,,7.25E+16,2.42E+18,Hz,xray,,slop
129203.587,,,s,3.60E-10,7.67E-11,7.67E-11,erg cm-2 s-1,Integrated Flux,,7.25E+16,2.42E+18,Hz,xray,,slop
129243.533,,,s,3.29E-10,7.35E-11,7.35E-11,erg cm-2 s-1,Integrated Flux,,7.25E+16,2.42E+18,Hz,xray,,slop
129296.358,,,s,2.29E-10,5.25E-11,5.25E-11,erg cm-2 s-1,Integrated Flux,,7.25E+16,2.42E+18,Hz,xray,,slop
129337.307,,,s,2.68E-10,6.12E-11,6.12E-11,erg cm-2 s-1,Integrated Flux,,7.25E+16,2.42E+18,Hz,xray,,slop
129382.176,,,s,3.14E-10,6.81E-11,6.81E-11,erg cm-2 s-1,Integrated Flux,,7.25E+16,2.42E+18,Hz,xray,,slop
129430.271,,,s,2.66E-10,5.77E-11,5.77E-11,erg cm-2 s-1,Integrated Flux,,7.25E+16,2.42E+18,Hz,xray,,slop
129472.896,,,s,3.82E-10,8.29E-11,8.29E-11,erg cm-2 s-1,Integrated Flux,,7.25E+16,2.42E+18,Hz,xray,,slop
129509.309,,,s,2.81E-10,6.54E-11,6.54E-11,erg cm-2 s-1,Integrated Flux,,7.25E+16,2.42E+18,Hz,xray,,slop
129553.94,,,s,2.69E-10,6.12E-11,6.12E-11,erg cm-2 s-1,Integrated Flux,,7.25E+16,2.42E+18,Hz,xray,,slop
129599.572,,,s,2.07E-10,4.81E-11,4.81E-11,erg cm-2 s-1,Integrated Flux,,7.25E+16,2.42E+18,Hz,xray,,slop
129655.54,,,s,2.97E-10,6.60E-11,6.60E-11,erg cm-2 s-1,Integrated Flux,,7.25E+16,2.42E+18,Hz,xray,,slop
129695.592,,,s,3.13E-10,6.80E-11,6.80E-11,erg cm-2 s-1,Integrated Flux,,7.25E+16,2.42E+18,Hz,xray,,slop
129742.58,,,s,2.25E-10,5.09E-11,5.09E-11,erg cm-2 s-1,Integrated Flux,,7.25E+16,2.42E+18,Hz,xray,,slop
129799.783,,,s,2.84E-10,6.49E-11,6.49E-11,erg cm-2 s-1,Integrated Flux,,7.25E+16,2.42E+18,Hz,xray,,slop
129830.456,,,s,5.14E-10,1.12E-10,1.12E-10,erg cm-2 s-1,Integrated Flux,,7.25E+16,2.42E+18,Hz,xray,,slop
129888.791,,,s,2.67E-10,4.45E-11,4.45E-11,erg cm-2 s-1,Integrated Flux,,7.25E+16,2.42E+18,Hz,xray,,slop
134221.12,,,s,2.43E-10,5.54E-11,5.54E-11,erg cm-2 s-1,Integrated Flux,,7.25E+16,2.42E+18,Hz,xray,,slop
134251.333,,,s,1.85E-10,4.30E-11,4.30E-11,erg cm-2 s-1,Integrated Flux,,7.25E+16,2.42E+18,Hz,xray,,slop
134303.486,,,s,1.87E-10,4.34E-11,4.34E-11,erg cm-2 s-1,Integrated Flux,,7.25E+16,2.42E+18,Hz,xray,,slop
134337.962,,,s,3.48E-10,7.79E-11,7.79E-11,erg cm-2 s-1,Integrated Flux,,7.25E+16,2.42E+18,Hz,xray,,slop
134368.699,,,s,2.50E-10,5.41E-11,5.41E-11,erg cm-2 s-1,Integrated Flux,,7.25E+16,2.42E+18,Hz,xray,,slop
134399.243,,,s,3.38E-10,7.33E-11,7.33E-11,erg cm-2 s-1,Integrated Flux,,7.25E+16,2.42E+18,Hz,xray,,slop
134437.764,,,s,1.83E-10,4.03E-11,4.03E-11,erg cm-2 s-1,Integrated Flux,,7.25E+16,2.42E+18,Hz,xray,,slop
134489.779,,,s,1.57E-10,3.51E-11,3.51E-11,erg cm-2 s-1,Integrated Flux,,7.25E+16,2.42E+18,Hz,xray,,slop
134549.573,,,s,1.56E-10,3.47E-11,3.47E-11,erg cm-2 s-1,Integrated Flux,,7.25E+16,2.42E+18,Hz,xray,,slop
134593.207,,,s,2.65E-10,5.92E-11,5.92E-11,erg cm-2 s-1,Integrated Flux,,7.25E+16,2.42E+18,Hz,xray,,slop
134625.987,,,s,2.40E-10,5.34E-11,5.34E-11,erg cm-2 s-1,Integrated Flux,,7.25E+16,2.42E+18,Hz,xray,,slop
134662.283,,,s,3.04E-10,6.64E-11,6.64E-11,erg cm-2 s-1,Integrated Flux,,7.25E+16,2.42E+18,Hz,xray,,slop
134701.087,,,s,2.07E-10,4.59E-11,4.59E-11,erg cm-2 s-1,Integrated Flux,,7.25E+16,2.42E+18,Hz,xray,,slop
134744.113,,,s,2.14E-10,4.73E-11,4.73E-11,erg cm-2 s-1,Integrated Flux,,7.25E+16,2.42E+18,Hz,xray,,slop
134791.786,,,s,1.56E-10,3.49E-11,3.49E-11,erg cm-2 s-1,Integrated Flux,,7.25E+16,2.42E+18,Hz,xray,,slop
134836.918,,,s,2.01E-10,4.49E-11,4.49E-11,erg cm-2 s-1,Integrated Flux,,7.25E+16,2.42E+18,Hz,xray,,slop
134874.904,,,s,2.28E-10,5.11E-11,5.11E-11,erg cm-2 s-1,Integrated Flux,,7.25E+16,2.42E+18,Hz,xray,,slop
134931.471,,,s,2.09E-10,3.56E-11,3.56E-11,erg cm-2 s-1,Integrated Flux,,7.25E+16,2.42E+18,Hz,xray,,slop
142063.79,,,s,5.28E-10,1.20E-10,1.20E-10,erg cm-2 s-1,Integrated Flux,,7.25E+16,2.42E+18,Hz,xray,,slop
142093.573,,,s,3.52E-10,7.82E-11,7.82E-11,erg cm-2 s-1,Integrated Flux,,7.25E+16,2.42E+18,Hz,xray,,slop
142133.368,,,s,2.85E-10,6.48E-11,6.48E-11,erg cm-2 s-1,Integrated Flux,,7.25E+16,2.42E+18,Hz,xray,,slop
142175.992,,,s,3.20E-10,7.42E-11,7.42E-11,erg cm-2 s-1,Integrated Flux,,7.25E+16,2.42E+18,Hz,xray,,slop
142224.909,,,s,2.77E-10,6.05E-11,6.05E-11,erg cm-2 s-1,Integrated Flux,,7.25E+16,2.42E+18,Hz,xray,,slop
142277.443,,,s,2.42E-10,5.56E-11,5.56E-11,erg cm-2 s-1,Integrated Flux,,7.25E+16,2.42E+18,Hz,xray,,slop
142356.633,,,s,1.64E-10,3.30E-11,3.30E-11,erg cm-2 s-1,Integrated Flux,,7.25E+16,2.42E+18,Hz,xray,,slop
145898.521,,,s,2.28E-10,5.35E-11,5.35E-11,erg cm-2 s-1,Integrated Flux,,7.25E+16,2.42E+18,Hz,xray,,slop
145990.053,,,s,3.67E-10,8.13E-11,8.13E-11,erg cm-2 s-1,Integrated Flux,,7.25E+16,2.42E+18,Hz,xray,,slop
146049.089,,,s,4.51E-10,1.02E-10,1.02E-10,erg cm-2 s-1,Integrated Flux,,7.25E+16,2.42E+18,Hz,xray,,slop
146116.284,,,s,2.97E-10,6.75E-11,6.75E-11,erg cm-2 s-1,Integrated Flux,,7.25E+16,2.42E+18,Hz,xray,,slop
146206.039,,,s,2.86E-10,6.33E-11,6.33E-11,erg cm-2 s-1,Integrated Flux,,7.25E+16,2.42E+18,Hz,xray,,slop
146296.304,,,s,3.61E-10,7.88E-11,7.88E-11,erg cm-2 s-1,Integrated Flux,,7.25E+16,2.42E+18,Hz,xray,,slop
146386.949,,,s,2.52E-10,6.25E-11,6.25E-11,erg cm-2 s-1,Integrated Flux,,7.25E+16,2.42E+18,Hz,xray,,slop
146492.755,,,s,1.79E-10,4.22E-11,4.22E-11,erg cm-2 s-1,Integrated Flux,,7.25E+16,2.42E+18,Hz,xray,,slop
146591.422,,,s,3.25E-10,7.40E-11,7.40E-11,erg cm-2 s-1,Integrated Flux,,7.25E+16,2.42E+18,Hz,xray,,slop
146674.914,,,s,2.20E-10,5.45E-11,5.45E-11,erg cm-2 s-1,Integrated Flux,,7.25E+16,2.42E+18,Hz,xray,,slop
146797.02,,,s,2.11E-10,5.06E-11,5.06E-11,erg cm-2 s-1,Integrated Flux,,7.25E+16,2.42E+18,Hz,xray,,slop
146890.776,,,s,2.39E-10,5.57E-11,5.57E-11,erg cm-2 s-1,Integrated Flux,,7.25E+16,2.42E+18,Hz,xray,,slop
146987.83,,,s,3.13E-10,7.12E-11,7.12E-11,erg cm-2 s-1,Integrated Flux,,7.25E+16,2.42E+18,Hz,xray,,slop
147088.747,,,s,1.93E-10,4.69E-11,4.69E-11,erg cm-2 s-1,Integrated Flux,,7.25E+16,2.42E+18,Hz,xray,,slop
147183.652,,,s,2.85E-10,6.37E-11,6.37E-11,erg cm-2 s-1,Integrated Flux,,7.25E+16,2.42E+18,Hz,xray,,slop
147283.613,,,s,2.32E-10,5.18E-11,5.18E-11,erg cm-2 s-1,Integrated Flux,,7.25E+16,2.42E+18,Hz,xray,,slop
152296.619,,,s,2.08E-10,4.83E-11,4.83E-11,erg cm-2 s-1,Integrated Flux,,7.25E+16,2.42E+18,Hz,xray,,slop
152361.81,,,s,2.23E-10,5.27E-11,5.27E-11,erg cm-2 s-1,Integrated Flux,,7.25E+16,2.42E+18,Hz,xray,,slop
152417.723,,,s,2.68E-10,6.59E-11,6.59E-11,erg cm-2 s-1,Integrated Flux,,7.25E+16,2.42E+18,Hz,xray,,slop
152479.403,,,s,2.05E-10,4.59E-11,4.59E-11,erg cm-2 s-1,Integrated Flux,,7.25E+16,2.42E+18,Hz,xray,,slop
152549.942,,,s,2.49E-10,5.23E-11,5.23E-11,erg cm-2 s-1,Integrated Flux,,7.25E+16,2.42E+18,Hz,xray,,slop
152595.242,,,s,3.62E-10,8.25E-11,8.25E-11,erg cm-2 s-1,Integrated Flux,,7.25E+16,2.42E+18,Hz,xray,,slop
152634.857,,,s,2.91E-10,6.50E-11,6.50E-11,erg cm-2 s-1,Integrated Flux,,7.25E+16,2.42E+18,Hz,xray,,slop
152686.006,,,s,1.99E-10,4.62E-11,4.62E-11,erg cm-2 s-1,Integrated Flux,,7.25E+16,2.42E+18,Hz,xray,,slop
152775.141,,,s,1.59E-10,3.68E-11,3.68E-11,erg cm-2 s-1,Integrated Flux,,7.25E+16,2.42E+18,Hz,xray,,slop
152853.996,,,s,1.54E-10,3.70E-11,3.70E-11,erg cm-2 s-1,Integrated Flux,,7.25E+16,2.42E+18,Hz,xray,,slop
152931.724,,,s,2.25E-10,5.23E-11,5.23E-11,erg cm-2 s-1,Integrated Flux,,7.25E+16,2.42E+18,Hz,xray,,slop
152991.649,,,s,1.70E-10,3.94E-11,3.94E-11,erg cm-2 s-1,Integrated Flux,,7.25E+16,2.42E+18,Hz,xray,,slop
153069.705,,,s,2.55E-10,5.76E-11,5.76E-11,erg cm-2 s-1,Integrated Flux,,7.25E+16,2.42E+18,Hz,xray,,slop
153115.387,,,s,3.20E-10,7.41E-11,7.41E-11,erg cm-2 s-1,Integrated Flux,,7.25E+16,2.42E+18,Hz,xray,,slop
153163.55,,,s,2.16E-10,4.96E-11,4.96E-11,erg cm-2 s-1,Integrated Flux,,7.25E+16,2.42E+18,Hz,xray,,slop
153235.11,,,s,1.72E-10,3.91E-11,3.91E-11,erg cm-2 s-1,Integrated Flux,,7.25E+16,2.42E+18,Hz,xray,,slop
153296.165,,,s,5.04E-10,1.13E-10,1.13E-10,erg cm-2 s-1,Integrated Flux,,7.25E+16,2.42E+18,Hz,xray,,slop
153336.031,,,s,2.64E-10,5.91E-11,5.91E-11,erg cm-2 s-1,Integrated Flux,,7.25E+16,2.42E+18,Hz,xray,,slop
153427.533,,,s,1.23E-10,2.88E-11,2.88E-11,erg cm-2 s-1,Integrated Flux,,7.25E+16,2.42E+18,Hz,xray,,slop
153505.902,,,s,2.39E-10,5.45E-11,5.45E-11,erg cm-2 s-1,Integrated Flux,,7.25E+16,2.42E+18,Hz,xray,,slop
153570.089,,,s,1.72E-10,4.07E-11,4.07E-11,erg cm-2 s-1,Integrated Flux,,7.25E+16,2.42E+18,Hz,xray,,slop
153635.733,,,s,3.13E-10,6.75E-11,6.75E-11,erg cm-2 s-1,Integrated Flux,,7.25E+16,2.42E+18,Hz,xray,,slop
153705.145,,,s,1.90E-10,3.86E-11,3.86E-11,erg cm-2 s-1,Integrated Flux,,7.25E+16,2.42E+18,Hz,xray,,slop
158321.245,,,s,2.39E-10,5.55E-11,5.55E-11,erg cm-2 s-1,Integrated Flux,,7.25E+16,2.42E+18,Hz,xray,,slop
158386.31,,,s,2.90E-10,6.73E-11,6.73E-11,erg cm-2 s-1,Integrated Flux,,7.25E+16,2.42E+18,Hz,xray,,slop
158453.256,,,s,2.71E-10,6.16E-11,6.16E-11,erg cm-2 s-1,Integrated Flux,,7.25E+16,2.42E+18,Hz,xray,,slop
158501.737,,,s,3.30E-10,7.21E-11,7.21E-11,erg cm-2 s-1,Integrated Flux,,7.25E+16,2.42E+18,Hz,xray,,slop
158595.581,,,s,1.96E-10,4.43E-11,4.43E-11,erg cm-2 s-1,Integrated Flux,,7.25E+16,2.42E+18,Hz,xray,,slop
158649.83,,,s,2.87E-10,6.41E-11,6.41E-11,erg cm-2 s-1,Integrated Flux,,7.25E+16,2.42E+18,Hz,xray,,slop
158712.352,,,s,3.04E-10,7.27E-11,7.27E-11,erg cm-2 s-1,Integrated Flux,,7.25E+16,2.42E+18,Hz,xray,,slop
158787.482,,,s,2.23E-10,5.39E-11,5.39E-11,erg cm-2 s-1,Integrated Flux,,7.25E+16,2.42E+18,Hz,xray,,slop
158841.891,,,s,3.23E-10,7.36E-11,7.36E-11,erg cm-2 s-1,Integrated Flux,,7.25E+16,2.42E+18,Hz,xray,,slop
158902.192,,,s,2.41E-10,5.48E-11,5.48E-11,erg cm-2 s-1,Integrated Flux,,7.25E+16,2.42E+18,Hz,xray,,slop
158959.622,,,s,3.77E-10,8.22E-11,8.22E-11,erg cm-2 s-1,Integrated Flux,,7.25E+16,2.42E+18,Hz,xray,,slop
159011.762,,,s,2.66E-10,6.17E-11,6.17E-11,erg cm-2 s-1,Integrated Flux,,7.25E+16,2.42E+18,Hz,xray,,slop
159075.323,,,s,3.25E-10,7.26E-11,7.26E-11,erg cm-2 s-1,Integrated Flux,,7.25E+16,2.42E+18,Hz,xray,,slop
159139.134,,,s,2.36E-10,5.29E-11,5.29E-11,erg cm-2 s-1,Integrated Flux,,7.25E+16,2.42E+18,Hz,xray,,slop
159217.237,,,s,2.21E-10,5.13E-11,5.13E-11,erg cm-2 s-1,Integrated Flux,,7.25E+16,2.42E+18,Hz,xray,,slop
159312.762,,,s,1.32E-10,3.00E-11,3.00E-11,erg cm-2 s-1,Integrated Flux,,7.25E+16,2.42E+18,Hz,xray,,slop
159447.768,,,s,2.00E-10,3.50E-11,3.50E-11,erg cm-2 s-1,Integrated Flux,,7.25E+16,2.42E+18,Hz,xray,,slop
163873.269,,,s,1.47E-10,3.36E-11,3.36E-11,erg cm-2 s-1,Integrated Flux,,7.25E+16,2.42E+18,Hz,xray,,slop
163939.212,,,s,2.16E-10,5.00E-11,5.00E-11,erg cm-2 s-1,Integrated Flux,,7.25E+16,2.42E+18,Hz,xray,,slop
163990.988,,,s,2.24E-10,5.00E-11,5.00E-11,erg cm-2 s-1,Integrated Flux,,7.25E+16,2.42E+18,Hz,xray,,slop
164049.283,,,s,1.76E-10,3.93E-11,3.93E-11,erg cm-2 s-1,Integrated Flux,,7.25E+16,2.42E+18,Hz,xray,,slop
164125.506,,,s,1.59E-10,3.55E-11,3.55E-11,erg cm-2 s-1,Integrated Flux,,7.25E+16,2.42E+18,Hz,xray,,slop
164186.184,,,s,2.85E-10,6.49E-11,6.49E-11,erg cm-2 s-1,Integrated Flux,,7.25E+16,2.42E+18,Hz,xray,,slop
164254.006,,,s,1.32E-10,3.11E-11,3.11E-11,erg cm-2 s-1,Integrated Flux,,7.25E+16,2.42E+18,Hz,xray,,slop
164316.231,,,s,2.98E-10,6.60E-11,6.60E-11,erg cm-2 s-1,Integrated Flux,,7.25E+16,2.42E+18,Hz,xray,,slop
164376.883,,,s,1.64E-10,3.64E-11,3.64E-11,erg cm-2 s-1,Integrated Flux,,7.25E+16,2.42E+18,Hz,xray,,slop
164456.097,,,s,1.72E-10,3.97E-11,3.97E-11,erg cm-2 s-1,Integrated Flux,,7.25E+16,2.42E+18,Hz,xray,,slop
164518.529,,,s,1.90E-10,4.24E-11,4.24E-11,erg cm-2 s-1,Integrated Flux,,7.25E+16,2.42E+18,Hz,xray,,slop
164578.455,,,s,2.60E-10,6.15E-11,6.15E-11,erg cm-2 s-1,Integrated Flux,,7.25E+16,2.42E+18,Hz,xray,,slop
164622.333,,,s,2.13E-10,5.02E-11,5.02E-11,erg cm-2 s-1,Integrated Flux,,7.25E+16,2.42E+18,Hz,xray,,slop
164679.375,,,s,2.33E-10,5.21E-11,5.21E-11,erg cm-2 s-1,Integrated Flux,,7.25E+16,2.42E+18,Hz,xray,,slop
164733.658,,,s,1.74E-10,4.10E-11,4.10E-11,erg cm-2 s-1,Integrated Flux,,7.25E+16,2.42E+18,Hz,xray,,slop
164799.601,,,s,2.52E-10,5.74E-11,5.74E-11,erg cm-2 s-1,Integrated Flux,,7.25E+16,2.42E+18,Hz,xray,,slop
164860.277,,,s,1.46E-10,3.44E-11,3.44E-11,erg cm-2 s-1,Integrated Flux,,7.25E+16,2.42E+18,Hz,xray,,slop
164935.498,,,s,1.87E-10,4.26E-11,4.26E-11,erg cm-2 s-1,Integrated Flux,,7.25E+16,2.42E+18,Hz,xray,,slop
165000.062,,,s,2.21E-10,4.94E-11,4.94E-11,erg cm-2 s-1,Integrated Flux,,7.25E+16,2.42E+18,Hz,xray,,slop
165044.943,,,s,2.53E-10,5.77E-11,5.77E-11,erg cm-2 s-1,Integrated Flux,,7.25E+16,2.42E+18,Hz,xray,,slop
165102.862,,,s,1.67E-10,3.88E-11,3.88E-11,erg cm-2 s-1,Integrated Flux,,7.25E+16,2.42E+18,Hz,xray,,slop
165202.964,,,s,1.79E-10,2.97E-11,2.97E-11,erg cm-2 s-1,Integrated Flux,,7.25E+16,2.42E+18,Hz,xray,,slop
168684.093,,,s,1.91E-10,4.44E-11,4.44E-11,erg cm-2 s-1,Integrated Flux,,7.25E+16,2.42E+18,Hz,xray,,slop
168746.401,,,s,3.25E-10,7.41E-11,7.41E-11,erg cm-2 s-1,Integrated Flux,,7.25E+16,2.42E+18,Hz,xray,,slop
168816.731,,,s,2.27E-10,5.08E-11,5.08E-11,erg cm-2 s-1,Integrated Flux,,7.25E+16,2.42E+18,Hz,xray,,slop
168879.414,,,s,2.30E-10,5.23E-11,5.23E-11,erg cm-2 s-1,Integrated Flux,,7.25E+16,2.42E+18,Hz,xray,,slop
168938.587,,,s,3.94E-10,8.80E-11,8.80E-11,erg cm-2 s-1,Integrated Flux,,7.25E+16,2.42E+18,Hz,xray,,slop
168996.004,,,s,2.29E-10,5.33E-11,5.33E-11,erg cm-2 s-1,Integrated Flux,,7.25E+16,2.42E+18,Hz,xray,,slop
169066.21,,,s,2.68E-10,6.23E-11,6.23E-11,erg cm-2 s-1,Integrated Flux,,7.25E+16,2.42E+18,Hz,xray,,slop
169137.12,,,s,2.01E-10,4.35E-11,4.35E-11,erg cm-2 s-1,Integrated Flux,,7.25E+16,2.42E+18,Hz,xray,,slop
169219.407,,,s,2.57E-10,5.97E-11,5.97E-11,erg cm-2 s-1,Integrated Flux,,7.25E+16,2.42E+18,Hz,xray,,slop
169303.878,,,s,1.76E-10,3.97E-11,3.97E-11,erg cm-2 s-1,Integrated Flux,,7.25E+16,2.42E+18,Hz,xray,,slop
169376.115,,,s,2.72E-10,6.44E-11,6.44E-11,erg cm-2 s-1,Integrated Flux,,7.25E+16,2.42E+18,Hz,xray,,slop
169438.678,,,s,2.61E-10,5.81E-11,5.81E-11,erg cm-2 s-1,Integrated Flux,,7.25E+16,2.42E+18,Hz,xray,,slop
169513.515,,,s,1.94E-10,4.42E-11,4.42E-11,erg cm-2 s-1,Integrated Flux,,7.25E+16,2.42E+18,Hz,xray,,slop
169580.712,,,s,2.25E-10,5.23E-11,5.23E-11,erg cm-2 s-1,Integrated Flux,,7.25E+16,2.42E+18,Hz,xray,,slop
169640.262,,,s,3.57E-10,8.13E-11,8.13E-11,erg cm-2 s-1,Integrated Flux,,7.25E+16,2.42E+18,Hz,xray,,slop
169711.217,,,s,1.77E-10,4.11E-11,4.11E-11,erg cm-2 s-1,Integrated Flux,,7.25E+16,2.42E+18,Hz,xray,,slop
169781.705,,,s,3.50E-10,7.93E-11,7.93E-11,erg cm-2 s-1,Integrated Flux,,7.25E+16,2.42E+18,Hz,xray,,slop
169836.268,,,s,2.65E-10,5.77E-11,5.77E-11,erg cm-2 s-1,Integrated Flux,,7.25E+16,2.42E+18,Hz,xray,,slop
169916.328,,,s,1.99E-10,4.31E-11,4.31E-11,erg cm-2 s-1,Integrated Flux,,7.25E+16,2.42E+18,Hz,xray,,slop
169994.826,,,s,2.25E-10,5.01E-11,5.01E-11,erg cm-2 s-1,Integrated Flux,,7.25E+16,2.42E+18,Hz,xray,,slop
170079.598,,,s,2.19E-10,4.49E-11,4.49E-11,erg cm-2 s-1,Integrated Flux,,7.25E+16,2.42E+18,Hz,xray,,slop
174503.921,,,s,1.70E-10,3.96E-11,3.96E-11,erg cm-2 s-1,Integrated Flux,,7.25E+16,2.42E+18,Hz,xray,,slop
174539.65,,,s,1.29E-10,3.07E-11,3.07E-11,erg cm-2 s-1,Integrated Flux,,7.25E+16,2.42E+18,Hz,xray,,slop
174577.808,,,s,1.96E-10,4.33E-11,4.33E-11,erg cm-2 s-1,Integrated Flux,,7.25E+16,2.42E+18,Hz,xray,,slop
174619.097,,,s,1.16E-10,2.58E-11,2.58E-11,erg cm-2 s-1,Integrated Flux,,7.25E+16,2.42E+18,Hz,xray,,slop
174660.527,,,s,1.37E-10,3.11E-11,3.11E-11,erg cm-2 s-1,Integrated Flux,,7.25E+16,2.42E+18,Hz,xray,,slop
174694.958,,,s,2.33E-10,4.83E-11,4.83E-11,erg cm-2 s-1,Integrated Flux,,7.25E+16,2.42E+18,Hz,xray,,slop
174716.166,,,s,2.41E-10,5.38E-11,5.38E-11,erg cm-2 s-1,Integrated Flux,,7.25E+16,2.42E+18,Hz,xray,,slop
174756.411,,,s,1.71E-10,2.83E-11,2.83E-11,erg cm-2 s-1,Integrated Flux,,7.25E+16,2.42E+18,Hz,xray,,slop
215929.359,,,s,1.21E-10,2.68E-11,2.68E-11,erg cm-2 s-1,Integrated Flux,,7.25E+16,2.42E+18,Hz,xray,,slop
215995.718,,,s,1.41E-10,2.44E-11,2.44E-11,erg cm-2 s-1,Integrated Flux,,7.25E+16,2.42E+18,Hz,xray,,slop
221382.544,,,s,1.11E-10,2.88E-11,2.88E-11,erg cm-2 s-1,Integrated Flux,,7.25E+16,2.42E+18,Hz,xray,,slop
221469.698,,,s,1.11E-10,2.51E-11,2.51E-11,erg cm-2 s-1,Integrated Flux,,7.25E+16,2.42E+18,Hz,xray,,slop
221545.646,,,s,1.65E-10,3.69E-11,3.69E-11,erg cm-2 s-1,Integrated Flux,,7.25E+16,2.42E+18,Hz,xray,,slop
221618.234,,,s,1.66E-10,3.87E-11,3.87E-11,erg cm-2 s-1,Integrated Flux,,7.25E+16,2.42E+18,Hz,xray,,slop
221680.916,,,s,1.24E-10,2.82E-11,2.82E-11,erg cm-2 s-1,Integrated Flux,,7.25E+16,2.42E+18,Hz,xray,,slop
221773.8,,,s,1.09E-10,2.53E-11,2.53E-11,erg cm-2 s-1,Integrated Flux,,7.25E+16,2.42E+18,Hz,xray,,slop
221855.551,,,s,1.05E-10,2.60E-11,2.60E-11,erg cm-2 s-1,Integrated Flux,,7.25E+16,2.42E+18,Hz,xray,,slop
221947.32,,,s,1.31E-10,2.99E-11,2.99E-11,erg cm-2 s-1,Integrated Flux,,7.25E+16,2.42E+18,Hz,xray,,slop
222028.114,,,s,1.22E-10,2.93E-11,2.93E-11,erg cm-2 s-1,Integrated Flux,,7.25E+16,2.42E+18,Hz,xray,,slop
222118.139,,,s,1.15E-10,2.76E-11,2.76E-11,erg cm-2 s-1,Integrated Flux,,7.25E+16,2.42E+18,Hz,xray,,slop
222198.494,,,s,1.31E-10,2.92E-11,2.92E-11,erg cm-2 s-1,Integrated Flux,,7.25E+16,2.42E+18,Hz,xray,,slop
222275.266,,,s,1.45E-10,3.34E-11,3.34E-11,erg cm-2 s-1,Integrated Flux,,7.25E+16,2.42E+18,Hz,xray,,slop
222368.404,,,s,1.22E-10,2.20E-11,2.20E-11,erg cm-2 s-1,Integrated Flux,,7.25E+16,2.42E+18,Hz,xray,,slop
227069.836,,,s,1.62E-10,3.62E-11,3.62E-11,erg cm-2 s-1,Integrated Flux,,7.25E+16,2.42E+18,Hz,xray,,slop
227128.256,,,s,1.17E-10,2.61E-11,2.61E-11,erg cm-2 s-1,Integrated Flux,,7.25E+16,2.42E+18,Hz,xray,,slop
227193.918,,,s,1.75E-10,3.90E-11,3.90E-11,erg cm-2 s-1,Integrated Flux,,7.25E+16,2.42E+18,Hz,xray,,slop
227237.856,,,s,2.00E-10,4.36E-11,4.36E-11,erg cm-2 s-1,Integrated Flux,,7.25E+16,2.42E+18,Hz,xray,,slop
227283.585,,,s,1.62E-10,3.63E-11,3.63E-11,erg cm-2 s-1,Integrated Flux,,7.25E+16,2.42E+18,Hz,xray,,slop
227338.996,,,s,1.17E-10,2.73E-11,2.73E-11,erg cm-2 s-1,Integrated Flux,,7.25E+16,2.42E+18,Hz,xray,,slop
227402.432,,,s,1.29E-10,2.94E-11,2.94E-11,erg cm-2 s-1,Integrated Flux,,7.25E+16,2.42E+18,Hz,xray,,slop
227461.103,,,s,1.48E-10,3.32E-11,3.32E-11,erg cm-2 s-1,Integrated Flux,,7.25E+16,2.42E+18,Hz,xray,,slop
227517.96,,,s,1.77E-10,3.95E-11,3.95E-11,erg cm-2 s-1,Integrated Flux,,7.25E+16,2.42E+18,Hz,xray,,slop
227567.151,,,s,1.40E-10,3.12E-11,3.12E-11,erg cm-2 s-1,Integrated Flux,,7.25E+16,2.42E+18,Hz,xray,,slop
227613.173,,,s,1.84E-10,4.29E-11,4.29E-11,erg cm-2 s-1,Integrated Flux,,7.25E+16,2.42E+18,Hz,xray,,slop
227664.34,,,s,2.01E-10,4.48E-11,4.48E-11,erg cm-2 s-1,Integrated Flux,,7.25E+16,2.42E+18,Hz,xray,,slop
227708.039,,,s,1.79E-10,3.98E-11,3.98E-11,erg cm-2 s-1,Integrated Flux,,7.25E+16,2.42E+18,Hz,xray,,slop
227758.598,,,s,1.61E-10,3.67E-11,3.67E-11,erg cm-2 s-1,Integrated Flux,,7.25E+16,2.42E+18,Hz,xray,,slop
227831.433,,,s,7.21E-11,1.72E-11,1.72E-11,erg cm-2 s-1,Integrated Flux,,7.25E+16,2.42E+18,Hz,xray,,slop
227918.439,,,s,1.30E-10,3.04E-11,3.04E-11,erg cm-2 s-1,Integrated Flux,,7.25E+16,2.42E+18,Hz,xray,,slop
227990.566,,,s,1.49E-10,2.80E-11,2.80E-11,erg cm-2 s-1,Integrated Flux,,7.25E+16,2.42E+18,Hz,xray,,slop
243569.994,,,s,1.18E-10,2.64E-11,2.64E-11,erg cm-2 s-1,Integrated Flux,,7.25E+16,2.42E+18,Hz,xray,,slop
243609.317,,,s,1.14E-10,2.49E-11,2.49E-11,erg cm-2 s-1,Integrated Flux,,7.25E+16,2.42E+18,Hz,xray,,slop
243660.508,,,s,8.74E-11,2.10E-11,2.10E-11,erg cm-2 s-1,Integrated Flux,,7.25E+16,2.42E+18,Hz,xray,,slop
243715.293,,,s,1.08E-10,2.41E-11,2.41E-11,erg cm-2 s-1,Integrated Flux,,7.25E+16,2.42E+18,Hz,xray,,slop
243754.742,,,s,1.41E-10,3.08E-11,3.08E-11,erg cm-2 s-1,Integrated Flux,,7.25E+16,2.42E+18,Hz,xray,,slop
243799.664,,,s,8.68E-11,1.98E-11,1.98E-11,erg cm-2 s-1,Integrated Flux,,7.25E+16,2.42E+18,Hz,xray,,slop
243850.855,,,s,1.44E-10,3.14E-11,3.14E-11,erg cm-2 s-1,Integrated Flux,,7.25E+16,2.42E+18,Hz,xray,,slop
243898.578,,,s,9.56E-11,2.29E-11,2.29E-11,erg cm-2 s-1,Integrated Flux,,7.25E+16,2.42E+18,Hz,xray,,slop
243957.625,,,s,1.13E-10,2.08E-11,2.08E-11,erg cm-2 s-1,Integrated Flux,,7.25E+16,2.42E+18,Hz,xray,,slop
249007.638,,,s,9.55E-11,2.23E-11,2.23E-11,erg cm-2 s-1,Integrated Flux,,7.25E+16,2.42E+18,Hz,xray,,slop
249055.688,,,s,9.29E-11,2.11E-11,2.11E-11,erg cm-2 s-1,Integrated Flux,,7.25E+16,2.42E+18,Hz,xray,,slop
249108.261,,,s,1.06E-10,2.31E-11,2.31E-11,erg cm-2 s-1,Integrated Flux,,7.25E+16,2.42E+18,Hz,xray,,slop
249149.427,,,s,1.53E-10,3.43E-11,3.43E-11,erg cm-2 s-1,Integrated Flux,,7.25E+16,2.42E+18,Hz,xray,,slop
249198.964,,,s,8.04E-11,1.75E-11,1.75E-11,erg cm-2 s-1,Integrated Flux,,7.25E+16,2.42E+18,Hz,xray,,slop
249244.83,,,s,1.74E-10,3.98E-11,3.98E-11,erg cm-2 s-1,Integrated Flux,,7.25E+16,2.42E+18,Hz,xray,,slop
249279.556,,,s,1.04E-10,2.48E-11,2.48E-11,erg cm-2 s-1,Integrated Flux,,7.25E+16,2.42E+18,Hz,xray,,slop
249326.694,,,s,9.64E-11,2.20E-11,2.20E-11,erg cm-2 s-1,Integrated Flux,,7.25E+16,2.42E+18,Hz,xray,,slop
249382.231,,,s,1.10E-10,2.46E-11,2.46E-11,erg cm-2 s-1,Integrated Flux,,7.25E+16,2.42E+18,Hz,xray,,slop
249422.587,,,s,1.02E-10,2.32E-11,2.32E-11,erg cm-2 s-1,Integrated Flux,,7.25E+16,2.42E+18,Hz,xray,,slop
249484.053,,,s,1.00E-10,2.04E-11,2.04E-11,erg cm-2 s-1,Integrated Flux,,7.25E+16,2.42E+18,Hz,xray,,slop
261642.312,,,s,1.57E-10,3.67E-11,3.67E-11,erg cm-2 s-1,Integrated Flux,,7.25E+16,2.42E+18,Hz,xray,,slop
261712.141,,,s,8.62E-11,2.01E-11,2.01E-11,erg cm-2 s-1,Integrated Flux,,7.25E+16,2.42E+18,Hz,xray,,slop
261807.974,,,s,9.38E-11,2.05E-11,2.05E-11,erg cm-2 s-1,Integrated Flux,,7.25E+16,2.42E+18,Hz,xray,,slop
261894.298,,,s,1.18E-10,2.41E-11,2.41E-11,erg cm-2 s-1,Integrated Flux,,7.25E+16,2.42E+18,Hz,xray,,slop
278117.953,,,s,5.45E-11,1.24E-11,1.24E-11,erg cm-2 s-1,Integrated Flux,,7.25E+16,2.42E+18,Hz,xray,,slop
278189.663,,,s,9.36E-11,2.18E-11,2.18E-11,erg cm-2 s-1,Integrated Flux,,7.25E+16,2.42E+18,Hz,xray,,slop
278248.943,,,s,7.46E-11,1.73E-11,1.73E-11,erg cm-2 s-1,Integrated Flux,,7.25E+16,2.42E+18,Hz,xray,,slop
278309.513,,,s,1.00E-10,2.28E-11,2.28E-11,erg cm-2 s-1,Integrated Flux,,7.25E+16,2.42E+18,Hz,xray,,slop
278359.409,,,s,9.78E-11,2.28E-11,2.28E-11,erg cm-2 s-1,Integrated Flux,,7.25E+16,2.42E+18,Hz,xray,,slop
278413.316,,,s,9.64E-11,2.16E-11,2.16E-11,erg cm-2 s-1,Integrated Flux,,7.25E+16,2.42E+18,Hz,xray,,slop
278470.985,,,s,8.69E-11,1.94E-11,1.94E-11,erg cm-2 s-1,Integrated Flux,,7.25E+16,2.42E+18,Hz,xray,,slop
278532.665,,,s,6.80E-11,1.62E-11,1.62E-11,erg cm-2 s-1,Integrated Flux,,7.25E+16,2.42E+18,Hz,xray,,slop
278601.401,,,s,8.25E-11,1.95E-11,1.95E-11,erg cm-2 s-1,Integrated Flux,,7.25E+16,2.42E+18,Hz,xray,,slop
278673.917,,,s,6.53E-11,1.39E-11,1.39E-11,erg cm-2 s-1,Integrated Flux,,7.25E+16,2.42E+18,Hz,xray,,slop
278739.268,,,s,8.86E-11,2.06E-11,2.06E-11,erg cm-2 s-1,Integrated Flux,,7.25E+16,2.42E+18,Hz,xray,,slop
278801.748,,,s,6.77E-11,1.63E-11,1.63E-11,erg cm-2 s-1,Integrated Flux,,7.25E+16,2.42E+18,Hz,xray,,slop
278871.78,,,s,1.07E-10,2.43E-11,2.43E-11,erg cm-2 s-1,Integrated Flux,,7.25E+16,2.42E+18,Hz,xray,,slop
278929.419,,,s,7.55E-11,1.55E-11,1.55E-11,erg cm-2 s-1,Integrated Flux,,7.25E+16,2.42E+18,Hz,xray,,slop
289938.927,,,s,7.65E-11,1.75E-11,1.75E-11,erg cm-2 s-1,Integrated Flux,,7.25E+16,2.42E+18,Hz,xray,,slop
290015.777,,,s,7.80E-11,1.82E-11,1.82E-11,erg cm-2 s-1,Integrated Flux,,7.25E+16,2.42E+18,Hz,xray,,slop
290084.603,,,s,8.42E-11,1.88E-11,1.88E-11,erg cm-2 s-1,Integrated Flux,,7.25E+16,2.42E+18,Hz,xray,,slop
290186.159,,,s,9.91E-11,1.67E-11,1.67E-11,erg cm-2 s-1,Integrated Flux,,7.25E+16,2.42E+18,Hz,xray,,slop
300360.795,,,s,7.04E-11,1.57E-11,1.57E-11,erg cm-2 s-1,Integrated Flux,,7.25E+16,2.42E+18,Hz,xray,,slop
300427.615,,,s,8.80E-11,2.05E-11,2.05E-11,erg cm-2 s-1,Integrated Flux,,7.25E+16,2.42E+18,Hz,xray,,slop
300501.33,,,s,5.49E-11,1.23E-11,1.23E-11,erg cm-2 s-1,Integrated Flux,,7.25E+16,2.42E+18,Hz,xray,,slop
300588.083,,,s,6.19E-11,1.48E-11,1.48E-11,erg cm-2 s-1,Integrated Flux,,7.25E+16,2.42E+18,Hz,xray,,slop
300651.017,,,s,7.96E-11,1.78E-11,1.78E-11,erg cm-2 s-1,Integrated Flux,,7.25E+16,2.42E+18,Hz,xray,,slop
300715.455,,,s,6.44E-11,1.58E-11,1.58E-11,erg cm-2 s-1,Integrated Flux,,7.25E+16,2.42E+18,Hz,xray,,slop
300773.876,,,s,9.64E-11,2.21E-11,2.21E-11,erg cm-2 s-1,Integrated Flux,,7.25E+16,2.42E+18,Hz,xray,,slop
300832.846,,,s,8.93E-11,1.99E-11,1.99E-11,erg cm-2 s-1,Integrated Flux,,7.25E+16,2.42E+18,Hz,xray,,slop
300895.29,,,s,6.58E-11,1.64E-11,1.64E-11,erg cm-2 s-1,Integrated Flux,,7.25E+16,2.42E+18,Hz,xray,,slop
300966.563,,,s,7.01E-11,1.57E-11,1.57E-11,erg cm-2 s-1,Integrated Flux,,7.25E+16,2.42E+18,Hz,xray,,slop
301035.389,,,s,7.14E-11,1.67E-11,1.67E-11,erg cm-2 s-1,Integrated Flux,,7.25E+16,2.42E+18,Hz,xray,,slop
301086.682,,,s,1.02E-10,2.28E-11,2.28E-11,erg cm-2 s-1,Integrated Flux,,7.25E+16,2.42E+18,Hz,xray,,slop
301136.309,,,s,1.02E-10,2.34E-11,2.34E-11,erg cm-2 s-1,Integrated Flux,,7.25E+16,2.42E+18,Hz,xray,,slop
301199.995,,,s,6.20E-11,1.56E-11,1.56E-11,erg cm-2 s-1,Integrated Flux,,7.25E+16,2.42E+18,Hz,xray,,slop
301281.357,,,s,5.50E-11,1.26E-11,1.26E-11,erg cm-2 s-1,Integrated Flux,,7.25E+16,2.42E+18,Hz,xray,,slop
301356.327,,,s,8.22E-11,1.84E-11,1.84E-11,erg cm-2 s-1,Integrated Flux,,7.25E+16,2.42E+18,Hz,xray,,slop
301429.164,,,s,5.80E-11,1.39E-11,1.39E-11,erg cm-2 s-1,Integrated Flux,,7.25E+16,2.42E+18,Hz,xray,,slop
301488.588,,,s,9.63E-11,2.20E-11,2.20E-11,erg cm-2 s-1,Integrated Flux,,7.25E+16,2.42E+18,Hz,xray,,slop
301532.842,,,s,1.32E-10,3.17E-11,3.17E-11,erg cm-2 s-1,Integrated Flux,,7.25E+16,2.42E+18,Hz,xray,,slop
301580.983,,,s,7.62E-11,1.82E-11,1.82E-11,erg cm-2 s-1,Integrated Flux,,7.25E+16,2.42E+18,Hz,xray,,slop
301661.342,,,s,5.25E-11,1.23E-11,1.23E-11,erg cm-2 s-1,Integrated Flux,,7.25E+16,2.42E+18,Hz,xray,,slop
301737.189,,,s,6.71E-11,1.54E-11,1.54E-11,erg cm-2 s-1,Integrated Flux,,7.25E+16,2.42E+18,Hz,xray,,slop
301811.775,,,s,5.96E-11,1.33E-11,1.33E-11,erg cm-2 s-1,Integrated Flux,,7.25E+16,2.42E+18,Hz,xray,,slop
301896.279,,,s,6.09E-11,1.53E-11,1.53E-11,erg cm-2 s-1,Integrated Flux,,7.25E+16,2.42E+18,Hz,xray,,slop
301972.483,,,s,6.66E-11,1.52E-11,1.52E-11,erg cm-2 s-1,Integrated Flux,,7.25E+16,2.42E+18,Hz,xray,,slop
306121.027,,,s,7.55E-11,1.77E-11,1.77E-11,erg cm-2 s-1,Integrated Flux,,7.25E+16,2.42E+18,Hz,xray,,slop
306183.961,,,s,7.00E-11,1.56E-11,1.56E-11,erg cm-2 s-1,Integrated Flux,,7.25E+16,2.42E+18,Hz,xray,,slop
306242.256,,,s,1.14E-10,2.60E-11,2.60E-11,erg cm-2 s-1,Integrated Flux,,7.25E+16,2.42E+18,Hz,xray,,slop
306284.558,,,s,1.05E-10,2.40E-11,2.40E-11,erg cm-2 s-1,Integrated Flux,,7.25E+16,2.42E+18,Hz,xray,,slop
306345.558,,,s,9.05E-11,2.07E-11,2.07E-11,erg cm-2 s-1,Integrated Flux,,7.25E+16,2.42E+18,Hz,xray,,slop
306388.433,,,s,9.58E-11,2.14E-11,2.14E-11,erg cm-2 s-1,Integrated Flux,,7.25E+16,2.42E+18,Hz,xray,,slop
306435.445,,,s,1.16E-10,2.59E-11,2.59E-11,erg cm-2 s-1,Integrated Flux,,7.25E+16,2.42E+18,Hz,xray,,slop
306493.614,,,s,6.43E-11,1.51E-11,1.51E-11,erg cm-2 s-1,Integrated Flux,,7.25E+16,2.42E+18,Hz,xray,,slop
306556.172,,,s,5.98E-11,1.37E-11,1.37E-11,erg cm-2 s-1,Integrated Flux,,7.25E+16,2.42E+18,Hz,xray,,slop
306628.133,,,s,1.04E-10,2.43E-11,2.43E-11,erg cm-2 s-1,Integrated Flux,,7.25E+16,2.42E+18,Hz,xray,,slop
306683.795,,,s,7.07E-11,1.62E-11,1.62E-11,erg cm-2 s-1,Integrated Flux,,7.25E+16,2.42E+18,Hz,xray,,slop
306758.639,,,s,7.31E-11,1.67E-11,1.67E-11,erg cm-2 s-1,Integrated Flux,,7.25E+16,2.42E+18,Hz,xray,,slop
306814.677,,,s,9.08E-11,2.08E-11,2.08E-11,erg cm-2 s-1,Integrated Flux,,7.25E+16,2.42E+18,Hz,xray,,slop
306876.232,,,s,6.50E-11,1.52E-11,1.52E-11,erg cm-2 s-1,Integrated Flux,,7.25E+16,2.42E+18,Hz,xray,,slop
306947.69,,,s,6.97E-11,1.63E-11,1.63E-11,erg cm-2 s-1,Integrated Flux,,7.25E+16,2.42E+18,Hz,xray,,slop
307016.576,,,s,6.16E-11,1.41E-11,1.41E-11,erg cm-2 s-1,Integrated Flux,,7.25E+16,2.42E+18,Hz,xray,,slop
307103.645,,,s,5.77E-11,1.35E-11,1.35E-11,erg cm-2 s-1,Integrated Flux,,7.25E+16,2.42E+18,Hz,xray,,slop
307179.868,,,s,4.80E-11,1.15E-11,1.15E-11,erg cm-2 s-1,Integrated Flux,,7.25E+16,2.42E+18,Hz,xray,,slop
307267.75,,,s,5.63E-11,1.32E-11,1.32E-11,erg cm-2 s-1,Integrated Flux,,7.25E+16,2.42E+18,Hz,xray,,slop
307344.224,,,s,9.39E-11,2.20E-11,2.20E-11,erg cm-2 s-1,Integrated Flux,,7.25E+16,2.42E+18,Hz,xray,,slop
307403.772,,,s,7.37E-11,1.69E-11,1.69E-11,erg cm-2 s-1,Integrated Flux,,7.25E+16,2.42E+18,Hz,xray,,slop
307472.222,,,s,5.41E-11,1.24E-11,1.24E-11,erg cm-2 s-1,Integrated Flux,,7.25E+16,2.42E+18,Hz,xray,,slop
307539.92,,,s,9.54E-11,2.29E-11,2.29E-11,erg cm-2 s-1,Integrated Flux,,7.25E+16,2.42E+18,Hz,xray,,slop
307591.822,,,s,9.77E-11,2.19E-11,2.19E-11,erg cm-2 s-1,Integrated Flux,,7.25E+16,2.42E+18,Hz,xray,,slop
307654.869,,,s,8.18E-11,1.78E-11,1.78E-11,erg cm-2 s-1,Integrated Flux,,7.25E+16,2.42E+18,Hz,xray,,slop
307723.492,,,s,7.40E-11,1.49E-11,1.49E-11,erg cm-2 s-1,Integrated Flux,,7.25E+16,2.42E+18,Hz,xray,,slop
312490.503,,,s,5.96E-11,1.41E-11,1.41E-11,erg cm-2 s-1,Integrated Flux,,7.25E+16,2.42E+18,Hz,xray,,slop
312572.264,,,s,5.08E-11,1.22E-11,1.22E-11,erg cm-2 s-1,Integrated Flux,,7.25E+16,2.42E+18,Hz,xray,,slop
312663.28,,,s,5.32E-11,1.24E-11,1.24E-11,erg cm-2 s-1,Integrated Flux,,7.25E+16,2.42E+18,Hz,xray,,slop
312721.701,,,s,1.49E-10,3.33E-11,3.33E-11,erg cm-2 s-1,Integrated Flux,,7.25E+16,2.42E+18,Hz,xray,,slop
312777.841,,,s,6.44E-11,1.44E-11,1.44E-11,erg cm-2 s-1,Integrated Flux,,7.25E+16,2.42E+18,Hz,xray,,slop
312840.423,,,s,1.07E-10,2.44E-11,2.44E-11,erg cm-2 s-1,Integrated Flux,,7.25E+16,2.42E+18,Hz,xray,,slop
312889.817,,,s,1.01E-10,2.32E-11,2.32E-11,erg cm-2 s-1,Integrated Flux,,7.25E+16,2.42E+18,Hz,xray,,slop
312935.922,,,s,1.04E-10,2.36E-11,2.36E-11,erg cm-2 s-1,Integrated Flux,,7.25E+16,2.42E+18,Hz,xray,,slop
312984.092,,,s,9.05E-11,2.07E-11,2.07E-11,erg cm-2 s-1,Integrated Flux,,7.25E+16,2.42E+18,Hz,xray,,slop
313051.038,,,s,6.90E-11,1.61E-11,1.61E-11,erg cm-2 s-1,Integrated Flux,,7.25E+16,2.42E+18,Hz,xray,,slop
313138.292,,,s,4.85E-11,1.25E-11,1.25E-11,erg cm-2 s-1,Integrated Flux,,7.25E+16,2.42E+18,Hz,xray,,slop
313215.894,,,s,6.51E-11,1.52E-11,1.52E-11,erg cm-2 s-1,Integrated Flux,,7.25E+16,2.42E+18,Hz,xray,,slop
313291.866,,,s,5.21E-11,1.22E-11,1.22E-11,erg cm-2 s-1,Integrated Flux,,7.25E+16,2.42E+18,Hz,xray,,slop
313376.363,,,s,6.53E-11,1.49E-11,1.49E-11,erg cm-2 s-1,Integrated Flux,,7.25E+16,2.42E+18,Hz,xray,,slop
313466.954,,,s,6.05E-11,1.12E-11,1.12E-11,erg cm-2 s-1,Integrated Flux,,7.25E+16,2.42E+18,Hz,xray,,slop
386306.083,,,s,6.82E-11,1.63E-11,1.63E-11,erg cm-2 s-1,Integrated Flux,,7.25E+16,2.42E+18,Hz,xray,,slop
386401.986,,,s,3.54E-11,8.91E-12,8.91E-12,erg cm-2 s-1,Integrated Flux,,7.25E+16,2.42E+18,Hz,xray,,slop
386512.309,,,s,5.39E-11,1.23E-11,1.23E-11,erg cm-2 s-1,Integrated Flux,,7.25E+16,2.42E+18,Hz,xray,,slop
386572.36,,,s,9.65E-11,2.10E-11,2.10E-11,erg cm-2 s-1,Integrated Flux,,7.25E+16,2.42E+18,Hz,xray,,slop
386631.407,,,s,6.15E-11,1.41E-11,1.41E-11,erg cm-2 s-1,Integrated Flux,,7.25E+16,2.42E+18,Hz,xray,,slop
386704.621,,,s,7.41E-11,1.69E-11,1.69E-11,erg cm-2 s-1,Integrated Flux,,7.25E+16,2.42E+18,Hz,xray,,slop
386767.68,,,s,7.32E-11,1.68E-11,1.68E-11,erg cm-2 s-1,Integrated Flux,,7.25E+16,2.42E+18,Hz,xray,,slop
386848.665,,,s,4.04E-11,9.23E-12,9.23E-12,erg cm-2 s-1,Integrated Flux,,7.25E+16,2.42E+18,Hz,xray,,slop
386938.428,,,s,6.76E-11,1.58E-11,1.58E-11,erg cm-2 s-1,Integrated Flux,,7.25E+16,2.42E+18,Hz,xray,,slop
387003.117,,,s,7.04E-11,1.73E-11,1.73E-11,erg cm-2 s-1,Integrated Flux,,7.25E+16,2.42E+18,Hz,xray,,slop
387088.366,,,s,4.69E-11,1.10E-11,1.10E-11,erg cm-2 s-1,Integrated Flux,,7.25E+16,2.42E+18,Hz,xray,,slop
387184.396,,,s,4.99E-11,1.20E-11,1.20E-11,erg cm-2 s-1,Integrated Flux,,7.25E+16,2.42E+18,Hz,xray,,slop
387256.608,,,s,1.04E-10,2.38E-11,2.38E-11,erg cm-2 s-1,Integrated Flux,,7.25E+16,2.42E+18,Hz,xray,,slop
387344.238,,,s,4.31E-11,1.01E-11,1.01E-11,erg cm-2 s-1,Integrated Flux,,7.25E+16,2.42E+18,Hz,xray,,slop
387425.099,,,s,4.96E-11,1.16E-11,1.16E-11,erg cm-2 s-1,Integrated Flux,,7.25E+16,2.42E+18,Hz,xray,,slop
387529.152,,,s,3.88E-11,9.30E-12,9.30E-12,erg cm-2 s-1,Integrated Flux,,7.25E+16,2.42E+18,Hz,xray,,slop
387637.792,,,s,5.72E-11,1.28E-11,1.28E-11,erg cm-2 s-1,Integrated Flux,,7.25E+16,2.42E+18,Hz,xray,,slop
387734.879,,,s,4.42E-11,1.06E-11,1.06E-11,erg cm-2 s-1,Integrated Flux,,7.25E+16,2.42E+18,Hz,xray,,slop
387855.314,,,s,5.73E-11,9.40E-12,9.40E-12,erg cm-2 s-1,Integrated Flux,,7.25E+16,2.42E+18,Hz,xray,,slop
392118.948,,,s,4.54E-11,1.06E-11,1.06E-11,erg cm-2 s-1,Integrated Flux,,7.25E+16,2.42E+18,Hz,xray,,slop
392192.162,,,s,7.29E-11,1.63E-11,1.63E-11,erg cm-2 s-1,Integrated Flux,,7.25E+16,2.42E+18,Hz,xray,,slop
392282.049,,,s,5.74E-11,1.31E-11,1.31E-11,erg cm-2 s-1,Integrated Flux,,7.25E+16,2.42E+18,Hz,xray,,slop
392345.155,,,s,7.49E-11,1.67E-11,1.67E-11,erg cm-2 s-1,Integrated Flux,,7.25E+16,2.42E+18,Hz,xray,,slop
392417.39,,,s,7.59E-11,1.66E-11,1.66E-11,erg cm-2 s-1,Integrated Flux,,7.25E+16,2.42E+18,Hz,xray,,slop
392505.074,,,s,4.84E-11,1.08E-11,1.08E-11,erg cm-2 s-1,Integrated Flux,,7.25E+16,2.42E+18,Hz,xray,,slop
392607.999,,,s,4.17E-11,9.72E-12,9.72E-12,erg cm-2 s-1,Integrated Flux,,7.25E+16,2.42E+18,Hz,xray,,slop
392717.193,,,s,4.99E-11,1.14E-11,1.14E-11,erg cm-2 s-1,Integrated Flux,,7.25E+16,2.42E+18,Hz,xray,,slop
392817.361,,,s,5.22E-11,1.17E-11,1.17E-11,erg cm-2 s-1,Integrated Flux,,7.25E+16,2.42E+18,Hz,xray,,slop
392900.604,,,s,5.91E-11,1.35E-11,1.35E-11,erg cm-2 s-1,Integrated Flux,,7.25E+16,2.42E+18,Hz,xray,,slop
392989.237,,,s,5.33E-11,1.22E-11,1.22E-11,erg cm-2 s-1,Integrated Flux,,7.25E+16,2.42E+18,Hz,xray,,slop
393095.046,,,s,5.47E-11,1.22E-11,1.22E-11,erg cm-2 s-1,Integrated Flux,,7.25E+16,2.42E+18,Hz,xray,,slop
393170.141,,,s,5.94E-11,1.33E-11,1.33E-11,erg cm-2 s-1,Integrated Flux,,7.25E+16,2.42E+18,Hz,xray,,slop
393269.712,,,s,5.99E-11,1.31E-11,1.31E-11,erg cm-2 s-1,Integrated Flux,,7.25E+16,2.42E+18,Hz,xray,,slop
393394.359,,,s,4.84E-11,1.18E-11,1.18E-11,erg cm-2 s-1,Integrated Flux,,7.25E+16,2.42E+18,Hz,xray,,slop
393542.45,,,s,5.85E-11,1.31E-11,1.31E-11,erg cm-2 s-1,Integrated Flux,,7.25E+16,2.42E+18,Hz,xray,,slop
403566.899,,,s,4.87E-11,1.15E-11,1.15E-11,erg cm-2 s-1,Integrated Flux,,7.25E+16,2.42E+18,Hz,xray,,slop
403676.218,,,s,2.77E-11,6.20E-12,6.20E-12,erg cm-2 s-1,Integrated Flux,,7.25E+16,2.42E+18,Hz,xray,,slop
403803.589,,,s,4.38E-11,9.97E-12,9.97E-12,erg cm-2 s-1,Integrated Flux,,7.25E+16,2.42E+18,Hz,xray,,slop
403924.066,,,s,2.66E-11,5.95E-12,5.95E-12,erg cm-2 s-1,Integrated Flux,,7.25E+16,2.42E+18,Hz,xray,,slop
404088.025,,,s,2.40E-11,5.45E-12,5.45E-12,erg cm-2 s-1,Integrated Flux,,7.25E+16,2.42E+18,Hz,xray,,slop
404217.046,,,s,2.75E-11,6.14E-12,6.14E-12,erg cm-2 s-1,Integrated Flux,,7.25E+16,2.42E+18,Hz,xray,,slop
404380.07,,,s,5.31E-11,1.20E-11,1.20E-11,erg cm-2 s-1,Integrated Flux,,7.25E+16,2.42E+18,Hz,xray,,slop
404530.942,,,s,2.36E-11,4.56E-12,4.56E-12,erg cm-2 s-1,Integrated Flux,,7.25E+16,2.42E+18,Hz,xray,,slop
478482.908,,,s,3.68E-11,8.23E-12,8.23E-12,erg cm-2 s-1,Integrated Flux,,7.25E+16,2.42E+18,Hz,xray,,slop
478599.625,,,s,4.45E-11,1.04E-11,1.04E-11,erg cm-2 s-1,Integrated Flux,,7.25E+16,2.42E+18,Hz,xray,,slop
478716.717,,,s,4.35E-11,9.95E-12,9.95E-12,erg cm-2 s-1,Integrated Flux,,7.25E+16,2.42E+18,Hz,xray,,slop
478793.065,,,s,5.59E-11,1.25E-11,1.25E-11,erg cm-2 s-1,Integrated Flux,,7.25E+16,2.42E+18,Hz,xray,,slop
478917.427,,,s,3.74E-11,8.37E-12,8.37E-12,erg cm-2 s-1,Integrated Flux,,7.25E+16,2.42E+18,Hz,xray,,slop
479035.773,,,s,4.85E-11,1.11E-11,1.11E-11,erg cm-2 s-1,Integrated Flux,,7.25E+16,2.42E+18,Hz,xray,,slop
479138.323,,,s,2.67E-11,5.83E-12,5.83E-12,erg cm-2 s-1,Integrated Flux,,7.25E+16,2.42E+18,Hz,xray,,slop
479281.767,,,s,4.49E-11,7.37E-12,7.37E-12,erg cm-2 s-1,Integrated Flux,,7.25E+16,2.42E+18,Hz,xray,,slop
484201.046,,,s,4.09E-11,9.14E-12,9.14E-12,erg cm-2 s-1,Integrated Flux,,7.25E+16,2.42E+18,Hz,xray,,slop
484324.031,,,s,5.55E-11,1.29E-11,1.29E-11,erg cm-2 s-1,Integrated Flux,,7.25E+16,2.42E+18,Hz,xray,,slop
484461.432,,,s,4.57E-11,1.02E-11,1.02E-11,erg cm-2 s-1,Integrated Flux,,7.25E+16,2.42E+18,Hz,xray,,slop
484581.156,,,s,4.67E-11,1.06E-11,1.06E-11,erg cm-2 s-1,Integrated Flux,,7.25E+16,2.42E+18,Hz,xray,,slop
484707.077,,,s,2.39E-11,5.21E-12,5.21E-12,erg cm-2 s-1,Integrated Flux,,7.25E+16,2.42E+18,Hz,xray,,slop
484808.804,,,s,3.02E-11,6.84E-12,6.84E-12,erg cm-2 s-1,Integrated Flux,,7.25E+16,2.42E+18,Hz,xray,,slop
484886.531,,,s,3.92E-11,8.71E-12,8.71E-12,erg cm-2 s-1,Integrated Flux,,7.25E+16,2.42E+18,Hz,xray,,slop
484980.323,,,s,2.97E-11,6.65E-12,6.65E-12,erg cm-2 s-1,Integrated Flux,,7.25E+16,2.42E+18,Hz,xray,,slop
485059.417,,,s,4.01E-11,8.93E-12,8.93E-12,erg cm-2 s-1,Integrated Flux,,7.25E+16,2.42E+18,Hz,xray,,slop
485127.378,,,s,3.35E-11,7.95E-12,7.95E-12,erg cm-2 s-1,Integrated Flux,,7.25E+16,2.42E+18,Hz,xray,,slop
485216.065,,,s,3.09E-11,7.01E-12,7.01E-12,erg cm-2 s-1,Integrated Flux,,7.25E+16,2.42E+18,Hz,xray,,slop
485333.478,,,s,3.81E-11,9.03E-12,9.03E-12,erg cm-2 s-1,Integrated Flux,,7.25E+16,2.42E+18,Hz,xray,,slop
485478.978,,,s,4.27E-11,9.91E-12,9.91E-12,erg cm-2 s-1,Integrated Flux,,7.25E+16,2.42E+18,Hz,xray,,slop
485669.069,,,s,3.73E-11,7.09E-12,7.09E-12,erg cm-2 s-1,Integrated Flux,,7.25E+16,2.42E+18,Hz,xray,,slop
491272.349,,,s,3.48E-11,8.30E-12,8.30E-12,erg cm-2 s-1,Integrated Flux,,7.25E+16,2.42E+18,Hz,xray,,slop
491359.676,,,s,3.99E-11,6.70E-12,6.70E-12,erg cm-2 s-1,Integrated Flux,,7.25E+16,2.42E+18,Hz,xray,,slop
513328.271,,,s,4.59E-11,1.00E-11,1.00E-11,erg cm-2 s-1,Integrated Flux,,7.25E+16,2.42E+18,Hz,xray,,slop
513448.688,,,s,4.10E-11,9.35E-12,9.35E-12,erg cm-2 s-1,Integrated Flux,,7.25E+16,2.42E+18,Hz,xray,,slop
513542.462,,,s,4.47E-11,1.00E-11,1.00E-11,erg cm-2 s-1,Integrated Flux,,7.25E+16,2.42E+18,Hz,xray,,slop
513650.026,,,s,3.21E-11,7.19E-12,7.19E-12,erg cm-2 s-1,Integrated Flux,,7.25E+16,2.42E+18,Hz,xray,,slop
513740.666,,,s,4.28E-11,9.57E-12,9.57E-12,erg cm-2 s-1,Integrated Flux,,7.25E+16,2.42E+18,Hz,xray,,slop
513802.096,,,s,4.18E-11,9.35E-12,9.35E-12,erg cm-2 s-1,Integrated Flux,,7.25E+16,2.42E+18,Hz,xray,,slop
513877.441,,,s,3.96E-11,8.86E-12,8.86E-12,erg cm-2 s-1,Integrated Flux,,7.25E+16,2.42E+18,Hz,xray,,slop
513974.491,,,s,3.42E-11,5.78E-12,5.78E-12,erg cm-2 s-1,Integrated Flux,,7.25E+16,2.42E+18,Hz,xray,,slop
570108.694,,,s,3.40E-11,7.75E-12,7.75E-12,erg cm-2 s-1,Integrated Flux,,7.25E+16,2.42E+18,Hz,xray,,slop
570201.089,,,s,2.82E-11,6.30E-12,6.30E-12,erg cm-2 s-1,Integrated Flux,,7.25E+16,2.42E+18,Hz,xray,,slop
570297.119,,,s,2.45E-11,5.58E-12,5.58E-12,erg cm-2 s-1,Integrated Flux,,7.25E+16,2.42E+18,Hz,xray,,slop
570404.056,,,s,2.82E-11,6.30E-12,6.30E-12,erg cm-2 s-1,Integrated Flux,,7.25E+16,2.42E+18,Hz,xray,,slop
570495.197,,,s,2.68E-11,5.98E-12,5.98E-12,erg cm-2 s-1,Integrated Flux,,7.25E+16,2.42E+18,Hz,xray,,slop
570576.56,,,s,4.84E-11,1.08E-11,1.08E-11,erg cm-2 s-1,Integrated Flux,,7.25E+16,2.42E+18,Hz,xray,,slop
570683.162,,,s,2.31E-11,5.14E-12,5.14E-12,erg cm-2 s-1,Integrated Flux,,7.25E+16,2.42E+18,Hz,xray,,slop
570794.196,,,s,6.35E-11,1.42E-11,1.42E-11,erg cm-2 s-1,Integrated Flux,,7.25E+16,2.42E+18,Hz,xray,,slop
570917.68,,,s,2.77E-11,6.44E-12,6.44E-12,erg cm-2 s-1,Integrated Flux,,7.25E+16,2.42E+18,Hz,xray,,slop
571092.512,,,s,4.07E-11,7.69E-12,7.69E-12,erg cm-2 s-1,Integrated Flux,,7.25E+16,2.42E+18,Hz,xray,,slop
604486.042,,,s,3.21E-11,7.17E-12,7.17E-12,erg cm-2 s-1,Integrated Flux,,7.25E+16,2.42E+18,Hz,xray,,slop
604644.128,,,s,3.58E-11,8.18E-12,8.18E-12,erg cm-2 s-1,Integrated Flux,,7.25E+16,2.42E+18,Hz,xray,,slop
604799.956,,,s,3.75E-11,8.76E-12,8.76E-12,erg cm-2 s-1,Integrated Flux,,7.25E+16,2.42E+18,Hz,xray,,slop
604965.441,,,s,2.11E-11,4.61E-12,4.61E-12,erg cm-2 s-1,Integrated Flux,,7.25E+16,2.42E+18,Hz,xray,,slop
605086.419,,,s,4.02E-11,9.00E-12,9.00E-12,erg cm-2 s-1,Integrated Flux,,7.25E+16,2.42E+18,Hz,xray,,slop
605199.75,,,s,2.63E-11,6.17E-12,6.17E-12,erg cm-2 s-1,Integrated Flux,,7.25E+16,2.42E+18,Hz,xray,,slop
605352.32,,,s,1.82E-11,4.08E-12,4.08E-12,erg cm-2 s-1,Integrated Flux,,7.25E+16,2.42E+18,Hz,xray,,slop
605462.142,,,s,3.11E-11,6.96E-12,6.96E-12,erg cm-2 s-1,Integrated Flux,,7.25E+16,2.42E+18,Hz,xray,,slop
605520.437,,,s,5.29E-11,1.18E-11,1.18E-11,erg cm-2 s-1,Integrated Flux,,7.25E+16,2.42E+18,Hz,xray,,slop
605617.721,,,s,2.46E-11,5.50E-12,5.50E-12,erg cm-2 s-1,Integrated Flux,,7.25E+16,2.42E+18,Hz,xray,,slop
605695.072,,,s,3.78E-11,8.45E-12,8.45E-12,erg cm-2 s-1,Integrated Flux,,7.25E+16,2.42E+18,Hz,xray,,slop
605772.298,,,s,3.31E-11,7.39E-12,7.39E-12,erg cm-2 s-1,Integrated Flux,,7.25E+16,2.42E+18,Hz,xray,,slop
605932.622,,,s,2.25E-11,3.73E-12,3.73E-12,erg cm-2 s-1,Integrated Flux,,7.25E+16,2.42E+18,Hz,xray,,slop
633104.793,,,s,3.38E-11,7.55E-12,7.55E-12,erg cm-2 s-1,Integrated Flux,,7.25E+16,2.42E+18,Hz,xray,,slop
633267.769,,,s,4.02E-11,9.19E-12,9.19E-12,erg cm-2 s-1,Integrated Flux,,7.25E+16,2.42E+18,Hz,xray,,slop
633498.621,,,s,3.00E-11,5.75E-12,5.75E-12,erg cm-2 s-1,Integrated Flux,,7.25E+16,2.42E+18,Hz,xray,,slop
656023.731,,,s,3.54E-11,7.91E-12,7.91E-12,erg cm-2 s-1,Integrated Flux,,7.25E+16,2.42E+18,Hz,xray,,slop
656123.522,,,s,3.41E-11,7.63E-12,7.63E-12,erg cm-2 s-1,Integrated Flux,,7.25E+16,2.42E+18,Hz,xray,,slop
656225.444,,,s,2.62E-11,5.85E-12,5.85E-12,erg cm-2 s-1,Integrated Flux,,7.25E+16,2.42E+18,Hz,xray,,slop
656424.775,,,s,1.37E-11,3.18E-12,3.18E-12,erg cm-2 s-1,Integrated Flux,,7.25E+16,2.42E+18,Hz,xray,,slop
656596.527,,,s,2.40E-11,5.48E-12,5.48E-12,erg cm-2 s-1,Integrated Flux,,7.25E+16,2.42E+18,Hz,xray,,slop
656827.724,,,s,2.21E-11,3.58E-12,3.58E-12,erg cm-2 s-1,Integrated Flux,,7.25E+16,2.42E+18,Hz,xray,,slop
661759.195,,,s,2.93E-11,6.56E-12,6.56E-12,erg cm-2 s-1,Integrated Flux,,7.25E+16,2.42E+18,Hz,xray,,slop
661863.625,,,s,2.71E-11,6.07E-12,6.07E-12,erg cm-2 s-1,Integrated Flux,,7.25E+16,2.42E+18,Hz,xray,,slop
661982.222,,,s,2.79E-11,6.24E-12,6.24E-12,erg cm-2 s-1,Integrated Flux,,7.25E+16,2.42E+18,Hz,xray,,slop
662081.637,,,s,2.49E-11,5.68E-12,5.68E-12,erg cm-2 s-1,Integrated Flux,,7.25E+16,2.42E+18,Hz,xray,,slop
662204.621,,,s,1.88E-11,4.20E-12,4.20E-12,erg cm-2 s-1,Integrated Flux,,7.25E+16,2.42E+18,Hz,xray,,slop
662345.031,,,s,2.33E-11,5.31E-12,5.31E-12,erg cm-2 s-1,Integrated Flux,,7.25E+16,2.42E+18,Hz,xray,,slop
662513.146,,,s,1.60E-11,3.59E-12,3.59E-12,erg cm-2 s-1,Integrated Flux,,7.25E+16,2.42E+18,Hz,xray,,slop
662662.709,,,s,2.06E-11,4.70E-12,4.70E-12,erg cm-2 s-1,Integrated Flux,,7.25E+16,2.42E+18,Hz,xray,,slop
685320.642,,,s,2.05E-11,3.56E-12,3.56E-12,erg cm-2 s-1,Integrated Flux,,7.25E+16,2.42E+18,Hz,xray,,slop
724406.508,,,s,1.80E-11,4.12E-12,4.12E-12,erg cm-2 s-1,Integrated Flux,,7.25E+16,2.42E+18,Hz,xray,,slop
724560.833,,,s,1.79E-11,4.00E-12,4.00E-12,erg cm-2 s-1,Integrated Flux,,7.25E+16,2.42E+18,Hz,xray,,slop
724771.68,,,s,1.56E-11,3.25E-12,3.25E-12,erg cm-2 s-1,Integrated Flux,,7.25E+16,2.42E+18,Hz,xray,,slop
741987.133,,,s,2.09E-11,4.76E-12,4.76E-12,erg cm-2 s-1,Integrated Flux,,7.25E+16,2.42E+18,Hz,xray,,slop
742106.231,,,s,2.46E-11,5.49E-12,5.49E-12,erg cm-2 s-1,Integrated Flux,,7.25E+16,2.42E+18,Hz,xray,,slop
742226.582,,,s,2.02E-11,4.61E-12,4.61E-12,erg cm-2 s-1,Integrated Flux,,7.25E+16,2.42E+18,Hz,xray,,slop
742371.63,,,s,1.48E-11,3.38E-12,3.38E-12,erg cm-2 s-1,Integrated Flux,,7.25E+16,2.42E+18,Hz,xray,,slop
742520.064,,,s,2.06E-11,4.71E-12,4.71E-12,erg cm-2 s-1,Integrated Flux,,7.25E+16,2.42E+18,Hz,xray,,slop
742686.048,,,s,1.85E-11,4.14E-12,4.14E-12,erg cm-2 s-1,Integrated Flux,,7.25E+16,2.42E+18,Hz,xray,,slop
742823.576,,,s,2.34E-11,5.23E-12,5.23E-12,erg cm-2 s-1,Integrated Flux,,7.25E+16,2.42E+18,Hz,xray,,slop
742952.392,,,s,2.12E-11,4.72E-12,4.72E-12,erg cm-2 s-1,Integrated Flux,,7.25E+16,2.42E+18,Hz,xray,,slop
743118.938,,,s,1.64E-11,3.82E-12,3.82E-12,erg cm-2 s-1,Integrated Flux,,7.25E+16,2.42E+18,Hz,xray,,slop
743244.451,,,s,2.53E-11,5.25E-12,5.25E-12,erg cm-2 s-1,Integrated Flux,,7.25E+16,2.42E+18,Hz,xray,,slop
747727.718,,,s,1.80E-11,4.12E-12,4.12E-12,erg cm-2 s-1,Integrated Flux,,7.25E+16,2.42E+18,Hz,xray,,slop
747884.424,,,s,1.49E-11,3.33E-12,3.33E-12,erg cm-2 s-1,Integrated Flux,,7.25E+16,2.42E+18,Hz,xray,,slop
748061.275,,,s,1.97E-11,4.29E-12,4.29E-12,erg cm-2 s-1,Integrated Flux,,7.25E+16,2.42E+18,Hz,xray,,slop
748205.989,,,s,1.44E-11,3.22E-12,3.22E-12,erg cm-2 s-1,Integrated Flux,,7.25E+16,2.42E+18,Hz,xray,,slop
748364.077,,,s,3.14E-11,7.35E-12,7.35E-12,erg cm-2 s-1,Integrated Flux,,7.25E+16,2.42E+18,Hz,xray,,slop
748477.031,,,s,1.97E-11,4.39E-12,4.39E-12,erg cm-2 s-1,Integrated Flux,,7.25E+16,2.42E+18,Hz,xray,,slop
748609.185,,,s,2.62E-11,5.72E-12,5.72E-12,erg cm-2 s-1,Integrated Flux,,7.25E+16,2.42E+18,Hz,xray,,slop
748737.919,,,s,2.06E-11,4.72E-12,4.72E-12,erg cm-2 s-1,Integrated Flux,,7.25E+16,2.42E+18,Hz,xray,,slop
748852.879,,,s,2.78E-11,6.21E-12,6.21E-12,erg cm-2 s-1,Integrated Flux,,7.25E+16,2.42E+18,Hz,xray,,slop
748987.021,,,s,2.55E-11,5.82E-12,5.82E-12,erg cm-2 s-1,Integrated Flux,,7.25E+16,2.42E+18,Hz,xray,,slop
749150.662,,,s,2.43E-11,3.99E-12,3.99E-12,erg cm-2 s-1,Integrated Flux,,7.25E+16,2.42E+18,Hz,xray,,slop
770985.424,,,s,2.15E-11,4.82E-12,4.82E-12,erg cm-2 s-1,Integrated Flux,,7.25E+16,2.42E+18,Hz,xray,,slop
771111.543,,,s,2.18E-11,4.88E-12,4.88E-12,erg cm-2 s-1,Integrated Flux,,7.25E+16,2.42E+18,Hz,xray,,slop
771265.867,,,s,1.74E-11,3.89E-12,3.89E-12,erg cm-2 s-1,Integrated Flux,,7.25E+16,2.42E+18,Hz,xray,,slop
771492.529,,,s,1.27E-11,2.90E-12,2.90E-12,erg cm-2 s-1,Integrated Flux,,7.25E+16,2.42E+18,Hz,xray,,slop
771656.885,,,s,2.80E-11,6.39E-12,6.39E-12,erg cm-2 s-1,Integrated Flux,,7.25E+16,2.42E+18,Hz,xray,,slop
771857.252,,,s,1.00E-11,2.45E-12,2.45E-12,erg cm-2 s-1,Integrated Flux,,7.25E+16,2.42E+18,Hz,xray,,slop
772071.665,,,s,2.02E-11,3.88E-12,3.88E-12,erg cm-2 s-1,Integrated Flux,,7.25E+16,2.42E+18,Hz,xray,,slop
782713.359,,,s,1.40E-11,3.21E-12,3.21E-12,erg cm-2 s-1,Integrated Flux,,7.25E+16,2.42E+18,Hz,xray,,slop
782915.073,,,s,1.51E-11,3.37E-12,3.37E-12,erg cm-2 s-1,Integrated Flux,,7.25E+16,2.42E+18,Hz,xray,,slop
783107.718,,,s,1.72E-11,3.65E-12,3.65E-12,erg cm-2 s-1,Integrated Flux,,7.25E+16,2.42E+18,Hz,xray,,slop
827831.931,,,s,1.48E-11,3.30E-12,3.30E-12,erg cm-2 s-1,Integrated Flux,,7.25E+16,2.42E+18,Hz,xray,,slop
828067.243,,,s,1.30E-11,3.04E-12,3.04E-12,erg cm-2 s-1,Integrated Flux,,7.25E+16,2.42E+18,Hz,xray,,slop
828222.698,,,s,1.77E-11,3.96E-12,3.96E-12,erg cm-2 s-1,Integrated Flux,,7.25E+16,2.42E+18,Hz,xray,,slop
828396.58,,,s,1.56E-11,3.66E-12,3.66E-12,erg cm-2 s-1,Integrated Flux,,7.25E+16,2.42E+18,Hz,xray,,slop
828575.979,,,s,1.28E-11,2.85E-12,2.85E-12,erg cm-2 s-1,Integrated Flux,,7.25E+16,2.42E+18,Hz,xray,,slop
828797.125,,,s,1.32E-11,3.10E-12,3.10E-12,erg cm-2 s-1,Integrated Flux,,7.25E+16,2.42E+18,Hz,xray,,slop
828996.082,,,s,1.58E-11,3.37E-12,3.37E-12,erg cm-2 s-1,Integrated Flux,,7.25E+16,2.42E+18,Hz,xray,,slop
829148.277,,,s,1.73E-11,3.87E-12,3.87E-12,erg cm-2 s-1,Integrated Flux,,7.25E+16,2.42E+18,Hz,xray,,slop
829319.647,,,s,1.68E-11,3.74E-12,3.74E-12,erg cm-2 s-1,Integrated Flux,,7.25E+16,2.42E+18,Hz,xray,,slop
845151.987,,,s,2.11E-11,4.91E-12,4.91E-12,erg cm-2 s-1,Integrated Flux,,7.25E+16,2.42E+18,Hz,xray,,slop
845341.041,,,s,1.73E-11,3.96E-12,3.96E-12,erg cm-2 s-1,Integrated Flux,,7.25E+16,2.42E+18,Hz,xray,,slop
845518.183,,,s,1.19E-11,2.74E-12,2.74E-12,erg cm-2 s-1,Integrated Flux,,7.25E+16,2.42E+18,Hz,xray,,slop
845726.041,,,s,1.42E-11,3.17E-12,3.17E-12,erg cm-2 s-1,Integrated Flux,,7.25E+16,2.42E+18,Hz,xray,,slop
845952.829,,,s,1.21E-11,2.77E-12,2.77E-12,erg cm-2 s-1,Integrated Flux,,7.25E+16,2.42E+18,Hz,xray,,slop
846114.176,,,s,1.72E-11,3.93E-12,3.93E-12,erg cm-2 s-1,Integrated Flux,,7.25E+16,2.42E+18,Hz,xray,,slop
846280.789,,,s,1.89E-11,4.23E-12,4.23E-12,erg cm-2 s-1,Integrated Flux,,7.25E+16,2.42E+18,Hz,xray,,slop
846405.904,,,s,2.54E-11,5.82E-12,5.82E-12,erg cm-2 s-1,Integrated Flux,,7.25E+16,2.42E+18,Hz,xray,,slop
846535.315,,,s,1.76E-11,3.75E-12,3.75E-12,erg cm-2 s-1,Integrated Flux,,7.25E+16,2.42E+18,Hz,xray,,slop
851162.209,,,s,1.30E-11,3.02E-12,3.02E-12,erg cm-2 s-1,Integrated Flux,,7.25E+16,2.42E+18,Hz,xray,,slop
851351.748,,,s,1.05E-11,2.54E-12,2.54E-12,erg cm-2 s-1,Integrated Flux,,7.25E+16,2.42E+18,Hz,xray,,slop
851568.087,,,s,1.38E-11,3.15E-12,3.15E-12,erg cm-2 s-1,Integrated Flux,,7.25E+16,2.42E+18,Hz,xray,,slop
851745.481,,,s,2.32E-11,5.18E-12,5.18E-12,erg cm-2 s-1,Integrated Flux,,7.25E+16,2.42E+18,Hz,xray,,slop
851895.168,,,s,1.70E-11,3.81E-12,3.81E-12,erg cm-2 s-1,Integrated Flux,,7.25E+16,2.42E+18,Hz,xray,,slop
852100.787,,,s,1.23E-11,2.69E-12,2.69E-12,erg cm-2 s-1,Integrated Flux,,7.25E+16,2.42E+18,Hz,xray,,slop
15056,,,s,-7.15E-01,1.40E-02,1.40E-02,erg cm-2 s-1,Spectral Index,,7.25E+16,2.42E+18,Hz,,,
37061,,,s,-8.50E-01,3.00E-02,3.00E-02,erg cm-2 s-1,Spectral Index,,7.25E+16,2.42E+18,Hz,,,
44458,,,s,-9.20E-01,5.00E-02,5.00E-02,erg cm-2 s-1,Spectral Index,,7.25E+16,2.42E+18,Hz,,,
