Time,TimeUnits,Value,ValueLower,ValueUpper,ValueUnits,ValueType,Wave,WaveLower,WaveUpper,WaveUnits,Filter,CalGroup,SlopGroup,Include
11089.98864,s,0.313328572,0.022256861,0.022256861,mJy,Spectral Flux,629000000000000.0,,,Hz,g,g_offset,slop,1.0
11323.44144,s,1.247383514,0.077884123,0.077884123,mJy,Spectral Flux,481000000000000.0,,,Hz,r,r_offset,slop,1.0
11548.51344,s,3.104559588,0.084607868,0.084607868,mJy,Spectral Flux,394000000000000.0,,,Hz,i,i_offset,slop,1.0
11779.37424,s,5.754399373,0.208142244,0.208142244,mJy,Spectral Flux,329000000000000.0,,,Hz,z,z_offset,slop,1.0
12433.85424,s,0.304789499,0.019030445,0.019030445,mJy,Spectral Flux,629000000000000.0,,,Hz,g,g_offset,slop,1.0
12660.48144,s,1.137627286,0.051201662,0.051201662,mJy,Spectral Flux,481000000000000.0,,,Hz,r,r_offset,slop,1.0
12892.81104,s,2.805433638,0.076455855,0.076455855,mJy,Spectral Flux,394000000000000.0,,,Hz,i,i_offset,slop,1.0
13118.14224,s,5.395106225,0.242819779,0.242819779,mJy,Spectral Flux,329000000000000.0,,,Hz,z,z_offset,slop,1.0
13785.40944,s,0.231206479,0.020343664,0.020343664,mJy,Spectral Flux,629000000000000.0,,,Hz,g,g_offset,slop,1.0
14018.77584,s,1.076465214,0.048448916,0.048448916,mJy,Spectral Flux,481000000000000.0,,,Hz,r,r_offset,slop,1.0
14244.10704,s,2.654605562,0.096019675,0.096019675,mJy,Spectral Flux,394000000000000.0,,,Hz,i,i_offset,slop,1.0
14477.04144,s,5.05824662,0.271945697,0.271945697,mJy,Spectral Flux,329000000000000.0,,,Hz,z,z_offset,slop,1.0
14807.26224,s,0.242102905,0.023326742,0.023326742,mJy,Spectral Flux,629000000000000.0,,,Hz,g,g_offset,slop,1.0
15040.11024,s,1.0,0.045007414,0.045007414,mJy,Spectral Flux,481000000000000.0,,,Hz,r,r_offset,slop,1.0
15265.44144,s,2.488857318,0.090024399,0.090024399,mJy,Spectral Flux,394000000000000.0,,,Hz,i,i_offset,slop,1.0
15500.10384,s,4.742419853,0.296107178,0.296107178,mJy,Spectral Flux,329000000000000.0,,,Hz,z,z_offset,slop,1.0
16166.42064,s,0.207014135,0.028365377,0.028365377,mJy,Spectral Flux,629000000000000.0,,,Hz,g,g_offset,slop,1.0
16391.75184,s,0.920449572,0.041427055,0.041427055,mJy,Spectral Flux,481000000000000.0,,,Hz,r,r_offset,slop,1.0
16623.04464,s,2.355049284,0.105994678,0.105994678,mJy,Spectral Flux,394000000000000.0,,,Hz,i,i_offset,slop,1.0
16847.77104,s,4.698941086,0.252628411,0.252628411,mJy,Spectral Flux,329000000000000.0,,,Hz,z,z_offset,slop,1.0
89121.11184,s,0.029922646,0.005712356,0.005712356,mJy,Spectral Flux,629000000000000.0,,,Hz,g,g_offset,slop,1.0
89468.35344,s,0.72443596,0.032604989,0.032604989,mJy,Spectral Flux,329000000000000.0,,,Hz,z,z_offset,slop,1.0
89721.15984,s,0.73790423,0.039671826,0.039671826,mJy,Spectral Flux,329000000000000.0,,,Hz,z,z_offset,slop,1.0
90104.60304,s,0.36982818,0.013377046,0.013377046,mJy,Spectral Flux,394000000000000.0,,,Hz,i,i_offset,slop,1.0
90242.92944,s,0.366437575,0.009986441,0.009986441,mJy,Spectral Flux,394000000000000.0,,,Hz,i,i_offset,slop,1.0
90381.25584,s,0.356451133,0.012893186,0.012893186,mJy,Spectral Flux,394000000000000.0,,,Hz,i,i_offset,slop,1.0
90739.29744,s,0.134276496,0.007219086,0.007219086,mJy,Spectral Flux,481000000000000.0,,,Hz,r,r_offset,slop,1.0
91041.26544,s,0.138038426,0.006212753,0.006212753,mJy,Spectral Flux,481000000000000.0,,,Hz,r,r_offset,slop,1.0
93861.62064,s,0.022908677,0.00313898,0.00313898,mJy,Spectral Flux,629000000000000.0,,,Hz,g,g_offset,slop,1.0
94335.35184,s,0.630957344,0.081416471,0.081416471,mJy,Spectral Flux,329000000000000.0,,,Hz,z,z_offset,slop,1.0
95167.03824,s,0.124738351,0.008860616,0.008860616,mJy,Spectral Flux,481000000000000.0,,,Hz,r,r_offset,slop,1.0
98951.35824,s,0.544502653,0.038677991,0.038677991,mJy,Spectral Flux,329000000000000.0,,,Hz,z,z_offset,slop,1.0
99202.26384,s,0.570164272,0.073571951,0.073571951,mJy,Spectral Flux,329000000000000.0,,,Hz,z,z_offset,slop,1.0
183129.323,s,0.044874539,0.005428809,0.005428809,mJy,Spectral Flux,481000000000000.0,,,Hz,r,r_offset,slop,1.0
185158.6862,s,0.231206479,0.029834054,0.029834054,mJy,Spectral Flux,329000000000000.0,,,Hz,z,z_offset,slop,1.0
259470.635,s,0.075857758,0.009177081,0.009177081,mJy,Spectral Flux,394000000000000.0,,,Hz,i,i_offset,slop,1.0
259799.387,s,0.024888573,0.003211532,0.003211532,mJy,Spectral Flux,481000000000000.0,,,Hz,r,r_offset,slop,1.0
259802.9294,s,0.135518941,0.018569002,0.018569002,mJy,Spectral Flux,329000000000000.0,,,Hz,z,z_offset,slop,1.0
347922.4622,s,0.048752849,0.005897997,0.005897997,mJy,Spectral Flux,394000000000000.0,,,Hz,i,i_offset,slop,1.0
348251.0414,s,0.016904409,0.002316267,0.002316267,mJy,Spectral Flux,481000000000000.0,,,Hz,r,r_offset,slop,1.0
348251.9054,s,0.107646521,0.015601564,0.015601564,mJy,Spectral Flux,329000000000000.0,,,Hz,z,z_offset,slop,1.0
438615.1598,s,0.015703628,0.00276167,0.00276167,mJy,Spectral Flux,481000000000000.0,,,Hz,r,r_offset,slop,1.0
438615.3326,s,0.041686938,0.006692422,0.006692422,mJy,Spectral Flux,394000000000000.0,,,Hz,i,i_offset,slop,1.0
439260.2222,s,0.097274722,0.014098345,0.014098345,mJy,Spectral Flux,329000000000000.0,,,Hz,z,z_offset,slop,1.0
526960.3694,s,0.024434306,0.003732892,0.003732892,mJy,Spectral Flux,394000000000000.0,,,Hz,i,i_offset,slop,1.0
527443.7774,s,0.062517269,0.010036523,0.010036523,mJy,Spectral Flux,329000000000000.0,,,Hz,z,z_offset,slop,1.0
311040.0,s,0.005445027,0.000196952,0.000196952,mJy,Spectral Flux,629000000000000.0,,,Hz,g,g_offset,slop,1.0
311040.0,s,0.02421029,0.00087571,0.00087571,mJy,Spectral Flux,481000000000000.0,,,Hz,r,r_offset,slop,1.0
311040.0,s,0.064863443,0.000594672,0.000594672,mJy,Spectral Flux,394000000000000.0,,,Hz,i,i_offset,slop,1.0
311040.0,s,0.123594743,0.001133123,0.001133123,mJy,Spectral Flux,329000000000000.0,,,Hz,z,z_offset,slop,1.0
820800.0,s,0.009120108,0.000647834,0.000647834,mJy,Spectral Flux,481000000000000.0,,,Hz,r,r_offset,slop,1.0
820800.0,s,0.018197009,0.000819,0.000819,mJy,Spectral Flux,394000000000000.0,,,Hz,i,i_offset,slop,1.0
820800.0,s,0.035974934,0.000980417,0.000980417,mJy,Spectral Flux,329000000000000.0,,,Hz,z,z_offset,slop,1.0
83335.392,s,0.158489319,0.026663645,0.026663645,mJy,Spectral Flux,481000000000000.0,,,Hz,r,r2_offset,slop,1.0
341930.592,s,0.019588447,0.001723571,0.001723571,mJy,Spectral Flux,481000000000000.0,,,Hz,r,r2_offset,slop,1.0
403620.192,s,0.014996848,0.000674969,0.000674969,mJy,Spectral Flux,481000000000000.0,,,Hz,r,r2_offset,slop,1.0
490365.792,s,0.014454398,0.001512439,0.001512439,mJy,Spectral Flux,481000000000000.0,,,Hz,r,r2_offset,slop,1.0
557844.192,s,0.011481536,0.000105263,0.000105263,mJy,Spectral Flux,481000000000000.0,,,Hz,r,r2_offset,slop,1.0
577456.992,s,0.01,0.000710336,0.000710336,mJy,Spectral Flux,481000000000000.0,,,Hz,r,r2_offset,slop,1.0
662560.992,s,0.009036495,0.000641895,0.000641895,mJy,Spectral Flux,481000000000000.0,,,Hz,r,r2_offset,slop,1.0
749911.392,s,0.006606934,0.000691318,0.000691318,mJy,Spectral Flux,481000000000000.0,,,Hz,r,r2_offset,slop,1.0
836829.792,s,0.00519996,0.000369372,0.000369372,mJy,Spectral Flux,481000000000000.0,,,Hz,r,r2_offset,slop,1.0
862058.592,s,0.005445027,0.000874145,0.000874145,mJy,Spectral Flux,481000000000000.0,,,Hz,r,r2_offset,slop,1.0
83335.392,s,0.444631267,0.064441871,0.064441871,mJy,Spectral Flux,394000000000000.0,,,Hz,i,i2_offset,slop,1.0
145543.392,s,0.187068214,0.001715052,0.001715052,mJy,Spectral Flux,394000000000000.0,,,Hz,i,i2_offset,slop,1.0
234448.992,s,0.088715601,0.001619242,0.001619242,mJy,Spectral Flux,394000000000000.0,,,Hz,i,i2_offset,slop,1.0
341930.592,s,0.056493697,0.002043432,0.002043432,mJy,Spectral Flux,394000000000000.0,,,Hz,i,i2_offset,slop,1.0
403620.192,s,0.037325016,0.000681258,0.000681258,mJy,Spectral Flux,394000000000000.0,,,Hz,i,i2_offset,slop,1.0
490365.792,s,0.034673685,0.002758306,0.002758306,mJy,Spectral Flux,394000000000000.0,,,Hz,i,i2_offset,slop,1.0
557844.192,s,0.028840315,0.00026441,0.00026441,mJy,Spectral Flux,394000000000000.0,,,Hz,i,i2_offset,slop,1.0
577456.992,s,0.023988329,0.001289681,0.001289681,mJy,Spectral Flux,394000000000000.0,,,Hz,i,i2_offset,slop,1.0
662560.992,s,0.019952623,0.00107271,0.00107271,mJy,Spectral Flux,394000000000000.0,,,Hz,i,i2_offset,slop,1.0
749911.392,s,0.014859356,0.001182068,0.001182068,mJy,Spectral Flux,394000000000000.0,,,Hz,i,i2_offset,slop,1.0
836829.792,s,0.014859356,0.000798881,0.000798881,mJy,Spectral Flux,394000000000000.0,,,Hz,i,i2_offset,slop,1.0
862058.592,s,0.017378008,0.001961004,0.001961004,mJy,Spectral Flux,394000000000000.0,,,Hz,i,i2_offset,slop,1.0
83335.392,s,0.731139083,0.094343563,0.094343563,mJy,Spectral Flux,329000000000000.0,,,Hz,z,z2_offset,slop,1.0
145543.392,s,0.35318317,0.006446319,0.006446319,mJy,Spectral Flux,329000000000000.0,,,Hz,z,z2_offset,slop,1.0
234448.992,s,0.158489319,0.002892756,0.002892756,mJy,Spectral Flux,329000000000000.0,,,Hz,z,z2_offset,slop,1.0
341930.592,s,0.106659612,0.005734324,0.005734324,mJy,Spectral Flux,329000000000000.0,,,Hz,z,z2_offset,slop,1.0
403620.192,s,0.069183097,0.001262734,0.001262734,mJy,Spectral Flux,329000000000000.0,,,Hz,z,z2_offset,slop,1.0
490365.792,s,0.05597576,0.003009416,0.003009416,mJy,Spectral Flux,329000000000000.0,,,Hz,z,z2_offset,slop,1.0
577456.992,s,0.043251383,0.002325317,0.002325317,mJy,Spectral Flux,329000000000000.0,,,Hz,z,z2_offset,slop,1.0
662560.992,s,0.034040819,0.001830131,0.001830131,mJy,Spectral Flux,329000000000000.0,,,Hz,z,z2_offset,slop,1.0
749911.392,s,0.025585859,0.001817456,0.001817456,mJy,Spectral Flux,329000000000000.0,,,Hz,z,z2_offset,slop,1.0
836829.792,s,0.021877616,0.000984655,0.000984655,mJy,Spectral Flux,329000000000000.0,,,Hz,z,z2_offset,slop,1.0
862058.592,s,0.015848932,0.003375097,0.003375097,mJy,Spectral Flux,329000000000000.0,,,Hz,z,z2_offset,slop,1.0
3400.0,s,2.433470777,0.33909019,0.33909019,mJy,Spectral Flux,548000000000000.0,,,Hz,uvot-v,uvot-v_offset,slop,1.0
3900.0,s,2.273898922,0.249331022,0.249331022,mJy,Spectral Flux,548000000000000.0,,,Hz,uvot-v,uvot-v_offset,slop,1.0
4200.0,s,1.90488901,0.159571854,0.159571854,mJy,Spectral Flux,548000000000000.0,,,Hz,uvot-v,uvot-v_offset,slop,1.0
4400.0,s,1.635611506,0.209438059,0.209438059,mJy,Spectral Flux,548000000000000.0,,,Hz,uvot-v,uvot-v_offset,slop,1.0
38200.0,s,0.204451438,0.013962537,0.013962537,mJy,Spectral Flux,548000000000000.0,,,Hz,uvot-v,uvot-v_offset,slop,1.0
55300.0,s,0.117684242,0.010970565,0.010970565,mJy,Spectral Flux,548000000000000.0,,,Hz,uvot-v,uvot-v_offset,slop,1.0
92800.0,s,0.063230347,0.006781804,0.006781804,mJy,Spectral Flux,548000000000000.0,,,Hz,uvot-v,uvot-v_offset,slop,1.0
3800.0,s,0.624130914,0.077212072,0.077212072,mJy,Spectral Flux,683000000000000.0,,,Hz,uvot-b,uvot-b_offset,slop,1.0
4000.0,s,0.536623899,0.071421166,0.071421166,mJy,Spectral Flux,683000000000000.0,,,Hz,uvot-b,uvot-b_offset,slop,1.0
4400.0,s,0.39764217,0.049544413,0.049544413,mJy,Spectral Flux,683000000000000.0,,,Hz,uvot-b,uvot-b_offset,slop,1.0
44400.0,s,0.032557757,0.004053634,0.004053634,mJy,Spectral Flux,683000000000000.0,,,Hz,uvot-b,uvot-b_offset,slop,1.0
60300.0,s,0.022584531,0.004439694,0.004439694,mJy,Spectral Flux,683000000000000.0,,,Hz,uvot-b,uvot-b_offset,slop,1.0
3600.0,s,0.129756997,0.014417444,0.014417444,mJy,Spectral Flux,865000000000000.0,,,Hz,uvot-u,uvot-u_offset,slop,1.0
3700.0,s,0.120545852,0.012014537,0.012014537,mJy,Spectral Flux,865000000000000.0,,,Hz,uvot-u,uvot-u_offset,slop,1.0
3900.0,s,0.09932017,0.024429558,0.024429558,mJy,Spectral Flux,865000000000000.0,,,Hz,uvot-u,uvot-u_offset,slop,1.0
4400.0,s,0.110934223,0.01842229,0.01842229,mJy,Spectral Flux,865000000000000.0,,,Hz,uvot-u,uvot-u_offset,slop,1.0
32400.0,s,0.011133471,0.001922326,0.001922326,mJy,Spectral Flux,865000000000000.0,,,Hz,uvot-u,uvot-u_offset,slop,1.0
49700.0,s,0.007208722,0.001802181,0.001802181,mJy,Spectral Flux,865000000000000.0,,,Hz,uvot-u,uvot-u_offset,slop,1.0
95800.0,s,0.005086154,0.001682035,0.001682035,mJy,Spectral Flux,865000000000000.0,,,Hz,uvot-u,uvot-u_offset,slop,1.0
5.634,d,4.95,0.62,0.62,mJy,Spectral Flux,229000000000.0,,,Hz,Ka,,slop,1.0
5.634,d,4.97,0.85,0.85,mJy,Spectral Flux,290000000000.0,,,Hz,Kc,,slop,1.0
6.654,d,4.19,0.89,0.89,mJy,Spectral Flux,229000000000.0,,,Hz,Ka,,slop,1.0
7.63,d,4.16,0.66,0.66,mJy,Spectral Flux,272000000000.0,,,Hz,Kb,,slop,1.0
7.63,d,2.96,1.33,1.33,mJy,Spectral Flux,341000000000.0,,,Hz,Kd,,slop,1.0
8.577,d,3.83,0.83,0.83,mJy,Spectral Flux,229000000000.0,,,Hz,Ka,,slop,1.0
3386.421,s,8.45e-08,3.38e-09,3.38e-09,erg cm-2 s-1,Integrated Flux,,7.25e+16,2.42e+18,Hz,xray,,slop,1.0
3417.883,s,8.35e-08,3.31e-09,3.31e-09,erg cm-2 s-1,Integrated Flux,,7.25e+16,2.42e+18,Hz,xray,,slop,1.0
3478.072,s,8.08e-08,3.24e-09,3.24e-09,erg cm-2 s-1,Integrated Flux,,7.25e+16,2.42e+18,Hz,xray,,slop,1.0
3511.571,s,7.81e-08,3.16e-09,3.16e-09,erg cm-2 s-1,Integrated Flux,,7.25e+16,2.42e+18,Hz,xray,,slop,1.0
3517.36,s,7.19e-08,2.92e-09,2.92e-09,erg cm-2 s-1,Integrated Flux,,7.25e+16,2.42e+18,Hz,xray,,slop,1.0
3523.327,s,7.65e-08,3.05e-09,3.05e-09,erg cm-2 s-1,Integrated Flux,,7.25e+16,2.42e+18,Hz,xray,,slop,1.0
3550.954,s,8.15e-08,3.28e-09,3.28e-09,erg cm-2 s-1,Integrated Flux,,7.25e+16,2.42e+18,Hz,xray,,slop,1.0
3561.97,s,8.11e-08,3.28e-09,3.28e-09,erg cm-2 s-1,Integrated Flux,,7.25e+16,2.42e+18,Hz,xray,,slop,1.0
3567.577,s,7.67e-08,3.08e-09,3.08e-09,erg cm-2 s-1,Integrated Flux,,7.25e+16,2.42e+18,Hz,xray,,slop,1.0
3591.568,s,7.28e-08,2.94e-09,2.94e-09,erg cm-2 s-1,Integrated Flux,,7.25e+16,2.42e+18,Hz,xray,,slop,1.0
3597.374,s,7.38e-08,2.95e-09,2.95e-09,erg cm-2 s-1,Integrated Flux,,7.25e+16,2.42e+18,Hz,xray,,slop,1.0
3603.449,s,7.35e-08,2.96e-09,2.96e-09,erg cm-2 s-1,Integrated Flux,,7.25e+16,2.42e+18,Hz,xray,,slop,1.0
3615.08,s,7.01e-08,2.81e-09,2.81e-09,erg cm-2 s-1,Integrated Flux,,7.25e+16,2.42e+18,Hz,xray,,slop,1.0
3656.491,s,7.22e-08,2.86e-09,2.86e-09,erg cm-2 s-1,Integrated Flux,,7.25e+16,2.42e+18,Hz,xray,,slop,1.0
3668.122,s,7.86e-08,3.16e-09,3.16e-09,erg cm-2 s-1,Integrated Flux,,7.25e+16,2.42e+18,Hz,xray,,slop,1.0
3679.702,s,7.57e-08,3.03e-09,3.03e-09,erg cm-2 s-1,Integrated Flux,,7.25e+16,2.42e+18,Hz,xray,,slop,1.0
3685.743,s,7.25e-08,2.9e-09,2.9e-09,erg cm-2 s-1,Integrated Flux,,7.25e+16,2.42e+18,Hz,xray,,slop,1.0
3697.643,s,6.89e-08,2.76e-09,2.76e-09,erg cm-2 s-1,Integrated Flux,,7.25e+16,2.42e+18,Hz,xray,,slop,1.0
3715.716,s,6.93e-08,2.76e-09,2.76e-09,erg cm-2 s-1,Integrated Flux,,7.25e+16,2.42e+18,Hz,xray,,slop,1.0
3741.339,s,7.25e-08,2.94e-09,2.94e-09,erg cm-2 s-1,Integrated Flux,,7.25e+16,2.42e+18,Hz,xray,,slop,1.0
3753.853,s,6.98e-08,2.78e-09,2.78e-09,erg cm-2 s-1,Integrated Flux,,7.25e+16,2.42e+18,Hz,xray,,slop,1.0
3765.839,s,7.9e-08,3.17e-09,3.17e-09,erg cm-2 s-1,Integrated Flux,,7.25e+16,2.42e+18,Hz,xray,,slop,1.0
3777.787,s,7.48e-08,3e-09,3e-09,erg cm-2 s-1,Integrated Flux,,7.25e+16,2.42e+18,Hz,xray,,slop,1.0
3790.018,s,7.33e-08,2.94e-09,2.94e-09,erg cm-2 s-1,Integrated Flux,,7.25e+16,2.42e+18,Hz,xray,,slop,1.0
3796.286,s,6.84e-08,2.74e-09,2.74e-09,erg cm-2 s-1,Integrated Flux,,7.25e+16,2.42e+18,Hz,xray,,slop,1.0
3841.061,s,7.22e-08,2.9e-09,2.9e-09,erg cm-2 s-1,Integrated Flux,,7.25e+16,2.42e+18,Hz,xray,,slop,1.0
3853.346,s,6.7e-08,2.68e-09,2.68e-09,erg cm-2 s-1,Integrated Flux,,7.25e+16,2.42e+18,Hz,xray,,slop,1.0
3865.962,s,6.93e-08,2.76e-09,2.76e-09,erg cm-2 s-1,Integrated Flux,,7.25e+16,2.42e+18,Hz,xray,,slop,1.0
3878.74,s,6.87e-08,2.78e-09,2.78e-09,erg cm-2 s-1,Integrated Flux,,7.25e+16,2.42e+18,Hz,xray,,slop,1.0
3911.158,s,6.7e-08,2.7e-09,2.7e-09,erg cm-2 s-1,Integrated Flux,,7.25e+16,2.42e+18,Hz,xray,,slop,1.0
3918.004,s,6.58e-08,2.65e-09,2.65e-09,erg cm-2 s-1,Integrated Flux,,7.25e+16,2.42e+18,Hz,xray,,slop,1.0
3931.181,s,6.45e-08,2.59e-09,2.59e-09,erg cm-2 s-1,Integrated Flux,,7.25e+16,2.42e+18,Hz,xray,,slop,1.0
3937.826,s,6.53e-08,2.65e-09,2.65e-09,erg cm-2 s-1,Integrated Flux,,7.25e+16,2.42e+18,Hz,xray,,slop,1.0
3944.684,s,6.43e-08,2.59e-09,2.59e-09,erg cm-2 s-1,Integrated Flux,,7.25e+16,2.42e+18,Hz,xray,,slop,1.0
3957.868,s,6.83e-08,2.73e-09,2.73e-09,erg cm-2 s-1,Integrated Flux,,7.25e+16,2.42e+18,Hz,xray,,slop,1.0
3971.313,s,6.7e-08,2.66e-09,2.66e-09,erg cm-2 s-1,Integrated Flux,,7.25e+16,2.42e+18,Hz,xray,,slop,1.0
3984.863,s,6.85e-08,2.75e-09,2.75e-09,erg cm-2 s-1,Integrated Flux,,7.25e+16,2.42e+18,Hz,xray,,slop,1.0
4005.307,s,6.92e-08,2.77e-09,2.77e-09,erg cm-2 s-1,Integrated Flux,,7.25e+16,2.42e+18,Hz,xray,,slop,1.0
4012.134,s,6.02e-08,2.46e-09,2.46e-09,erg cm-2 s-1,Integrated Flux,,7.25e+16,2.42e+18,Hz,xray,,slop,1.0
4039.443,s,6.29e-08,2.53e-09,2.53e-09,erg cm-2 s-1,Integrated Flux,,7.25e+16,2.42e+18,Hz,xray,,slop,1.0
4060.247,s,6.48e-08,2.59e-09,2.59e-09,erg cm-2 s-1,Integrated Flux,,7.25e+16,2.42e+18,Hz,xray,,slop,1.0
4080.534,s,6.23e-08,2.52e-09,2.52e-09,erg cm-2 s-1,Integrated Flux,,7.25e+16,2.42e+18,Hz,xray,,slop,1.0
4087.444,s,6.37e-08,2.62e-09,2.62e-09,erg cm-2 s-1,Integrated Flux,,7.25e+16,2.42e+18,Hz,xray,,slop,1.0
4136.092,s,6.74e-08,2.72e-09,2.72e-09,erg cm-2 s-1,Integrated Flux,,7.25e+16,2.42e+18,Hz,xray,,slop,1.0
4143.349,s,5.55e-08,2.24e-09,2.24e-09,erg cm-2 s-1,Integrated Flux,,7.25e+16,2.42e+18,Hz,xray,,slop,1.0
4179.361,s,5.96e-08,2.39e-09,2.39e-09,erg cm-2 s-1,Integrated Flux,,7.25e+16,2.42e+18,Hz,xray,,slop,1.0
4245.361,s,5.91e-08,2.34e-09,2.34e-09,erg cm-2 s-1,Integrated Flux,,7.25e+16,2.42e+18,Hz,xray,,slop,1.0
4266.863,s,6.39e-08,2.55e-09,2.55e-09,erg cm-2 s-1,Integrated Flux,,7.25e+16,2.42e+18,Hz,xray,,slop,1.0
4273.805,s,6.21e-08,2.49e-09,2.49e-09,erg cm-2 s-1,Integrated Flux,,7.25e+16,2.42e+18,Hz,xray,,slop,1.0
4281.207,s,5.73e-08,2.31e-09,2.31e-09,erg cm-2 s-1,Integrated Flux,,7.25e+16,2.42e+18,Hz,xray,,slop,1.0
4296.666,s,5.98e-08,2.4e-09,2.4e-09,erg cm-2 s-1,Integrated Flux,,7.25e+16,2.42e+18,Hz,xray,,slop,1.0
4304.396,s,5.62e-08,2.27e-09,2.27e-09,erg cm-2 s-1,Integrated Flux,,7.25e+16,2.42e+18,Hz,xray,,slop,1.0
4334.727,s,5.8e-08,2.33e-09,2.33e-09,erg cm-2 s-1,Integrated Flux,,7.25e+16,2.42e+18,Hz,xray,,slop,1.0
4341.998,s,5.9e-08,2.37e-09,2.37e-09,erg cm-2 s-1,Integrated Flux,,7.25e+16,2.42e+18,Hz,xray,,slop,1.0
4403.542,s,5.61e-08,2.26e-09,2.26e-09,erg cm-2 s-1,Integrated Flux,,7.25e+16,2.42e+18,Hz,xray,,slop,1.0
4419.209,s,5.9e-08,2.34e-09,2.34e-09,erg cm-2 s-1,Integrated Flux,,7.25e+16,2.42e+18,Hz,xray,,slop,1.0
4441.237,s,5.99e-08,2.41e-09,2.41e-09,erg cm-2 s-1,Integrated Flux,,7.25e+16,2.42e+18,Hz,xray,,slop,1.0
4448.81,s,5.76e-08,2.32e-09,2.32e-09,erg cm-2 s-1,Integrated Flux,,7.25e+16,2.42e+18,Hz,xray,,slop,1.0
4480.301,s,5.39e-08,2.24e-09,2.24e-09,erg cm-2 s-1,Integrated Flux,,7.25e+16,2.42e+18,Hz,xray,,slop,1.0
4511.075,s,5.72e-08,2.31e-09,2.31e-09,erg cm-2 s-1,Integrated Flux,,7.25e+16,2.42e+18,Hz,xray,,slop,1.0
4519.07,s,5.54e-08,2.22e-09,2.22e-09,erg cm-2 s-1,Integrated Flux,,7.25e+16,2.42e+18,Hz,xray,,slop,1.0
21633.536,s,5.01e-09,2.65e-10,2.65e-10,erg cm-2 s-1,Integrated Flux,,7.25e+16,2.42e+18,Hz,xray,,slop,1.0
21642.666,s,5.14e-09,2.68e-10,2.68e-10,erg cm-2 s-1,Integrated Flux,,7.25e+16,2.42e+18,Hz,xray,,slop,1.0
21670.07,s,4.99e-09,2.62e-10,2.62e-10,erg cm-2 s-1,Integrated Flux,,7.25e+16,2.42e+18,Hz,xray,,slop,1.0
21679.191,s,4.86e-09,2.55e-10,2.55e-10,erg cm-2 s-1,Integrated Flux,,7.25e+16,2.42e+18,Hz,xray,,slop,1.0
21688.74,s,5.09e-09,2.61e-10,2.61e-10,erg cm-2 s-1,Integrated Flux,,7.25e+16,2.42e+18,Hz,xray,,slop,1.0
21697.647,s,5.07e-09,2.75e-10,2.75e-10,erg cm-2 s-1,Integrated Flux,,7.25e+16,2.42e+18,Hz,xray,,slop,1.0
21706.77,s,5.09e-09,2.71e-10,2.71e-10,erg cm-2 s-1,Integrated Flux,,7.25e+16,2.42e+18,Hz,xray,,slop,1.0
21715.764,s,5.47e-09,2.76e-10,2.76e-10,erg cm-2 s-1,Integrated Flux,,7.25e+16,2.42e+18,Hz,xray,,slop,1.0
21734.041,s,5.04e-09,2.56e-10,2.56e-10,erg cm-2 s-1,Integrated Flux,,7.25e+16,2.42e+18,Hz,xray,,slop,1.0
21743.529,s,5.1e-09,2.64e-10,2.64e-10,erg cm-2 s-1,Integrated Flux,,7.25e+16,2.42e+18,Hz,xray,,slop,1.0
21752.189,s,4.88e-09,2.61e-10,2.61e-10,erg cm-2 s-1,Integrated Flux,,7.25e+16,2.42e+18,Hz,xray,,slop,1.0
21770.271,s,4.86e-09,2.55e-10,2.55e-10,erg cm-2 s-1,Integrated Flux,,7.25e+16,2.42e+18,Hz,xray,,slop,1.0
21779.69,s,5.13e-09,2.6e-10,2.6e-10,erg cm-2 s-1,Integrated Flux,,7.25e+16,2.42e+18,Hz,xray,,slop,1.0
21798.732,s,5.01e-09,2.54e-10,2.54e-10,erg cm-2 s-1,Integrated Flux,,7.25e+16,2.42e+18,Hz,xray,,slop,1.0
21807.866,s,5.26e-09,2.72e-10,2.72e-10,erg cm-2 s-1,Integrated Flux,,7.25e+16,2.42e+18,Hz,xray,,slop,1.0
21816.782,s,5.17e-09,2.66e-10,2.66e-10,erg cm-2 s-1,Integrated Flux,,7.25e+16,2.42e+18,Hz,xray,,slop,1.0
21836.148,s,4.25e-09,2.25e-10,2.25e-10,erg cm-2 s-1,Integrated Flux,,7.25e+16,2.42e+18,Hz,xray,,slop,1.0
21846.166,s,4.82e-09,2.49e-10,2.49e-10,erg cm-2 s-1,Integrated Flux,,7.25e+16,2.42e+18,Hz,xray,,slop,1.0
21855.898,s,4.89e-09,2.5e-10,2.5e-10,erg cm-2 s-1,Integrated Flux,,7.25e+16,2.42e+18,Hz,xray,,slop,1.0
21864.861,s,5.38e-09,2.72e-10,2.72e-10,erg cm-2 s-1,Integrated Flux,,7.25e+16,2.42e+18,Hz,xray,,slop,1.0
21883.046,s,4.74e-09,2.52e-10,2.52e-10,erg cm-2 s-1,Integrated Flux,,7.25e+16,2.42e+18,Hz,xray,,slop,1.0
21892.701,s,5.09e-09,2.55e-10,2.55e-10,erg cm-2 s-1,Integrated Flux,,7.25e+16,2.42e+18,Hz,xray,,slop,1.0
21901.747,s,5.06e-09,2.66e-10,2.66e-10,erg cm-2 s-1,Integrated Flux,,7.25e+16,2.42e+18,Hz,xray,,slop,1.0
21911.317,s,4.64e-09,2.53e-10,2.53e-10,erg cm-2 s-1,Integrated Flux,,7.25e+16,2.42e+18,Hz,xray,,slop,1.0
21920.272,s,5.23e-09,2.68e-10,2.68e-10,erg cm-2 s-1,Integrated Flux,,7.25e+16,2.42e+18,Hz,xray,,slop,1.0
21929.382,s,4.92e-09,2.57e-10,2.57e-10,erg cm-2 s-1,Integrated Flux,,7.25e+16,2.42e+18,Hz,xray,,slop,1.0
21938.866,s,4.75e-09,2.47e-10,2.47e-10,erg cm-2 s-1,Integrated Flux,,7.25e+16,2.42e+18,Hz,xray,,slop,1.0
21948.716,s,4.68e-09,2.46e-10,2.46e-10,erg cm-2 s-1,Integrated Flux,,7.25e+16,2.42e+18,Hz,xray,,slop,1.0
21958.237,s,5.23e-09,2.69e-10,2.69e-10,erg cm-2 s-1,Integrated Flux,,7.25e+16,2.42e+18,Hz,xray,,slop,1.0
21984.167,s,5.16e-09,2.68e-10,2.68e-10,erg cm-2 s-1,Integrated Flux,,7.25e+16,2.42e+18,Hz,xray,,slop,1.0
21993.423,s,5.03e-09,2.57e-10,2.57e-10,erg cm-2 s-1,Integrated Flux,,7.25e+16,2.42e+18,Hz,xray,,slop,1.0
22002.164,s,5.52e-09,2.83e-10,2.83e-10,erg cm-2 s-1,Integrated Flux,,7.25e+16,2.42e+18,Hz,xray,,slop,1.0
22020.433,s,4.66e-09,2.42e-10,2.42e-10,erg cm-2 s-1,Integrated Flux,,7.25e+16,2.42e+18,Hz,xray,,slop,1.0
22030.138,s,4.53e-09,2.38e-10,2.38e-10,erg cm-2 s-1,Integrated Flux,,7.25e+16,2.42e+18,Hz,xray,,slop,1.0
22048.696,s,5.34e-09,2.72e-10,2.72e-10,erg cm-2 s-1,Integrated Flux,,7.25e+16,2.42e+18,Hz,xray,,slop,1.0
22057.666,s,4.91e-09,2.52e-10,2.52e-10,erg cm-2 s-1,Integrated Flux,,7.25e+16,2.42e+18,Hz,xray,,slop,1.0
22066.865,s,5.15e-09,2.66e-10,2.66e-10,erg cm-2 s-1,Integrated Flux,,7.25e+16,2.42e+18,Hz,xray,,slop,1.0
22076.117,s,5.08e-09,2.64e-10,2.64e-10,erg cm-2 s-1,Integrated Flux,,7.25e+16,2.42e+18,Hz,xray,,slop,1.0
22094.017,s,5.24e-09,2.72e-10,2.72e-10,erg cm-2 s-1,Integrated Flux,,7.25e+16,2.42e+18,Hz,xray,,slop,1.0
25492.636,s,4.11e-09,2.21e-10,2.21e-10,erg cm-2 s-1,Integrated Flux,,7.25e+16,2.42e+18,Hz,xray,,slop,1.0
25530.191,s,3.83e-09,2.62e-10,2.62e-10,erg cm-2 s-1,Integrated Flux,,7.25e+16,2.42e+18,Hz,xray,,slop,1.0
25579.559,s,4.04e-09,2.28e-10,2.28e-10,erg cm-2 s-1,Integrated Flux,,7.25e+16,2.42e+18,Hz,xray,,slop,1.0
25604.782,s,3.94e-09,2.22e-10,2.22e-10,erg cm-2 s-1,Integrated Flux,,7.25e+16,2.42e+18,Hz,xray,,slop,1.0
25642.902,s,3.97e-09,2.22e-10,2.22e-10,erg cm-2 s-1,Integrated Flux,,7.25e+16,2.42e+18,Hz,xray,,slop,1.0
25665.299,s,3.62e-09,2.17e-10,2.17e-10,erg cm-2 s-1,Integrated Flux,,7.25e+16,2.42e+18,Hz,xray,,slop,1.0
25688.395,s,3.91e-09,2.31e-10,2.31e-10,erg cm-2 s-1,Integrated Flux,,7.25e+16,2.42e+18,Hz,xray,,slop,1.0
25700.466,s,3.82e-09,2.16e-10,2.16e-10,erg cm-2 s-1,Integrated Flux,,7.25e+16,2.42e+18,Hz,xray,,slop,1.0
25713.329,s,3.87e-09,2.17e-10,2.17e-10,erg cm-2 s-1,Integrated Flux,,7.25e+16,2.42e+18,Hz,xray,,slop,1.0
25726.924,s,3.5e-09,2.07e-10,2.07e-10,erg cm-2 s-1,Integrated Flux,,7.25e+16,2.42e+18,Hz,xray,,slop,1.0
25739.668,s,3.92e-09,2.45e-10,2.45e-10,erg cm-2 s-1,Integrated Flux,,7.25e+16,2.42e+18,Hz,xray,,slop,1.0
25765.907,s,3.55e-09,2.37e-10,2.37e-10,erg cm-2 s-1,Integrated Flux,,7.25e+16,2.42e+18,Hz,xray,,slop,1.0
25778.859,s,4.38e-09,2.96e-10,2.96e-10,erg cm-2 s-1,Integrated Flux,,7.25e+16,2.42e+18,Hz,xray,,slop,1.0
25790.567,s,4.18e-09,2.85e-10,2.85e-10,erg cm-2 s-1,Integrated Flux,,7.25e+16,2.42e+18,Hz,xray,,slop,1.0
25803.568,s,4.05e-09,2.79e-10,2.79e-10,erg cm-2 s-1,Integrated Flux,,7.25e+16,2.42e+18,Hz,xray,,slop,1.0
25830.043,s,3.64e-09,2.43e-10,2.43e-10,erg cm-2 s-1,Integrated Flux,,7.25e+16,2.42e+18,Hz,xray,,slop,1.0
25843.659,s,3.71e-09,2.5e-10,2.5e-10,erg cm-2 s-1,Integrated Flux,,7.25e+16,2.42e+18,Hz,xray,,slop,1.0
25856.935,s,3.81e-09,2.48e-10,2.48e-10,erg cm-2 s-1,Integrated Flux,,7.25e+16,2.42e+18,Hz,xray,,slop,1.0
25910.096,s,3.73e-09,2.47e-10,2.47e-10,erg cm-2 s-1,Integrated Flux,,7.25e+16,2.42e+18,Hz,xray,,slop,1.0
25924.039,s,3.75e-09,2.54e-10,2.54e-10,erg cm-2 s-1,Integrated Flux,,7.25e+16,2.42e+18,Hz,xray,,slop,1.0
25937.438,s,3.74e-09,2.5e-10,2.5e-10,erg cm-2 s-1,Integrated Flux,,7.25e+16,2.42e+18,Hz,xray,,slop,1.0
25951.674,s,3.51e-09,2.4e-10,2.4e-10,erg cm-2 s-1,Integrated Flux,,7.25e+16,2.42e+18,Hz,xray,,slop,1.0
25965.094,s,3.66e-09,2.56e-10,2.56e-10,erg cm-2 s-1,Integrated Flux,,7.25e+16,2.42e+18,Hz,xray,,slop,1.0
26005.311,s,3.74e-09,2.54e-10,2.54e-10,erg cm-2 s-1,Integrated Flux,,7.25e+16,2.42e+18,Hz,xray,,slop,1.0
26033.612,s,3.32e-09,2.26e-10,2.26e-10,erg cm-2 s-1,Integrated Flux,,7.25e+16,2.42e+18,Hz,xray,,slop,1.0
26048.296,s,3.14e-09,2.31e-10,2.31e-10,erg cm-2 s-1,Integrated Flux,,7.25e+16,2.42e+18,Hz,xray,,slop,1.0
26062.416,s,3.95e-09,2.73e-10,2.73e-10,erg cm-2 s-1,Integrated Flux,,7.25e+16,2.42e+18,Hz,xray,,slop,1.0
26088.428,s,3.96e-09,2.6e-10,2.6e-10,erg cm-2 s-1,Integrated Flux,,7.25e+16,2.42e+18,Hz,xray,,slop,1.0
26115.764,s,3.99e-09,2.66e-10,2.66e-10,erg cm-2 s-1,Integrated Flux,,7.25e+16,2.42e+18,Hz,xray,,slop,1.0
26142.526,s,3.74e-09,2.53e-10,2.53e-10,erg cm-2 s-1,Integrated Flux,,7.25e+16,2.42e+18,Hz,xray,,slop,1.0
26156.388,s,3.74e-09,2.51e-10,2.51e-10,erg cm-2 s-1,Integrated Flux,,7.25e+16,2.42e+18,Hz,xray,,slop,1.0
26183.077,s,3.78e-09,2.58e-10,2.58e-10,erg cm-2 s-1,Integrated Flux,,7.25e+16,2.42e+18,Hz,xray,,slop,1.0
26196.99,s,3.6e-09,2.45e-10,2.45e-10,erg cm-2 s-1,Integrated Flux,,7.25e+16,2.42e+18,Hz,xray,,slop,1.0
26210.252,s,3.99e-09,2.77e-10,2.77e-10,erg cm-2 s-1,Integrated Flux,,7.25e+16,2.42e+18,Hz,xray,,slop,1.0
26262.939,s,3.71e-09,2.56e-10,2.56e-10,erg cm-2 s-1,Integrated Flux,,7.25e+16,2.42e+18,Hz,xray,,slop,1.0
26276.959,s,3.55e-09,2.48e-10,2.48e-10,erg cm-2 s-1,Integrated Flux,,7.25e+16,2.42e+18,Hz,xray,,slop,1.0
26289.944,s,4.06e-09,2.78e-10,2.78e-10,erg cm-2 s-1,Integrated Flux,,7.25e+16,2.42e+18,Hz,xray,,slop,1.0
26302.317,s,3.84e-09,2.62e-10,2.62e-10,erg cm-2 s-1,Integrated Flux,,7.25e+16,2.42e+18,Hz,xray,,slop,1.0
26315.57,s,3.93e-09,2.73e-10,2.73e-10,erg cm-2 s-1,Integrated Flux,,7.25e+16,2.42e+18,Hz,xray,,slop,1.0
26368.221,s,3.78e-09,2.66e-10,2.66e-10,erg cm-2 s-1,Integrated Flux,,7.25e+16,2.42e+18,Hz,xray,,slop,1.0
26395.251,s,4.1e-09,2.81e-10,2.81e-10,erg cm-2 s-1,Integrated Flux,,7.25e+16,2.42e+18,Hz,xray,,slop,1.0
26407.898,s,3.71e-09,2.65e-10,2.65e-10,erg cm-2 s-1,Integrated Flux,,7.25e+16,2.42e+18,Hz,xray,,slop,1.0
26421.65,s,3.71e-09,2.52e-10,2.52e-10,erg cm-2 s-1,Integrated Flux,,7.25e+16,2.42e+18,Hz,xray,,slop,1.0
26435.315,s,3.73e-09,2.61e-10,2.61e-10,erg cm-2 s-1,Integrated Flux,,7.25e+16,2.42e+18,Hz,xray,,slop,1.0
26449.093,s,3.55e-09,2.46e-10,2.46e-10,erg cm-2 s-1,Integrated Flux,,7.25e+16,2.42e+18,Hz,xray,,slop,1.0
26463.422,s,3.71e-09,2.55e-10,2.55e-10,erg cm-2 s-1,Integrated Flux,,7.25e+16,2.42e+18,Hz,xray,,slop,1.0
26516.193,s,3.68e-09,2.53e-10,2.53e-10,erg cm-2 s-1,Integrated Flux,,7.25e+16,2.42e+18,Hz,xray,,slop,1.0
26529.552,s,3.95e-09,2.75e-10,2.75e-10,erg cm-2 s-1,Integrated Flux,,7.25e+16,2.42e+18,Hz,xray,,slop,1.0
26543.96,s,3.24e-09,2.36e-10,2.36e-10,erg cm-2 s-1,Integrated Flux,,7.25e+16,2.42e+18,Hz,xray,,slop,1.0
26585.907,s,3.32e-09,2.34e-10,2.34e-10,erg cm-2 s-1,Integrated Flux,,7.25e+16,2.42e+18,Hz,xray,,slop,1.0
26600.697,s,3.82e-09,2.61e-10,2.61e-10,erg cm-2 s-1,Integrated Flux,,7.25e+16,2.42e+18,Hz,xray,,slop,1.0
26613.868,s,3.83e-09,2.61e-10,2.61e-10,erg cm-2 s-1,Integrated Flux,,7.25e+16,2.42e+18,Hz,xray,,slop,1.0
26641.268,s,3.68e-09,2.58e-10,2.58e-10,erg cm-2 s-1,Integrated Flux,,7.25e+16,2.42e+18,Hz,xray,,slop,1.0
26654.906,s,3.73e-09,2.54e-10,2.54e-10,erg cm-2 s-1,Integrated Flux,,7.25e+16,2.42e+18,Hz,xray,,slop,1.0
26668.348,s,3.85e-09,2.61e-10,2.61e-10,erg cm-2 s-1,Integrated Flux,,7.25e+16,2.42e+18,Hz,xray,,slop,1.0
31126.431,s,3e-09,1.6e-10,1.6e-10,erg cm-2 s-1,Integrated Flux,,7.25e+16,2.42e+18,Hz,xray,,slop,1.0
31141.842,s,2.83e-09,1.53e-10,1.53e-10,erg cm-2 s-1,Integrated Flux,,7.25e+16,2.42e+18,Hz,xray,,slop,1.0
31172.59,s,2.98e-09,1.58e-10,1.58e-10,erg cm-2 s-1,Integrated Flux,,7.25e+16,2.42e+18,Hz,xray,,slop,1.0
31188.482,s,2.78e-09,1.54e-10,1.54e-10,erg cm-2 s-1,Integrated Flux,,7.25e+16,2.42e+18,Hz,xray,,slop,1.0
31218.362,s,3.12e-09,1.7e-10,1.7e-10,erg cm-2 s-1,Integrated Flux,,7.25e+16,2.42e+18,Hz,xray,,slop,1.0
31233.161,s,3.05e-09,1.66e-10,1.66e-10,erg cm-2 s-1,Integrated Flux,,7.25e+16,2.42e+18,Hz,xray,,slop,1.0
31247.437,s,3.22e-09,1.75e-10,1.75e-10,erg cm-2 s-1,Integrated Flux,,7.25e+16,2.42e+18,Hz,xray,,slop,1.0
31277.004,s,3.26e-09,1.76e-10,1.76e-10,erg cm-2 s-1,Integrated Flux,,7.25e+16,2.42e+18,Hz,xray,,slop,1.0
31291.717,s,2.92e-09,1.61e-10,1.61e-10,erg cm-2 s-1,Integrated Flux,,7.25e+16,2.42e+18,Hz,xray,,slop,1.0
31305.978,s,3.24e-09,1.79e-10,1.79e-10,erg cm-2 s-1,Integrated Flux,,7.25e+16,2.42e+18,Hz,xray,,slop,1.0
31321.125,s,2.82e-09,1.55e-10,1.55e-10,erg cm-2 s-1,Integrated Flux,,7.25e+16,2.42e+18,Hz,xray,,slop,1.0
31336.473,s,3.12e-09,1.65e-10,1.65e-10,erg cm-2 s-1,Integrated Flux,,7.25e+16,2.42e+18,Hz,xray,,slop,1.0
31351.817,s,2.8e-09,1.55e-10,1.55e-10,erg cm-2 s-1,Integrated Flux,,7.25e+16,2.42e+18,Hz,xray,,slop,1.0
31367.134,s,2.9e-09,1.58e-10,1.58e-10,erg cm-2 s-1,Integrated Flux,,7.25e+16,2.42e+18,Hz,xray,,slop,1.0
31398.144,s,3.08e-09,1.62e-10,1.62e-10,erg cm-2 s-1,Integrated Flux,,7.25e+16,2.42e+18,Hz,xray,,slop,1.0
31412.391,s,3.46e-09,1.82e-10,1.82e-10,erg cm-2 s-1,Integrated Flux,,7.25e+16,2.42e+18,Hz,xray,,slop,1.0
31443.691,s,2.86e-09,1.52e-10,1.52e-10,erg cm-2 s-1,Integrated Flux,,7.25e+16,2.42e+18,Hz,xray,,slop,1.0
31458.929,s,2.97e-09,1.63e-10,1.63e-10,erg cm-2 s-1,Integrated Flux,,7.25e+16,2.42e+18,Hz,xray,,slop,1.0
31474.232,s,2.95e-09,1.54e-10,1.54e-10,erg cm-2 s-1,Integrated Flux,,7.25e+16,2.42e+18,Hz,xray,,slop,1.0
31536.582,s,2.64e-09,1.54e-10,1.54e-10,erg cm-2 s-1,Integrated Flux,,7.25e+16,2.42e+18,Hz,xray,,slop,1.0
31552.955,s,2.91e-09,1.58e-10,1.58e-10,erg cm-2 s-1,Integrated Flux,,7.25e+16,2.42e+18,Hz,xray,,slop,1.0
31567.762,s,3.04e-09,1.64e-10,1.64e-10,erg cm-2 s-1,Integrated Flux,,7.25e+16,2.42e+18,Hz,xray,,slop,1.0
31583.142,s,3.09e-09,1.64e-10,1.64e-10,erg cm-2 s-1,Integrated Flux,,7.25e+16,2.42e+18,Hz,xray,,slop,1.0
31613.33,s,2.97e-09,1.65e-10,1.65e-10,erg cm-2 s-1,Integrated Flux,,7.25e+16,2.42e+18,Hz,xray,,slop,1.0
31628.516,s,2.93e-09,1.57e-10,1.57e-10,erg cm-2 s-1,Integrated Flux,,7.25e+16,2.42e+18,Hz,xray,,slop,1.0
31643.971,s,3.18e-09,1.67e-10,1.67e-10,erg cm-2 s-1,Integrated Flux,,7.25e+16,2.42e+18,Hz,xray,,slop,1.0
31658.48,s,3e-09,1.59e-10,1.59e-10,erg cm-2 s-1,Integrated Flux,,7.25e+16,2.42e+18,Hz,xray,,slop,1.0
31673.883,s,2.97e-09,1.63e-10,1.63e-10,erg cm-2 s-1,Integrated Flux,,7.25e+16,2.42e+18,Hz,xray,,slop,1.0
31689.323,s,3.02e-09,1.59e-10,1.59e-10,erg cm-2 s-1,Integrated Flux,,7.25e+16,2.42e+18,Hz,xray,,slop,1.0
31704.169,s,2.97e-09,1.6e-10,1.6e-10,erg cm-2 s-1,Integrated Flux,,7.25e+16,2.42e+18,Hz,xray,,slop,1.0
31782.131,s,3.03e-09,1.63e-10,1.63e-10,erg cm-2 s-1,Integrated Flux,,7.25e+16,2.42e+18,Hz,xray,,slop,1.0
31846.487,s,2.68e-09,1.51e-10,1.51e-10,erg cm-2 s-1,Integrated Flux,,7.25e+16,2.42e+18,Hz,xray,,slop,1.0
31878.037,s,3.17e-09,1.68e-10,1.68e-10,erg cm-2 s-1,Integrated Flux,,7.25e+16,2.42e+18,Hz,xray,,slop,1.0
31907.621,s,2.93e-09,1.61e-10,1.61e-10,erg cm-2 s-1,Integrated Flux,,7.25e+16,2.42e+18,Hz,xray,,slop,1.0
31923.163,s,2.9e-09,1.57e-10,1.57e-10,erg cm-2 s-1,Integrated Flux,,7.25e+16,2.42e+18,Hz,xray,,slop,1.0
31955.08,s,3e-09,1.63e-10,1.63e-10,erg cm-2 s-1,Integrated Flux,,7.25e+16,2.42e+18,Hz,xray,,slop,1.0
31986.287,s,3.04e-09,1.63e-10,1.63e-10,erg cm-2 s-1,Integrated Flux,,7.25e+16,2.42e+18,Hz,xray,,slop,1.0
32002.126,s,2.62e-09,1.46e-10,1.46e-10,erg cm-2 s-1,Integrated Flux,,7.25e+16,2.42e+18,Hz,xray,,slop,1.0
32018.117,s,2.81e-09,1.55e-10,1.55e-10,erg cm-2 s-1,Integrated Flux,,7.25e+16,2.42e+18,Hz,xray,,slop,1.0
32033.767,s,2.85e-09,1.62e-10,1.62e-10,erg cm-2 s-1,Integrated Flux,,7.25e+16,2.42e+18,Hz,xray,,slop,1.0
32049.196,s,2.82e-09,1.58e-10,1.58e-10,erg cm-2 s-1,Integrated Flux,,7.25e+16,2.42e+18,Hz,xray,,slop,1.0
32065.529,s,2.74e-09,1.47e-10,1.47e-10,erg cm-2 s-1,Integrated Flux,,7.25e+16,2.42e+18,Hz,xray,,slop,1.0
32097.511,s,2.54e-09,1.43e-10,1.43e-10,erg cm-2 s-1,Integrated Flux,,7.25e+16,2.42e+18,Hz,xray,,slop,1.0
32113.791,s,3.03e-09,1.63e-10,1.63e-10,erg cm-2 s-1,Integrated Flux,,7.25e+16,2.42e+18,Hz,xray,,slop,1.0
32144.019,s,2.93e-09,1.55e-10,1.55e-10,erg cm-2 s-1,Integrated Flux,,7.25e+16,2.42e+18,Hz,xray,,slop,1.0
32189.138,s,2.83e-09,1.52e-10,1.52e-10,erg cm-2 s-1,Integrated Flux,,7.25e+16,2.42e+18,Hz,xray,,slop,1.0
32205.326,s,2.76e-09,1.49e-10,1.49e-10,erg cm-2 s-1,Integrated Flux,,7.25e+16,2.42e+18,Hz,xray,,slop,1.0
32237.606,s,2.97e-09,1.64e-10,1.64e-10,erg cm-2 s-1,Integrated Flux,,7.25e+16,2.42e+18,Hz,xray,,slop,1.0
32286.052,s,2.87e-09,1.54e-10,1.54e-10,erg cm-2 s-1,Integrated Flux,,7.25e+16,2.42e+18,Hz,xray,,slop,1.0
32302.187,s,2.73e-09,1.5e-10,1.5e-10,erg cm-2 s-1,Integrated Flux,,7.25e+16,2.42e+18,Hz,xray,,slop,1.0
32336.094,s,2.75e-09,1.5e-10,1.5e-10,erg cm-2 s-1,Integrated Flux,,7.25e+16,2.42e+18,Hz,xray,,slop,1.0
32352.254,s,2.68e-09,1.51e-10,1.51e-10,erg cm-2 s-1,Integrated Flux,,7.25e+16,2.42e+18,Hz,xray,,slop,1.0
32368.381,s,2.97e-09,1.61e-10,1.61e-10,erg cm-2 s-1,Integrated Flux,,7.25e+16,2.42e+18,Hz,xray,,slop,1.0
32383.867,s,2.88e-09,1.58e-10,1.58e-10,erg cm-2 s-1,Integrated Flux,,7.25e+16,2.42e+18,Hz,xray,,slop,1.0
32399.038,s,2.79e-09,1.5e-10,1.5e-10,erg cm-2 s-1,Integrated Flux,,7.25e+16,2.42e+18,Hz,xray,,slop,1.0
32416.064,s,2.64e-09,1.49e-10,1.49e-10,erg cm-2 s-1,Integrated Flux,,7.25e+16,2.42e+18,Hz,xray,,slop,1.0
32432.854,s,2.69e-09,1.48e-10,1.48e-10,erg cm-2 s-1,Integrated Flux,,7.25e+16,2.42e+18,Hz,xray,,slop,1.0
32449.231,s,2.72e-09,1.5e-10,1.5e-10,erg cm-2 s-1,Integrated Flux,,7.25e+16,2.42e+18,Hz,xray,,slop,1.0
32497.063,s,2.78e-09,1.53e-10,1.53e-10,erg cm-2 s-1,Integrated Flux,,7.25e+16,2.42e+18,Hz,xray,,slop,1.0
32513.122,s,2.68e-09,1.47e-10,1.47e-10,erg cm-2 s-1,Integrated Flux,,7.25e+16,2.42e+18,Hz,xray,,slop,1.0
32529.071,s,2.7e-09,1.52e-10,1.52e-10,erg cm-2 s-1,Integrated Flux,,7.25e+16,2.42e+18,Hz,xray,,slop,1.0
32544.934,s,2.94e-09,1.6e-10,1.6e-10,erg cm-2 s-1,Integrated Flux,,7.25e+16,2.42e+18,Hz,xray,,slop,1.0
32559.917,s,3.19e-09,1.72e-10,1.72e-10,erg cm-2 s-1,Integrated Flux,,7.25e+16,2.42e+18,Hz,xray,,slop,1.0
32575.184,s,2.74e-09,1.47e-10,1.47e-10,erg cm-2 s-1,Integrated Flux,,7.25e+16,2.42e+18,Hz,xray,,slop,1.0
32591.433,s,2.84e-09,1.6e-10,1.6e-10,erg cm-2 s-1,Integrated Flux,,7.25e+16,2.42e+18,Hz,xray,,slop,1.0
32606.825,s,2.89e-09,1.56e-10,1.56e-10,erg cm-2 s-1,Integrated Flux,,7.25e+16,2.42e+18,Hz,xray,,slop,1.0
32621.964,s,2.92e-09,1.62e-10,1.62e-10,erg cm-2 s-1,Integrated Flux,,7.25e+16,2.42e+18,Hz,xray,,slop,1.0
32654.468,s,2.73e-09,1.5e-10,1.5e-10,erg cm-2 s-1,Integrated Flux,,7.25e+16,2.42e+18,Hz,xray,,slop,1.0
32670.147,s,3.01e-09,1.66e-10,1.66e-10,erg cm-2 s-1,Integrated Flux,,7.25e+16,2.42e+18,Hz,xray,,slop,1.0
32703.345,s,2.75e-09,1.51e-10,1.51e-10,erg cm-2 s-1,Integrated Flux,,7.25e+16,2.42e+18,Hz,xray,,slop,1.0
32720.495,s,2.76e-09,1.57e-10,1.57e-10,erg cm-2 s-1,Integrated Flux,,7.25e+16,2.42e+18,Hz,xray,,slop,1.0
32736.92,s,2.97e-09,1.66e-10,1.66e-10,erg cm-2 s-1,Integrated Flux,,7.25e+16,2.42e+18,Hz,xray,,slop,1.0
32753.945,s,2.77e-09,1.52e-10,1.52e-10,erg cm-2 s-1,Integrated Flux,,7.25e+16,2.42e+18,Hz,xray,,slop,1.0
32770.987,s,3.06e-09,1.63e-10,1.63e-10,erg cm-2 s-1,Integrated Flux,,7.25e+16,2.42e+18,Hz,xray,,slop,1.0
32818.836,s,3.21e-09,1.74e-10,1.74e-10,erg cm-2 s-1,Integrated Flux,,7.25e+16,2.42e+18,Hz,xray,,slop,1.0
32850.756,s,3.12e-09,1.7e-10,1.7e-10,erg cm-2 s-1,Integrated Flux,,7.25e+16,2.42e+18,Hz,xray,,slop,1.0
36914.322,s,2.22e-09,1.23e-10,1.23e-10,erg cm-2 s-1,Integrated Flux,,7.25e+16,2.42e+18,Hz,xray,,slop,1.0
36934.967,s,2.5e-09,1.42e-10,1.42e-10,erg cm-2 s-1,Integrated Flux,,7.25e+16,2.42e+18,Hz,xray,,slop,1.0
36977.684,s,2.35e-09,1.35e-10,1.35e-10,erg cm-2 s-1,Integrated Flux,,7.25e+16,2.42e+18,Hz,xray,,slop,1.0
36999.684,s,2.19e-09,1.23e-10,1.23e-10,erg cm-2 s-1,Integrated Flux,,7.25e+16,2.42e+18,Hz,xray,,slop,1.0
37104.578,s,2.4e-09,1.37e-10,1.37e-10,erg cm-2 s-1,Integrated Flux,,7.25e+16,2.42e+18,Hz,xray,,slop,1.0
37125.241,s,2.38e-09,1.35e-10,1.35e-10,erg cm-2 s-1,Integrated Flux,,7.25e+16,2.42e+18,Hz,xray,,slop,1.0
37146.749,s,2.36e-09,1.28e-10,1.28e-10,erg cm-2 s-1,Integrated Flux,,7.25e+16,2.42e+18,Hz,xray,,slop,1.0
37169.207,s,2.14e-09,1.22e-10,1.22e-10,erg cm-2 s-1,Integrated Flux,,7.25e+16,2.42e+18,Hz,xray,,slop,1.0
37190.566,s,2.42e-09,1.38e-10,1.38e-10,erg cm-2 s-1,Integrated Flux,,7.25e+16,2.42e+18,Hz,xray,,slop,1.0
37211.807,s,2.33e-09,1.29e-10,1.29e-10,erg cm-2 s-1,Integrated Flux,,7.25e+16,2.42e+18,Hz,xray,,slop,1.0
37233.182,s,2.34e-09,1.32e-10,1.32e-10,erg cm-2 s-1,Integrated Flux,,7.25e+16,2.42e+18,Hz,xray,,slop,1.0
37253.581,s,2.41e-09,1.38e-10,1.38e-10,erg cm-2 s-1,Integrated Flux,,7.25e+16,2.42e+18,Hz,xray,,slop,1.0
37274.277,s,2.22e-09,1.28e-10,1.28e-10,erg cm-2 s-1,Integrated Flux,,7.25e+16,2.42e+18,Hz,xray,,slop,1.0
37360.323,s,2.12e-09,1.23e-10,1.23e-10,erg cm-2 s-1,Integrated Flux,,7.25e+16,2.42e+18,Hz,xray,,slop,1.0
37381.653,s,2.33e-09,1.32e-10,1.32e-10,erg cm-2 s-1,Integrated Flux,,7.25e+16,2.42e+18,Hz,xray,,slop,1.0
37403.05,s,2.38e-09,1.35e-10,1.35e-10,erg cm-2 s-1,Integrated Flux,,7.25e+16,2.42e+18,Hz,xray,,slop,1.0
37424.169,s,2.21e-09,1.32e-10,1.32e-10,erg cm-2 s-1,Integrated Flux,,7.25e+16,2.42e+18,Hz,xray,,slop,1.0
37466.493,s,2.53e-09,1.4e-10,1.4e-10,erg cm-2 s-1,Integrated Flux,,7.25e+16,2.42e+18,Hz,xray,,slop,1.0
37508.133,s,2.52e-09,1.43e-10,1.43e-10,erg cm-2 s-1,Integrated Flux,,7.25e+16,2.42e+18,Hz,xray,,slop,1.0
37528.112,s,2.13e-09,1.24e-10,1.24e-10,erg cm-2 s-1,Integrated Flux,,7.25e+16,2.42e+18,Hz,xray,,slop,1.0
37550.158,s,2.28e-09,1.31e-10,1.31e-10,erg cm-2 s-1,Integrated Flux,,7.25e+16,2.42e+18,Hz,xray,,slop,1.0
37571.575,s,2.34e-09,1.3e-10,1.3e-10,erg cm-2 s-1,Integrated Flux,,7.25e+16,2.42e+18,Hz,xray,,slop,1.0
37593.415,s,2.17e-09,1.29e-10,1.29e-10,erg cm-2 s-1,Integrated Flux,,7.25e+16,2.42e+18,Hz,xray,,slop,1.0
37614.079,s,2.48e-09,1.38e-10,1.38e-10,erg cm-2 s-1,Integrated Flux,,7.25e+16,2.42e+18,Hz,xray,,slop,1.0
37658.67,s,2.06e-09,1.19e-10,1.19e-10,erg cm-2 s-1,Integrated Flux,,7.25e+16,2.42e+18,Hz,xray,,slop,1.0
37788.85,s,2.27e-09,1.34e-10,1.34e-10,erg cm-2 s-1,Integrated Flux,,7.25e+16,2.42e+18,Hz,xray,,slop,1.0
37833.632,s,2.22e-09,1.25e-10,1.25e-10,erg cm-2 s-1,Integrated Flux,,7.25e+16,2.42e+18,Hz,xray,,slop,1.0
37853.371,s,2.48e-09,1.38e-10,1.38e-10,erg cm-2 s-1,Integrated Flux,,7.25e+16,2.42e+18,Hz,xray,,slop,1.0
37895.653,s,2.39e-09,1.33e-10,1.33e-10,erg cm-2 s-1,Integrated Flux,,7.25e+16,2.42e+18,Hz,xray,,slop,1.0
37959.178,s,2.31e-09,1.37e-10,1.37e-10,erg cm-2 s-1,Integrated Flux,,7.25e+16,2.42e+18,Hz,xray,,slop,1.0
37981.419,s,2.16e-09,1.26e-10,1.26e-10,erg cm-2 s-1,Integrated Flux,,7.25e+16,2.42e+18,Hz,xray,,slop,1.0
38001.741,s,2.22e-09,1.43e-10,1.43e-10,erg cm-2 s-1,Integrated Flux,,7.25e+16,2.42e+18,Hz,xray,,slop,1.0
38045.223,s,2.28e-09,1.34e-10,1.34e-10,erg cm-2 s-1,Integrated Flux,,7.25e+16,2.42e+18,Hz,xray,,slop,1.0
38130.778,s,2.37e-09,1.33e-10,1.33e-10,erg cm-2 s-1,Integrated Flux,,7.25e+16,2.42e+18,Hz,xray,,slop,1.0
38152.499,s,2.08e-09,1.21e-10,1.21e-10,erg cm-2 s-1,Integrated Flux,,7.25e+16,2.42e+18,Hz,xray,,slop,1.0
38217.748,s,2.15e-09,1.25e-10,1.25e-10,erg cm-2 s-1,Integrated Flux,,7.25e+16,2.42e+18,Hz,xray,,slop,1.0
38328.368,s,2.5e-09,1.39e-10,1.39e-10,erg cm-2 s-1,Integrated Flux,,7.25e+16,2.42e+18,Hz,xray,,slop,1.0
38349.759,s,2.05e-09,1.21e-10,1.21e-10,erg cm-2 s-1,Integrated Flux,,7.25e+16,2.42e+18,Hz,xray,,slop,1.0
38370.803,s,2.46e-09,1.46e-10,1.46e-10,erg cm-2 s-1,Integrated Flux,,7.25e+16,2.42e+18,Hz,xray,,slop,1.0
38391.826,s,2.13e-09,1.25e-10,1.25e-10,erg cm-2 s-1,Integrated Flux,,7.25e+16,2.42e+18,Hz,xray,,slop,1.0
38414.157,s,2.19e-09,1.26e-10,1.26e-10,erg cm-2 s-1,Integrated Flux,,7.25e+16,2.42e+18,Hz,xray,,slop,1.0
38436.737,s,2.01e-09,1.2e-10,1.2e-10,erg cm-2 s-1,Integrated Flux,,7.25e+16,2.42e+18,Hz,xray,,slop,1.0
38460.059,s,1.99e-09,1.25e-10,1.25e-10,erg cm-2 s-1,Integrated Flux,,7.25e+16,2.42e+18,Hz,xray,,slop,1.0
38504.749,s,2.02e-09,1.23e-10,1.23e-10,erg cm-2 s-1,Integrated Flux,,7.25e+16,2.42e+18,Hz,xray,,slop,1.0
38526.483,s,2e-09,1.21e-10,1.21e-10,erg cm-2 s-1,Integrated Flux,,7.25e+16,2.42e+18,Hz,xray,,slop,1.0
38550.025,s,2.18e-09,1.23e-10,1.23e-10,erg cm-2 s-1,Integrated Flux,,7.25e+16,2.42e+18,Hz,xray,,slop,1.0
43942.115,s,2.19e-09,1.19e-10,1.19e-10,erg cm-2 s-1,Integrated Flux,,7.25e+16,2.42e+18,Hz,xray,,slop,1.0
43965.807,s,2.22e-09,1.24e-10,1.24e-10,erg cm-2 s-1,Integrated Flux,,7.25e+16,2.42e+18,Hz,xray,,slop,1.0
43989.5,s,2.35e-09,1.26e-10,1.26e-10,erg cm-2 s-1,Integrated Flux,,7.25e+16,2.42e+18,Hz,xray,,slop,1.0
44039.821,s,2.03e-09,1.15e-10,1.15e-10,erg cm-2 s-1,Integrated Flux,,7.25e+16,2.42e+18,Hz,xray,,slop,1.0
44144.553,s,2.13e-09,1.19e-10,1.19e-10,erg cm-2 s-1,Integrated Flux,,7.25e+16,2.42e+18,Hz,xray,,slop,1.0
44217.631,s,2.14e-09,1.18e-10,1.18e-10,erg cm-2 s-1,Integrated Flux,,7.25e+16,2.42e+18,Hz,xray,,slop,1.0
44271.444,s,1.95e-09,1.08e-10,1.08e-10,erg cm-2 s-1,Integrated Flux,,7.25e+16,2.42e+18,Hz,xray,,slop,1.0
44296.673,s,2.07e-09,1.21e-10,1.21e-10,erg cm-2 s-1,Integrated Flux,,7.25e+16,2.42e+18,Hz,xray,,slop,1.0
44345.963,s,1.77e-09,1.06e-10,1.06e-10,erg cm-2 s-1,Integrated Flux,,7.25e+16,2.42e+18,Hz,xray,,slop,1.0
44424.456,s,1.91e-09,1.06e-10,1.06e-10,erg cm-2 s-1,Integrated Flux,,7.25e+16,2.42e+18,Hz,xray,,slop,1.0
44450.737,s,2.09e-09,1.13e-10,1.13e-10,erg cm-2 s-1,Integrated Flux,,7.25e+16,2.42e+18,Hz,xray,,slop,1.0
44554.582,s,2.1e-09,1.15e-10,1.15e-10,erg cm-2 s-1,Integrated Flux,,7.25e+16,2.42e+18,Hz,xray,,slop,1.0
44656.429,s,2.17e-09,1.18e-10,1.18e-10,erg cm-2 s-1,Integrated Flux,,7.25e+16,2.42e+18,Hz,xray,,slop,1.0
44681.362,s,2.15e-09,1.15e-10,1.15e-10,erg cm-2 s-1,Integrated Flux,,7.25e+16,2.42e+18,Hz,xray,,slop,1.0
44761.374,s,2.06e-09,1.14e-10,1.14e-10,erg cm-2 s-1,Integrated Flux,,7.25e+16,2.42e+18,Hz,xray,,slop,1.0
44814.044,s,2.07e-09,1.13e-10,1.13e-10,erg cm-2 s-1,Integrated Flux,,7.25e+16,2.42e+18,Hz,xray,,slop,1.0
44893.628,s,2.08e-09,1.12e-10,1.12e-10,erg cm-2 s-1,Integrated Flux,,7.25e+16,2.42e+18,Hz,xray,,slop,1.0
44919.346,s,2.01e-09,1.13e-10,1.13e-10,erg cm-2 s-1,Integrated Flux,,7.25e+16,2.42e+18,Hz,xray,,slop,1.0
44945.6,s,2.13e-09,1.18e-10,1.18e-10,erg cm-2 s-1,Integrated Flux,,7.25e+16,2.42e+18,Hz,xray,,slop,1.0
44972.7,s,1.79e-09,1.02e-10,1.02e-10,erg cm-2 s-1,Integrated Flux,,7.25e+16,2.42e+18,Hz,xray,,slop,1.0
48382.159,s,1.37e-09,8.09e-11,8.09e-11,erg cm-2 s-1,Integrated Flux,,7.25e+16,2.42e+18,Hz,xray,,slop,1.0
48442.107,s,1.56e-09,9.1e-11,9.1e-11,erg cm-2 s-1,Integrated Flux,,7.25e+16,2.42e+18,Hz,xray,,slop,1.0
48499.699,s,1.52e-09,8.43e-11,8.43e-11,erg cm-2 s-1,Integrated Flux,,7.25e+16,2.42e+18,Hz,xray,,slop,1.0
48527.609,s,1.56e-09,8.48e-11,8.48e-11,erg cm-2 s-1,Integrated Flux,,7.25e+16,2.42e+18,Hz,xray,,slop,1.0
48556.224,s,1.39e-09,8.3e-11,8.3e-11,erg cm-2 s-1,Integrated Flux,,7.25e+16,2.42e+18,Hz,xray,,slop,1.0
48613.982,s,1.38e-09,7.68e-11,7.68e-11,erg cm-2 s-1,Integrated Flux,,7.25e+16,2.42e+18,Hz,xray,,slop,1.0
48643.391,s,1.49e-09,8.82e-11,8.82e-11,erg cm-2 s-1,Integrated Flux,,7.25e+16,2.42e+18,Hz,xray,,slop,1.0
48671.564,s,1.5e-09,8.67e-11,8.67e-11,erg cm-2 s-1,Integrated Flux,,7.25e+16,2.42e+18,Hz,xray,,slop,1.0
48756.813,s,1.3e-09,7.7e-11,7.7e-11,erg cm-2 s-1,Integrated Flux,,7.25e+16,2.42e+18,Hz,xray,,slop,1.0
48815.517,s,1.49e-09,8.43e-11,8.43e-11,erg cm-2 s-1,Integrated Flux,,7.25e+16,2.42e+18,Hz,xray,,slop,1.0
48843.677,s,1.56e-09,8.91e-11,8.91e-11,erg cm-2 s-1,Integrated Flux,,7.25e+16,2.42e+18,Hz,xray,,slop,1.0
48985.693,s,1.34e-09,7.55e-11,7.55e-11,erg cm-2 s-1,Integrated Flux,,7.25e+16,2.42e+18,Hz,xray,,slop,1.0
49016.427,s,1.5e-09,8.53e-11,8.53e-11,erg cm-2 s-1,Integrated Flux,,7.25e+16,2.42e+18,Hz,xray,,slop,1.0
49045.286,s,1.5e-09,8.5e-11,8.5e-11,erg cm-2 s-1,Integrated Flux,,7.25e+16,2.42e+18,Hz,xray,,slop,1.0
49129.613,s,1.49e-09,8.26e-11,8.26e-11,erg cm-2 s-1,Integrated Flux,,7.25e+16,2.42e+18,Hz,xray,,slop,1.0
49157.717,s,1.53e-09,8.95e-11,8.95e-11,erg cm-2 s-1,Integrated Flux,,7.25e+16,2.42e+18,Hz,xray,,slop,1.0
49185.785,s,1.43e-09,8.34e-11,8.34e-11,erg cm-2 s-1,Integrated Flux,,7.25e+16,2.42e+18,Hz,xray,,slop,1.0
49242.691,s,1.66e-09,9.32e-11,9.32e-11,erg cm-2 s-1,Integrated Flux,,7.25e+16,2.42e+18,Hz,xray,,slop,1.0
49269.945,s,1.37e-09,8.25e-11,8.25e-11,erg cm-2 s-1,Integrated Flux,,7.25e+16,2.42e+18,Hz,xray,,slop,1.0
49300.24,s,1.41e-09,7.87e-11,7.87e-11,erg cm-2 s-1,Integrated Flux,,7.25e+16,2.42e+18,Hz,xray,,slop,1.0
49331.961,s,1.28e-09,7.65e-11,7.65e-11,erg cm-2 s-1,Integrated Flux,,7.25e+16,2.42e+18,Hz,xray,,slop,1.0
49362.298,s,1.49e-09,8.63e-11,8.63e-11,erg cm-2 s-1,Integrated Flux,,7.25e+16,2.42e+18,Hz,xray,,slop,1.0
49391.798,s,1.33e-09,7.92e-11,7.92e-11,erg cm-2 s-1,Integrated Flux,,7.25e+16,2.42e+18,Hz,xray,,slop,1.0
49421.764,s,1.4e-09,8.07e-11,8.07e-11,erg cm-2 s-1,Integrated Flux,,7.25e+16,2.42e+18,Hz,xray,,slop,1.0
49452.091,s,1.42e-09,8.13e-11,8.13e-11,erg cm-2 s-1,Integrated Flux,,7.25e+16,2.42e+18,Hz,xray,,slop,1.0
49482.095,s,1.39e-09,8.14e-11,8.14e-11,erg cm-2 s-1,Integrated Flux,,7.25e+16,2.42e+18,Hz,xray,,slop,1.0
49538.857,s,1.47e-09,8.48e-11,8.48e-11,erg cm-2 s-1,Integrated Flux,,7.25e+16,2.42e+18,Hz,xray,,slop,1.0
49567.704,s,1.44e-09,7.99e-11,7.99e-11,erg cm-2 s-1,Integrated Flux,,7.25e+16,2.42e+18,Hz,xray,,slop,1.0
49626.073,s,1.44e-09,8.39e-11,8.39e-11,erg cm-2 s-1,Integrated Flux,,7.25e+16,2.42e+18,Hz,xray,,slop,1.0
49681.598,s,1.52e-09,8.57e-11,8.57e-11,erg cm-2 s-1,Integrated Flux,,7.25e+16,2.42e+18,Hz,xray,,slop,1.0
49711.118,s,1.43e-09,8.11e-11,8.11e-11,erg cm-2 s-1,Integrated Flux,,7.25e+16,2.42e+18,Hz,xray,,slop,1.0
49767.436,s,1.41e-09,8.47e-11,8.47e-11,erg cm-2 s-1,Integrated Flux,,7.25e+16,2.42e+18,Hz,xray,,slop,1.0
49884.719,s,1.39e-09,7.99e-11,7.99e-11,erg cm-2 s-1,Integrated Flux,,7.25e+16,2.42e+18,Hz,xray,,slop,1.0
49944.774,s,1.26e-09,7.62e-11,7.62e-11,erg cm-2 s-1,Integrated Flux,,7.25e+16,2.42e+18,Hz,xray,,slop,1.0
49974.913,s,1.55e-09,8.85e-11,8.85e-11,erg cm-2 s-1,Integrated Flux,,7.25e+16,2.42e+18,Hz,xray,,slop,1.0
50004.81,s,1.24e-09,8.07e-11,8.07e-11,erg cm-2 s-1,Integrated Flux,,7.25e+16,2.42e+18,Hz,xray,,slop,1.0
50062.487,s,1.44e-09,8.5e-11,8.5e-11,erg cm-2 s-1,Integrated Flux,,7.25e+16,2.42e+18,Hz,xray,,slop,1.0
50090.342,s,1.5e-09,8.86e-11,8.86e-11,erg cm-2 s-1,Integrated Flux,,7.25e+16,2.42e+18,Hz,xray,,slop,1.0
54080.891,s,1.24e-09,7.6e-11,7.6e-11,erg cm-2 s-1,Integrated Flux,,7.25e+16,2.42e+18,Hz,xray,,slop,1.0
54119.524,s,1.2e-09,7.48e-11,7.48e-11,erg cm-2 s-1,Integrated Flux,,7.25e+16,2.42e+18,Hz,xray,,slop,1.0
54156.484,s,1.49e-09,9.04e-11,9.04e-11,erg cm-2 s-1,Integrated Flux,,7.25e+16,2.42e+18,Hz,xray,,slop,1.0
54229.515,s,1.28e-09,8.11e-11,8.11e-11,erg cm-2 s-1,Integrated Flux,,7.25e+16,2.42e+18,Hz,xray,,slop,1.0
54303.288,s,1.33e-09,8.18e-11,8.18e-11,erg cm-2 s-1,Integrated Flux,,7.25e+16,2.42e+18,Hz,xray,,slop,1.0
54340.423,s,1.29e-09,7.92e-11,7.92e-11,erg cm-2 s-1,Integrated Flux,,7.25e+16,2.42e+18,Hz,xray,,slop,1.0
54379.387,s,1.24e-09,7.78e-11,7.78e-11,erg cm-2 s-1,Integrated Flux,,7.25e+16,2.42e+18,Hz,xray,,slop,1.0
54454.965,s,1.39e-09,8.69e-11,8.69e-11,erg cm-2 s-1,Integrated Flux,,7.25e+16,2.42e+18,Hz,xray,,slop,1.0
54492.5,s,1.13e-09,7.49e-11,7.49e-11,erg cm-2 s-1,Integrated Flux,,7.25e+16,2.42e+18,Hz,xray,,slop,1.0
54530.968,s,1.28e-09,8.05e-11,8.05e-11,erg cm-2 s-1,Integrated Flux,,7.25e+16,2.42e+18,Hz,xray,,slop,1.0
54570.013,s,1.22e-09,7.72e-11,7.72e-11,erg cm-2 s-1,Integrated Flux,,7.25e+16,2.42e+18,Hz,xray,,slop,1.0
54608.514,s,1.24e-09,8.21e-11,8.21e-11,erg cm-2 s-1,Integrated Flux,,7.25e+16,2.42e+18,Hz,xray,,slop,1.0
54648.103,s,1.18e-09,7.63e-11,7.63e-11,erg cm-2 s-1,Integrated Flux,,7.25e+16,2.42e+18,Hz,xray,,slop,1.0
54728.012,s,1.22e-09,7.87e-11,7.87e-11,erg cm-2 s-1,Integrated Flux,,7.25e+16,2.42e+18,Hz,xray,,slop,1.0
54767.421,s,1.24e-09,7.86e-11,7.86e-11,erg cm-2 s-1,Integrated Flux,,7.25e+16,2.42e+18,Hz,xray,,slop,1.0
54808.249,s,1.12e-09,7.41e-11,7.41e-11,erg cm-2 s-1,Integrated Flux,,7.25e+16,2.42e+18,Hz,xray,,slop,1.0
55076.054,s,1.29e-09,8.33e-11,8.33e-11,erg cm-2 s-1,Integrated Flux,,7.25e+16,2.42e+18,Hz,xray,,slop,1.0
55114.746,s,1.17e-09,7.66e-11,7.66e-11,erg cm-2 s-1,Integrated Flux,,7.25e+16,2.42e+18,Hz,xray,,slop,1.0
55234.911,s,1.19e-09,7.87e-11,7.87e-11,erg cm-2 s-1,Integrated Flux,,7.25e+16,2.42e+18,Hz,xray,,slop,1.0
55310.768,s,1.25e-09,8.65e-11,8.65e-11,erg cm-2 s-1,Integrated Flux,,7.25e+16,2.42e+18,Hz,xray,,slop,1.0
55350.012,s,1.28e-09,8.33e-11,8.33e-11,erg cm-2 s-1,Integrated Flux,,7.25e+16,2.42e+18,Hz,xray,,slop,1.0
55387.093,s,1.23e-09,8.13e-11,8.13e-11,erg cm-2 s-1,Integrated Flux,,7.25e+16,2.42e+18,Hz,xray,,slop,1.0
55500.2,s,1.22e-09,8.02e-11,8.02e-11,erg cm-2 s-1,Integrated Flux,,7.25e+16,2.42e+18,Hz,xray,,slop,1.0
55540.933,s,1.08e-09,7.17e-11,7.17e-11,erg cm-2 s-1,Integrated Flux,,7.25e+16,2.42e+18,Hz,xray,,slop,1.0
55582.077,s,1.22e-09,8.05e-11,8.05e-11,erg cm-2 s-1,Integrated Flux,,7.25e+16,2.42e+18,Hz,xray,,slop,1.0
89498.892,s,6.41e-10,1.43e-10,1.43e-10,erg cm-2 s-1,Integrated Flux,,7.25e+16,2.42e+18,Hz,xray,,slop,1.0
89520.455,s,4.48e-10,1.04e-10,1.04e-10,erg cm-2 s-1,Integrated Flux,,7.25e+16,2.42e+18,Hz,xray,,slop,1.0
89544.4,s,7.32e-10,1.64e-10,1.64e-10,erg cm-2 s-1,Integrated Flux,,7.25e+16,2.42e+18,Hz,xray,,slop,1.0
89565.402,s,5.25e-10,1.15e-10,1.15e-10,erg cm-2 s-1,Integrated Flux,,7.25e+16,2.42e+18,Hz,xray,,slop,1.0
89594.892,s,4.01e-10,8.9e-11,8.9e-11,erg cm-2 s-1,Integrated Flux,,7.25e+16,2.42e+18,Hz,xray,,slop,1.0
89621.375,s,4.99e-10,1.14e-10,1.14e-10,erg cm-2 s-1,Integrated Flux,,7.25e+16,2.42e+18,Hz,xray,,slop,1.0
89650.531,s,4.71e-10,1.06e-10,1.06e-10,erg cm-2 s-1,Integrated Flux,,7.25e+16,2.42e+18,Hz,xray,,slop,1.0
89678.632,s,4.69e-10,1e-10,1e-10,erg cm-2 s-1,Integrated Flux,,7.25e+16,2.42e+18,Hz,xray,,slop,1.0
89707.841,s,4.8e-10,1.06e-10,1.06e-10,erg cm-2 s-1,Integrated Flux,,7.25e+16,2.42e+18,Hz,xray,,slop,1.0
89732.324,s,6.31e-10,1.41e-10,1.41e-10,erg cm-2 s-1,Integrated Flux,,7.25e+16,2.42e+18,Hz,xray,,slop,1.0
89748.877,s,9.68e-10,2.02e-10,2.02e-10,erg cm-2 s-1,Integrated Flux,,7.25e+16,2.42e+18,Hz,xray,,slop,1.0
89774.544,s,5.2e-10,1.03e-10,1.03e-10,erg cm-2 s-1,Integrated Flux,,7.25e+16,2.42e+18,Hz,xray,,slop,1.0
94517.322,s,4.34e-10,9.86e-11,9.86e-11,erg cm-2 s-1,Integrated Flux,,7.25e+16,2.42e+18,Hz,xray,,slop,1.0
94588.936,s,3.79e-10,9.37e-11,9.37e-11,erg cm-2 s-1,Integrated Flux,,7.25e+16,2.42e+18,Hz,xray,,slop,1.0
94659.769,s,6.32e-10,1.41e-10,1.41e-10,erg cm-2 s-1,Integrated Flux,,7.25e+16,2.42e+18,Hz,xray,,slop,1.0
94727.089,s,4.1e-10,9.96e-11,9.96e-11,erg cm-2 s-1,Integrated Flux,,7.25e+16,2.42e+18,Hz,xray,,slop,1.0
94843.805,s,4.28e-10,9.83e-11,9.83e-11,erg cm-2 s-1,Integrated Flux,,7.25e+16,2.42e+18,Hz,xray,,slop,1.0
94905.111,s,6.45e-10,1.48e-10,1.48e-10,erg cm-2 s-1,Integrated Flux,,7.25e+16,2.42e+18,Hz,xray,,slop,1.0
94977.821,s,4.44e-10,1.05e-10,1.05e-10,erg cm-2 s-1,Integrated Flux,,7.25e+16,2.42e+18,Hz,xray,,slop,1.0
95045.115,s,5.46e-10,1.14e-10,1.14e-10,erg cm-2 s-1,Integrated Flux,,7.25e+16,2.42e+18,Hz,xray,,slop,1.0
95099.929,s,5.85e-10,1.35e-10,1.35e-10,erg cm-2 s-1,Integrated Flux,,7.25e+16,2.42e+18,Hz,xray,,slop,1.0
95158.225,s,6.86e-10,1.56e-10,1.56e-10,erg cm-2 s-1,Integrated Flux,,7.25e+16,2.42e+18,Hz,xray,,slop,1.0
95195.458,s,6.07e-10,1.41e-10,1.41e-10,erg cm-2 s-1,Integrated Flux,,7.25e+16,2.42e+18,Hz,xray,,slop,1.0
95258.392,s,6.51e-10,1.48e-10,1.48e-10,erg cm-2 s-1,Integrated Flux,,7.25e+16,2.42e+18,Hz,xray,,slop,1.0
95312.799,s,4.86e-10,1.1e-10,1.1e-10,erg cm-2 s-1,Integrated Flux,,7.25e+16,2.42e+18,Hz,xray,,slop,1.0
95375.358,s,5.48e-10,1.3e-10,1.3e-10,erg cm-2 s-1,Integrated Flux,,7.25e+16,2.42e+18,Hz,xray,,slop,1.0
95432.148,s,5.36e-10,1.23e-10,1.23e-10,erg cm-2 s-1,Integrated Flux,,7.25e+16,2.42e+18,Hz,xray,,slop,1.0
95507.242,s,3.81e-10,8.64e-11,8.64e-11,erg cm-2 s-1,Integrated Flux,,7.25e+16,2.42e+18,Hz,xray,,slop,1.0
95578.576,s,5.54e-10,1.35e-10,1.35e-10,erg cm-2 s-1,Integrated Flux,,7.25e+16,2.42e+18,Hz,xray,,slop,1.0
95631.982,s,5.31e-10,1.24e-10,1.24e-10,erg cm-2 s-1,Integrated Flux,,7.25e+16,2.42e+18,Hz,xray,,slop,1.0
95699.178,s,5.89e-10,1.35e-10,1.35e-10,erg cm-2 s-1,Integrated Flux,,7.25e+16,2.42e+18,Hz,xray,,slop,1.0
95751.707,s,5.81e-10,1.35e-10,1.35e-10,erg cm-2 s-1,Integrated Flux,,7.25e+16,2.42e+18,Hz,xray,,slop,1.0
95814.802,s,5.71e-10,1.26e-10,1.26e-10,erg cm-2 s-1,Integrated Flux,,7.25e+16,2.42e+18,Hz,xray,,slop,1.0
95856.89,s,6.54e-10,1.48e-10,1.48e-10,erg cm-2 s-1,Integrated Flux,,7.25e+16,2.42e+18,Hz,xray,,slop,1.0
95920.073,s,4.21e-10,9.95e-11,9.95e-11,erg cm-2 s-1,Integrated Flux,,7.25e+16,2.42e+18,Hz,xray,,slop,1.0
96002.731,s,5.05e-10,1.13e-10,1.13e-10,erg cm-2 s-1,Integrated Flux,,7.25e+16,2.42e+18,Hz,xray,,slop,1.0
100313.024,s,4.31e-10,1.02e-10,1.02e-10,erg cm-2 s-1,Integrated Flux,,7.25e+16,2.42e+18,Hz,xray,,slop,1.0
100456.572,s,5.81e-10,1.34e-10,1.34e-10,erg cm-2 s-1,Integrated Flux,,7.25e+16,2.42e+18,Hz,xray,,slop,1.0
100703.297,s,5.72e-10,1.27e-10,1.27e-10,erg cm-2 s-1,Integrated Flux,,7.25e+16,2.42e+18,Hz,xray,,slop,1.0
100850.717,s,4.58e-10,1.05e-10,1.05e-10,erg cm-2 s-1,Integrated Flux,,7.25e+16,2.42e+18,Hz,xray,,slop,1.0
100988.743,s,4.55e-10,1.07e-10,1.07e-10,erg cm-2 s-1,Integrated Flux,,7.25e+16,2.42e+18,Hz,xray,,slop,1.0
101129.659,s,5.15e-10,1.2e-10,1.2e-10,erg cm-2 s-1,Integrated Flux,,7.25e+16,2.42e+18,Hz,xray,,slop,1.0
105636.766,s,5.4e-10,1.29e-10,1.29e-10,erg cm-2 s-1,Integrated Flux,,7.25e+16,2.42e+18,Hz,xray,,slop,1.0
105679.39,s,3.83e-10,8.71e-11,8.71e-11,erg cm-2 s-1,Integrated Flux,,7.25e+16,2.42e+18,Hz,xray,,slop,1.0
105742.204,s,4.02e-10,8.91e-11,8.91e-11,erg cm-2 s-1,Integrated Flux,,7.25e+16,2.42e+18,Hz,xray,,slop,1.0
105796.105,s,3.59e-10,8.31e-11,8.31e-11,erg cm-2 s-1,Integrated Flux,,7.25e+16,2.42e+18,Hz,xray,,slop,1.0
105848.007,s,4.6e-10,1.08e-10,1.08e-10,erg cm-2 s-1,Integrated Flux,,7.25e+16,2.42e+18,Hz,xray,,slop,1.0
105978.666,s,5.73e-10,1.21e-10,1.21e-10,erg cm-2 s-1,Integrated Flux,,7.25e+16,2.42e+18,Hz,xray,,slop,1.0
106023.769,s,3.11e-10,7.44e-11,7.44e-11,erg cm-2 s-1,Integrated Flux,,7.25e+16,2.42e+18,Hz,xray,,slop,1.0
106136.928,s,6.37e-10,1.41e-10,1.41e-10,erg cm-2 s-1,Integrated Flux,,7.25e+16,2.42e+18,Hz,xray,,slop,1.0
106188.5,s,2.82e-10,6.64e-11,6.64e-11,erg cm-2 s-1,Integrated Flux,,7.25e+16,2.42e+18,Hz,xray,,slop,1.0
106244.79,s,6.03e-10,1.37e-10,1.37e-10,erg cm-2 s-1,Integrated Flux,,7.25e+16,2.42e+18,Hz,xray,,slop,1.0
106347.899,s,3.17e-10,7.02e-11,7.02e-11,erg cm-2 s-1,Integrated Flux,,7.25e+16,2.42e+18,Hz,xray,,slop,1.0
106418.296,s,3.8e-10,8.63e-11,8.63e-11,erg cm-2 s-1,Integrated Flux,,7.25e+16,2.42e+18,Hz,xray,,slop,1.0
106459.291,s,5.41e-10,1.27e-10,1.27e-10,erg cm-2 s-1,Integrated Flux,,7.25e+16,2.42e+18,Hz,xray,,slop,1.0
106570.096,s,3.71e-10,8.51e-11,8.51e-11,erg cm-2 s-1,Integrated Flux,,7.25e+16,2.42e+18,Hz,xray,,slop,1.0
106626.529,s,4.1e-10,9.48e-11,9.48e-11,erg cm-2 s-1,Integrated Flux,,7.25e+16,2.42e+18,Hz,xray,,slop,1.0
106686.579,s,3.17e-10,7.34e-11,7.34e-11,erg cm-2 s-1,Integrated Flux,,7.25e+16,2.42e+18,Hz,xray,,slop,1.0
106785.745,s,6.49e-10,1.48e-10,1.48e-10,erg cm-2 s-1,Integrated Flux,,7.25e+16,2.42e+18,Hz,xray,,slop,1.0
106839.65,s,2.7e-10,6.37e-11,6.37e-11,erg cm-2 s-1,Integrated Flux,,7.25e+16,2.42e+18,Hz,xray,,slop,1.0
106889.422,s,6.06e-10,1.36e-10,1.36e-10,erg cm-2 s-1,Integrated Flux,,7.25e+16,2.42e+18,Hz,xray,,slop,1.0
106927.157,s,5.63e-10,1.26e-10,1.26e-10,erg cm-2 s-1,Integrated Flux,,7.25e+16,2.42e+18,Hz,xray,,slop,1.0
106980.562,s,2.96e-10,7.08e-11,7.08e-11,erg cm-2 s-1,Integrated Flux,,7.25e+16,2.42e+18,Hz,xray,,slop,1.0
107072.297,s,3.29e-10,6.07e-11,6.07e-11,erg cm-2 s-1,Integrated Flux,,7.25e+16,2.42e+18,Hz,xray,,slop,1.0
111947.788,s,4.94e-10,1.1e-10,1.1e-10,erg cm-2 s-1,Integrated Flux,,7.25e+16,2.42e+18,Hz,xray,,slop,1.0
112020.749,s,3.46e-10,7.98e-11,7.98e-11,erg cm-2 s-1,Integrated Flux,,7.25e+16,2.42e+18,Hz,xray,,slop,1.0
112087.056,s,3.39e-10,7.63e-11,7.63e-11,erg cm-2 s-1,Integrated Flux,,7.25e+16,2.42e+18,Hz,xray,,slop,1.0
112167.177,s,3.74e-10,8.49e-11,8.49e-11,erg cm-2 s-1,Integrated Flux,,7.25e+16,2.42e+18,Hz,xray,,slop,1.0
112243.899,s,2.56e-10,5.73e-11,5.73e-11,erg cm-2 s-1,Integrated Flux,,7.25e+16,2.42e+18,Hz,xray,,slop,1.0
112335.292,s,2.77e-10,6.4e-11,6.4e-11,erg cm-2 s-1,Integrated Flux,,7.25e+16,2.42e+18,Hz,xray,,slop,1.0
112507.544,s,2.94e-10,6.58e-11,6.58e-11,erg cm-2 s-1,Integrated Flux,,7.25e+16,2.42e+18,Hz,xray,,slop,1.0
112579.381,s,4.1e-10,9.17e-11,9.17e-11,erg cm-2 s-1,Integrated Flux,,7.25e+16,2.42e+18,Hz,xray,,slop,1.0
112669.312,s,3.16e-10,7.13e-11,7.13e-11,erg cm-2 s-1,Integrated Flux,,7.25e+16,2.42e+18,Hz,xray,,slop,1.0
112740.35,s,3.65e-10,8.17e-11,8.17e-11,erg cm-2 s-1,Integrated Flux,,7.25e+16,2.42e+18,Hz,xray,,slop,1.0
112816.947,s,2.13e-10,5.25e-11,5.25e-11,erg cm-2 s-1,Integrated Flux,,7.25e+16,2.42e+18,Hz,xray,,slop,1.0
113223.124,s,2.37e-10,5.31e-11,5.31e-11,erg cm-2 s-1,Integrated Flux,,7.25e+16,2.42e+18,Hz,xray,,slop,1.0
113351.635,s,3.71e-10,7.46e-11,7.46e-11,erg cm-2 s-1,Integrated Flux,,7.25e+16,2.42e+18,Hz,xray,,slop,1.0
117076.366,s,2.59e-10,5.89e-11,5.89e-11,erg cm-2 s-1,Integrated Flux,,7.25e+16,2.42e+18,Hz,xray,,slop,1.0
117139.276,s,3.28e-10,7.17e-11,7.17e-11,erg cm-2 s-1,Integrated Flux,,7.25e+16,2.42e+18,Hz,xray,,slop,1.0
117208.0,s,2.42e-10,5.61e-11,5.61e-11,erg cm-2 s-1,Integrated Flux,,7.25e+16,2.42e+18,Hz,xray,,slop,1.0
117283.028,s,2.63e-10,5.94e-11,5.94e-11,erg cm-2 s-1,Integrated Flux,,7.25e+16,2.42e+18,Hz,xray,,slop,1.0
117348.034,s,3.01e-10,6.72e-11,6.72e-11,erg cm-2 s-1,Integrated Flux,,7.25e+16,2.42e+18,Hz,xray,,slop,1.0
117398.934,s,5.6e-10,1.3e-10,1.3e-10,erg cm-2 s-1,Integrated Flux,,7.25e+16,2.42e+18,Hz,xray,,slop,1.0
117508.879,s,3.6e-10,8.05e-11,8.05e-11,erg cm-2 s-1,Integrated Flux,,7.25e+16,2.42e+18,Hz,xray,,slop,1.0
117567.802,s,3.59e-10,8.03e-11,8.03e-11,erg cm-2 s-1,Integrated Flux,,7.25e+16,2.42e+18,Hz,xray,,slop,1.0
117613.56,s,3.75e-10,8.54e-11,8.54e-11,erg cm-2 s-1,Integrated Flux,,7.25e+16,2.42e+18,Hz,xray,,slop,1.0
117654.949,s,4.62e-10,1.03e-10,1.03e-10,erg cm-2 s-1,Integrated Flux,,7.25e+16,2.42e+18,Hz,xray,,slop,1.0
117777.538,s,2.54e-10,5.9e-11,5.9e-11,erg cm-2 s-1,Integrated Flux,,7.25e+16,2.42e+18,Hz,xray,,slop,1.0
117846.365,s,3.28e-10,7.46e-11,7.46e-11,erg cm-2 s-1,Integrated Flux,,7.25e+16,2.42e+18,Hz,xray,,slop,1.0
117888.864,s,5.88e-10,1.32e-10,1.32e-10,erg cm-2 s-1,Integrated Flux,,7.25e+16,2.42e+18,Hz,xray,,slop,1.0
117937.439,s,2.96e-10,6.46e-11,6.46e-11,erg cm-2 s-1,Integrated Flux,,7.25e+16,2.42e+18,Hz,xray,,slop,1.0
117992.541,s,3.22e-10,7.48e-11,7.48e-11,erg cm-2 s-1,Integrated Flux,,7.25e+16,2.42e+18,Hz,xray,,slop,1.0
118175.7,s,2.36e-10,5.37e-11,5.37e-11,erg cm-2 s-1,Integrated Flux,,7.25e+16,2.42e+18,Hz,xray,,slop,1.0
118243.901,s,3.46e-10,7.73e-11,7.73e-11,erg cm-2 s-1,Integrated Flux,,7.25e+16,2.42e+18,Hz,xray,,slop,1.0
118318.791,s,2.72e-10,6.04e-11,6.04e-11,erg cm-2 s-1,Integrated Flux,,7.25e+16,2.42e+18,Hz,xray,,slop,1.0
118388.638,s,2.28e-10,5.16e-11,5.16e-11,erg cm-2 s-1,Integrated Flux,,7.25e+16,2.42e+18,Hz,xray,,slop,1.0
118475.2,s,4.28e-10,7.13e-11,7.13e-11,erg cm-2 s-1,Integrated Flux,,7.25e+16,2.42e+18,Hz,xray,,slop,1.0
124777.347,s,3.85e-10,8.39e-11,8.39e-11,erg cm-2 s-1,Integrated Flux,,7.25e+16,2.42e+18,Hz,xray,,slop,1.0
124813.084,s,3.55e-10,7.86e-11,7.86e-11,erg cm-2 s-1,Integrated Flux,,7.25e+16,2.42e+18,Hz,xray,,slop,1.0
124846.477,s,3.13e-10,6.99e-11,6.99e-11,erg cm-2 s-1,Integrated Flux,,7.25e+16,2.42e+18,Hz,xray,,slop,1.0
124890.355,s,2.78e-10,6.33e-11,6.33e-11,erg cm-2 s-1,Integrated Flux,,7.25e+16,2.42e+18,Hz,xray,,slop,1.0
124934.359,s,3.32e-10,7.58e-11,7.58e-11,erg cm-2 s-1,Integrated Flux,,7.25e+16,2.42e+18,Hz,xray,,slop,1.0
124982.469,s,2.77e-10,6.03e-11,6.03e-11,erg cm-2 s-1,Integrated Flux,,7.25e+16,2.42e+18,Hz,xray,,slop,1.0
125047.063,s,2.94e-10,6.7e-11,6.7e-11,erg cm-2 s-1,Integrated Flux,,7.25e+16,2.42e+18,Hz,xray,,slop,1.0
125090.941,s,3.28e-10,7.48e-11,7.48e-11,erg cm-2 s-1,Integrated Flux,,7.25e+16,2.42e+18,Hz,xray,,slop,1.0
125137.473,s,3.26e-10,5.65e-11,5.65e-11,erg cm-2 s-1,Integrated Flux,,7.25e+16,2.42e+18,Hz,xray,,slop,1.0
129117.917,s,3.25e-10,7.26e-11,7.26e-11,erg cm-2 s-1,Integrated Flux,,7.25e+16,2.42e+18,Hz,xray,,slop,1.0
129159.161,s,2.6e-10,6.04e-11,6.04e-11,erg cm-2 s-1,Integrated Flux,,7.25e+16,2.42e+18,Hz,xray,,slop,1.0
129203.587,s,3.6e-10,7.67e-11,7.67e-11,erg cm-2 s-1,Integrated Flux,,7.25e+16,2.42e+18,Hz,xray,,slop,1.0
129243.533,s,3.29e-10,7.35e-11,7.35e-11,erg cm-2 s-1,Integrated Flux,,7.25e+16,2.42e+18,Hz,xray,,slop,1.0
129296.358,s,2.29e-10,5.25e-11,5.25e-11,erg cm-2 s-1,Integrated Flux,,7.25e+16,2.42e+18,Hz,xray,,slop,1.0
129337.307,s,2.68e-10,6.12e-11,6.12e-11,erg cm-2 s-1,Integrated Flux,,7.25e+16,2.42e+18,Hz,xray,,slop,1.0
129382.176,s,3.14e-10,6.81e-11,6.81e-11,erg cm-2 s-1,Integrated Flux,,7.25e+16,2.42e+18,Hz,xray,,slop,1.0
129430.271,s,2.66e-10,5.77e-11,5.77e-11,erg cm-2 s-1,Integrated Flux,,7.25e+16,2.42e+18,Hz,xray,,slop,1.0
129472.896,s,3.82e-10,8.29e-11,8.29e-11,erg cm-2 s-1,Integrated Flux,,7.25e+16,2.42e+18,Hz,xray,,slop,1.0
129509.309,s,2.81e-10,6.54e-11,6.54e-11,erg cm-2 s-1,Integrated Flux,,7.25e+16,2.42e+18,Hz,xray,,slop,1.0
129553.94,s,2.69e-10,6.12e-11,6.12e-11,erg cm-2 s-1,Integrated Flux,,7.25e+16,2.42e+18,Hz,xray,,slop,1.0
129599.572,s,2.07e-10,4.81e-11,4.81e-11,erg cm-2 s-1,Integrated Flux,,7.25e+16,2.42e+18,Hz,xray,,slop,1.0
129655.54,s,2.97e-10,6.6e-11,6.6e-11,erg cm-2 s-1,Integrated Flux,,7.25e+16,2.42e+18,Hz,xray,,slop,1.0
129695.592,s,3.13e-10,6.8e-11,6.8e-11,erg cm-2 s-1,Integrated Flux,,7.25e+16,2.42e+18,Hz,xray,,slop,1.0
129742.58,s,2.25e-10,5.09e-11,5.09e-11,erg cm-2 s-1,Integrated Flux,,7.25e+16,2.42e+18,Hz,xray,,slop,1.0
129799.783,s,2.84e-10,6.49e-11,6.49e-11,erg cm-2 s-1,Integrated Flux,,7.25e+16,2.42e+18,Hz,xray,,slop,1.0
129830.456,s,5.14e-10,1.12e-10,1.12e-10,erg cm-2 s-1,Integrated Flux,,7.25e+16,2.42e+18,Hz,xray,,slop,1.0
129888.791,s,2.67e-10,4.45e-11,4.45e-11,erg cm-2 s-1,Integrated Flux,,7.25e+16,2.42e+18,Hz,xray,,slop,1.0
134303.486,s,1.87e-10,4.34e-11,4.34e-11,erg cm-2 s-1,Integrated Flux,,7.25e+16,2.42e+18,Hz,xray,,slop,1.0
134337.962,s,3.48e-10,7.79e-11,7.79e-11,erg cm-2 s-1,Integrated Flux,,7.25e+16,2.42e+18,Hz,xray,,slop,1.0
134368.699,s,2.5e-10,5.41e-11,5.41e-11,erg cm-2 s-1,Integrated Flux,,7.25e+16,2.42e+18,Hz,xray,,slop,1.0
134399.243,s,3.38e-10,7.33e-11,7.33e-11,erg cm-2 s-1,Integrated Flux,,7.25e+16,2.42e+18,Hz,xray,,slop,1.0
134489.779,s,1.57e-10,3.51e-11,3.51e-11,erg cm-2 s-1,Integrated Flux,,7.25e+16,2.42e+18,Hz,xray,,slop,1.0
134549.573,s,1.56e-10,3.47e-11,3.47e-11,erg cm-2 s-1,Integrated Flux,,7.25e+16,2.42e+18,Hz,xray,,slop,1.0
134593.207,s,2.65e-10,5.92e-11,5.92e-11,erg cm-2 s-1,Integrated Flux,,7.25e+16,2.42e+18,Hz,xray,,slop,1.0
134625.987,s,2.4e-10,5.34e-11,5.34e-11,erg cm-2 s-1,Integrated Flux,,7.25e+16,2.42e+18,Hz,xray,,slop,1.0
134662.283,s,3.04e-10,6.64e-11,6.64e-11,erg cm-2 s-1,Integrated Flux,,7.25e+16,2.42e+18,Hz,xray,,slop,1.0
134701.087,s,2.07e-10,4.59e-11,4.59e-11,erg cm-2 s-1,Integrated Flux,,7.25e+16,2.42e+18,Hz,xray,,slop,1.0
134744.113,s,2.14e-10,4.73e-11,4.73e-11,erg cm-2 s-1,Integrated Flux,,7.25e+16,2.42e+18,Hz,xray,,slop,1.0
134791.786,s,1.56e-10,3.49e-11,3.49e-11,erg cm-2 s-1,Integrated Flux,,7.25e+16,2.42e+18,Hz,xray,,slop,1.0
134836.918,s,2.01e-10,4.49e-11,4.49e-11,erg cm-2 s-1,Integrated Flux,,7.25e+16,2.42e+18,Hz,xray,,slop,1.0
134874.904,s,2.28e-10,5.11e-11,5.11e-11,erg cm-2 s-1,Integrated Flux,,7.25e+16,2.42e+18,Hz,xray,,slop,1.0
142063.79,s,5.28e-10,1.2e-10,1.2e-10,erg cm-2 s-1,Integrated Flux,,7.25e+16,2.42e+18,Hz,xray,,slop,1.0
142093.573,s,3.52e-10,7.82e-11,7.82e-11,erg cm-2 s-1,Integrated Flux,,7.25e+16,2.42e+18,Hz,xray,,slop,1.0
142175.992,s,3.2e-10,7.42e-11,7.42e-11,erg cm-2 s-1,Integrated Flux,,7.25e+16,2.42e+18,Hz,xray,,slop,1.0
142224.909,s,2.77e-10,6.05e-11,6.05e-11,erg cm-2 s-1,Integrated Flux,,7.25e+16,2.42e+18,Hz,xray,,slop,1.0
142356.633,s,1.64e-10,3.3e-11,3.3e-11,erg cm-2 s-1,Integrated Flux,,7.25e+16,2.42e+18,Hz,xray,,slop,1.0
145898.521,s,2.28e-10,5.35e-11,5.35e-11,erg cm-2 s-1,Integrated Flux,,7.25e+16,2.42e+18,Hz,xray,,slop,1.0
145990.053,s,3.67e-10,8.13e-11,8.13e-11,erg cm-2 s-1,Integrated Flux,,7.25e+16,2.42e+18,Hz,xray,,slop,1.0
146049.089,s,4.51e-10,1.02e-10,1.02e-10,erg cm-2 s-1,Integrated Flux,,7.25e+16,2.42e+18,Hz,xray,,slop,1.0
146116.284,s,2.97e-10,6.75e-11,6.75e-11,erg cm-2 s-1,Integrated Flux,,7.25e+16,2.42e+18,Hz,xray,,slop,1.0
146206.039,s,2.86e-10,6.33e-11,6.33e-11,erg cm-2 s-1,Integrated Flux,,7.25e+16,2.42e+18,Hz,xray,,slop,1.0
146296.304,s,3.61e-10,7.88e-11,7.88e-11,erg cm-2 s-1,Integrated Flux,,7.25e+16,2.42e+18,Hz,xray,,slop,1.0
146386.949,s,2.52e-10,6.25e-11,6.25e-11,erg cm-2 s-1,Integrated Flux,,7.25e+16,2.42e+18,Hz,xray,,slop,1.0
146492.755,s,1.79e-10,4.22e-11,4.22e-11,erg cm-2 s-1,Integrated Flux,,7.25e+16,2.42e+18,Hz,xray,,slop,1.0
146591.422,s,3.25e-10,7.4e-11,7.4e-11,erg cm-2 s-1,Integrated Flux,,7.25e+16,2.42e+18,Hz,xray,,slop,1.0
146674.914,s,2.2e-10,5.45e-11,5.45e-11,erg cm-2 s-1,Integrated Flux,,7.25e+16,2.42e+18,Hz,xray,,slop,1.0
146797.02,s,2.11e-10,5.06e-11,5.06e-11,erg cm-2 s-1,Integrated Flux,,7.25e+16,2.42e+18,Hz,xray,,slop,1.0
146890.776,s,2.39e-10,5.57e-11,5.57e-11,erg cm-2 s-1,Integrated Flux,,7.25e+16,2.42e+18,Hz,xray,,slop,1.0
146987.83,s,3.13e-10,7.12e-11,7.12e-11,erg cm-2 s-1,Integrated Flux,,7.25e+16,2.42e+18,Hz,xray,,slop,1.0
147088.747,s,1.93e-10,4.69e-11,4.69e-11,erg cm-2 s-1,Integrated Flux,,7.25e+16,2.42e+18,Hz,xray,,slop,1.0
147183.652,s,2.85e-10,6.37e-11,6.37e-11,erg cm-2 s-1,Integrated Flux,,7.25e+16,2.42e+18,Hz,xray,,slop,1.0
147283.613,s,2.32e-10,5.18e-11,5.18e-11,erg cm-2 s-1,Integrated Flux,,7.25e+16,2.42e+18,Hz,xray,,slop,1.0
152296.619,s,2.08e-10,4.83e-11,4.83e-11,erg cm-2 s-1,Integrated Flux,,7.25e+16,2.42e+18,Hz,xray,,slop,1.0
152361.81,s,2.23e-10,5.27e-11,5.27e-11,erg cm-2 s-1,Integrated Flux,,7.25e+16,2.42e+18,Hz,xray,,slop,1.0
152417.723,s,2.68e-10,6.59e-11,6.59e-11,erg cm-2 s-1,Integrated Flux,,7.25e+16,2.42e+18,Hz,xray,,slop,1.0
152479.403,s,2.05e-10,4.59e-11,4.59e-11,erg cm-2 s-1,Integrated Flux,,7.25e+16,2.42e+18,Hz,xray,,slop,1.0
152549.942,s,2.49e-10,5.23e-11,5.23e-11,erg cm-2 s-1,Integrated Flux,,7.25e+16,2.42e+18,Hz,xray,,slop,1.0
152595.242,s,3.62e-10,8.25e-11,8.25e-11,erg cm-2 s-1,Integrated Flux,,7.25e+16,2.42e+18,Hz,xray,,slop,1.0
152686.006,s,1.99e-10,4.62e-11,4.62e-11,erg cm-2 s-1,Integrated Flux,,7.25e+16,2.42e+18,Hz,xray,,slop,1.0
152775.141,s,1.59e-10,3.68e-11,3.68e-11,erg cm-2 s-1,Integrated Flux,,7.25e+16,2.42e+18,Hz,xray,,slop,1.0
152853.996,s,1.54e-10,3.7e-11,3.7e-11,erg cm-2 s-1,Integrated Flux,,7.25e+16,2.42e+18,Hz,xray,,slop,1.0
152931.724,s,2.25e-10,5.23e-11,5.23e-11,erg cm-2 s-1,Integrated Flux,,7.25e+16,2.42e+18,Hz,xray,,slop,1.0
153115.387,s,3.2e-10,7.41e-11,7.41e-11,erg cm-2 s-1,Integrated Flux,,7.25e+16,2.42e+18,Hz,xray,,slop,1.0
153296.165,s,5.04e-10,1.13e-10,1.13e-10,erg cm-2 s-1,Integrated Flux,,7.25e+16,2.42e+18,Hz,xray,,slop,1.0
153336.031,s,2.64e-10,5.91e-11,5.91e-11,erg cm-2 s-1,Integrated Flux,,7.25e+16,2.42e+18,Hz,xray,,slop,1.0
153427.533,s,1.23e-10,2.88e-11,2.88e-11,erg cm-2 s-1,Integrated Flux,,7.25e+16,2.42e+18,Hz,xray,,slop,1.0
153505.902,s,2.39e-10,5.45e-11,5.45e-11,erg cm-2 s-1,Integrated Flux,,7.25e+16,2.42e+18,Hz,xray,,slop,1.0
153570.089,s,1.72e-10,4.07e-11,4.07e-11,erg cm-2 s-1,Integrated Flux,,7.25e+16,2.42e+18,Hz,xray,,slop,1.0
158321.245,s,2.39e-10,5.55e-11,5.55e-11,erg cm-2 s-1,Integrated Flux,,7.25e+16,2.42e+18,Hz,xray,,slop,1.0
158386.31,s,2.9e-10,6.73e-11,6.73e-11,erg cm-2 s-1,Integrated Flux,,7.25e+16,2.42e+18,Hz,xray,,slop,1.0
158453.256,s,2.71e-10,6.16e-11,6.16e-11,erg cm-2 s-1,Integrated Flux,,7.25e+16,2.42e+18,Hz,xray,,slop,1.0
158501.737,s,3.3e-10,7.21e-11,7.21e-11,erg cm-2 s-1,Integrated Flux,,7.25e+16,2.42e+18,Hz,xray,,slop,1.0
158595.581,s,1.96e-10,4.43e-11,4.43e-11,erg cm-2 s-1,Integrated Flux,,7.25e+16,2.42e+18,Hz,xray,,slop,1.0
158712.352,s,3.04e-10,7.27e-11,7.27e-11,erg cm-2 s-1,Integrated Flux,,7.25e+16,2.42e+18,Hz,xray,,slop,1.0
158787.482,s,2.23e-10,5.39e-11,5.39e-11,erg cm-2 s-1,Integrated Flux,,7.25e+16,2.42e+18,Hz,xray,,slop,1.0
158841.891,s,3.23e-10,7.36e-11,7.36e-11,erg cm-2 s-1,Integrated Flux,,7.25e+16,2.42e+18,Hz,xray,,slop,1.0
158902.192,s,2.41e-10,5.48e-11,5.48e-11,erg cm-2 s-1,Integrated Flux,,7.25e+16,2.42e+18,Hz,xray,,slop,1.0
158959.622,s,3.77e-10,8.22e-11,8.22e-11,erg cm-2 s-1,Integrated Flux,,7.25e+16,2.42e+18,Hz,xray,,slop,1.0
159011.762,s,2.66e-10,6.17e-11,6.17e-11,erg cm-2 s-1,Integrated Flux,,7.25e+16,2.42e+18,Hz,xray,,slop,1.0
159075.323,s,3.25e-10,7.26e-11,7.26e-11,erg cm-2 s-1,Integrated Flux,,7.25e+16,2.42e+18,Hz,xray,,slop,1.0
159139.134,s,2.36e-10,5.29e-11,5.29e-11,erg cm-2 s-1,Integrated Flux,,7.25e+16,2.42e+18,Hz,xray,,slop,1.0
159312.762,s,1.32e-10,3e-11,3e-11,erg cm-2 s-1,Integrated Flux,,7.25e+16,2.42e+18,Hz,xray,,slop,1.0
159447.768,s,2e-10,3.5e-11,3.5e-11,erg cm-2 s-1,Integrated Flux,,7.25e+16,2.42e+18,Hz,xray,,slop,1.0
163873.269,s,1.47e-10,3.36e-11,3.36e-11,erg cm-2 s-1,Integrated Flux,,7.25e+16,2.42e+18,Hz,xray,,slop,1.0
163939.212,s,2.16e-10,5e-11,5e-11,erg cm-2 s-1,Integrated Flux,,7.25e+16,2.42e+18,Hz,xray,,slop,1.0
164049.283,s,1.76e-10,3.93e-11,3.93e-11,erg cm-2 s-1,Integrated Flux,,7.25e+16,2.42e+18,Hz,xray,,slop,1.0
164186.184,s,2.85e-10,6.49e-11,6.49e-11,erg cm-2 s-1,Integrated Flux,,7.25e+16,2.42e+18,Hz,xray,,slop,1.0
164254.006,s,1.32e-10,3.11e-11,3.11e-11,erg cm-2 s-1,Integrated Flux,,7.25e+16,2.42e+18,Hz,xray,,slop,1.0
164376.883,s,1.64e-10,3.64e-11,3.64e-11,erg cm-2 s-1,Integrated Flux,,7.25e+16,2.42e+18,Hz,xray,,slop,1.0
164456.097,s,1.72e-10,3.97e-11,3.97e-11,erg cm-2 s-1,Integrated Flux,,7.25e+16,2.42e+18,Hz,xray,,slop,1.0
164578.455,s,2.6e-10,6.15e-11,6.15e-11,erg cm-2 s-1,Integrated Flux,,7.25e+16,2.42e+18,Hz,xray,,slop,1.0
164679.375,s,2.33e-10,5.21e-11,5.21e-11,erg cm-2 s-1,Integrated Flux,,7.25e+16,2.42e+18,Hz,xray,,slop,1.0
164733.658,s,1.74e-10,4.1e-11,4.1e-11,erg cm-2 s-1,Integrated Flux,,7.25e+16,2.42e+18,Hz,xray,,slop,1.0
164799.601,s,2.52e-10,5.74e-11,5.74e-11,erg cm-2 s-1,Integrated Flux,,7.25e+16,2.42e+18,Hz,xray,,slop,1.0
164860.277,s,1.46e-10,3.44e-11,3.44e-11,erg cm-2 s-1,Integrated Flux,,7.25e+16,2.42e+18,Hz,xray,,slop,1.0
165000.062,s,2.21e-10,4.94e-11,4.94e-11,erg cm-2 s-1,Integrated Flux,,7.25e+16,2.42e+18,Hz,xray,,slop,1.0
165044.943,s,2.53e-10,5.77e-11,5.77e-11,erg cm-2 s-1,Integrated Flux,,7.25e+16,2.42e+18,Hz,xray,,slop,1.0
165202.964,s,1.79e-10,2.97e-11,2.97e-11,erg cm-2 s-1,Integrated Flux,,7.25e+16,2.42e+18,Hz,xray,,slop,1.0
168684.093,s,1.91e-10,4.44e-11,4.44e-11,erg cm-2 s-1,Integrated Flux,,7.25e+16,2.42e+18,Hz,xray,,slop,1.0
168746.401,s,3.25e-10,7.41e-11,7.41e-11,erg cm-2 s-1,Integrated Flux,,7.25e+16,2.42e+18,Hz,xray,,slop,1.0
168816.731,s,2.27e-10,5.08e-11,5.08e-11,erg cm-2 s-1,Integrated Flux,,7.25e+16,2.42e+18,Hz,xray,,slop,1.0
168938.587,s,3.94e-10,8.8e-11,8.8e-11,erg cm-2 s-1,Integrated Flux,,7.25e+16,2.42e+18,Hz,xray,,slop,1.0
168996.004,s,2.29e-10,5.33e-11,5.33e-11,erg cm-2 s-1,Integrated Flux,,7.25e+16,2.42e+18,Hz,xray,,slop,1.0
169066.21,s,2.68e-10,6.23e-11,6.23e-11,erg cm-2 s-1,Integrated Flux,,7.25e+16,2.42e+18,Hz,xray,,slop,1.0
169137.12,s,2.01e-10,4.35e-11,4.35e-11,erg cm-2 s-1,Integrated Flux,,7.25e+16,2.42e+18,Hz,xray,,slop,1.0
169219.407,s,2.57e-10,5.97e-11,5.97e-11,erg cm-2 s-1,Integrated Flux,,7.25e+16,2.42e+18,Hz,xray,,slop,1.0
169303.878,s,1.76e-10,3.97e-11,3.97e-11,erg cm-2 s-1,Integrated Flux,,7.25e+16,2.42e+18,Hz,xray,,slop,1.0
169376.115,s,2.72e-10,6.44e-11,6.44e-11,erg cm-2 s-1,Integrated Flux,,7.25e+16,2.42e+18,Hz,xray,,slop,1.0
169438.678,s,2.61e-10,5.81e-11,5.81e-11,erg cm-2 s-1,Integrated Flux,,7.25e+16,2.42e+18,Hz,xray,,slop,1.0
169513.515,s,1.94e-10,4.42e-11,4.42e-11,erg cm-2 s-1,Integrated Flux,,7.25e+16,2.42e+18,Hz,xray,,slop,1.0
169640.262,s,3.57e-10,8.13e-11,8.13e-11,erg cm-2 s-1,Integrated Flux,,7.25e+16,2.42e+18,Hz,xray,,slop,1.0
169711.217,s,1.77e-10,4.11e-11,4.11e-11,erg cm-2 s-1,Integrated Flux,,7.25e+16,2.42e+18,Hz,xray,,slop,1.0
169781.705,s,3.5e-10,7.93e-11,7.93e-11,erg cm-2 s-1,Integrated Flux,,7.25e+16,2.42e+18,Hz,xray,,slop,1.0
169836.268,s,2.65e-10,5.77e-11,5.77e-11,erg cm-2 s-1,Integrated Flux,,7.25e+16,2.42e+18,Hz,xray,,slop,1.0
169916.328,s,1.99e-10,4.31e-11,4.31e-11,erg cm-2 s-1,Integrated Flux,,7.25e+16,2.42e+18,Hz,xray,,slop,1.0
169994.826,s,2.25e-10,5.01e-11,5.01e-11,erg cm-2 s-1,Integrated Flux,,7.25e+16,2.42e+18,Hz,xray,,slop,1.0
170079.598,s,2.19e-10,4.49e-11,4.49e-11,erg cm-2 s-1,Integrated Flux,,7.25e+16,2.42e+18,Hz,xray,,slop,1.0
174503.921,s,1.7e-10,3.96e-11,3.96e-11,erg cm-2 s-1,Integrated Flux,,7.25e+16,2.42e+18,Hz,xray,,slop,1.0
174539.65,s,1.29e-10,3.07e-11,3.07e-11,erg cm-2 s-1,Integrated Flux,,7.25e+16,2.42e+18,Hz,xray,,slop,1.0
174577.808,s,1.96e-10,4.33e-11,4.33e-11,erg cm-2 s-1,Integrated Flux,,7.25e+16,2.42e+18,Hz,xray,,slop,1.0
174694.958,s,2.33e-10,4.83e-11,4.83e-11,erg cm-2 s-1,Integrated Flux,,7.25e+16,2.42e+18,Hz,xray,,slop,1.0
174716.166,s,2.41e-10,5.38e-11,5.38e-11,erg cm-2 s-1,Integrated Flux,,7.25e+16,2.42e+18,Hz,xray,,slop,1.0
174756.411,s,1.71e-10,2.83e-11,2.83e-11,erg cm-2 s-1,Integrated Flux,,7.25e+16,2.42e+18,Hz,xray,,slop,1.0
215929.359,s,1.21e-10,2.68e-11,2.68e-11,erg cm-2 s-1,Integrated Flux,,7.25e+16,2.42e+18,Hz,xray,,slop,1.0
221382.544,s,1.11e-10,2.88e-11,2.88e-11,erg cm-2 s-1,Integrated Flux,,7.25e+16,2.42e+18,Hz,xray,,slop,1.0
221469.698,s,1.11e-10,2.51e-11,2.51e-11,erg cm-2 s-1,Integrated Flux,,7.25e+16,2.42e+18,Hz,xray,,slop,1.0
221618.234,s,1.66e-10,3.87e-11,3.87e-11,erg cm-2 s-1,Integrated Flux,,7.25e+16,2.42e+18,Hz,xray,,slop,1.0
221680.916,s,1.24e-10,2.82e-11,2.82e-11,erg cm-2 s-1,Integrated Flux,,7.25e+16,2.42e+18,Hz,xray,,slop,1.0
221773.8,s,1.09e-10,2.53e-11,2.53e-11,erg cm-2 s-1,Integrated Flux,,7.25e+16,2.42e+18,Hz,xray,,slop,1.0
221855.551,s,1.05e-10,2.6e-11,2.6e-11,erg cm-2 s-1,Integrated Flux,,7.25e+16,2.42e+18,Hz,xray,,slop,1.0
221947.32,s,1.31e-10,2.99e-11,2.99e-11,erg cm-2 s-1,Integrated Flux,,7.25e+16,2.42e+18,Hz,xray,,slop,1.0
222028.114,s,1.22e-10,2.93e-11,2.93e-11,erg cm-2 s-1,Integrated Flux,,7.25e+16,2.42e+18,Hz,xray,,slop,1.0
222118.139,s,1.15e-10,2.76e-11,2.76e-11,erg cm-2 s-1,Integrated Flux,,7.25e+16,2.42e+18,Hz,xray,,slop,1.0
222198.494,s,1.31e-10,2.92e-11,2.92e-11,erg cm-2 s-1,Integrated Flux,,7.25e+16,2.42e+18,Hz,xray,,slop,1.0
222275.266,s,1.45e-10,3.34e-11,3.34e-11,erg cm-2 s-1,Integrated Flux,,7.25e+16,2.42e+18,Hz,xray,,slop,1.0
227069.836,s,1.62e-10,3.62e-11,3.62e-11,erg cm-2 s-1,Integrated Flux,,7.25e+16,2.42e+18,Hz,xray,,slop,1.0
227128.256,s,1.17e-10,2.61e-11,2.61e-11,erg cm-2 s-1,Integrated Flux,,7.25e+16,2.42e+18,Hz,xray,,slop,1.0
227193.918,s,1.75e-10,3.9e-11,3.9e-11,erg cm-2 s-1,Integrated Flux,,7.25e+16,2.42e+18,Hz,xray,,slop,1.0
227283.585,s,1.62e-10,3.63e-11,3.63e-11,erg cm-2 s-1,Integrated Flux,,7.25e+16,2.42e+18,Hz,xray,,slop,1.0
227338.996,s,1.17e-10,2.73e-11,2.73e-11,erg cm-2 s-1,Integrated Flux,,7.25e+16,2.42e+18,Hz,xray,,slop,1.0
227402.432,s,1.29e-10,2.94e-11,2.94e-11,erg cm-2 s-1,Integrated Flux,,7.25e+16,2.42e+18,Hz,xray,,slop,1.0
227461.103,s,1.48e-10,3.32e-11,3.32e-11,erg cm-2 s-1,Integrated Flux,,7.25e+16,2.42e+18,Hz,xray,,slop,1.0
227517.96,s,1.77e-10,3.95e-11,3.95e-11,erg cm-2 s-1,Integrated Flux,,7.25e+16,2.42e+18,Hz,xray,,slop,1.0
227567.151,s,1.4e-10,3.12e-11,3.12e-11,erg cm-2 s-1,Integrated Flux,,7.25e+16,2.42e+18,Hz,xray,,slop,1.0
227613.173,s,1.84e-10,4.29e-11,4.29e-11,erg cm-2 s-1,Integrated Flux,,7.25e+16,2.42e+18,Hz,xray,,slop,1.0
227708.039,s,1.79e-10,3.98e-11,3.98e-11,erg cm-2 s-1,Integrated Flux,,7.25e+16,2.42e+18,Hz,xray,,slop,1.0
227758.598,s,1.61e-10,3.67e-11,3.67e-11,erg cm-2 s-1,Integrated Flux,,7.25e+16,2.42e+18,Hz,xray,,slop,1.0
227831.433,s,7.21e-11,1.72e-11,1.72e-11,erg cm-2 s-1,Integrated Flux,,7.25e+16,2.42e+18,Hz,xray,,slop,1.0
227918.439,s,1.3e-10,3.04e-11,3.04e-11,erg cm-2 s-1,Integrated Flux,,7.25e+16,2.42e+18,Hz,xray,,slop,1.0
227990.566,s,1.49e-10,2.8e-11,2.8e-11,erg cm-2 s-1,Integrated Flux,,7.25e+16,2.42e+18,Hz,xray,,slop,1.0
243569.994,s,1.18e-10,2.64e-11,2.64e-11,erg cm-2 s-1,Integrated Flux,,7.25e+16,2.42e+18,Hz,xray,,slop,1.0
243609.317,s,1.14e-10,2.49e-11,2.49e-11,erg cm-2 s-1,Integrated Flux,,7.25e+16,2.42e+18,Hz,xray,,slop,1.0
243660.508,s,8.74e-11,2.1e-11,2.1e-11,erg cm-2 s-1,Integrated Flux,,7.25e+16,2.42e+18,Hz,xray,,slop,1.0
243715.293,s,1.08e-10,2.41e-11,2.41e-11,erg cm-2 s-1,Integrated Flux,,7.25e+16,2.42e+18,Hz,xray,,slop,1.0
243754.742,s,1.41e-10,3.08e-11,3.08e-11,erg cm-2 s-1,Integrated Flux,,7.25e+16,2.42e+18,Hz,xray,,slop,1.0
243799.664,s,8.68e-11,1.98e-11,1.98e-11,erg cm-2 s-1,Integrated Flux,,7.25e+16,2.42e+18,Hz,xray,,slop,1.0
243850.855,s,1.44e-10,3.14e-11,3.14e-11,erg cm-2 s-1,Integrated Flux,,7.25e+16,2.42e+18,Hz,xray,,slop,1.0
243898.578,s,9.56e-11,2.29e-11,2.29e-11,erg cm-2 s-1,Integrated Flux,,7.25e+16,2.42e+18,Hz,xray,,slop,1.0
243957.625,s,1.13e-10,2.08e-11,2.08e-11,erg cm-2 s-1,Integrated Flux,,7.25e+16,2.42e+18,Hz,xray,,slop,1.0
249007.638,s,9.55e-11,2.23e-11,2.23e-11,erg cm-2 s-1,Integrated Flux,,7.25e+16,2.42e+18,Hz,xray,,slop,1.0
249055.688,s,9.29e-11,2.11e-11,2.11e-11,erg cm-2 s-1,Integrated Flux,,7.25e+16,2.42e+18,Hz,xray,,slop,1.0
249108.261,s,1.06e-10,2.31e-11,2.31e-11,erg cm-2 s-1,Integrated Flux,,7.25e+16,2.42e+18,Hz,xray,,slop,1.0
249149.427,s,1.53e-10,3.43e-11,3.43e-11,erg cm-2 s-1,Integrated Flux,,7.25e+16,2.42e+18,Hz,xray,,slop,1.0
249198.964,s,8.04e-11,1.75e-11,1.75e-11,erg cm-2 s-1,Integrated Flux,,7.25e+16,2.42e+18,Hz,xray,,slop,1.0
249244.83,s,1.74e-10,3.98e-11,3.98e-11,erg cm-2 s-1,Integrated Flux,,7.25e+16,2.42e+18,Hz,xray,,slop,1.0
249279.556,s,1.04e-10,2.48e-11,2.48e-11,erg cm-2 s-1,Integrated Flux,,7.25e+16,2.42e+18,Hz,xray,,slop,1.0
249326.694,s,9.64e-11,2.2e-11,2.2e-11,erg cm-2 s-1,Integrated Flux,,7.25e+16,2.42e+18,Hz,xray,,slop,1.0
249382.231,s,1.1e-10,2.46e-11,2.46e-11,erg cm-2 s-1,Integrated Flux,,7.25e+16,2.42e+18,Hz,xray,,slop,1.0
261642.312,s,1.57e-10,3.67e-11,3.67e-11,erg cm-2 s-1,Integrated Flux,,7.25e+16,2.42e+18,Hz,xray,,slop,1.0
261712.141,s,8.62e-11,2.01e-11,2.01e-11,erg cm-2 s-1,Integrated Flux,,7.25e+16,2.42e+18,Hz,xray,,slop,1.0
261807.974,s,9.38e-11,2.05e-11,2.05e-11,erg cm-2 s-1,Integrated Flux,,7.25e+16,2.42e+18,Hz,xray,,slop,1.0
261894.298,s,1.18e-10,2.41e-11,2.41e-11,erg cm-2 s-1,Integrated Flux,,7.25e+16,2.42e+18,Hz,xray,,slop,1.0
278189.663,s,9.36e-11,2.18e-11,2.18e-11,erg cm-2 s-1,Integrated Flux,,7.25e+16,2.42e+18,Hz,xray,,slop,1.0
278248.943,s,7.46e-11,1.73e-11,1.73e-11,erg cm-2 s-1,Integrated Flux,,7.25e+16,2.42e+18,Hz,xray,,slop,1.0
278309.513,s,1e-10,2.28e-11,2.28e-11,erg cm-2 s-1,Integrated Flux,,7.25e+16,2.42e+18,Hz,xray,,slop,1.0
278359.409,s,9.78e-11,2.28e-11,2.28e-11,erg cm-2 s-1,Integrated Flux,,7.25e+16,2.42e+18,Hz,xray,,slop,1.0
278413.316,s,9.64e-11,2.16e-11,2.16e-11,erg cm-2 s-1,Integrated Flux,,7.25e+16,2.42e+18,Hz,xray,,slop,1.0
278470.985,s,8.69e-11,1.94e-11,1.94e-11,erg cm-2 s-1,Integrated Flux,,7.25e+16,2.42e+18,Hz,xray,,slop,1.0
278532.665,s,6.8e-11,1.62e-11,1.62e-11,erg cm-2 s-1,Integrated Flux,,7.25e+16,2.42e+18,Hz,xray,,slop,1.0
278601.401,s,8.25e-11,1.95e-11,1.95e-11,erg cm-2 s-1,Integrated Flux,,7.25e+16,2.42e+18,Hz,xray,,slop,1.0
278673.917,s,6.53e-11,1.39e-11,1.39e-11,erg cm-2 s-1,Integrated Flux,,7.25e+16,2.42e+18,Hz,xray,,slop,1.0
278739.268,s,8.86e-11,2.06e-11,2.06e-11,erg cm-2 s-1,Integrated Flux,,7.25e+16,2.42e+18,Hz,xray,,slop,1.0
278801.748,s,6.77e-11,1.63e-11,1.63e-11,erg cm-2 s-1,Integrated Flux,,7.25e+16,2.42e+18,Hz,xray,,slop,1.0
278871.78,s,1.07e-10,2.43e-11,2.43e-11,erg cm-2 s-1,Integrated Flux,,7.25e+16,2.42e+18,Hz,xray,,slop,1.0
278929.419,s,7.55e-11,1.55e-11,1.55e-11,erg cm-2 s-1,Integrated Flux,,7.25e+16,2.42e+18,Hz,xray,,slop,1.0
289938.927,s,7.65e-11,1.75e-11,1.75e-11,erg cm-2 s-1,Integrated Flux,,7.25e+16,2.42e+18,Hz,xray,,slop,1.0
290015.777,s,7.8e-11,1.82e-11,1.82e-11,erg cm-2 s-1,Integrated Flux,,7.25e+16,2.42e+18,Hz,xray,,slop,1.0
290084.603,s,8.42e-11,1.88e-11,1.88e-11,erg cm-2 s-1,Integrated Flux,,7.25e+16,2.42e+18,Hz,xray,,slop,1.0
290186.159,s,9.91e-11,1.67e-11,1.67e-11,erg cm-2 s-1,Integrated Flux,,7.25e+16,2.42e+18,Hz,xray,,slop,1.0
300501.33,s,5.49e-11,1.23e-11,1.23e-11,erg cm-2 s-1,Integrated Flux,,7.25e+16,2.42e+18,Hz,xray,,slop,1.0
300588.083,s,6.19e-11,1.48e-11,1.48e-11,erg cm-2 s-1,Integrated Flux,,7.25e+16,2.42e+18,Hz,xray,,slop,1.0
300651.017,s,7.96e-11,1.78e-11,1.78e-11,erg cm-2 s-1,Integrated Flux,,7.25e+16,2.42e+18,Hz,xray,,slop,1.0
300773.876,s,9.64e-11,2.21e-11,2.21e-11,erg cm-2 s-1,Integrated Flux,,7.25e+16,2.42e+18,Hz,xray,,slop,1.0
300832.846,s,8.93e-11,1.99e-11,1.99e-11,erg cm-2 s-1,Integrated Flux,,7.25e+16,2.42e+18,Hz,xray,,slop,1.0
300895.29,s,6.58e-11,1.64e-11,1.64e-11,erg cm-2 s-1,Integrated Flux,,7.25e+16,2.42e+18,Hz,xray,,slop,1.0
300966.563,s,7.01e-11,1.57e-11,1.57e-11,erg cm-2 s-1,Integrated Flux,,7.25e+16,2.42e+18,Hz,xray,,slop,1.0
301035.389,s,7.14e-11,1.67e-11,1.67e-11,erg cm-2 s-1,Integrated Flux,,7.25e+16,2.42e+18,Hz,xray,,slop,1.0
301086.682,s,1.02e-10,2.28e-11,2.28e-11,erg cm-2 s-1,Integrated Flux,,7.25e+16,2.42e+18,Hz,xray,,slop,1.0
301136.309,s,1.02e-10,2.34e-11,2.34e-11,erg cm-2 s-1,Integrated Flux,,7.25e+16,2.42e+18,Hz,xray,,slop,1.0
301199.995,s,6.2e-11,1.56e-11,1.56e-11,erg cm-2 s-1,Integrated Flux,,7.25e+16,2.42e+18,Hz,xray,,slop,1.0
301281.357,s,5.5e-11,1.26e-11,1.26e-11,erg cm-2 s-1,Integrated Flux,,7.25e+16,2.42e+18,Hz,xray,,slop,1.0
301356.327,s,8.22e-11,1.84e-11,1.84e-11,erg cm-2 s-1,Integrated Flux,,7.25e+16,2.42e+18,Hz,xray,,slop,1.0
301429.164,s,5.8e-11,1.39e-11,1.39e-11,erg cm-2 s-1,Integrated Flux,,7.25e+16,2.42e+18,Hz,xray,,slop,1.0
301488.588,s,9.63e-11,2.2e-11,2.2e-11,erg cm-2 s-1,Integrated Flux,,7.25e+16,2.42e+18,Hz,xray,,slop,1.0
301532.842,s,1.32e-10,3.17e-11,3.17e-11,erg cm-2 s-1,Integrated Flux,,7.25e+16,2.42e+18,Hz,xray,,slop,1.0
301737.189,s,6.71e-11,1.54e-11,1.54e-11,erg cm-2 s-1,Integrated Flux,,7.25e+16,2.42e+18,Hz,xray,,slop,1.0
301811.775,s,5.96e-11,1.33e-11,1.33e-11,erg cm-2 s-1,Integrated Flux,,7.25e+16,2.42e+18,Hz,xray,,slop,1.0
301896.279,s,6.09e-11,1.53e-11,1.53e-11,erg cm-2 s-1,Integrated Flux,,7.25e+16,2.42e+18,Hz,xray,,slop,1.0
301972.483,s,6.66e-11,1.52e-11,1.52e-11,erg cm-2 s-1,Integrated Flux,,7.25e+16,2.42e+18,Hz,xray,,slop,1.0
306121.027,s,7.55e-11,1.77e-11,1.77e-11,erg cm-2 s-1,Integrated Flux,,7.25e+16,2.42e+18,Hz,xray,,slop,1.0
306183.961,s,7e-11,1.56e-11,1.56e-11,erg cm-2 s-1,Integrated Flux,,7.25e+16,2.42e+18,Hz,xray,,slop,1.0
306242.256,s,1.14e-10,2.6e-11,2.6e-11,erg cm-2 s-1,Integrated Flux,,7.25e+16,2.42e+18,Hz,xray,,slop,1.0
306284.558,s,1.05e-10,2.4e-11,2.4e-11,erg cm-2 s-1,Integrated Flux,,7.25e+16,2.42e+18,Hz,xray,,slop,1.0
306435.445,s,1.16e-10,2.59e-11,2.59e-11,erg cm-2 s-1,Integrated Flux,,7.25e+16,2.42e+18,Hz,xray,,slop,1.0
306493.614,s,6.43e-11,1.51e-11,1.51e-11,erg cm-2 s-1,Integrated Flux,,7.25e+16,2.42e+18,Hz,xray,,slop,1.0
306556.172,s,5.98e-11,1.37e-11,1.37e-11,erg cm-2 s-1,Integrated Flux,,7.25e+16,2.42e+18,Hz,xray,,slop,1.0
306683.795,s,7.07e-11,1.62e-11,1.62e-11,erg cm-2 s-1,Integrated Flux,,7.25e+16,2.42e+18,Hz,xray,,slop,1.0
306758.639,s,7.31e-11,1.67e-11,1.67e-11,erg cm-2 s-1,Integrated Flux,,7.25e+16,2.42e+18,Hz,xray,,slop,1.0
306814.677,s,9.08e-11,2.08e-11,2.08e-11,erg cm-2 s-1,Integrated Flux,,7.25e+16,2.42e+18,Hz,xray,,slop,1.0
307016.576,s,6.16e-11,1.41e-11,1.41e-11,erg cm-2 s-1,Integrated Flux,,7.25e+16,2.42e+18,Hz,xray,,slop,1.0
307103.645,s,5.77e-11,1.35e-11,1.35e-11,erg cm-2 s-1,Integrated Flux,,7.25e+16,2.42e+18,Hz,xray,,slop,1.0
307179.868,s,4.8e-11,1.15e-11,1.15e-11,erg cm-2 s-1,Integrated Flux,,7.25e+16,2.42e+18,Hz,xray,,slop,1.0
307267.75,s,5.63e-11,1.32e-11,1.32e-11,erg cm-2 s-1,Integrated Flux,,7.25e+16,2.42e+18,Hz,xray,,slop,1.0
307344.224,s,9.39e-11,2.2e-11,2.2e-11,erg cm-2 s-1,Integrated Flux,,7.25e+16,2.42e+18,Hz,xray,,slop,1.0
307403.772,s,7.37e-11,1.69e-11,1.69e-11,erg cm-2 s-1,Integrated Flux,,7.25e+16,2.42e+18,Hz,xray,,slop,1.0
307472.222,s,5.41e-11,1.24e-11,1.24e-11,erg cm-2 s-1,Integrated Flux,,7.25e+16,2.42e+18,Hz,xray,,slop,1.0
307539.92,s,9.54e-11,2.29e-11,2.29e-11,erg cm-2 s-1,Integrated Flux,,7.25e+16,2.42e+18,Hz,xray,,slop,1.0
307591.822,s,9.77e-11,2.19e-11,2.19e-11,erg cm-2 s-1,Integrated Flux,,7.25e+16,2.42e+18,Hz,xray,,slop,1.0
307654.869,s,8.18e-11,1.78e-11,1.78e-11,erg cm-2 s-1,Integrated Flux,,7.25e+16,2.42e+18,Hz,xray,,slop,1.0
307723.492,s,7.4e-11,1.49e-11,1.49e-11,erg cm-2 s-1,Integrated Flux,,7.25e+16,2.42e+18,Hz,xray,,slop,1.0
312490.503,s,5.96e-11,1.41e-11,1.41e-11,erg cm-2 s-1,Integrated Flux,,7.25e+16,2.42e+18,Hz,xray,,slop,1.0
312572.264,s,5.08e-11,1.22e-11,1.22e-11,erg cm-2 s-1,Integrated Flux,,7.25e+16,2.42e+18,Hz,xray,,slop,1.0
312663.28,s,5.32e-11,1.24e-11,1.24e-11,erg cm-2 s-1,Integrated Flux,,7.25e+16,2.42e+18,Hz,xray,,slop,1.0
312721.701,s,1.49e-10,3.33e-11,3.33e-11,erg cm-2 s-1,Integrated Flux,,7.25e+16,2.42e+18,Hz,xray,,slop,1.0
312840.423,s,1.07e-10,2.44e-11,2.44e-11,erg cm-2 s-1,Integrated Flux,,7.25e+16,2.42e+18,Hz,xray,,slop,1.0
312889.817,s,1.01e-10,2.32e-11,2.32e-11,erg cm-2 s-1,Integrated Flux,,7.25e+16,2.42e+18,Hz,xray,,slop,1.0
313051.038,s,6.9e-11,1.61e-11,1.61e-11,erg cm-2 s-1,Integrated Flux,,7.25e+16,2.42e+18,Hz,xray,,slop,1.0
313138.292,s,4.85e-11,1.25e-11,1.25e-11,erg cm-2 s-1,Integrated Flux,,7.25e+16,2.42e+18,Hz,xray,,slop,1.0
313291.866,s,5.21e-11,1.22e-11,1.22e-11,erg cm-2 s-1,Integrated Flux,,7.25e+16,2.42e+18,Hz,xray,,slop,1.0
313376.363,s,6.53e-11,1.49e-11,1.49e-11,erg cm-2 s-1,Integrated Flux,,7.25e+16,2.42e+18,Hz,xray,,slop,1.0
313466.954,s,6.05e-11,1.12e-11,1.12e-11,erg cm-2 s-1,Integrated Flux,,7.25e+16,2.42e+18,Hz,xray,,slop,1.0
386306.083,s,6.82e-11,1.63e-11,1.63e-11,erg cm-2 s-1,Integrated Flux,,7.25e+16,2.42e+18,Hz,xray,,slop,1.0
386401.986,s,3.54e-11,8.91e-12,8.91e-12,erg cm-2 s-1,Integrated Flux,,7.25e+16,2.42e+18,Hz,xray,,slop,1.0
386512.309,s,5.39e-11,1.23e-11,1.23e-11,erg cm-2 s-1,Integrated Flux,,7.25e+16,2.42e+18,Hz,xray,,slop,1.0
386704.621,s,7.41e-11,1.69e-11,1.69e-11,erg cm-2 s-1,Integrated Flux,,7.25e+16,2.42e+18,Hz,xray,,slop,1.0
386848.665,s,4.04e-11,9.23e-12,9.23e-12,erg cm-2 s-1,Integrated Flux,,7.25e+16,2.42e+18,Hz,xray,,slop,1.0
386938.428,s,6.76e-11,1.58e-11,1.58e-11,erg cm-2 s-1,Integrated Flux,,7.25e+16,2.42e+18,Hz,xray,,slop,1.0
387088.366,s,4.69e-11,1.1e-11,1.1e-11,erg cm-2 s-1,Integrated Flux,,7.25e+16,2.42e+18,Hz,xray,,slop,1.0
387184.396,s,4.99e-11,1.2e-11,1.2e-11,erg cm-2 s-1,Integrated Flux,,7.25e+16,2.42e+18,Hz,xray,,slop,1.0
387344.238,s,4.31e-11,1.01e-11,1.01e-11,erg cm-2 s-1,Integrated Flux,,7.25e+16,2.42e+18,Hz,xray,,slop,1.0
387529.152,s,3.88e-11,9.3e-12,9.3e-12,erg cm-2 s-1,Integrated Flux,,7.25e+16,2.42e+18,Hz,xray,,slop,1.0
387637.792,s,5.72e-11,1.28e-11,1.28e-11,erg cm-2 s-1,Integrated Flux,,7.25e+16,2.42e+18,Hz,xray,,slop,1.0
387734.879,s,4.42e-11,1.06e-11,1.06e-11,erg cm-2 s-1,Integrated Flux,,7.25e+16,2.42e+18,Hz,xray,,slop,1.0
387855.314,s,5.73e-11,9.4e-12,9.4e-12,erg cm-2 s-1,Integrated Flux,,7.25e+16,2.42e+18,Hz,xray,,slop,1.0
392118.948,s,4.54e-11,1.06e-11,1.06e-11,erg cm-2 s-1,Integrated Flux,,7.25e+16,2.42e+18,Hz,xray,,slop,1.0
392192.162,s,7.29e-11,1.63e-11,1.63e-11,erg cm-2 s-1,Integrated Flux,,7.25e+16,2.42e+18,Hz,xray,,slop,1.0
392282.049,s,5.74e-11,1.31e-11,1.31e-11,erg cm-2 s-1,Integrated Flux,,7.25e+16,2.42e+18,Hz,xray,,slop,1.0
392505.074,s,4.84e-11,1.08e-11,1.08e-11,erg cm-2 s-1,Integrated Flux,,7.25e+16,2.42e+18,Hz,xray,,slop,1.0
392607.999,s,4.17e-11,9.72e-12,9.72e-12,erg cm-2 s-1,Integrated Flux,,7.25e+16,2.42e+18,Hz,xray,,slop,1.0
392717.193,s,4.99e-11,1.14e-11,1.14e-11,erg cm-2 s-1,Integrated Flux,,7.25e+16,2.42e+18,Hz,xray,,slop,1.0
392900.604,s,5.91e-11,1.35e-11,1.35e-11,erg cm-2 s-1,Integrated Flux,,7.25e+16,2.42e+18,Hz,xray,,slop,1.0
392989.237,s,5.33e-11,1.22e-11,1.22e-11,erg cm-2 s-1,Integrated Flux,,7.25e+16,2.42e+18,Hz,xray,,slop,1.0
393095.046,s,5.47e-11,1.22e-11,1.22e-11,erg cm-2 s-1,Integrated Flux,,7.25e+16,2.42e+18,Hz,xray,,slop,1.0
393170.141,s,5.94e-11,1.33e-11,1.33e-11,erg cm-2 s-1,Integrated Flux,,7.25e+16,2.42e+18,Hz,xray,,slop,1.0
393269.712,s,5.99e-11,1.31e-11,1.31e-11,erg cm-2 s-1,Integrated Flux,,7.25e+16,2.42e+18,Hz,xray,,slop,1.0
393394.359,s,4.84e-11,1.18e-11,1.18e-11,erg cm-2 s-1,Integrated Flux,,7.25e+16,2.42e+18,Hz,xray,,slop,1.0
403566.899,s,4.87e-11,1.15e-11,1.15e-11,erg cm-2 s-1,Integrated Flux,,7.25e+16,2.42e+18,Hz,xray,,slop,1.0
403676.218,s,2.77e-11,6.2e-12,6.2e-12,erg cm-2 s-1,Integrated Flux,,7.25e+16,2.42e+18,Hz,xray,,slop,1.0
403803.589,s,4.38e-11,9.97e-12,9.97e-12,erg cm-2 s-1,Integrated Flux,,7.25e+16,2.42e+18,Hz,xray,,slop,1.0
403924.066,s,2.66e-11,5.95e-12,5.95e-12,erg cm-2 s-1,Integrated Flux,,7.25e+16,2.42e+18,Hz,xray,,slop,1.0
404088.025,s,2.4e-11,5.45e-12,5.45e-12,erg cm-2 s-1,Integrated Flux,,7.25e+16,2.42e+18,Hz,xray,,slop,1.0
404217.046,s,2.75e-11,6.14e-12,6.14e-12,erg cm-2 s-1,Integrated Flux,,7.25e+16,2.42e+18,Hz,xray,,slop,1.0
404380.07,s,5.31e-11,1.2e-11,1.2e-11,erg cm-2 s-1,Integrated Flux,,7.25e+16,2.42e+18,Hz,xray,,slop,1.0
404530.942,s,2.36e-11,4.56e-12,4.56e-12,erg cm-2 s-1,Integrated Flux,,7.25e+16,2.42e+18,Hz,xray,,slop,1.0
478482.908,s,3.68e-11,8.23e-12,8.23e-12,erg cm-2 s-1,Integrated Flux,,7.25e+16,2.42e+18,Hz,xray,,slop,1.0
478599.625,s,4.45e-11,1.04e-11,1.04e-11,erg cm-2 s-1,Integrated Flux,,7.25e+16,2.42e+18,Hz,xray,,slop,1.0
478716.717,s,4.35e-11,9.95e-12,9.95e-12,erg cm-2 s-1,Integrated Flux,,7.25e+16,2.42e+18,Hz,xray,,slop,1.0
478793.065,s,5.59e-11,1.25e-11,1.25e-11,erg cm-2 s-1,Integrated Flux,,7.25e+16,2.42e+18,Hz,xray,,slop,1.0
478917.427,s,3.74e-11,8.37e-12,8.37e-12,erg cm-2 s-1,Integrated Flux,,7.25e+16,2.42e+18,Hz,xray,,slop,1.0
479035.773,s,4.85e-11,1.11e-11,1.11e-11,erg cm-2 s-1,Integrated Flux,,7.25e+16,2.42e+18,Hz,xray,,slop,1.0
479138.323,s,2.67e-11,5.83e-12,5.83e-12,erg cm-2 s-1,Integrated Flux,,7.25e+16,2.42e+18,Hz,xray,,slop,1.0
484201.046,s,4.09e-11,9.14e-12,9.14e-12,erg cm-2 s-1,Integrated Flux,,7.25e+16,2.42e+18,Hz,xray,,slop,1.0
484324.031,s,5.55e-11,1.29e-11,1.29e-11,erg cm-2 s-1,Integrated Flux,,7.25e+16,2.42e+18,Hz,xray,,slop,1.0
484461.432,s,4.57e-11,1.02e-11,1.02e-11,erg cm-2 s-1,Integrated Flux,,7.25e+16,2.42e+18,Hz,xray,,slop,1.0
484581.156,s,4.67e-11,1.06e-11,1.06e-11,erg cm-2 s-1,Integrated Flux,,7.25e+16,2.42e+18,Hz,xray,,slop,1.0
484707.077,s,2.39e-11,5.21e-12,5.21e-12,erg cm-2 s-1,Integrated Flux,,7.25e+16,2.42e+18,Hz,xray,,slop,1.0
484808.804,s,3.02e-11,6.84e-12,6.84e-12,erg cm-2 s-1,Integrated Flux,,7.25e+16,2.42e+18,Hz,xray,,slop,1.0
484886.531,s,3.92e-11,8.71e-12,8.71e-12,erg cm-2 s-1,Integrated Flux,,7.25e+16,2.42e+18,Hz,xray,,slop,1.0
484980.323,s,2.97e-11,6.65e-12,6.65e-12,erg cm-2 s-1,Integrated Flux,,7.25e+16,2.42e+18,Hz,xray,,slop,1.0
485059.417,s,4.01e-11,8.93e-12,8.93e-12,erg cm-2 s-1,Integrated Flux,,7.25e+16,2.42e+18,Hz,xray,,slop,1.0
485127.378,s,3.35e-11,7.95e-12,7.95e-12,erg cm-2 s-1,Integrated Flux,,7.25e+16,2.42e+18,Hz,xray,,slop,1.0
485333.478,s,3.81e-11,9.03e-12,9.03e-12,erg cm-2 s-1,Integrated Flux,,7.25e+16,2.42e+18,Hz,xray,,slop,1.0
485669.069,s,3.73e-11,7.09e-12,7.09e-12,erg cm-2 s-1,Integrated Flux,,7.25e+16,2.42e+18,Hz,xray,,slop,1.0
491272.349,s,3.48e-11,8.3e-12,8.3e-12,erg cm-2 s-1,Integrated Flux,,7.25e+16,2.42e+18,Hz,xray,,slop,1.0
491359.676,s,3.99e-11,6.7e-12,6.7e-12,erg cm-2 s-1,Integrated Flux,,7.25e+16,2.42e+18,Hz,xray,,slop,1.0
513448.688,s,4.1e-11,9.35e-12,9.35e-12,erg cm-2 s-1,Integrated Flux,,7.25e+16,2.42e+18,Hz,xray,,slop,1.0
513542.462,s,4.47e-11,1e-11,1e-11,erg cm-2 s-1,Integrated Flux,,7.25e+16,2.42e+18,Hz,xray,,slop,1.0
513740.666,s,4.28e-11,9.57e-12,9.57e-12,erg cm-2 s-1,Integrated Flux,,7.25e+16,2.42e+18,Hz,xray,,slop,1.0
513802.096,s,4.18e-11,9.35e-12,9.35e-12,erg cm-2 s-1,Integrated Flux,,7.25e+16,2.42e+18,Hz,xray,,slop,1.0
513877.441,s,3.96e-11,8.86e-12,8.86e-12,erg cm-2 s-1,Integrated Flux,,7.25e+16,2.42e+18,Hz,xray,,slop,1.0
570108.694,s,3.4e-11,7.75e-12,7.75e-12,erg cm-2 s-1,Integrated Flux,,7.25e+16,2.42e+18,Hz,xray,,slop,1.0
570201.089,s,2.82e-11,6.3e-12,6.3e-12,erg cm-2 s-1,Integrated Flux,,7.25e+16,2.42e+18,Hz,xray,,slop,1.0
570297.119,s,2.45e-11,5.58e-12,5.58e-12,erg cm-2 s-1,Integrated Flux,,7.25e+16,2.42e+18,Hz,xray,,slop,1.0
570404.056,s,2.82e-11,6.3e-12,6.3e-12,erg cm-2 s-1,Integrated Flux,,7.25e+16,2.42e+18,Hz,xray,,slop,1.0
570495.197,s,2.68e-11,5.98e-12,5.98e-12,erg cm-2 s-1,Integrated Flux,,7.25e+16,2.42e+18,Hz,xray,,slop,1.0
570576.56,s,4.84e-11,1.08e-11,1.08e-11,erg cm-2 s-1,Integrated Flux,,7.25e+16,2.42e+18,Hz,xray,,slop,1.0
570683.162,s,2.31e-11,5.14e-12,5.14e-12,erg cm-2 s-1,Integrated Flux,,7.25e+16,2.42e+18,Hz,xray,,slop,1.0
570794.196,s,6.35e-11,1.42e-11,1.42e-11,erg cm-2 s-1,Integrated Flux,,7.25e+16,2.42e+18,Hz,xray,,slop,1.0
570917.68,s,2.77e-11,6.44e-12,6.44e-12,erg cm-2 s-1,Integrated Flux,,7.25e+16,2.42e+18,Hz,xray,,slop,1.0
571092.512,s,4.07e-11,7.69e-12,7.69e-12,erg cm-2 s-1,Integrated Flux,,7.25e+16,2.42e+18,Hz,xray,,slop,1.0
604486.042,s,3.21e-11,7.17e-12,7.17e-12,erg cm-2 s-1,Integrated Flux,,7.25e+16,2.42e+18,Hz,xray,,slop,1.0
604644.128,s,3.58e-11,8.18e-12,8.18e-12,erg cm-2 s-1,Integrated Flux,,7.25e+16,2.42e+18,Hz,xray,,slop,1.0
604799.956,s,3.75e-11,8.76e-12,8.76e-12,erg cm-2 s-1,Integrated Flux,,7.25e+16,2.42e+18,Hz,xray,,slop,1.0
604965.441,s,2.11e-11,4.61e-12,4.61e-12,erg cm-2 s-1,Integrated Flux,,7.25e+16,2.42e+18,Hz,xray,,slop,1.0
605086.419,s,4.02e-11,9e-12,9e-12,erg cm-2 s-1,Integrated Flux,,7.25e+16,2.42e+18,Hz,xray,,slop,1.0
605199.75,s,2.63e-11,6.17e-12,6.17e-12,erg cm-2 s-1,Integrated Flux,,7.25e+16,2.42e+18,Hz,xray,,slop,1.0
605352.32,s,1.82e-11,4.08e-12,4.08e-12,erg cm-2 s-1,Integrated Flux,,7.25e+16,2.42e+18,Hz,xray,,slop,1.0
605520.437,s,5.29e-11,1.18e-11,1.18e-11,erg cm-2 s-1,Integrated Flux,,7.25e+16,2.42e+18,Hz,xray,,slop,1.0
605617.721,s,2.46e-11,5.5e-12,5.5e-12,erg cm-2 s-1,Integrated Flux,,7.25e+16,2.42e+18,Hz,xray,,slop,1.0
605695.072,s,3.78e-11,8.45e-12,8.45e-12,erg cm-2 s-1,Integrated Flux,,7.25e+16,2.42e+18,Hz,xray,,slop,1.0
605772.298,s,3.31e-11,7.39e-12,7.39e-12,erg cm-2 s-1,Integrated Flux,,7.25e+16,2.42e+18,Hz,xray,,slop,1.0
605932.622,s,2.25e-11,3.73e-12,3.73e-12,erg cm-2 s-1,Integrated Flux,,7.25e+16,2.42e+18,Hz,xray,,slop,1.0
633104.793,s,3.38e-11,7.55e-12,7.55e-12,erg cm-2 s-1,Integrated Flux,,7.25e+16,2.42e+18,Hz,xray,,slop,1.0
633267.769,s,4.02e-11,9.19e-12,9.19e-12,erg cm-2 s-1,Integrated Flux,,7.25e+16,2.42e+18,Hz,xray,,slop,1.0
633498.621,s,3e-11,5.75e-12,5.75e-12,erg cm-2 s-1,Integrated Flux,,7.25e+16,2.42e+18,Hz,xray,,slop,1.0
656023.731,s,3.54e-11,7.91e-12,7.91e-12,erg cm-2 s-1,Integrated Flux,,7.25e+16,2.42e+18,Hz,xray,,slop,1.0
656225.444,s,2.62e-11,5.85e-12,5.85e-12,erg cm-2 s-1,Integrated Flux,,7.25e+16,2.42e+18,Hz,xray,,slop,1.0
656424.775,s,1.37e-11,3.18e-12,3.18e-12,erg cm-2 s-1,Integrated Flux,,7.25e+16,2.42e+18,Hz,xray,,slop,1.0
656596.527,s,2.4e-11,5.48e-12,5.48e-12,erg cm-2 s-1,Integrated Flux,,7.25e+16,2.42e+18,Hz,xray,,slop,1.0
656827.724,s,2.21e-11,3.58e-12,3.58e-12,erg cm-2 s-1,Integrated Flux,,7.25e+16,2.42e+18,Hz,xray,,slop,1.0
661759.195,s,2.93e-11,6.56e-12,6.56e-12,erg cm-2 s-1,Integrated Flux,,7.25e+16,2.42e+18,Hz,xray,,slop,1.0
661863.625,s,2.71e-11,6.07e-12,6.07e-12,erg cm-2 s-1,Integrated Flux,,7.25e+16,2.42e+18,Hz,xray,,slop,1.0
661982.222,s,2.79e-11,6.24e-12,6.24e-12,erg cm-2 s-1,Integrated Flux,,7.25e+16,2.42e+18,Hz,xray,,slop,1.0
662081.637,s,2.49e-11,5.68e-12,5.68e-12,erg cm-2 s-1,Integrated Flux,,7.25e+16,2.42e+18,Hz,xray,,slop,1.0
662662.709,s,2.06e-11,4.7e-12,4.7e-12,erg cm-2 s-1,Integrated Flux,,7.25e+16,2.42e+18,Hz,xray,,slop,1.0
724771.68,s,1.56e-11,3.25e-12,3.25e-12,erg cm-2 s-1,Integrated Flux,,7.25e+16,2.42e+18,Hz,xray,,slop,1.0
741987.133,s,2.09e-11,4.76e-12,4.76e-12,erg cm-2 s-1,Integrated Flux,,7.25e+16,2.42e+18,Hz,xray,,slop,1.0
742226.582,s,2.02e-11,4.61e-12,4.61e-12,erg cm-2 s-1,Integrated Flux,,7.25e+16,2.42e+18,Hz,xray,,slop,1.0
742371.63,s,1.48e-11,3.38e-12,3.38e-12,erg cm-2 s-1,Integrated Flux,,7.25e+16,2.42e+18,Hz,xray,,slop,1.0
742520.064,s,2.06e-11,4.71e-12,4.71e-12,erg cm-2 s-1,Integrated Flux,,7.25e+16,2.42e+18,Hz,xray,,slop,1.0
742686.048,s,1.85e-11,4.14e-12,4.14e-12,erg cm-2 s-1,Integrated Flux,,7.25e+16,2.42e+18,Hz,xray,,slop,1.0
742823.576,s,2.34e-11,5.23e-12,5.23e-12,erg cm-2 s-1,Integrated Flux,,7.25e+16,2.42e+18,Hz,xray,,slop,1.0
742952.392,s,2.12e-11,4.72e-12,4.72e-12,erg cm-2 s-1,Integrated Flux,,7.25e+16,2.42e+18,Hz,xray,,slop,1.0
743118.938,s,1.64e-11,3.82e-12,3.82e-12,erg cm-2 s-1,Integrated Flux,,7.25e+16,2.42e+18,Hz,xray,,slop,1.0
743244.451,s,2.53e-11,5.25e-12,5.25e-12,erg cm-2 s-1,Integrated Flux,,7.25e+16,2.42e+18,Hz,xray,,slop,1.0
747727.718,s,1.8e-11,4.12e-12,4.12e-12,erg cm-2 s-1,Integrated Flux,,7.25e+16,2.42e+18,Hz,xray,,slop,1.0
747884.424,s,1.49e-11,3.33e-12,3.33e-12,erg cm-2 s-1,Integrated Flux,,7.25e+16,2.42e+18,Hz,xray,,slop,1.0
748061.275,s,1.97e-11,4.29e-12,4.29e-12,erg cm-2 s-1,Integrated Flux,,7.25e+16,2.42e+18,Hz,xray,,slop,1.0
748205.989,s,1.44e-11,3.22e-12,3.22e-12,erg cm-2 s-1,Integrated Flux,,7.25e+16,2.42e+18,Hz,xray,,slop,1.0
748364.077,s,3.14e-11,7.35e-12,7.35e-12,erg cm-2 s-1,Integrated Flux,,7.25e+16,2.42e+18,Hz,xray,,slop,1.0
748477.031,s,1.97e-11,4.39e-12,4.39e-12,erg cm-2 s-1,Integrated Flux,,7.25e+16,2.42e+18,Hz,xray,,slop,1.0
748609.185,s,2.62e-11,5.72e-12,5.72e-12,erg cm-2 s-1,Integrated Flux,,7.25e+16,2.42e+18,Hz,xray,,slop,1.0
748737.919,s,2.06e-11,4.72e-12,4.72e-12,erg cm-2 s-1,Integrated Flux,,7.25e+16,2.42e+18,Hz,xray,,slop,1.0
748852.879,s,2.78e-11,6.21e-12,6.21e-12,erg cm-2 s-1,Integrated Flux,,7.25e+16,2.42e+18,Hz,xray,,slop,1.0
748987.021,s,2.55e-11,5.82e-12,5.82e-12,erg cm-2 s-1,Integrated Flux,,7.25e+16,2.42e+18,Hz,xray,,slop,1.0
749150.662,s,2.43e-11,3.99e-12,3.99e-12,erg cm-2 s-1,Integrated Flux,,7.25e+16,2.42e+18,Hz,xray,,slop,1.0
771111.543,s,2.18e-11,4.88e-12,4.88e-12,erg cm-2 s-1,Integrated Flux,,7.25e+16,2.42e+18,Hz,xray,,slop,1.0
771656.885,s,2.8e-11,6.39e-12,6.39e-12,erg cm-2 s-1,Integrated Flux,,7.25e+16,2.42e+18,Hz,xray,,slop,1.0
771857.252,s,1e-11,2.45e-12,2.45e-12,erg cm-2 s-1,Integrated Flux,,7.25e+16,2.42e+18,Hz,xray,,slop,1.0
772071.665,s,2.02e-11,3.88e-12,3.88e-12,erg cm-2 s-1,Integrated Flux,,7.25e+16,2.42e+18,Hz,xray,,slop,1.0
782915.073,s,1.51e-11,3.37e-12,3.37e-12,erg cm-2 s-1,Integrated Flux,,7.25e+16,2.42e+18,Hz,xray,,slop,1.0
827831.931,s,1.48e-11,3.3e-12,3.3e-12,erg cm-2 s-1,Integrated Flux,,7.25e+16,2.42e+18,Hz,xray,,slop,1.0
828067.243,s,1.3e-11,3.04e-12,3.04e-12,erg cm-2 s-1,Integrated Flux,,7.25e+16,2.42e+18,Hz,xray,,slop,1.0
828222.698,s,1.77e-11,3.96e-12,3.96e-12,erg cm-2 s-1,Integrated Flux,,7.25e+16,2.42e+18,Hz,xray,,slop,1.0
828396.58,s,1.56e-11,3.66e-12,3.66e-12,erg cm-2 s-1,Integrated Flux,,7.25e+16,2.42e+18,Hz,xray,,slop,1.0
828575.979,s,1.28e-11,2.85e-12,2.85e-12,erg cm-2 s-1,Integrated Flux,,7.25e+16,2.42e+18,Hz,xray,,slop,1.0
828797.125,s,1.32e-11,3.1e-12,3.1e-12,erg cm-2 s-1,Integrated Flux,,7.25e+16,2.42e+18,Hz,xray,,slop,1.0
829148.277,s,1.73e-11,3.87e-12,3.87e-12,erg cm-2 s-1,Integrated Flux,,7.25e+16,2.42e+18,Hz,xray,,slop,1.0
829319.647,s,1.68e-11,3.74e-12,3.74e-12,erg cm-2 s-1,Integrated Flux,,7.25e+16,2.42e+18,Hz,xray,,slop,1.0
845151.987,s,2.11e-11,4.91e-12,4.91e-12,erg cm-2 s-1,Integrated Flux,,7.25e+16,2.42e+18,Hz,xray,,slop,1.0
845341.041,s,1.73e-11,3.96e-12,3.96e-12,erg cm-2 s-1,Integrated Flux,,7.25e+16,2.42e+18,Hz,xray,,slop,1.0
845518.183,s,1.19e-11,2.74e-12,2.74e-12,erg cm-2 s-1,Integrated Flux,,7.25e+16,2.42e+18,Hz,xray,,slop,1.0
845726.041,s,1.42e-11,3.17e-12,3.17e-12,erg cm-2 s-1,Integrated Flux,,7.25e+16,2.42e+18,Hz,xray,,slop,1.0
845952.829,s,1.21e-11,2.77e-12,2.77e-12,erg cm-2 s-1,Integrated Flux,,7.25e+16,2.42e+18,Hz,xray,,slop,1.0
846114.176,s,1.72e-11,3.93e-12,3.93e-12,erg cm-2 s-1,Integrated Flux,,7.25e+16,2.42e+18,Hz,xray,,slop,1.0
846280.789,s,1.89e-11,4.23e-12,4.23e-12,erg cm-2 s-1,Integrated Flux,,7.25e+16,2.42e+18,Hz,xray,,slop,1.0
846405.904,s,2.54e-11,5.82e-12,5.82e-12,erg cm-2 s-1,Integrated Flux,,7.25e+16,2.42e+18,Hz,xray,,slop,1.0
851162.209,s,1.3e-11,3.02e-12,3.02e-12,erg cm-2 s-1,Integrated Flux,,7.25e+16,2.42e+18,Hz,xray,,slop,1.0
851351.748,s,1.05e-11,2.54e-12,2.54e-12,erg cm-2 s-1,Integrated Flux,,7.25e+16,2.42e+18,Hz,xray,,slop,1.0
851568.087,s,1.38e-11,3.15e-12,3.15e-12,erg cm-2 s-1,Integrated Flux,,7.25e+16,2.42e+18,Hz,xray,,slop,1.0
851745.481,s,2.32e-11,5.18e-12,5.18e-12,erg cm-2 s-1,Integrated Flux,,7.25e+16,2.42e+18,Hz,xray,,slop,1.0
852100.787,s,1.23e-11,2.69e-12,2.69e-12,erg cm-2 s-1,Integrated Flux,,7.25e+16,2.42e+18,Hz,xray,,slop,1.0
89565.402,s,5.25e-10,1.15e-10,1.15e-10,erg cm-2 s-1,Integrated Flux,,7.25e+16,2.42e+18,Hz,xray,,slop,1.0
89594.892,s,4.01e-10,8.9e-11,8.9e-11,erg cm-2 s-1,Integrated Flux,,7.25e+16,2.42e+18,Hz,xray,,slop,1.0
89621.375,s,4.99e-10,1.14e-10,1.14e-10,erg cm-2 s-1,Integrated Flux,,7.25e+16,2.42e+18,Hz,xray,,slop,1.0
89650.531,s,4.71e-10,1.06e-10,1.06e-10,erg cm-2 s-1,Integrated Flux,,7.25e+16,2.42e+18,Hz,xray,,slop,1.0
89707.841,s,4.8e-10,1.06e-10,1.06e-10,erg cm-2 s-1,Integrated Flux,,7.25e+16,2.42e+18,Hz,xray,,slop,1.0
89748.877,s,9.68e-10,2.02e-10,2.02e-10,erg cm-2 s-1,Integrated Flux,,7.25e+16,2.42e+18,Hz,xray,,slop,1.0
89774.544,s,5.2e-10,1.03e-10,1.03e-10,erg cm-2 s-1,Integrated Flux,,7.25e+16,2.42e+18,Hz,xray,,slop,1.0
94517.322,s,4.34e-10,9.86e-11,9.86e-11,erg cm-2 s-1,Integrated Flux,,7.25e+16,2.42e+18,Hz,xray,,slop,1.0
94588.936,s,3.79e-10,9.37e-11,9.37e-11,erg cm-2 s-1,Integrated Flux,,7.25e+16,2.42e+18,Hz,xray,,slop,1.0
94659.769,s,6.32e-10,1.41e-10,1.41e-10,erg cm-2 s-1,Integrated Flux,,7.25e+16,2.42e+18,Hz,xray,,slop,1.0
94727.089,s,4.1e-10,9.96e-11,9.96e-11,erg cm-2 s-1,Integrated Flux,,7.25e+16,2.42e+18,Hz,xray,,slop,1.0
94782.753,s,6.71e-10,1.56e-10,1.56e-10,erg cm-2 s-1,Integrated Flux,,7.25e+16,2.42e+18,Hz,xray,,slop,1.0
94843.805,s,4.28e-10,9.83e-11,9.83e-11,erg cm-2 s-1,Integrated Flux,,7.25e+16,2.42e+18,Hz,xray,,slop,1.0
94977.821,s,4.44e-10,1.05e-10,1.05e-10,erg cm-2 s-1,Integrated Flux,,7.25e+16,2.42e+18,Hz,xray,,slop,1.0
95045.115,s,5.46e-10,1.14e-10,1.14e-10,erg cm-2 s-1,Integrated Flux,,7.25e+16,2.42e+18,Hz,xray,,slop,1.0
95195.458,s,6.07e-10,1.41e-10,1.41e-10,erg cm-2 s-1,Integrated Flux,,7.25e+16,2.42e+18,Hz,xray,,slop,1.0
95258.392,s,6.51e-10,1.48e-10,1.48e-10,erg cm-2 s-1,Integrated Flux,,7.25e+16,2.42e+18,Hz,xray,,slop,1.0
95312.799,s,4.86e-10,1.1e-10,1.1e-10,erg cm-2 s-1,Integrated Flux,,7.25e+16,2.42e+18,Hz,xray,,slop,1.0
95375.358,s,5.48e-10,1.3e-10,1.3e-10,erg cm-2 s-1,Integrated Flux,,7.25e+16,2.42e+18,Hz,xray,,slop,1.0
95432.148,s,5.36e-10,1.23e-10,1.23e-10,erg cm-2 s-1,Integrated Flux,,7.25e+16,2.42e+18,Hz,xray,,slop,1.0
95507.242,s,3.81e-10,8.64e-11,8.64e-11,erg cm-2 s-1,Integrated Flux,,7.25e+16,2.42e+18,Hz,xray,,slop,1.0
95631.982,s,5.31e-10,1.24e-10,1.24e-10,erg cm-2 s-1,Integrated Flux,,7.25e+16,2.42e+18,Hz,xray,,slop,1.0
95699.178,s,5.89e-10,1.35e-10,1.35e-10,erg cm-2 s-1,Integrated Flux,,7.25e+16,2.42e+18,Hz,xray,,slop,1.0
95751.707,s,5.81e-10,1.35e-10,1.35e-10,erg cm-2 s-1,Integrated Flux,,7.25e+16,2.42e+18,Hz,xray,,slop,1.0
95856.89,s,6.54e-10,1.48e-10,1.48e-10,erg cm-2 s-1,Integrated Flux,,7.25e+16,2.42e+18,Hz,xray,,slop,1.0
95920.073,s,4.21e-10,9.95e-11,9.95e-11,erg cm-2 s-1,Integrated Flux,,7.25e+16,2.42e+18,Hz,xray,,slop,1.0
96002.731,s,5.05e-10,1.13e-10,1.13e-10,erg cm-2 s-1,Integrated Flux,,7.25e+16,2.42e+18,Hz,xray,,slop,1.0
96098.042,s,5.45e-10,9.73e-11,9.73e-11,erg cm-2 s-1,Integrated Flux,,7.25e+16,2.42e+18,Hz,xray,,slop,1.0
100146.535,s,3.97e-10,9.33e-11,9.33e-11,erg cm-2 s-1,Integrated Flux,,7.25e+16,2.42e+18,Hz,xray,,slop,1.0
100456.572,s,5.81e-10,1.34e-10,1.34e-10,erg cm-2 s-1,Integrated Flux,,7.25e+16,2.42e+18,Hz,xray,,slop,1.0
100566.64,s,5.05e-10,1.2e-10,1.2e-10,erg cm-2 s-1,Integrated Flux,,7.25e+16,2.42e+18,Hz,xray,,slop,1.0
100850.717,s,4.58e-10,1.05e-10,1.05e-10,erg cm-2 s-1,Integrated Flux,,7.25e+16,2.42e+18,Hz,xray,,slop,1.0
100988.743,s,4.55e-10,1.07e-10,1.07e-10,erg cm-2 s-1,Integrated Flux,,7.25e+16,2.42e+18,Hz,xray,,slop,1.0
101129.659,s,5.15e-10,1.2e-10,1.2e-10,erg cm-2 s-1,Integrated Flux,,7.25e+16,2.42e+18,Hz,xray,,slop,1.0
105636.766,s,5.4e-10,1.29e-10,1.29e-10,erg cm-2 s-1,Integrated Flux,,7.25e+16,2.42e+18,Hz,xray,,slop,1.0
105679.39,s,3.83e-10,8.71e-11,8.71e-11,erg cm-2 s-1,Integrated Flux,,7.25e+16,2.42e+18,Hz,xray,,slop,1.0
105742.204,s,4.02e-10,8.91e-11,8.91e-11,erg cm-2 s-1,Integrated Flux,,7.25e+16,2.42e+18,Hz,xray,,slop,1.0
105796.105,s,3.59e-10,8.31e-11,8.31e-11,erg cm-2 s-1,Integrated Flux,,7.25e+16,2.42e+18,Hz,xray,,slop,1.0
105848.007,s,4.6e-10,1.08e-10,1.08e-10,erg cm-2 s-1,Integrated Flux,,7.25e+16,2.42e+18,Hz,xray,,slop,1.0
105888.375,s,5.38e-10,1.2e-10,1.2e-10,erg cm-2 s-1,Integrated Flux,,7.25e+16,2.42e+18,Hz,xray,,slop,1.0
105932.082,s,5.29e-10,1.18e-10,1.18e-10,erg cm-2 s-1,Integrated Flux,,7.25e+16,2.42e+18,Hz,xray,,slop,1.0
105978.666,s,5.73e-10,1.21e-10,1.21e-10,erg cm-2 s-1,Integrated Flux,,7.25e+16,2.42e+18,Hz,xray,,slop,1.0
106023.769,s,3.11e-10,7.44e-11,7.44e-11,erg cm-2 s-1,Integrated Flux,,7.25e+16,2.42e+18,Hz,xray,,slop,1.0
106097.861,s,3.46e-10,8e-11,8e-11,erg cm-2 s-1,Integrated Flux,,7.25e+16,2.42e+18,Hz,xray,,slop,1.0
106136.928,s,6.37e-10,1.41e-10,1.41e-10,erg cm-2 s-1,Integrated Flux,,7.25e+16,2.42e+18,Hz,xray,,slop,1.0
106188.5,s,2.82e-10,6.64e-11,6.64e-11,erg cm-2 s-1,Integrated Flux,,7.25e+16,2.42e+18,Hz,xray,,slop,1.0
106244.79,s,6.03e-10,1.37e-10,1.37e-10,erg cm-2 s-1,Integrated Flux,,7.25e+16,2.42e+18,Hz,xray,,slop,1.0
106293.249,s,4.46e-10,1.01e-10,1.01e-10,erg cm-2 s-1,Integrated Flux,,7.25e+16,2.42e+18,Hz,xray,,slop,1.0
106347.899,s,3.17e-10,7.02e-11,7.02e-11,erg cm-2 s-1,Integrated Flux,,7.25e+16,2.42e+18,Hz,xray,,slop,1.0
106418.296,s,3.8e-10,8.63e-11,8.63e-11,erg cm-2 s-1,Integrated Flux,,7.25e+16,2.42e+18,Hz,xray,,slop,1.0
106505.174,s,3.26e-10,7.28e-11,7.28e-11,erg cm-2 s-1,Integrated Flux,,7.25e+16,2.42e+18,Hz,xray,,slop,1.0
106626.529,s,4.1e-10,9.48e-11,9.48e-11,erg cm-2 s-1,Integrated Flux,,7.25e+16,2.42e+18,Hz,xray,,slop,1.0
106686.579,s,3.17e-10,7.34e-11,7.34e-11,erg cm-2 s-1,Integrated Flux,,7.25e+16,2.42e+18,Hz,xray,,slop,1.0
106738.606,s,4.06e-10,9.08e-11,9.08e-11,erg cm-2 s-1,Integrated Flux,,7.25e+16,2.42e+18,Hz,xray,,slop,1.0
106785.745,s,6.49e-10,1.48e-10,1.48e-10,erg cm-2 s-1,Integrated Flux,,7.25e+16,2.42e+18,Hz,xray,,slop,1.0
106839.65,s,2.7e-10,6.37e-11,6.37e-11,erg cm-2 s-1,Integrated Flux,,7.25e+16,2.42e+18,Hz,xray,,slop,1.0
106889.422,s,6.06e-10,1.36e-10,1.36e-10,erg cm-2 s-1,Integrated Flux,,7.25e+16,2.42e+18,Hz,xray,,slop,1.0
106927.157,s,5.63e-10,1.26e-10,1.26e-10,erg cm-2 s-1,Integrated Flux,,7.25e+16,2.42e+18,Hz,xray,,slop,1.0
106980.562,s,2.96e-10,7.08e-11,7.08e-11,erg cm-2 s-1,Integrated Flux,,7.25e+16,2.42e+18,Hz,xray,,slop,1.0
107072.297,s,3.29e-10,6.07e-11,6.07e-11,erg cm-2 s-1,Integrated Flux,,7.25e+16,2.42e+18,Hz,xray,,slop,1.0
111947.788,s,4.94e-10,1.1e-10,1.1e-10,erg cm-2 s-1,Integrated Flux,,7.25e+16,2.42e+18,Hz,xray,,slop,1.0
112020.749,s,3.46e-10,7.98e-11,7.98e-11,erg cm-2 s-1,Integrated Flux,,7.25e+16,2.42e+18,Hz,xray,,slop,1.0
112167.177,s,3.74e-10,8.49e-11,8.49e-11,erg cm-2 s-1,Integrated Flux,,7.25e+16,2.42e+18,Hz,xray,,slop,1.0
112243.899,s,2.56e-10,5.73e-11,5.73e-11,erg cm-2 s-1,Integrated Flux,,7.25e+16,2.42e+18,Hz,xray,,slop,1.0
112434.207,s,2.98e-10,7.22e-11,7.22e-11,erg cm-2 s-1,Integrated Flux,,7.25e+16,2.42e+18,Hz,xray,,slop,1.0
112507.544,s,2.94e-10,6.58e-11,6.58e-11,erg cm-2 s-1,Integrated Flux,,7.25e+16,2.42e+18,Hz,xray,,slop,1.0
112579.381,s,4.1e-10,9.17e-11,9.17e-11,erg cm-2 s-1,Integrated Flux,,7.25e+16,2.42e+18,Hz,xray,,slop,1.0
112740.35,s,3.65e-10,8.17e-11,8.17e-11,erg cm-2 s-1,Integrated Flux,,7.25e+16,2.42e+18,Hz,xray,,slop,1.0
112816.947,s,2.13e-10,5.25e-11,5.25e-11,erg cm-2 s-1,Integrated Flux,,7.25e+16,2.42e+18,Hz,xray,,slop,1.0
112922.132,s,3.07e-10,7.21e-11,7.21e-11,erg cm-2 s-1,Integrated Flux,,7.25e+16,2.42e+18,Hz,xray,,slop,1.0
112995.471,s,3.37e-10,7.65e-11,7.65e-11,erg cm-2 s-1,Integrated Flux,,7.25e+16,2.42e+18,Hz,xray,,slop,1.0
113099.952,s,3.67e-10,8.47e-11,8.47e-11,erg cm-2 s-1,Integrated Flux,,7.25e+16,2.42e+18,Hz,xray,,slop,1.0
113223.124,s,2.37e-10,5.31e-11,5.31e-11,erg cm-2 s-1,Integrated Flux,,7.25e+16,2.42e+18,Hz,xray,,slop,1.0
113351.635,s,3.71e-10,7.46e-11,7.46e-11,erg cm-2 s-1,Integrated Flux,,7.25e+16,2.42e+18,Hz,xray,,slop,1.0
117076.366,s,2.59e-10,5.89e-11,5.89e-11,erg cm-2 s-1,Integrated Flux,,7.25e+16,2.42e+18,Hz,xray,,slop,1.0
117139.276,s,3.28e-10,7.17e-11,7.17e-11,erg cm-2 s-1,Integrated Flux,,7.25e+16,2.42e+18,Hz,xray,,slop,1.0
117208.0,s,2.42e-10,5.61e-11,5.61e-11,erg cm-2 s-1,Integrated Flux,,7.25e+16,2.42e+18,Hz,xray,,slop,1.0
117283.028,s,2.63e-10,5.94e-11,5.94e-11,erg cm-2 s-1,Integrated Flux,,7.25e+16,2.42e+18,Hz,xray,,slop,1.0
117348.034,s,3.01e-10,6.72e-11,6.72e-11,erg cm-2 s-1,Integrated Flux,,7.25e+16,2.42e+18,Hz,xray,,slop,1.0
117398.934,s,5.6e-10,1.3e-10,1.3e-10,erg cm-2 s-1,Integrated Flux,,7.25e+16,2.42e+18,Hz,xray,,slop,1.0
117508.879,s,3.6e-10,8.05e-11,8.05e-11,erg cm-2 s-1,Integrated Flux,,7.25e+16,2.42e+18,Hz,xray,,slop,1.0
117567.802,s,3.59e-10,8.03e-11,8.03e-11,erg cm-2 s-1,Integrated Flux,,7.25e+16,2.42e+18,Hz,xray,,slop,1.0
117613.56,s,3.75e-10,8.54e-11,8.54e-11,erg cm-2 s-1,Integrated Flux,,7.25e+16,2.42e+18,Hz,xray,,slop,1.0
117654.949,s,4.62e-10,1.03e-10,1.03e-10,erg cm-2 s-1,Integrated Flux,,7.25e+16,2.42e+18,Hz,xray,,slop,1.0
117706.581,s,3.05e-10,7.08e-11,7.08e-11,erg cm-2 s-1,Integrated Flux,,7.25e+16,2.42e+18,Hz,xray,,slop,1.0
117777.538,s,2.54e-10,5.9e-11,5.9e-11,erg cm-2 s-1,Integrated Flux,,7.25e+16,2.42e+18,Hz,xray,,slop,1.0
117846.365,s,3.28e-10,7.46e-11,7.46e-11,erg cm-2 s-1,Integrated Flux,,7.25e+16,2.42e+18,Hz,xray,,slop,1.0
117888.864,s,5.88e-10,1.32e-10,1.32e-10,erg cm-2 s-1,Integrated Flux,,7.25e+16,2.42e+18,Hz,xray,,slop,1.0
117937.439,s,2.96e-10,6.46e-11,6.46e-11,erg cm-2 s-1,Integrated Flux,,7.25e+16,2.42e+18,Hz,xray,,slop,1.0
117992.541,s,3.22e-10,7.48e-11,7.48e-11,erg cm-2 s-1,Integrated Flux,,7.25e+16,2.42e+18,Hz,xray,,slop,1.0
118049.553,s,4.34e-10,9.8e-11,9.8e-11,erg cm-2 s-1,Integrated Flux,,7.25e+16,2.42e+18,Hz,xray,,slop,1.0
118111.639,s,2.81e-10,6.28e-11,6.28e-11,erg cm-2 s-1,Integrated Flux,,7.25e+16,2.42e+18,Hz,xray,,slop,1.0
118175.7,s,2.36e-10,5.37e-11,5.37e-11,erg cm-2 s-1,Integrated Flux,,7.25e+16,2.42e+18,Hz,xray,,slop,1.0
118243.901,s,3.46e-10,7.73e-11,7.73e-11,erg cm-2 s-1,Integrated Flux,,7.25e+16,2.42e+18,Hz,xray,,slop,1.0
118318.791,s,2.72e-10,6.04e-11,6.04e-11,erg cm-2 s-1,Integrated Flux,,7.25e+16,2.42e+18,Hz,xray,,slop,1.0
118388.638,s,2.28e-10,5.16e-11,5.16e-11,erg cm-2 s-1,Integrated Flux,,7.25e+16,2.42e+18,Hz,xray,,slop,1.0
118475.2,s,4.28e-10,7.13e-11,7.13e-11,erg cm-2 s-1,Integrated Flux,,7.25e+16,2.42e+18,Hz,xray,,slop,1.0
124777.347,s,3.85e-10,8.39e-11,8.39e-11,erg cm-2 s-1,Integrated Flux,,7.25e+16,2.42e+18,Hz,xray,,slop,1.0
124813.084,s,3.55e-10,7.86e-11,7.86e-11,erg cm-2 s-1,Integrated Flux,,7.25e+16,2.42e+18,Hz,xray,,slop,1.0
124846.477,s,3.13e-10,6.99e-11,6.99e-11,erg cm-2 s-1,Integrated Flux,,7.25e+16,2.42e+18,Hz,xray,,slop,1.0
124890.355,s,2.78e-10,6.33e-11,6.33e-11,erg cm-2 s-1,Integrated Flux,,7.25e+16,2.42e+18,Hz,xray,,slop,1.0
124934.359,s,3.32e-10,7.58e-11,7.58e-11,erg cm-2 s-1,Integrated Flux,,7.25e+16,2.42e+18,Hz,xray,,slop,1.0
124982.469,s,2.77e-10,6.03e-11,6.03e-11,erg cm-2 s-1,Integrated Flux,,7.25e+16,2.42e+18,Hz,xray,,slop,1.0
125014.342,s,4.51e-10,1.01e-10,1.01e-10,erg cm-2 s-1,Integrated Flux,,7.25e+16,2.42e+18,Hz,xray,,slop,1.0
125090.941,s,3.28e-10,7.48e-11,7.48e-11,erg cm-2 s-1,Integrated Flux,,7.25e+16,2.42e+18,Hz,xray,,slop,1.0
125137.473,s,3.26e-10,5.65e-11,5.65e-11,erg cm-2 s-1,Integrated Flux,,7.25e+16,2.42e+18,Hz,xray,,slop,1.0
129117.917,s,3.25e-10,7.26e-11,7.26e-11,erg cm-2 s-1,Integrated Flux,,7.25e+16,2.42e+18,Hz,xray,,slop,1.0
129159.161,s,2.6e-10,6.04e-11,6.04e-11,erg cm-2 s-1,Integrated Flux,,7.25e+16,2.42e+18,Hz,xray,,slop,1.0
129203.587,s,3.6e-10,7.67e-11,7.67e-11,erg cm-2 s-1,Integrated Flux,,7.25e+16,2.42e+18,Hz,xray,,slop,1.0
129243.533,s,3.29e-10,7.35e-11,7.35e-11,erg cm-2 s-1,Integrated Flux,,7.25e+16,2.42e+18,Hz,xray,,slop,1.0
129296.358,s,2.29e-10,5.25e-11,5.25e-11,erg cm-2 s-1,Integrated Flux,,7.25e+16,2.42e+18,Hz,xray,,slop,1.0
129337.307,s,2.68e-10,6.12e-11,6.12e-11,erg cm-2 s-1,Integrated Flux,,7.25e+16,2.42e+18,Hz,xray,,slop,1.0
129382.176,s,3.14e-10,6.81e-11,6.81e-11,erg cm-2 s-1,Integrated Flux,,7.25e+16,2.42e+18,Hz,xray,,slop,1.0
129430.271,s,2.66e-10,5.77e-11,5.77e-11,erg cm-2 s-1,Integrated Flux,,7.25e+16,2.42e+18,Hz,xray,,slop,1.0
129472.896,s,3.82e-10,8.29e-11,8.29e-11,erg cm-2 s-1,Integrated Flux,,7.25e+16,2.42e+18,Hz,xray,,slop,1.0
129509.309,s,2.81e-10,6.54e-11,6.54e-11,erg cm-2 s-1,Integrated Flux,,7.25e+16,2.42e+18,Hz,xray,,slop,1.0
129553.94,s,2.69e-10,6.12e-11,6.12e-11,erg cm-2 s-1,Integrated Flux,,7.25e+16,2.42e+18,Hz,xray,,slop,1.0
129599.572,s,2.07e-10,4.81e-11,4.81e-11,erg cm-2 s-1,Integrated Flux,,7.25e+16,2.42e+18,Hz,xray,,slop,1.0
129695.592,s,3.13e-10,6.8e-11,6.8e-11,erg cm-2 s-1,Integrated Flux,,7.25e+16,2.42e+18,Hz,xray,,slop,1.0
129742.58,s,2.25e-10,5.09e-11,5.09e-11,erg cm-2 s-1,Integrated Flux,,7.25e+16,2.42e+18,Hz,xray,,slop,1.0
129799.783,s,2.84e-10,6.49e-11,6.49e-11,erg cm-2 s-1,Integrated Flux,,7.25e+16,2.42e+18,Hz,xray,,slop,1.0
129888.791,s,2.67e-10,4.45e-11,4.45e-11,erg cm-2 s-1,Integrated Flux,,7.25e+16,2.42e+18,Hz,xray,,slop,1.0
134251.333,s,1.85e-10,4.3e-11,4.3e-11,erg cm-2 s-1,Integrated Flux,,7.25e+16,2.42e+18,Hz,xray,,slop,1.0
134303.486,s,1.87e-10,4.34e-11,4.34e-11,erg cm-2 s-1,Integrated Flux,,7.25e+16,2.42e+18,Hz,xray,,slop,1.0
134337.962,s,3.48e-10,7.79e-11,7.79e-11,erg cm-2 s-1,Integrated Flux,,7.25e+16,2.42e+18,Hz,xray,,slop,1.0
134399.243,s,3.38e-10,7.33e-11,7.33e-11,erg cm-2 s-1,Integrated Flux,,7.25e+16,2.42e+18,Hz,xray,,slop,1.0
134437.764,s,1.83e-10,4.03e-11,4.03e-11,erg cm-2 s-1,Integrated Flux,,7.25e+16,2.42e+18,Hz,xray,,slop,1.0
134489.779,s,1.57e-10,3.51e-11,3.51e-11,erg cm-2 s-1,Integrated Flux,,7.25e+16,2.42e+18,Hz,xray,,slop,1.0
134549.573,s,1.56e-10,3.47e-11,3.47e-11,erg cm-2 s-1,Integrated Flux,,7.25e+16,2.42e+18,Hz,xray,,slop,1.0
134593.207,s,2.65e-10,5.92e-11,5.92e-11,erg cm-2 s-1,Integrated Flux,,7.25e+16,2.42e+18,Hz,xray,,slop,1.0
134625.987,s,2.4e-10,5.34e-11,5.34e-11,erg cm-2 s-1,Integrated Flux,,7.25e+16,2.42e+18,Hz,xray,,slop,1.0
134662.283,s,3.04e-10,6.64e-11,6.64e-11,erg cm-2 s-1,Integrated Flux,,7.25e+16,2.42e+18,Hz,xray,,slop,1.0
134744.113,s,2.14e-10,4.73e-11,4.73e-11,erg cm-2 s-1,Integrated Flux,,7.25e+16,2.42e+18,Hz,xray,,slop,1.0
134791.786,s,1.56e-10,3.49e-11,3.49e-11,erg cm-2 s-1,Integrated Flux,,7.25e+16,2.42e+18,Hz,xray,,slop,1.0
134836.918,s,2.01e-10,4.49e-11,4.49e-11,erg cm-2 s-1,Integrated Flux,,7.25e+16,2.42e+18,Hz,xray,,slop,1.0
134874.904,s,2.28e-10,5.11e-11,5.11e-11,erg cm-2 s-1,Integrated Flux,,7.25e+16,2.42e+18,Hz,xray,,slop,1.0
134931.471,s,2.09e-10,3.56e-11,3.56e-11,erg cm-2 s-1,Integrated Flux,,7.25e+16,2.42e+18,Hz,xray,,slop,1.0
142063.79,s,5.28e-10,1.2e-10,1.2e-10,erg cm-2 s-1,Integrated Flux,,7.25e+16,2.42e+18,Hz,xray,,slop,1.0
142093.573,s,3.52e-10,7.82e-11,7.82e-11,erg cm-2 s-1,Integrated Flux,,7.25e+16,2.42e+18,Hz,xray,,slop,1.0
142133.368,s,2.85e-10,6.48e-11,6.48e-11,erg cm-2 s-1,Integrated Flux,,7.25e+16,2.42e+18,Hz,xray,,slop,1.0
142175.992,s,3.2e-10,7.42e-11,7.42e-11,erg cm-2 s-1,Integrated Flux,,7.25e+16,2.42e+18,Hz,xray,,slop,1.0
142224.909,s,2.77e-10,6.05e-11,6.05e-11,erg cm-2 s-1,Integrated Flux,,7.25e+16,2.42e+18,Hz,xray,,slop,1.0
142277.443,s,2.42e-10,5.56e-11,5.56e-11,erg cm-2 s-1,Integrated Flux,,7.25e+16,2.42e+18,Hz,xray,,slop,1.0
142356.633,s,1.64e-10,3.3e-11,3.3e-11,erg cm-2 s-1,Integrated Flux,,7.25e+16,2.42e+18,Hz,xray,,slop,1.0
145898.521,s,2.28e-10,5.35e-11,5.35e-11,erg cm-2 s-1,Integrated Flux,,7.25e+16,2.42e+18,Hz,xray,,slop,1.0
146049.089,s,4.51e-10,1.02e-10,1.02e-10,erg cm-2 s-1,Integrated Flux,,7.25e+16,2.42e+18,Hz,xray,,slop,1.0
146206.039,s,2.86e-10,6.33e-11,6.33e-11,erg cm-2 s-1,Integrated Flux,,7.25e+16,2.42e+18,Hz,xray,,slop,1.0
146296.304,s,3.61e-10,7.88e-11,7.88e-11,erg cm-2 s-1,Integrated Flux,,7.25e+16,2.42e+18,Hz,xray,,slop,1.0
146492.755,s,1.79e-10,4.22e-11,4.22e-11,erg cm-2 s-1,Integrated Flux,,7.25e+16,2.42e+18,Hz,xray,,slop,1.0
146674.914,s,2.2e-10,5.45e-11,5.45e-11,erg cm-2 s-1,Integrated Flux,,7.25e+16,2.42e+18,Hz,xray,,slop,1.0
146797.02,s,2.11e-10,5.06e-11,5.06e-11,erg cm-2 s-1,Integrated Flux,,7.25e+16,2.42e+18,Hz,xray,,slop,1.0
146890.776,s,2.39e-10,5.57e-11,5.57e-11,erg cm-2 s-1,Integrated Flux,,7.25e+16,2.42e+18,Hz,xray,,slop,1.0
146987.83,s,3.13e-10,7.12e-11,7.12e-11,erg cm-2 s-1,Integrated Flux,,7.25e+16,2.42e+18,Hz,xray,,slop,1.0
147183.652,s,2.85e-10,6.37e-11,6.37e-11,erg cm-2 s-1,Integrated Flux,,7.25e+16,2.42e+18,Hz,xray,,slop,1.0
147283.613,s,2.32e-10,5.18e-11,5.18e-11,erg cm-2 s-1,Integrated Flux,,7.25e+16,2.42e+18,Hz,xray,,slop,1.0
152296.619,s,2.08e-10,4.83e-11,4.83e-11,erg cm-2 s-1,Integrated Flux,,7.25e+16,2.42e+18,Hz,xray,,slop,1.0
152361.81,s,2.23e-10,5.27e-11,5.27e-11,erg cm-2 s-1,Integrated Flux,,7.25e+16,2.42e+18,Hz,xray,,slop,1.0
152417.723,s,2.68e-10,6.59e-11,6.59e-11,erg cm-2 s-1,Integrated Flux,,7.25e+16,2.42e+18,Hz,xray,,slop,1.0
152549.942,s,2.49e-10,5.23e-11,5.23e-11,erg cm-2 s-1,Integrated Flux,,7.25e+16,2.42e+18,Hz,xray,,slop,1.0
152595.242,s,3.62e-10,8.25e-11,8.25e-11,erg cm-2 s-1,Integrated Flux,,7.25e+16,2.42e+18,Hz,xray,,slop,1.0
152634.857,s,2.91e-10,6.5e-11,6.5e-11,erg cm-2 s-1,Integrated Flux,,7.25e+16,2.42e+18,Hz,xray,,slop,1.0
152686.006,s,1.99e-10,4.62e-11,4.62e-11,erg cm-2 s-1,Integrated Flux,,7.25e+16,2.42e+18,Hz,xray,,slop,1.0
152775.141,s,1.59e-10,3.68e-11,3.68e-11,erg cm-2 s-1,Integrated Flux,,7.25e+16,2.42e+18,Hz,xray,,slop,1.0
152931.724,s,2.25e-10,5.23e-11,5.23e-11,erg cm-2 s-1,Integrated Flux,,7.25e+16,2.42e+18,Hz,xray,,slop,1.0
153069.705,s,2.55e-10,5.76e-11,5.76e-11,erg cm-2 s-1,Integrated Flux,,7.25e+16,2.42e+18,Hz,xray,,slop,1.0
153163.55,s,2.16e-10,4.96e-11,4.96e-11,erg cm-2 s-1,Integrated Flux,,7.25e+16,2.42e+18,Hz,xray,,slop,1.0
153235.11,s,1.72e-10,3.91e-11,3.91e-11,erg cm-2 s-1,Integrated Flux,,7.25e+16,2.42e+18,Hz,xray,,slop,1.0
153296.165,s,5.04e-10,1.13e-10,1.13e-10,erg cm-2 s-1,Integrated Flux,,7.25e+16,2.42e+18,Hz,xray,,slop,1.0
153336.031,s,2.64e-10,5.91e-11,5.91e-11,erg cm-2 s-1,Integrated Flux,,7.25e+16,2.42e+18,Hz,xray,,slop,1.0
153427.533,s,1.23e-10,2.88e-11,2.88e-11,erg cm-2 s-1,Integrated Flux,,7.25e+16,2.42e+18,Hz,xray,,slop,1.0
153635.733,s,3.13e-10,6.75e-11,6.75e-11,erg cm-2 s-1,Integrated Flux,,7.25e+16,2.42e+18,Hz,xray,,slop,1.0
153705.145,s,1.9e-10,3.86e-11,3.86e-11,erg cm-2 s-1,Integrated Flux,,7.25e+16,2.42e+18,Hz,xray,,slop,1.0
158321.245,s,2.39e-10,5.55e-11,5.55e-11,erg cm-2 s-1,Integrated Flux,,7.25e+16,2.42e+18,Hz,xray,,slop,1.0
158386.31,s,2.9e-10,6.73e-11,6.73e-11,erg cm-2 s-1,Integrated Flux,,7.25e+16,2.42e+18,Hz,xray,,slop,1.0
158501.737,s,3.3e-10,7.21e-11,7.21e-11,erg cm-2 s-1,Integrated Flux,,7.25e+16,2.42e+18,Hz,xray,,slop,1.0
158595.581,s,1.96e-10,4.43e-11,4.43e-11,erg cm-2 s-1,Integrated Flux,,7.25e+16,2.42e+18,Hz,xray,,slop,1.0
158649.83,s,2.87e-10,6.41e-11,6.41e-11,erg cm-2 s-1,Integrated Flux,,7.25e+16,2.42e+18,Hz,xray,,slop,1.0
158712.352,s,3.04e-10,7.27e-11,7.27e-11,erg cm-2 s-1,Integrated Flux,,7.25e+16,2.42e+18,Hz,xray,,slop,1.0
158787.482,s,2.23e-10,5.39e-11,5.39e-11,erg cm-2 s-1,Integrated Flux,,7.25e+16,2.42e+18,Hz,xray,,slop,1.0
158841.891,s,3.23e-10,7.36e-11,7.36e-11,erg cm-2 s-1,Integrated Flux,,7.25e+16,2.42e+18,Hz,xray,,slop,1.0
158902.192,s,2.41e-10,5.48e-11,5.48e-11,erg cm-2 s-1,Integrated Flux,,7.25e+16,2.42e+18,Hz,xray,,slop,1.0
158959.622,s,3.77e-10,8.22e-11,8.22e-11,erg cm-2 s-1,Integrated Flux,,7.25e+16,2.42e+18,Hz,xray,,slop,1.0
159011.762,s,2.66e-10,6.17e-11,6.17e-11,erg cm-2 s-1,Integrated Flux,,7.25e+16,2.42e+18,Hz,xray,,slop,1.0
159075.323,s,3.25e-10,7.26e-11,7.26e-11,erg cm-2 s-1,Integrated Flux,,7.25e+16,2.42e+18,Hz,xray,,slop,1.0
159139.134,s,2.36e-10,5.29e-11,5.29e-11,erg cm-2 s-1,Integrated Flux,,7.25e+16,2.42e+18,Hz,xray,,slop,1.0
159312.762,s,1.32e-10,3e-11,3e-11,erg cm-2 s-1,Integrated Flux,,7.25e+16,2.42e+18,Hz,xray,,slop,1.0
159447.768,s,2e-10,3.5e-11,3.5e-11,erg cm-2 s-1,Integrated Flux,,7.25e+16,2.42e+18,Hz,xray,,slop,1.0
163873.269,s,1.47e-10,3.36e-11,3.36e-11,erg cm-2 s-1,Integrated Flux,,7.25e+16,2.42e+18,Hz,xray,,slop,1.0
163939.212,s,2.16e-10,5e-11,5e-11,erg cm-2 s-1,Integrated Flux,,7.25e+16,2.42e+18,Hz,xray,,slop,1.0
163990.988,s,2.24e-10,5e-11,5e-11,erg cm-2 s-1,Integrated Flux,,7.25e+16,2.42e+18,Hz,xray,,slop,1.0
164049.283,s,1.76e-10,3.93e-11,3.93e-11,erg cm-2 s-1,Integrated Flux,,7.25e+16,2.42e+18,Hz,xray,,slop,1.0
164125.506,s,1.59e-10,3.55e-11,3.55e-11,erg cm-2 s-1,Integrated Flux,,7.25e+16,2.42e+18,Hz,xray,,slop,1.0
164186.184,s,2.85e-10,6.49e-11,6.49e-11,erg cm-2 s-1,Integrated Flux,,7.25e+16,2.42e+18,Hz,xray,,slop,1.0
164376.883,s,1.64e-10,3.64e-11,3.64e-11,erg cm-2 s-1,Integrated Flux,,7.25e+16,2.42e+18,Hz,xray,,slop,1.0
164518.529,s,1.9e-10,4.24e-11,4.24e-11,erg cm-2 s-1,Integrated Flux,,7.25e+16,2.42e+18,Hz,xray,,slop,1.0
164578.455,s,2.6e-10,6.15e-11,6.15e-11,erg cm-2 s-1,Integrated Flux,,7.25e+16,2.42e+18,Hz,xray,,slop,1.0
164622.333,s,2.13e-10,5.02e-11,5.02e-11,erg cm-2 s-1,Integrated Flux,,7.25e+16,2.42e+18,Hz,xray,,slop,1.0
164733.658,s,1.74e-10,4.1e-11,4.1e-11,erg cm-2 s-1,Integrated Flux,,7.25e+16,2.42e+18,Hz,xray,,slop,1.0
164860.277,s,1.46e-10,3.44e-11,3.44e-11,erg cm-2 s-1,Integrated Flux,,7.25e+16,2.42e+18,Hz,xray,,slop,1.0
165000.062,s,2.21e-10,4.94e-11,4.94e-11,erg cm-2 s-1,Integrated Flux,,7.25e+16,2.42e+18,Hz,xray,,slop,1.0
165044.943,s,2.53e-10,5.77e-11,5.77e-11,erg cm-2 s-1,Integrated Flux,,7.25e+16,2.42e+18,Hz,xray,,slop,1.0
165102.862,s,1.67e-10,3.88e-11,3.88e-11,erg cm-2 s-1,Integrated Flux,,7.25e+16,2.42e+18,Hz,xray,,slop,1.0
165202.964,s,1.79e-10,2.97e-11,2.97e-11,erg cm-2 s-1,Integrated Flux,,7.25e+16,2.42e+18,Hz,xray,,slop,1.0
168684.093,s,1.91e-10,4.44e-11,4.44e-11,erg cm-2 s-1,Integrated Flux,,7.25e+16,2.42e+18,Hz,xray,,slop,1.0
168746.401,s,3.25e-10,7.41e-11,7.41e-11,erg cm-2 s-1,Integrated Flux,,7.25e+16,2.42e+18,Hz,xray,,slop,1.0
168816.731,s,2.27e-10,5.08e-11,5.08e-11,erg cm-2 s-1,Integrated Flux,,7.25e+16,2.42e+18,Hz,xray,,slop,1.0
168879.414,s,2.3e-10,5.23e-11,5.23e-11,erg cm-2 s-1,Integrated Flux,,7.25e+16,2.42e+18,Hz,xray,,slop,1.0
168938.587,s,3.94e-10,8.8e-11,8.8e-11,erg cm-2 s-1,Integrated Flux,,7.25e+16,2.42e+18,Hz,xray,,slop,1.0
168996.004,s,2.29e-10,5.33e-11,5.33e-11,erg cm-2 s-1,Integrated Flux,,7.25e+16,2.42e+18,Hz,xray,,slop,1.0
169066.21,s,2.68e-10,6.23e-11,6.23e-11,erg cm-2 s-1,Integrated Flux,,7.25e+16,2.42e+18,Hz,xray,,slop,1.0
169137.12,s,2.01e-10,4.35e-11,4.35e-11,erg cm-2 s-1,Integrated Flux,,7.25e+16,2.42e+18,Hz,xray,,slop,1.0
169303.878,s,1.76e-10,3.97e-11,3.97e-11,erg cm-2 s-1,Integrated Flux,,7.25e+16,2.42e+18,Hz,xray,,slop,1.0
169438.678,s,2.61e-10,5.81e-11,5.81e-11,erg cm-2 s-1,Integrated Flux,,7.25e+16,2.42e+18,Hz,xray,,slop,1.0
169513.515,s,1.94e-10,4.42e-11,4.42e-11,erg cm-2 s-1,Integrated Flux,,7.25e+16,2.42e+18,Hz,xray,,slop,1.0
169580.712,s,2.25e-10,5.23e-11,5.23e-11,erg cm-2 s-1,Integrated Flux,,7.25e+16,2.42e+18,Hz,xray,,slop,1.0
169640.262,s,3.57e-10,8.13e-11,8.13e-11,erg cm-2 s-1,Integrated Flux,,7.25e+16,2.42e+18,Hz,xray,,slop,1.0
169711.217,s,1.77e-10,4.11e-11,4.11e-11,erg cm-2 s-1,Integrated Flux,,7.25e+16,2.42e+18,Hz,xray,,slop,1.0
169781.705,s,3.5e-10,7.93e-11,7.93e-11,erg cm-2 s-1,Integrated Flux,,7.25e+16,2.42e+18,Hz,xray,,slop,1.0
169836.268,s,2.65e-10,5.77e-11,5.77e-11,erg cm-2 s-1,Integrated Flux,,7.25e+16,2.42e+18,Hz,xray,,slop,1.0
169916.328,s,1.99e-10,4.31e-11,4.31e-11,erg cm-2 s-1,Integrated Flux,,7.25e+16,2.42e+18,Hz,xray,,slop,1.0
169994.826,s,2.25e-10,5.01e-11,5.01e-11,erg cm-2 s-1,Integrated Flux,,7.25e+16,2.42e+18,Hz,xray,,slop,1.0
170079.598,s,2.19e-10,4.49e-11,4.49e-11,erg cm-2 s-1,Integrated Flux,,7.25e+16,2.42e+18,Hz,xray,,slop,1.0
174503.921,s,1.7e-10,3.96e-11,3.96e-11,erg cm-2 s-1,Integrated Flux,,7.25e+16,2.42e+18,Hz,xray,,slop,1.0
174539.65,s,1.29e-10,3.07e-11,3.07e-11,erg cm-2 s-1,Integrated Flux,,7.25e+16,2.42e+18,Hz,xray,,slop,1.0
174660.527,s,1.37e-10,3.11e-11,3.11e-11,erg cm-2 s-1,Integrated Flux,,7.25e+16,2.42e+18,Hz,xray,,slop,1.0
174694.958,s,2.33e-10,4.83e-11,4.83e-11,erg cm-2 s-1,Integrated Flux,,7.25e+16,2.42e+18,Hz,xray,,slop,1.0
174716.166,s,2.41e-10,5.38e-11,5.38e-11,erg cm-2 s-1,Integrated Flux,,7.25e+16,2.42e+18,Hz,xray,,slop,1.0
174756.411,s,1.71e-10,2.83e-11,2.83e-11,erg cm-2 s-1,Integrated Flux,,7.25e+16,2.42e+18,Hz,xray,,slop,1.0
215929.359,s,1.21e-10,2.68e-11,2.68e-11,erg cm-2 s-1,Integrated Flux,,7.25e+16,2.42e+18,Hz,xray,,slop,1.0
215995.718,s,1.41e-10,2.44e-11,2.44e-11,erg cm-2 s-1,Integrated Flux,,7.25e+16,2.42e+18,Hz,xray,,slop,1.0
221382.544,s,1.11e-10,2.88e-11,2.88e-11,erg cm-2 s-1,Integrated Flux,,7.25e+16,2.42e+18,Hz,xray,,slop,1.0
221469.698,s,1.11e-10,2.51e-11,2.51e-11,erg cm-2 s-1,Integrated Flux,,7.25e+16,2.42e+18,Hz,xray,,slop,1.0
221545.646,s,1.65e-10,3.69e-11,3.69e-11,erg cm-2 s-1,Integrated Flux,,7.25e+16,2.42e+18,Hz,xray,,slop,1.0
221618.234,s,1.66e-10,3.87e-11,3.87e-11,erg cm-2 s-1,Integrated Flux,,7.25e+16,2.42e+18,Hz,xray,,slop,1.0
221680.916,s,1.24e-10,2.82e-11,2.82e-11,erg cm-2 s-1,Integrated Flux,,7.25e+16,2.42e+18,Hz,xray,,slop,1.0
221773.8,s,1.09e-10,2.53e-11,2.53e-11,erg cm-2 s-1,Integrated Flux,,7.25e+16,2.42e+18,Hz,xray,,slop,1.0
221855.551,s,1.05e-10,2.6e-11,2.6e-11,erg cm-2 s-1,Integrated Flux,,7.25e+16,2.42e+18,Hz,xray,,slop,1.0
221947.32,s,1.31e-10,2.99e-11,2.99e-11,erg cm-2 s-1,Integrated Flux,,7.25e+16,2.42e+18,Hz,xray,,slop,1.0
222028.114,s,1.22e-10,2.93e-11,2.93e-11,erg cm-2 s-1,Integrated Flux,,7.25e+16,2.42e+18,Hz,xray,,slop,1.0
222118.139,s,1.15e-10,2.76e-11,2.76e-11,erg cm-2 s-1,Integrated Flux,,7.25e+16,2.42e+18,Hz,xray,,slop,1.0
222198.494,s,1.31e-10,2.92e-11,2.92e-11,erg cm-2 s-1,Integrated Flux,,7.25e+16,2.42e+18,Hz,xray,,slop,1.0
222275.266,s,1.45e-10,3.34e-11,3.34e-11,erg cm-2 s-1,Integrated Flux,,7.25e+16,2.42e+18,Hz,xray,,slop,1.0
227069.836,s,1.62e-10,3.62e-11,3.62e-11,erg cm-2 s-1,Integrated Flux,,7.25e+16,2.42e+18,Hz,xray,,slop,1.0
227128.256,s,1.17e-10,2.61e-11,2.61e-11,erg cm-2 s-1,Integrated Flux,,7.25e+16,2.42e+18,Hz,xray,,slop,1.0
227193.918,s,1.75e-10,3.9e-11,3.9e-11,erg cm-2 s-1,Integrated Flux,,7.25e+16,2.42e+18,Hz,xray,,slop,1.0
227283.585,s,1.62e-10,3.63e-11,3.63e-11,erg cm-2 s-1,Integrated Flux,,7.25e+16,2.42e+18,Hz,xray,,slop,1.0
227338.996,s,1.17e-10,2.73e-11,2.73e-11,erg cm-2 s-1,Integrated Flux,,7.25e+16,2.42e+18,Hz,xray,,slop,1.0
227402.432,s,1.29e-10,2.94e-11,2.94e-11,erg cm-2 s-1,Integrated Flux,,7.25e+16,2.42e+18,Hz,xray,,slop,1.0
227461.103,s,1.48e-10,3.32e-11,3.32e-11,erg cm-2 s-1,Integrated Flux,,7.25e+16,2.42e+18,Hz,xray,,slop,1.0
227517.96,s,1.77e-10,3.95e-11,3.95e-11,erg cm-2 s-1,Integrated Flux,,7.25e+16,2.42e+18,Hz,xray,,slop,1.0
227567.151,s,1.4e-10,3.12e-11,3.12e-11,erg cm-2 s-1,Integrated Flux,,7.25e+16,2.42e+18,Hz,xray,,slop,1.0
227613.173,s,1.84e-10,4.29e-11,4.29e-11,erg cm-2 s-1,Integrated Flux,,7.25e+16,2.42e+18,Hz,xray,,slop,1.0
227664.34,s,2.01e-10,4.48e-11,4.48e-11,erg cm-2 s-1,Integrated Flux,,7.25e+16,2.42e+18,Hz,xray,,slop,1.0
227708.039,s,1.79e-10,3.98e-11,3.98e-11,erg cm-2 s-1,Integrated Flux,,7.25e+16,2.42e+18,Hz,xray,,slop,1.0
227758.598,s,1.61e-10,3.67e-11,3.67e-11,erg cm-2 s-1,Integrated Flux,,7.25e+16,2.42e+18,Hz,xray,,slop,1.0
227831.433,s,7.21e-11,1.72e-11,1.72e-11,erg cm-2 s-1,Integrated Flux,,7.25e+16,2.42e+18,Hz,xray,,slop,1.0
227918.439,s,1.3e-10,3.04e-11,3.04e-11,erg cm-2 s-1,Integrated Flux,,7.25e+16,2.42e+18,Hz,xray,,slop,1.0
243569.994,s,1.18e-10,2.64e-11,2.64e-11,erg cm-2 s-1,Integrated Flux,,7.25e+16,2.42e+18,Hz,xray,,slop,1.0
243609.317,s,1.14e-10,2.49e-11,2.49e-11,erg cm-2 s-1,Integrated Flux,,7.25e+16,2.42e+18,Hz,xray,,slop,1.0
243660.508,s,8.74e-11,2.1e-11,2.1e-11,erg cm-2 s-1,Integrated Flux,,7.25e+16,2.42e+18,Hz,xray,,slop,1.0
243754.742,s,1.41e-10,3.08e-11,3.08e-11,erg cm-2 s-1,Integrated Flux,,7.25e+16,2.42e+18,Hz,xray,,slop,1.0
243850.855,s,1.44e-10,3.14e-11,3.14e-11,erg cm-2 s-1,Integrated Flux,,7.25e+16,2.42e+18,Hz,xray,,slop,1.0
243957.625,s,1.13e-10,2.08e-11,2.08e-11,erg cm-2 s-1,Integrated Flux,,7.25e+16,2.42e+18,Hz,xray,,slop,1.0
249007.638,s,9.55e-11,2.23e-11,2.23e-11,erg cm-2 s-1,Integrated Flux,,7.25e+16,2.42e+18,Hz,xray,,slop,1.0
249055.688,s,9.29e-11,2.11e-11,2.11e-11,erg cm-2 s-1,Integrated Flux,,7.25e+16,2.42e+18,Hz,xray,,slop,1.0
249108.261,s,1.06e-10,2.31e-11,2.31e-11,erg cm-2 s-1,Integrated Flux,,7.25e+16,2.42e+18,Hz,xray,,slop,1.0
249149.427,s,1.53e-10,3.43e-11,3.43e-11,erg cm-2 s-1,Integrated Flux,,7.25e+16,2.42e+18,Hz,xray,,slop,1.0
249198.964,s,8.04e-11,1.75e-11,1.75e-11,erg cm-2 s-1,Integrated Flux,,7.25e+16,2.42e+18,Hz,xray,,slop,1.0
249244.83,s,1.74e-10,3.98e-11,3.98e-11,erg cm-2 s-1,Integrated Flux,,7.25e+16,2.42e+18,Hz,xray,,slop,1.0
249279.556,s,1.04e-10,2.48e-11,2.48e-11,erg cm-2 s-1,Integrated Flux,,7.25e+16,2.42e+18,Hz,xray,,slop,1.0
249326.694,s,9.64e-11,2.2e-11,2.2e-11,erg cm-2 s-1,Integrated Flux,,7.25e+16,2.42e+18,Hz,xray,,slop,1.0
249382.231,s,1.1e-10,2.46e-11,2.46e-11,erg cm-2 s-1,Integrated Flux,,7.25e+16,2.42e+18,Hz,xray,,slop,1.0
249422.587,s,1.02e-10,2.32e-11,2.32e-11,erg cm-2 s-1,Integrated Flux,,7.25e+16,2.42e+18,Hz,xray,,slop,1.0
261642.312,s,1.57e-10,3.67e-11,3.67e-11,erg cm-2 s-1,Integrated Flux,,7.25e+16,2.42e+18,Hz,xray,,slop,1.0
261712.141,s,8.62e-11,2.01e-11,2.01e-11,erg cm-2 s-1,Integrated Flux,,7.25e+16,2.42e+18,Hz,xray,,slop,1.0
261807.974,s,9.38e-11,2.05e-11,2.05e-11,erg cm-2 s-1,Integrated Flux,,7.25e+16,2.42e+18,Hz,xray,,slop,1.0
261894.298,s,1.18e-10,2.41e-11,2.41e-11,erg cm-2 s-1,Integrated Flux,,7.25e+16,2.42e+18,Hz,xray,,slop,1.0
278189.663,s,9.36e-11,2.18e-11,2.18e-11,erg cm-2 s-1,Integrated Flux,,7.25e+16,2.42e+18,Hz,xray,,slop,1.0
278248.943,s,7.46e-11,1.73e-11,1.73e-11,erg cm-2 s-1,Integrated Flux,,7.25e+16,2.42e+18,Hz,xray,,slop,1.0
278309.513,s,1e-10,2.28e-11,2.28e-11,erg cm-2 s-1,Integrated Flux,,7.25e+16,2.42e+18,Hz,xray,,slop,1.0
278359.409,s,9.78e-11,2.28e-11,2.28e-11,erg cm-2 s-1,Integrated Flux,,7.25e+16,2.42e+18,Hz,xray,,slop,1.0
278470.985,s,8.69e-11,1.94e-11,1.94e-11,erg cm-2 s-1,Integrated Flux,,7.25e+16,2.42e+18,Hz,xray,,slop,1.0
278601.401,s,8.25e-11,1.95e-11,1.95e-11,erg cm-2 s-1,Integrated Flux,,7.25e+16,2.42e+18,Hz,xray,,slop,1.0
278673.917,s,6.53e-11,1.39e-11,1.39e-11,erg cm-2 s-1,Integrated Flux,,7.25e+16,2.42e+18,Hz,xray,,slop,1.0
278739.268,s,8.86e-11,2.06e-11,2.06e-11,erg cm-2 s-1,Integrated Flux,,7.25e+16,2.42e+18,Hz,xray,,slop,1.0
278801.748,s,6.77e-11,1.63e-11,1.63e-11,erg cm-2 s-1,Integrated Flux,,7.25e+16,2.42e+18,Hz,xray,,slop,1.0
278871.78,s,1.07e-10,2.43e-11,2.43e-11,erg cm-2 s-1,Integrated Flux,,7.25e+16,2.42e+18,Hz,xray,,slop,1.0
278929.419,s,7.55e-11,1.55e-11,1.55e-11,erg cm-2 s-1,Integrated Flux,,7.25e+16,2.42e+18,Hz,xray,,slop,1.0
289938.927,s,7.65e-11,1.75e-11,1.75e-11,erg cm-2 s-1,Integrated Flux,,7.25e+16,2.42e+18,Hz,xray,,slop,1.0
290015.777,s,7.8e-11,1.82e-11,1.82e-11,erg cm-2 s-1,Integrated Flux,,7.25e+16,2.42e+18,Hz,xray,,slop,1.0
290084.603,s,8.42e-11,1.88e-11,1.88e-11,erg cm-2 s-1,Integrated Flux,,7.25e+16,2.42e+18,Hz,xray,,slop,1.0
290186.159,s,9.91e-11,1.67e-11,1.67e-11,erg cm-2 s-1,Integrated Flux,,7.25e+16,2.42e+18,Hz,xray,,slop,1.0
300360.795,s,7.04e-11,1.57e-11,1.57e-11,erg cm-2 s-1,Integrated Flux,,7.25e+16,2.42e+18,Hz,xray,,slop,1.0
300427.615,s,8.8e-11,2.05e-11,2.05e-11,erg cm-2 s-1,Integrated Flux,,7.25e+16,2.42e+18,Hz,xray,,slop,1.0
300501.33,s,5.49e-11,1.23e-11,1.23e-11,erg cm-2 s-1,Integrated Flux,,7.25e+16,2.42e+18,Hz,xray,,slop,1.0
300588.083,s,6.19e-11,1.48e-11,1.48e-11,erg cm-2 s-1,Integrated Flux,,7.25e+16,2.42e+18,Hz,xray,,slop,1.0
300651.017,s,7.96e-11,1.78e-11,1.78e-11,erg cm-2 s-1,Integrated Flux,,7.25e+16,2.42e+18,Hz,xray,,slop,1.0
300715.455,s,6.44e-11,1.58e-11,1.58e-11,erg cm-2 s-1,Integrated Flux,,7.25e+16,2.42e+18,Hz,xray,,slop,1.0
300773.876,s,9.64e-11,2.21e-11,2.21e-11,erg cm-2 s-1,Integrated Flux,,7.25e+16,2.42e+18,Hz,xray,,slop,1.0
300895.29,s,6.58e-11,1.64e-11,1.64e-11,erg cm-2 s-1,Integrated Flux,,7.25e+16,2.42e+18,Hz,xray,,slop,1.0
301035.389,s,7.14e-11,1.67e-11,1.67e-11,erg cm-2 s-1,Integrated Flux,,7.25e+16,2.42e+18,Hz,xray,,slop,1.0
301086.682,s,1.02e-10,2.28e-11,2.28e-11,erg cm-2 s-1,Integrated Flux,,7.25e+16,2.42e+18,Hz,xray,,slop,1.0
301199.995,s,6.2e-11,1.56e-11,1.56e-11,erg cm-2 s-1,Integrated Flux,,7.25e+16,2.42e+18,Hz,xray,,slop,1.0
301281.357,s,5.5e-11,1.26e-11,1.26e-11,erg cm-2 s-1,Integrated Flux,,7.25e+16,2.42e+18,Hz,xray,,slop,1.0
301356.327,s,8.22e-11,1.84e-11,1.84e-11,erg cm-2 s-1,Integrated Flux,,7.25e+16,2.42e+18,Hz,xray,,slop,1.0
301488.588,s,9.63e-11,2.2e-11,2.2e-11,erg cm-2 s-1,Integrated Flux,,7.25e+16,2.42e+18,Hz,xray,,slop,1.0
301532.842,s,1.32e-10,3.17e-11,3.17e-11,erg cm-2 s-1,Integrated Flux,,7.25e+16,2.42e+18,Hz,xray,,slop,1.0
301580.983,s,7.62e-11,1.82e-11,1.82e-11,erg cm-2 s-1,Integrated Flux,,7.25e+16,2.42e+18,Hz,xray,,slop,1.0
301661.342,s,5.25e-11,1.23e-11,1.23e-11,erg cm-2 s-1,Integrated Flux,,7.25e+16,2.42e+18,Hz,xray,,slop,1.0
301737.189,s,6.71e-11,1.54e-11,1.54e-11,erg cm-2 s-1,Integrated Flux,,7.25e+16,2.42e+18,Hz,xray,,slop,1.0
301811.775,s,5.96e-11,1.33e-11,1.33e-11,erg cm-2 s-1,Integrated Flux,,7.25e+16,2.42e+18,Hz,xray,,slop,1.0
301896.279,s,6.09e-11,1.53e-11,1.53e-11,erg cm-2 s-1,Integrated Flux,,7.25e+16,2.42e+18,Hz,xray,,slop,1.0
301972.483,s,6.66e-11,1.52e-11,1.52e-11,erg cm-2 s-1,Integrated Flux,,7.25e+16,2.42e+18,Hz,xray,,slop,1.0
306121.027,s,7.55e-11,1.77e-11,1.77e-11,erg cm-2 s-1,Integrated Flux,,7.25e+16,2.42e+18,Hz,xray,,slop,1.0
306183.961,s,7e-11,1.56e-11,1.56e-11,erg cm-2 s-1,Integrated Flux,,7.25e+16,2.42e+18,Hz,xray,,slop,1.0
306242.256,s,1.14e-10,2.6e-11,2.6e-11,erg cm-2 s-1,Integrated Flux,,7.25e+16,2.42e+18,Hz,xray,,slop,1.0
306345.558,s,9.05e-11,2.07e-11,2.07e-11,erg cm-2 s-1,Integrated Flux,,7.25e+16,2.42e+18,Hz,xray,,slop,1.0
306388.433,s,9.58e-11,2.14e-11,2.14e-11,erg cm-2 s-1,Integrated Flux,,7.25e+16,2.42e+18,Hz,xray,,slop,1.0
306435.445,s,1.16e-10,2.59e-11,2.59e-11,erg cm-2 s-1,Integrated Flux,,7.25e+16,2.42e+18,Hz,xray,,slop,1.0
306493.614,s,6.43e-11,1.51e-11,1.51e-11,erg cm-2 s-1,Integrated Flux,,7.25e+16,2.42e+18,Hz,xray,,slop,1.0
306556.172,s,5.98e-11,1.37e-11,1.37e-11,erg cm-2 s-1,Integrated Flux,,7.25e+16,2.42e+18,Hz,xray,,slop,1.0
306628.133,s,1.04e-10,2.43e-11,2.43e-11,erg cm-2 s-1,Integrated Flux,,7.25e+16,2.42e+18,Hz,xray,,slop,1.0
306683.795,s,7.07e-11,1.62e-11,1.62e-11,erg cm-2 s-1,Integrated Flux,,7.25e+16,2.42e+18,Hz,xray,,slop,1.0
306758.639,s,7.31e-11,1.67e-11,1.67e-11,erg cm-2 s-1,Integrated Flux,,7.25e+16,2.42e+18,Hz,xray,,slop,1.0
306876.232,s,6.5e-11,1.52e-11,1.52e-11,erg cm-2 s-1,Integrated Flux,,7.25e+16,2.42e+18,Hz,xray,,slop,1.0
307016.576,s,6.16e-11,1.41e-11,1.41e-11,erg cm-2 s-1,Integrated Flux,,7.25e+16,2.42e+18,Hz,xray,,slop,1.0
307103.645,s,5.77e-11,1.35e-11,1.35e-11,erg cm-2 s-1,Integrated Flux,,7.25e+16,2.42e+18,Hz,xray,,slop,1.0
307267.75,s,5.63e-11,1.32e-11,1.32e-11,erg cm-2 s-1,Integrated Flux,,7.25e+16,2.42e+18,Hz,xray,,slop,1.0
307344.224,s,9.39e-11,2.2e-11,2.2e-11,erg cm-2 s-1,Integrated Flux,,7.25e+16,2.42e+18,Hz,xray,,slop,1.0
307403.772,s,7.37e-11,1.69e-11,1.69e-11,erg cm-2 s-1,Integrated Flux,,7.25e+16,2.42e+18,Hz,xray,,slop,1.0
307472.222,s,5.41e-11,1.24e-11,1.24e-11,erg cm-2 s-1,Integrated Flux,,7.25e+16,2.42e+18,Hz,xray,,slop,1.0
307539.92,s,9.54e-11,2.29e-11,2.29e-11,erg cm-2 s-1,Integrated Flux,,7.25e+16,2.42e+18,Hz,xray,,slop,1.0
307591.822,s,9.77e-11,2.19e-11,2.19e-11,erg cm-2 s-1,Integrated Flux,,7.25e+16,2.42e+18,Hz,xray,,slop,1.0
307654.869,s,8.18e-11,1.78e-11,1.78e-11,erg cm-2 s-1,Integrated Flux,,7.25e+16,2.42e+18,Hz,xray,,slop,1.0
312490.503,s,5.96e-11,1.41e-11,1.41e-11,erg cm-2 s-1,Integrated Flux,,7.25e+16,2.42e+18,Hz,xray,,slop,1.0
312572.264,s,5.08e-11,1.22e-11,1.22e-11,erg cm-2 s-1,Integrated Flux,,7.25e+16,2.42e+18,Hz,xray,,slop,1.0
312663.28,s,5.32e-11,1.24e-11,1.24e-11,erg cm-2 s-1,Integrated Flux,,7.25e+16,2.42e+18,Hz,xray,,slop,1.0
312721.701,s,1.49e-10,3.33e-11,3.33e-11,erg cm-2 s-1,Integrated Flux,,7.25e+16,2.42e+18,Hz,xray,,slop,1.0
312777.841,s,6.44e-11,1.44e-11,1.44e-11,erg cm-2 s-1,Integrated Flux,,7.25e+16,2.42e+18,Hz,xray,,slop,1.0
312840.423,s,1.07e-10,2.44e-11,2.44e-11,erg cm-2 s-1,Integrated Flux,,7.25e+16,2.42e+18,Hz,xray,,slop,1.0
312889.817,s,1.01e-10,2.32e-11,2.32e-11,erg cm-2 s-1,Integrated Flux,,7.25e+16,2.42e+18,Hz,xray,,slop,1.0
312935.922,s,1.04e-10,2.36e-11,2.36e-11,erg cm-2 s-1,Integrated Flux,,7.25e+16,2.42e+18,Hz,xray,,slop,1.0
313051.038,s,6.9e-11,1.61e-11,1.61e-11,erg cm-2 s-1,Integrated Flux,,7.25e+16,2.42e+18,Hz,xray,,slop,1.0
313138.292,s,4.85e-11,1.25e-11,1.25e-11,erg cm-2 s-1,Integrated Flux,,7.25e+16,2.42e+18,Hz,xray,,slop,1.0
313291.866,s,5.21e-11,1.22e-11,1.22e-11,erg cm-2 s-1,Integrated Flux,,7.25e+16,2.42e+18,Hz,xray,,slop,1.0
313376.363,s,6.53e-11,1.49e-11,1.49e-11,erg cm-2 s-1,Integrated Flux,,7.25e+16,2.42e+18,Hz,xray,,slop,1.0
386306.083,s,6.82e-11,1.63e-11,1.63e-11,erg cm-2 s-1,Integrated Flux,,7.25e+16,2.42e+18,Hz,xray,,slop,1.0
386401.986,s,3.54e-11,8.91e-12,8.91e-12,erg cm-2 s-1,Integrated Flux,,7.25e+16,2.42e+18,Hz,xray,,slop,1.0
386572.36,s,9.65e-11,2.1e-11,2.1e-11,erg cm-2 s-1,Integrated Flux,,7.25e+16,2.42e+18,Hz,xray,,slop,1.0
386631.407,s,6.15e-11,1.41e-11,1.41e-11,erg cm-2 s-1,Integrated Flux,,7.25e+16,2.42e+18,Hz,xray,,slop,1.0
386704.621,s,7.41e-11,1.69e-11,1.69e-11,erg cm-2 s-1,Integrated Flux,,7.25e+16,2.42e+18,Hz,xray,,slop,1.0
386767.68,s,7.32e-11,1.68e-11,1.68e-11,erg cm-2 s-1,Integrated Flux,,7.25e+16,2.42e+18,Hz,xray,,slop,1.0
386848.665,s,4.04e-11,9.23e-12,9.23e-12,erg cm-2 s-1,Integrated Flux,,7.25e+16,2.42e+18,Hz,xray,,slop,1.0
386938.428,s,6.76e-11,1.58e-11,1.58e-11,erg cm-2 s-1,Integrated Flux,,7.25e+16,2.42e+18,Hz,xray,,slop,1.0
387003.117,s,7.04e-11,1.73e-11,1.73e-11,erg cm-2 s-1,Integrated Flux,,7.25e+16,2.42e+18,Hz,xray,,slop,1.0
387184.396,s,4.99e-11,1.2e-11,1.2e-11,erg cm-2 s-1,Integrated Flux,,7.25e+16,2.42e+18,Hz,xray,,slop,1.0
387256.608,s,1.04e-10,2.38e-11,2.38e-11,erg cm-2 s-1,Integrated Flux,,7.25e+16,2.42e+18,Hz,xray,,slop,1.0
387344.238,s,4.31e-11,1.01e-11,1.01e-11,erg cm-2 s-1,Integrated Flux,,7.25e+16,2.42e+18,Hz,xray,,slop,1.0
387425.099,s,4.96e-11,1.16e-11,1.16e-11,erg cm-2 s-1,Integrated Flux,,7.25e+16,2.42e+18,Hz,xray,,slop,1.0
387529.152,s,3.88e-11,9.3e-12,9.3e-12,erg cm-2 s-1,Integrated Flux,,7.25e+16,2.42e+18,Hz,xray,,slop,1.0
387637.792,s,5.72e-11,1.28e-11,1.28e-11,erg cm-2 s-1,Integrated Flux,,7.25e+16,2.42e+18,Hz,xray,,slop,1.0
387855.314,s,5.73e-11,9.4e-12,9.4e-12,erg cm-2 s-1,Integrated Flux,,7.25e+16,2.42e+18,Hz,xray,,slop,1.0
392118.948,s,4.54e-11,1.06e-11,1.06e-11,erg cm-2 s-1,Integrated Flux,,7.25e+16,2.42e+18,Hz,xray,,slop,1.0
392282.049,s,5.74e-11,1.31e-11,1.31e-11,erg cm-2 s-1,Integrated Flux,,7.25e+16,2.42e+18,Hz,xray,,slop,1.0
392345.155,s,7.49e-11,1.67e-11,1.67e-11,erg cm-2 s-1,Integrated Flux,,7.25e+16,2.42e+18,Hz,xray,,slop,1.0
392417.39,s,7.59e-11,1.66e-11,1.66e-11,erg cm-2 s-1,Integrated Flux,,7.25e+16,2.42e+18,Hz,xray,,slop,1.0
392607.999,s,4.17e-11,9.72e-12,9.72e-12,erg cm-2 s-1,Integrated Flux,,7.25e+16,2.42e+18,Hz,xray,,slop,1.0
392717.193,s,4.99e-11,1.14e-11,1.14e-11,erg cm-2 s-1,Integrated Flux,,7.25e+16,2.42e+18,Hz,xray,,slop,1.0
392817.361,s,5.22e-11,1.17e-11,1.17e-11,erg cm-2 s-1,Integrated Flux,,7.25e+16,2.42e+18,Hz,xray,,slop,1.0
392900.604,s,5.91e-11,1.35e-11,1.35e-11,erg cm-2 s-1,Integrated Flux,,7.25e+16,2.42e+18,Hz,xray,,slop,1.0
392989.237,s,5.33e-11,1.22e-11,1.22e-11,erg cm-2 s-1,Integrated Flux,,7.25e+16,2.42e+18,Hz,xray,,slop,1.0
393095.046,s,5.47e-11,1.22e-11,1.22e-11,erg cm-2 s-1,Integrated Flux,,7.25e+16,2.42e+18,Hz,xray,,slop,1.0
393170.141,s,5.94e-11,1.33e-11,1.33e-11,erg cm-2 s-1,Integrated Flux,,7.25e+16,2.42e+18,Hz,xray,,slop,1.0
393269.712,s,5.99e-11,1.31e-11,1.31e-11,erg cm-2 s-1,Integrated Flux,,7.25e+16,2.42e+18,Hz,xray,,slop,1.0
393394.359,s,4.84e-11,1.18e-11,1.18e-11,erg cm-2 s-1,Integrated Flux,,7.25e+16,2.42e+18,Hz,xray,,slop,1.0
393542.45,s,5.85e-11,1.31e-11,1.31e-11,erg cm-2 s-1,Integrated Flux,,7.25e+16,2.42e+18,Hz,xray,,slop,1.0
403566.899,s,4.87e-11,1.15e-11,1.15e-11,erg cm-2 s-1,Integrated Flux,,7.25e+16,2.42e+18,Hz,xray,,slop,1.0
403676.218,s,2.77e-11,6.2e-12,6.2e-12,erg cm-2 s-1,Integrated Flux,,7.25e+16,2.42e+18,Hz,xray,,slop,1.0
403803.589,s,4.38e-11,9.97e-12,9.97e-12,erg cm-2 s-1,Integrated Flux,,7.25e+16,2.42e+18,Hz,xray,,slop,1.0
404088.025,s,2.4e-11,5.45e-12,5.45e-12,erg cm-2 s-1,Integrated Flux,,7.25e+16,2.42e+18,Hz,xray,,slop,1.0
404217.046,s,2.75e-11,6.14e-12,6.14e-12,erg cm-2 s-1,Integrated Flux,,7.25e+16,2.42e+18,Hz,xray,,slop,1.0
404380.07,s,5.31e-11,1.2e-11,1.2e-11,erg cm-2 s-1,Integrated Flux,,7.25e+16,2.42e+18,Hz,xray,,slop,1.0
404530.942,s,2.36e-11,4.56e-12,4.56e-12,erg cm-2 s-1,Integrated Flux,,7.25e+16,2.42e+18,Hz,xray,,slop,1.0
478482.908,s,3.68e-11,8.23e-12,8.23e-12,erg cm-2 s-1,Integrated Flux,,7.25e+16,2.42e+18,Hz,xray,,slop,1.0
478599.625,s,4.45e-11,1.04e-11,1.04e-11,erg cm-2 s-1,Integrated Flux,,7.25e+16,2.42e+18,Hz,xray,,slop,1.0
478716.717,s,4.35e-11,9.95e-12,9.95e-12,erg cm-2 s-1,Integrated Flux,,7.25e+16,2.42e+18,Hz,xray,,slop,1.0
478793.065,s,5.59e-11,1.25e-11,1.25e-11,erg cm-2 s-1,Integrated Flux,,7.25e+16,2.42e+18,Hz,xray,,slop,1.0
478917.427,s,3.74e-11,8.37e-12,8.37e-12,erg cm-2 s-1,Integrated Flux,,7.25e+16,2.42e+18,Hz,xray,,slop,1.0
479035.773,s,4.85e-11,1.11e-11,1.11e-11,erg cm-2 s-1,Integrated Flux,,7.25e+16,2.42e+18,Hz,xray,,slop,1.0
479138.323,s,2.67e-11,5.83e-12,5.83e-12,erg cm-2 s-1,Integrated Flux,,7.25e+16,2.42e+18,Hz,xray,,slop,1.0
479281.767,s,4.49e-11,7.37e-12,7.37e-12,erg cm-2 s-1,Integrated Flux,,7.25e+16,2.42e+18,Hz,xray,,slop,1.0
484201.046,s,4.09e-11,9.14e-12,9.14e-12,erg cm-2 s-1,Integrated Flux,,7.25e+16,2.42e+18,Hz,xray,,slop,1.0
484324.031,s,5.55e-11,1.29e-11,1.29e-11,erg cm-2 s-1,Integrated Flux,,7.25e+16,2.42e+18,Hz,xray,,slop,1.0
484461.432,s,4.57e-11,1.02e-11,1.02e-11,erg cm-2 s-1,Integrated Flux,,7.25e+16,2.42e+18,Hz,xray,,slop,1.0
484581.156,s,4.67e-11,1.06e-11,1.06e-11,erg cm-2 s-1,Integrated Flux,,7.25e+16,2.42e+18,Hz,xray,,slop,1.0
484707.077,s,2.39e-11,5.21e-12,5.21e-12,erg cm-2 s-1,Integrated Flux,,7.25e+16,2.42e+18,Hz,xray,,slop,1.0
484886.531,s,3.92e-11,8.71e-12,8.71e-12,erg cm-2 s-1,Integrated Flux,,7.25e+16,2.42e+18,Hz,xray,,slop,1.0
484980.323,s,2.97e-11,6.65e-12,6.65e-12,erg cm-2 s-1,Integrated Flux,,7.25e+16,2.42e+18,Hz,xray,,slop,1.0
485059.417,s,4.01e-11,8.93e-12,8.93e-12,erg cm-2 s-1,Integrated Flux,,7.25e+16,2.42e+18,Hz,xray,,slop,1.0
485127.378,s,3.35e-11,7.95e-12,7.95e-12,erg cm-2 s-1,Integrated Flux,,7.25e+16,2.42e+18,Hz,xray,,slop,1.0
485216.065,s,3.09e-11,7.01e-12,7.01e-12,erg cm-2 s-1,Integrated Flux,,7.25e+16,2.42e+18,Hz,xray,,slop,1.0
485333.478,s,3.81e-11,9.03e-12,9.03e-12,erg cm-2 s-1,Integrated Flux,,7.25e+16,2.42e+18,Hz,xray,,slop,1.0
485478.978,s,4.27e-11,9.91e-12,9.91e-12,erg cm-2 s-1,Integrated Flux,,7.25e+16,2.42e+18,Hz,xray,,slop,1.0
485669.069,s,3.73e-11,7.09e-12,7.09e-12,erg cm-2 s-1,Integrated Flux,,7.25e+16,2.42e+18,Hz,xray,,slop,1.0
491272.349,s,3.48e-11,8.3e-12,8.3e-12,erg cm-2 s-1,Integrated Flux,,7.25e+16,2.42e+18,Hz,xray,,slop,1.0
513328.271,s,4.59e-11,1e-11,1e-11,erg cm-2 s-1,Integrated Flux,,7.25e+16,2.42e+18,Hz,xray,,slop,1.0
513448.688,s,4.1e-11,9.35e-12,9.35e-12,erg cm-2 s-1,Integrated Flux,,7.25e+16,2.42e+18,Hz,xray,,slop,1.0
513542.462,s,4.47e-11,1e-11,1e-11,erg cm-2 s-1,Integrated Flux,,7.25e+16,2.42e+18,Hz,xray,,slop,1.0
513650.026,s,3.21e-11,7.19e-12,7.19e-12,erg cm-2 s-1,Integrated Flux,,7.25e+16,2.42e+18,Hz,xray,,slop,1.0
513740.666,s,4.28e-11,9.57e-12,9.57e-12,erg cm-2 s-1,Integrated Flux,,7.25e+16,2.42e+18,Hz,xray,,slop,1.0
513802.096,s,4.18e-11,9.35e-12,9.35e-12,erg cm-2 s-1,Integrated Flux,,7.25e+16,2.42e+18,Hz,xray,,slop,1.0
513877.441,s,3.96e-11,8.86e-12,8.86e-12,erg cm-2 s-1,Integrated Flux,,7.25e+16,2.42e+18,Hz,xray,,slop,1.0
513974.491,s,3.42e-11,5.78e-12,5.78e-12,erg cm-2 s-1,Integrated Flux,,7.25e+16,2.42e+18,Hz,xray,,slop,1.0
570108.694,s,3.4e-11,7.75e-12,7.75e-12,erg cm-2 s-1,Integrated Flux,,7.25e+16,2.42e+18,Hz,xray,,slop,1.0
570201.089,s,2.82e-11,6.3e-12,6.3e-12,erg cm-2 s-1,Integrated Flux,,7.25e+16,2.42e+18,Hz,xray,,slop,1.0
570297.119,s,2.45e-11,5.58e-12,5.58e-12,erg cm-2 s-1,Integrated Flux,,7.25e+16,2.42e+18,Hz,xray,,slop,1.0
570404.056,s,2.82e-11,6.3e-12,6.3e-12,erg cm-2 s-1,Integrated Flux,,7.25e+16,2.42e+18,Hz,xray,,slop,1.0
570495.197,s,2.68e-11,5.98e-12,5.98e-12,erg cm-2 s-1,Integrated Flux,,7.25e+16,2.42e+18,Hz,xray,,slop,1.0
570576.56,s,4.84e-11,1.08e-11,1.08e-11,erg cm-2 s-1,Integrated Flux,,7.25e+16,2.42e+18,Hz,xray,,slop,1.0
570683.162,s,2.31e-11,5.14e-12,5.14e-12,erg cm-2 s-1,Integrated Flux,,7.25e+16,2.42e+18,Hz,xray,,slop,1.0
570794.196,s,6.35e-11,1.42e-11,1.42e-11,erg cm-2 s-1,Integrated Flux,,7.25e+16,2.42e+18,Hz,xray,,slop,1.0
571092.512,s,4.07e-11,7.69e-12,7.69e-12,erg cm-2 s-1,Integrated Flux,,7.25e+16,2.42e+18,Hz,xray,,slop,1.0
604486.042,s,3.21e-11,7.17e-12,7.17e-12,erg cm-2 s-1,Integrated Flux,,7.25e+16,2.42e+18,Hz,xray,,slop,1.0
604644.128,s,3.58e-11,8.18e-12,8.18e-12,erg cm-2 s-1,Integrated Flux,,7.25e+16,2.42e+18,Hz,xray,,slop,1.0
604799.956,s,3.75e-11,8.76e-12,8.76e-12,erg cm-2 s-1,Integrated Flux,,7.25e+16,2.42e+18,Hz,xray,,slop,1.0
604965.441,s,2.11e-11,4.61e-12,4.61e-12,erg cm-2 s-1,Integrated Flux,,7.25e+16,2.42e+18,Hz,xray,,slop,1.0
605352.32,s,1.82e-11,4.08e-12,4.08e-12,erg cm-2 s-1,Integrated Flux,,7.25e+16,2.42e+18,Hz,xray,,slop,1.0
605462.142,s,3.11e-11,6.96e-12,6.96e-12,erg cm-2 s-1,Integrated Flux,,7.25e+16,2.42e+18,Hz,xray,,slop,1.0
605695.072,s,3.78e-11,8.45e-12,8.45e-12,erg cm-2 s-1,Integrated Flux,,7.25e+16,2.42e+18,Hz,xray,,slop,1.0
605772.298,s,3.31e-11,7.39e-12,7.39e-12,erg cm-2 s-1,Integrated Flux,,7.25e+16,2.42e+18,Hz,xray,,slop,1.0
633267.769,s,4.02e-11,9.19e-12,9.19e-12,erg cm-2 s-1,Integrated Flux,,7.25e+16,2.42e+18,Hz,xray,,slop,1.0
633498.621,s,3e-11,5.75e-12,5.75e-12,erg cm-2 s-1,Integrated Flux,,7.25e+16,2.42e+18,Hz,xray,,slop,1.0
656023.731,s,3.54e-11,7.91e-12,7.91e-12,erg cm-2 s-1,Integrated Flux,,7.25e+16,2.42e+18,Hz,xray,,slop,1.0
656123.522,s,3.41e-11,7.63e-12,7.63e-12,erg cm-2 s-1,Integrated Flux,,7.25e+16,2.42e+18,Hz,xray,,slop,1.0
656225.444,s,2.62e-11,5.85e-12,5.85e-12,erg cm-2 s-1,Integrated Flux,,7.25e+16,2.42e+18,Hz,xray,,slop,1.0
656596.527,s,2.4e-11,5.48e-12,5.48e-12,erg cm-2 s-1,Integrated Flux,,7.25e+16,2.42e+18,Hz,xray,,slop,1.0
656827.724,s,2.21e-11,3.58e-12,3.58e-12,erg cm-2 s-1,Integrated Flux,,7.25e+16,2.42e+18,Hz,xray,,slop,1.0
661863.625,s,2.71e-11,6.07e-12,6.07e-12,erg cm-2 s-1,Integrated Flux,,7.25e+16,2.42e+18,Hz,xray,,slop,1.0
662204.621,s,1.88e-11,4.2e-12,4.2e-12,erg cm-2 s-1,Integrated Flux,,7.25e+16,2.42e+18,Hz,xray,,slop,1.0
662345.031,s,2.33e-11,5.31e-12,5.31e-12,erg cm-2 s-1,Integrated Flux,,7.25e+16,2.42e+18,Hz,xray,,slop,1.0
662513.146,s,1.6e-11,3.59e-12,3.59e-12,erg cm-2 s-1,Integrated Flux,,7.25e+16,2.42e+18,Hz,xray,,slop,1.0
662662.709,s,2.06e-11,4.7e-12,4.7e-12,erg cm-2 s-1,Integrated Flux,,7.25e+16,2.42e+18,Hz,xray,,slop,1.0
685320.642,s,2.05e-11,3.56e-12,3.56e-12,erg cm-2 s-1,Integrated Flux,,7.25e+16,2.42e+18,Hz,xray,,slop,1.0
724560.833,s,1.79e-11,4e-12,4e-12,erg cm-2 s-1,Integrated Flux,,7.25e+16,2.42e+18,Hz,xray,,slop,1.0
724771.68,s,1.56e-11,3.25e-12,3.25e-12,erg cm-2 s-1,Integrated Flux,,7.25e+16,2.42e+18,Hz,xray,,slop,1.0
741987.133,s,2.09e-11,4.76e-12,4.76e-12,erg cm-2 s-1,Integrated Flux,,7.25e+16,2.42e+18,Hz,xray,,slop,1.0
742106.231,s,2.46e-11,5.49e-12,5.49e-12,erg cm-2 s-1,Integrated Flux,,7.25e+16,2.42e+18,Hz,xray,,slop,1.0
742226.582,s,2.02e-11,4.61e-12,4.61e-12,erg cm-2 s-1,Integrated Flux,,7.25e+16,2.42e+18,Hz,xray,,slop,1.0
742371.63,s,1.48e-11,3.38e-12,3.38e-12,erg cm-2 s-1,Integrated Flux,,7.25e+16,2.42e+18,Hz,xray,,slop,1.0
742520.064,s,2.06e-11,4.71e-12,4.71e-12,erg cm-2 s-1,Integrated Flux,,7.25e+16,2.42e+18,Hz,xray,,slop,1.0
742686.048,s,1.85e-11,4.14e-12,4.14e-12,erg cm-2 s-1,Integrated Flux,,7.25e+16,2.42e+18,Hz,xray,,slop,1.0
742823.576,s,2.34e-11,5.23e-12,5.23e-12,erg cm-2 s-1,Integrated Flux,,7.25e+16,2.42e+18,Hz,xray,,slop,1.0
742952.392,s,2.12e-11,4.72e-12,4.72e-12,erg cm-2 s-1,Integrated Flux,,7.25e+16,2.42e+18,Hz,xray,,slop,1.0
743244.451,s,2.53e-11,5.25e-12,5.25e-12,erg cm-2 s-1,Integrated Flux,,7.25e+16,2.42e+18,Hz,xray,,slop,1.0
747884.424,s,1.49e-11,3.33e-12,3.33e-12,erg cm-2 s-1,Integrated Flux,,7.25e+16,2.42e+18,Hz,xray,,slop,1.0
748364.077,s,3.14e-11,7.35e-12,7.35e-12,erg cm-2 s-1,Integrated Flux,,7.25e+16,2.42e+18,Hz,xray,,slop,1.0
748477.031,s,1.97e-11,4.39e-12,4.39e-12,erg cm-2 s-1,Integrated Flux,,7.25e+16,2.42e+18,Hz,xray,,slop,1.0
748609.185,s,2.62e-11,5.72e-12,5.72e-12,erg cm-2 s-1,Integrated Flux,,7.25e+16,2.42e+18,Hz,xray,,slop,1.0
748852.879,s,2.78e-11,6.21e-12,6.21e-12,erg cm-2 s-1,Integrated Flux,,7.25e+16,2.42e+18,Hz,xray,,slop,1.0
748987.021,s,2.55e-11,5.82e-12,5.82e-12,erg cm-2 s-1,Integrated Flux,,7.25e+16,2.42e+18,Hz,xray,,slop,1.0
749150.662,s,2.43e-11,3.99e-12,3.99e-12,erg cm-2 s-1,Integrated Flux,,7.25e+16,2.42e+18,Hz,xray,,slop,1.0
770985.424,s,2.15e-11,4.82e-12,4.82e-12,erg cm-2 s-1,Integrated Flux,,7.25e+16,2.42e+18,Hz,xray,,slop,1.0
771265.867,s,1.74e-11,3.89e-12,3.89e-12,erg cm-2 s-1,Integrated Flux,,7.25e+16,2.42e+18,Hz,xray,,slop,1.0
771492.529,s,1.27e-11,2.9e-12,2.9e-12,erg cm-2 s-1,Integrated Flux,,7.25e+16,2.42e+18,Hz,xray,,slop,1.0
782713.359,s,1.4e-11,3.21e-12,3.21e-12,erg cm-2 s-1,Integrated Flux,,7.25e+16,2.42e+18,Hz,xray,,slop,1.0
782915.073,s,1.51e-11,3.37e-12,3.37e-12,erg cm-2 s-1,Integrated Flux,,7.25e+16,2.42e+18,Hz,xray,,slop,1.0
783107.718,s,1.72e-11,3.65e-12,3.65e-12,erg cm-2 s-1,Integrated Flux,,7.25e+16,2.42e+18,Hz,xray,,slop,1.0
827831.931,s,1.48e-11,3.3e-12,3.3e-12,erg cm-2 s-1,Integrated Flux,,7.25e+16,2.42e+18,Hz,xray,,slop,1.0
828067.243,s,1.3e-11,3.04e-12,3.04e-12,erg cm-2 s-1,Integrated Flux,,7.25e+16,2.42e+18,Hz,xray,,slop,1.0
828222.698,s,1.77e-11,3.96e-12,3.96e-12,erg cm-2 s-1,Integrated Flux,,7.25e+16,2.42e+18,Hz,xray,,slop,1.0
828575.979,s,1.28e-11,2.85e-12,2.85e-12,erg cm-2 s-1,Integrated Flux,,7.25e+16,2.42e+18,Hz,xray,,slop,1.0
828797.125,s,1.32e-11,3.1e-12,3.1e-12,erg cm-2 s-1,Integrated Flux,,7.25e+16,2.42e+18,Hz,xray,,slop,1.0
828996.082,s,1.58e-11,3.37e-12,3.37e-12,erg cm-2 s-1,Integrated Flux,,7.25e+16,2.42e+18,Hz,xray,,slop,1.0
829148.277,s,1.73e-11,3.87e-12,3.87e-12,erg cm-2 s-1,Integrated Flux,,7.25e+16,2.42e+18,Hz,xray,,slop,1.0
829319.647,s,1.68e-11,3.74e-12,3.74e-12,erg cm-2 s-1,Integrated Flux,,7.25e+16,2.42e+18,Hz,xray,,slop,1.0
845151.987,s,2.11e-11,4.91e-12,4.91e-12,erg cm-2 s-1,Integrated Flux,,7.25e+16,2.42e+18,Hz,xray,,slop,1.0
845341.041,s,1.73e-11,3.96e-12,3.96e-12,erg cm-2 s-1,Integrated Flux,,7.25e+16,2.42e+18,Hz,xray,,slop,1.0
845518.183,s,1.19e-11,2.74e-12,2.74e-12,erg cm-2 s-1,Integrated Flux,,7.25e+16,2.42e+18,Hz,xray,,slop,1.0
845726.041,s,1.42e-11,3.17e-12,3.17e-12,erg cm-2 s-1,Integrated Flux,,7.25e+16,2.42e+18,Hz,xray,,slop,1.0
845952.829,s,1.21e-11,2.77e-12,2.77e-12,erg cm-2 s-1,Integrated Flux,,7.25e+16,2.42e+18,Hz,xray,,slop,1.0
846114.176,s,1.72e-11,3.93e-12,3.93e-12,erg cm-2 s-1,Integrated Flux,,7.25e+16,2.42e+18,Hz,xray,,slop,1.0
846280.789,s,1.89e-11,4.23e-12,4.23e-12,erg cm-2 s-1,Integrated Flux,,7.25e+16,2.42e+18,Hz,xray,,slop,1.0
846405.904,s,2.54e-11,5.82e-12,5.82e-12,erg cm-2 s-1,Integrated Flux,,7.25e+16,2.42e+18,Hz,xray,,slop,1.0
851162.209,s,1.3e-11,3.02e-12,3.02e-12,erg cm-2 s-1,Integrated Flux,,7.25e+16,2.42e+18,Hz,xray,,slop,1.0
851351.748,s,1.05e-11,2.54e-12,2.54e-12,erg cm-2 s-1,Integrated Flux,,7.25e+16,2.42e+18,Hz,xray,,slop,1.0
851745.481,s,2.32e-11,5.18e-12,5.18e-12,erg cm-2 s-1,Integrated Flux,,7.25e+16,2.42e+18,Hz,xray,,slop,1.0
851895.168,s,1.7e-11,3.81e-12,3.81e-12,erg cm-2 s-1,Integrated Flux,,7.25e+16,2.42e+18,Hz,xray,,slop,1.0
852100.787,s,1.23e-11,2.69e-12,2.69e-12,erg cm-2 s-1,Integrated Flux,,7.25e+16,2.42e+18,Hz,xray,,slop,1.0
890525.217,s,9.37e-12,2.42e-12,2.42e-12,erg cm-2 s-1,Integrated Flux,,7.25e+16,2.42e+18,Hz,xray,,slop,1.0
919077.634,s,1.28e-11,2.92e-12,2.92e-12,erg cm-2 s-1,Integrated Flux,,7.25e+16,2.42e+18,Hz,xray,,slop,1.0
919323.854,s,1.04e-11,2.67e-12,2.67e-12,erg cm-2 s-1,Integrated Flux,,7.25e+16,2.42e+18,Hz,xray,,slop,1.0
941793.927,s,1.58e-11,3.54e-12,3.54e-12,erg cm-2 s-1,Integrated Flux,,7.25e+16,2.42e+18,Hz,xray,,slop,1.0
941976.963,s,1.44e-11,3.22e-12,3.22e-12,erg cm-2 s-1,Integrated Flux,,7.25e+16,2.42e+18,Hz,xray,,slop,1.0
942382.02,s,1.26e-11,2.81e-12,2.81e-12,erg cm-2 s-1,Integrated Flux,,7.25e+16,2.42e+18,Hz,xray,,slop,1.0
942835.971,s,1.06e-11,2.6e-12,2.6e-12,erg cm-2 s-1,Integrated Flux,,7.25e+16,2.42e+18,Hz,xray,,slop,1.0
943165.591,s,1.18e-11,2.08e-12,2.08e-12,erg cm-2 s-1,Integrated Flux,,7.25e+16,2.42e+18,Hz,xray,,slop,1.0
947773.385,s,1.27e-11,2.89e-12,2.89e-12,erg cm-2 s-1,Integrated Flux,,7.25e+16,2.42e+18,Hz,xray,,slop,1.0
948218.441,s,1.62e-11,3.73e-12,3.73e-12,erg cm-2 s-1,Integrated Flux,,7.25e+16,2.42e+18,Hz,xray,,slop,1.0
948713.652,s,1.05e-11,2.44e-12,2.44e-12,erg cm-2 s-1,Integrated Flux,,7.25e+16,2.42e+18,Hz,xray,,slop,1.0
953318.823,s,1.5e-11,3.34e-12,3.34e-12,erg cm-2 s-1,Integrated Flux,,7.25e+16,2.42e+18,Hz,xray,,slop,1.0
953541.348,s,9.65e-12,2.78e-12,2.78e-12,erg cm-2 s-1,Integrated Flux,,7.25e+16,2.42e+18,Hz,xray,,slop,1.0
953737.588,s,9.69e-12,2.71e-12,2.71e-12,erg cm-2 s-1,Integrated Flux,,7.25e+16,2.42e+18,Hz,xray,,slop,1.0
954123.069,s,1.19e-11,2.02e-12,2.02e-12,erg cm-2 s-1,Integrated Flux,,7.25e+16,2.42e+18,Hz,xray,,slop,1.0
1005156.806,s,8.87e-12,1.73e-12,1.73e-12,erg cm-2 s-1,Integrated Flux,,7.25e+16,2.42e+18,Hz,xray,,slop,1.0
1039401.2,s,1.62e-11,3.7e-12,3.7e-12,erg cm-2 s-1,Integrated Flux,,7.25e+16,2.42e+18,Hz,xray,,slop,1.0
1039585.821,s,1.23e-11,2.73e-12,2.73e-12,erg cm-2 s-1,Integrated Flux,,7.25e+16,2.42e+18,Hz,xray,,slop,1.0
1039790.085,s,8.76e-12,2.41e-12,2.41e-12,erg cm-2 s-1,Integrated Flux,,7.25e+16,2.42e+18,Hz,xray,,slop,1.0
1040030.787,s,1.09e-11,2.55e-12,2.55e-12,erg cm-2 s-1,Integrated Flux,,7.25e+16,2.42e+18,Hz,xray,,slop,1.0
1040252.937,s,9.8e-12,2.53e-12,2.53e-12,erg cm-2 s-1,Integrated Flux,,7.25e+16,2.42e+18,Hz,xray,,slop,1.0
1040474.665,s,7.44e-12,1.9e-12,1.9e-12,erg cm-2 s-1,Integrated Flux,,7.25e+16,2.42e+18,Hz,xray,,slop,1.0
1045185.746,s,1.19e-11,2.78e-12,2.78e-12,erg cm-2 s-1,Integrated Flux,,7.25e+16,2.42e+18,Hz,xray,,slop,1.0
1045404.776,s,1.08e-11,2.62e-12,2.62e-12,erg cm-2 s-1,Integrated Flux,,7.25e+16,2.42e+18,Hz,xray,,slop,1.0
1045642.874,s,9.28e-12,2.53e-12,2.53e-12,erg cm-2 s-1,Integrated Flux,,7.25e+16,2.42e+18,Hz,xray,,slop,1.0
1045810.573,s,1.5e-11,3.42e-12,3.42e-12,erg cm-2 s-1,Integrated Flux,,7.25e+16,2.42e+18,Hz,xray,,slop,1.0
1046036.523,s,8.64e-12,2.23e-12,2.23e-12,erg cm-2 s-1,Integrated Flux,,7.25e+16,2.42e+18,Hz,xray,,slop,1.0
1046305.365,s,1.31e-11,2.53e-12,2.53e-12,erg cm-2 s-1,Integrated Flux,,7.25e+16,2.42e+18,Hz,xray,,slop,1.0
1051160.479,s,5.38e-12,9.86e-13,9.86e-13,erg cm-2 s-1,Integrated Flux,,7.25e+16,2.42e+18,Hz,xray,,slop,1.0
1068138.066,s,1.01e-11,2.61e-12,2.61e-12,erg cm-2 s-1,Integrated Flux,,7.25e+16,2.42e+18,Hz,xray,,slop,1.0
1068338.401,s,1.18e-11,2.77e-12,2.77e-12,erg cm-2 s-1,Integrated Flux,,7.25e+16,2.42e+18,Hz,xray,,slop,1.0
1068633.65,s,8.73e-12,1.9e-12,1.9e-12,erg cm-2 s-1,Integrated Flux,,7.25e+16,2.42e+18,Hz,xray,,slop,1.0
1091898.942,s,9.72e-12,2.59e-12,2.59e-12,erg cm-2 s-1,Integrated Flux,,7.25e+16,2.42e+18,Hz,xray,,slop,1.0
1092157.443,s,8.9e-12,2.28e-12,2.28e-12,erg cm-2 s-1,Integrated Flux,,7.25e+16,2.42e+18,Hz,xray,,slop,1.0
1096420.472,s,1.1e-11,2.52e-12,2.52e-12,erg cm-2 s-1,Integrated Flux,,7.25e+16,2.42e+18,Hz,xray,,slop,1.0
1096851.773,s,9.36e-12,2.42e-12,2.42e-12,erg cm-2 s-1,Integrated Flux,,7.25e+16,2.42e+18,Hz,xray,,slop,1.0
1097405.693,s,9.42e-12,2.35e-12,2.35e-12,erg cm-2 s-1,Integrated Flux,,7.25e+16,2.42e+18,Hz,xray,,slop,1.0
1097697.275,s,9.18e-12,1.84e-12,1.84e-12,erg cm-2 s-1,Integrated Flux,,7.25e+16,2.42e+18,Hz,xray,,slop,1.0
1102154.707,s,1.12e-11,2.57e-12,2.57e-12,erg cm-2 s-1,Integrated Flux,,7.25e+16,2.42e+18,Hz,xray,,slop,1.0
1102458.802,s,6.99e-12,1.86e-12,1.86e-12,erg cm-2 s-1,Integrated Flux,,7.25e+16,2.42e+18,Hz,xray,,slop,1.0
1102737.616,s,7.48e-12,1.99e-12,1.99e-12,erg cm-2 s-1,Integrated Flux,,7.25e+16,2.42e+18,Hz,xray,,slop,1.0
1103428.315,s,8.86e-12,1.7e-12,1.7e-12,erg cm-2 s-1,Integrated Flux,,7.25e+16,2.42e+18,Hz,xray,,slop,1.0
1108284.94,s,7.96e-12,2.06e-12,2.06e-12,erg cm-2 s-1,Integrated Flux,,7.25e+16,2.42e+18,Hz,xray,,slop,1.0
1108738.174,s,6.81e-12,1.56e-12,1.56e-12,erg cm-2 s-1,Integrated Flux,,7.25e+16,2.42e+18,Hz,xray,,slop,1.0
1130802.898,s,8.81e-12,2.34e-12,2.34e-12,erg cm-2 s-1,Integrated Flux,,7.25e+16,2.42e+18,Hz,xray,,slop,1.0
1131038.643,s,1.02e-11,2.4e-12,2.4e-12,erg cm-2 s-1,Integrated Flux,,7.25e+16,2.42e+18,Hz,xray,,slop,1.0
1131328.336,s,1.55e-11,2.92e-12,2.92e-12,erg cm-2 s-1,Integrated Flux,,7.25e+16,2.42e+18,Hz,xray,,slop,1.0
1176612.539,s,7.56e-12,2.01e-12,2.01e-12,erg cm-2 s-1,Integrated Flux,,7.25e+16,2.42e+18,Hz,xray,,slop,1.0
1177108.822,s,9.41e-12,2.5e-12,2.5e-12,erg cm-2 s-1,Integrated Flux,,7.25e+16,2.42e+18,Hz,xray,,slop,1.0
1177351.03,s,9.85e-12,2.69e-12,2.69e-12,erg cm-2 s-1,Integrated Flux,,7.25e+16,2.42e+18,Hz,xray,,slop,1.0
1177774.74,s,6.58e-12,1.28e-12,1.28e-12,erg cm-2 s-1,Integrated Flux,,7.25e+16,2.42e+18,Hz,xray,,slop,1.0
1182646.414,s,1.24e-11,2.83e-12,2.83e-12,erg cm-2 s-1,Integrated Flux,,7.25e+16,2.42e+18,Hz,xray,,slop,1.0
1188214.475,s,8.46e-12,1.68e-12,1.68e-12,erg cm-2 s-1,Integrated Flux,,7.25e+16,2.42e+18,Hz,xray,,slop,1.0
1211049.355,s,7.36e-12,1.95e-12,1.95e-12,erg cm-2 s-1,Integrated Flux,,7.25e+16,2.42e+18,Hz,xray,,slop,1.0
1211421.773,s,5.66e-12,1.48e-12,1.48e-12,erg cm-2 s-1,Integrated Flux,,7.25e+16,2.42e+18,Hz,xray,,slop,1.0
1212042.453,s,6.43e-12,1.24e-12,1.24e-12,erg cm-2 s-1,Integrated Flux,,7.25e+16,2.42e+18,Hz,xray,,slop,1.0
1222388.256,s,7.23e-12,1.87e-12,1.87e-12,erg cm-2 s-1,Integrated Flux,,7.25e+16,2.42e+18,Hz,xray,,slop,1.0
1222806.641,s,5.31e-12,1.39e-12,1.39e-12,erg cm-2 s-1,Integrated Flux,,7.25e+16,2.42e+18,Hz,xray,,slop,1.0
1262498.207,s,6.46e-12,1.71e-12,1.71e-12,erg cm-2 s-1,Integrated Flux,,7.25e+16,2.42e+18,Hz,xray,,slop,1.0
1262811.96,s,8.55e-12,2.33e-12,2.33e-12,erg cm-2 s-1,Integrated Flux,,7.25e+16,2.42e+18,Hz,xray,,slop,1.0
1263007.865,s,9.63e-12,2.49e-12,2.49e-12,erg cm-2 s-1,Integrated Flux,,7.25e+16,2.42e+18,Hz,xray,,slop,1.0
1263230.851,s,8.83e-12,2.28e-12,2.28e-12,erg cm-2 s-1,Integrated Flux,,7.25e+16,2.42e+18,Hz,xray,,slop,1.0
1265323.843,s,6.65e-12,1.13e-12,1.13e-12,erg cm-2 s-1,Integrated Flux,,7.25e+16,2.42e+18,Hz,xray,,slop,1.0
1274763.91,s,1.01e-11,2.74e-12,2.74e-12,erg cm-2 s-1,Integrated Flux,,7.25e+16,2.42e+18,Hz,xray,,slop,1.0
1275225.332,s,5.32e-12,1.19e-12,1.19e-12,erg cm-2 s-1,Integrated Flux,,7.25e+16,2.42e+18,Hz,xray,,slop,1.0
1279628.007,s,1.06e-11,2.73e-12,2.73e-12,erg cm-2 s-1,Integrated Flux,,7.25e+16,2.42e+18,Hz,xray,,slop,1.0
1280167.249,s,8.31e-12,2.14e-12,2.14e-12,erg cm-2 s-1,Integrated Flux,,7.25e+16,2.42e+18,Hz,xray,,slop,1.0
1280493.799,s,7.72e-12,1.6e-12,1.6e-12,erg cm-2 s-1,Integrated Flux,,7.25e+16,2.42e+18,Hz,xray,,slop,1.0
1349489.274,s,4.93e-12,9.58e-13,9.58e-13,erg cm-2 s-1,Integrated Flux,,7.25e+16,2.42e+18,Hz,xray,,slop,1.0
1359725.211,s,8.15e-12,2.02e-12,2.02e-12,erg cm-2 s-1,Integrated Flux,,7.25e+16,2.42e+18,Hz,xray,,slop,1.0
1360041.133,s,8.37e-12,2.16e-12,2.16e-12,erg cm-2 s-1,Integrated Flux,,7.25e+16,2.42e+18,Hz,xray,,slop,1.0
1360275.779,s,1.01e-11,2.52e-12,2.52e-12,erg cm-2 s-1,Integrated Flux,,7.25e+16,2.42e+18,Hz,xray,,slop,1.0
1360569.51,s,5.72e-12,1.57e-12,1.57e-12,erg cm-2 s-1,Integrated Flux,,7.25e+16,2.42e+18,Hz,xray,,slop,1.0
1361057.07,s,5.01e-12,1.12e-12,1.12e-12,erg cm-2 s-1,Integrated Flux,,7.25e+16,2.42e+18,Hz,xray,,slop,1.0
1388577.273,s,5.43e-12,1.42e-12,1.42e-12,erg cm-2 s-1,Integrated Flux,,7.25e+16,2.42e+18,Hz,xray,,slop,1.0
1400430.426,s,6.74e-12,1.74e-12,1.74e-12,erg cm-2 s-1,Integrated Flux,,7.25e+16,2.42e+18,Hz,xray,,slop,1.0
1400744.434,s,6.52e-12,1.73e-12,1.73e-12,erg cm-2 s-1,Integrated Flux,,7.25e+16,2.42e+18,Hz,xray,,slop,1.0
1402079.074,s,3.6e-12,8.33e-13,8.33e-13,erg cm-2 s-1,Integrated Flux,,7.25e+16,2.42e+18,Hz,xray,,slop,1.0
1436038.924,s,5.61e-12,1.38e-12,1.38e-12,erg cm-2 s-1,Integrated Flux,,7.25e+16,2.42e+18,Hz,xray,,slop,1.0
1440927.741,s,6.92e-12,1.79e-12,1.79e-12,erg cm-2 s-1,Integrated Flux,,7.25e+16,2.42e+18,Hz,xray,,slop,1.0
1441283.78,s,6.12e-12,1.53e-12,1.53e-12,erg cm-2 s-1,Integrated Flux,,7.25e+16,2.42e+18,Hz,xray,,slop,1.0
1452298.736,s,8.29e-12,2.14e-12,2.14e-12,erg cm-2 s-1,Integrated Flux,,7.25e+16,2.42e+18,Hz,xray,,slop,1.0
1452603.292,s,6.11e-12,1.67e-12,1.67e-12,erg cm-2 s-1,Integrated Flux,,7.25e+16,2.42e+18,Hz,xray,,slop,1.0
1453288.209,s,5.95e-12,1.39e-12,1.39e-12,erg cm-2 s-1,Integrated Flux,,7.25e+16,2.42e+18,Hz,xray,,slop,1.0
1457749.96,s,2.78e-12,5.35e-13,5.35e-13,erg cm-2 s-1,Integrated Flux,,7.25e+16,2.42e+18,Hz,xray,,slop,1.0
1480179.997,s,5.11e-12,1.34e-12,1.34e-12,erg cm-2 s-1,Integrated Flux,,7.25e+16,2.42e+18,Hz,xray,,slop,1.0
1481163.751,s,4.81e-12,1.01e-12,1.01e-12,erg cm-2 s-1,Integrated Flux,,7.25e+16,2.42e+18,Hz,xray,,slop,1.0
1508987.885,s,3.64e-12,9.68e-13,9.68e-13,erg cm-2 s-1,Integrated Flux,,7.25e+16,2.42e+18,Hz,xray,,slop,1.0
1509609.833,s,4.98e-12,1.02e-12,1.02e-12,erg cm-2 s-1,Integrated Flux,,7.25e+16,2.42e+18,Hz,xray,,slop,1.0
1515121.264,s,6.24e-12,1.41e-12,1.41e-12,erg cm-2 s-1,Integrated Flux,,7.25e+16,2.42e+18,Hz,xray,,slop,1.0
1520884.143,s,5.42e-12,1.35e-12,1.35e-12,erg cm-2 s-1,Integrated Flux,,7.25e+16,2.42e+18,Hz,xray,,slop,1.0
1531716.783,s,5.17e-12,1.34e-12,1.34e-12,erg cm-2 s-1,Integrated Flux,,7.25e+16,2.42e+18,Hz,xray,,slop,1.0
1532600.978,s,6.07e-12,1.47e-12,1.47e-12,erg cm-2 s-1,Integrated Flux,,7.25e+16,2.42e+18,Hz,xray,,slop,1.0
1612707.221,s,3.93e-12,1.02e-12,1.02e-12,erg cm-2 s-1,Integrated Flux,,7.25e+16,2.42e+18,Hz,xray,,slop,1.0
1613081.486,s,8.05e-12,2.08e-12,2.08e-12,erg cm-2 s-1,Integrated Flux,,7.25e+16,2.42e+18,Hz,xray,,slop,1.0
1633068.6,s,3.22e-12,5.48e-13,5.48e-13,erg cm-2 s-1,Integrated Flux,,7.25e+16,2.42e+18,Hz,xray,,slop,1.0
1692468.623,s,5.91e-12,1.55e-12,1.55e-12,erg cm-2 s-1,Integrated Flux,,7.25e+16,2.42e+18,Hz,xray,,slop,1.0
1692919.105,s,6.19e-12,1.64e-12,1.64e-12,erg cm-2 s-1,Integrated Flux,,7.25e+16,2.42e+18,Hz,xray,,slop,1.0
1693238.539,s,7.46e-12,1.93e-12,1.93e-12,erg cm-2 s-1,Integrated Flux,,7.25e+16,2.42e+18,Hz,xray,,slop,1.0
1693612.958,s,7.98e-12,1.87e-12,1.87e-12,erg cm-2 s-1,Integrated Flux,,7.25e+16,2.42e+18,Hz,xray,,slop,1.0
1698777.483,s,3.65e-12,9.76e-13,9.76e-13,erg cm-2 s-1,Integrated Flux,,7.25e+16,2.42e+18,Hz,xray,,slop,1.0
1699416.261,s,3.88e-12,9.12e-13,9.12e-13,erg cm-2 s-1,Integrated Flux,,7.25e+16,2.42e+18,Hz,xray,,slop,1.0
1721315.171,s,3.12e-12,8.66e-13,8.66e-13,erg cm-2 s-1,Integrated Flux,,7.25e+16,2.42e+18,Hz,xray,,slop,1.0
1721923.622,s,3.84e-12,9.92e-13,9.92e-13,erg cm-2 s-1,Integrated Flux,,7.25e+16,2.42e+18,Hz,xray,,slop,1.0
1722406.268,s,5.16e-12,1.28e-12,1.28e-12,erg cm-2 s-1,Integrated Flux,,7.25e+16,2.42e+18,Hz,xray,,slop,1.0
1784528.28,s,2.73e-12,6.65e-13,6.65e-13,erg cm-2 s-1,Integrated Flux,,7.25e+16,2.42e+18,Hz,xray,,slop,1.0
1790388.043,s,4.01e-12,1.03e-12,1.03e-12,erg cm-2 s-1,Integrated Flux,,7.25e+16,2.42e+18,Hz,xray,,slop,1.0
1790987.377,s,3.94e-12,8.68e-13,8.68e-13,erg cm-2 s-1,Integrated Flux,,7.25e+16,2.42e+18,Hz,xray,,slop,1.0
1801998.688,s,2.9e-12,7.76e-13,7.76e-13,erg cm-2 s-1,Integrated Flux,,7.25e+16,2.42e+18,Hz,xray,,slop,1.0
1802573.04,s,5.45e-12,1.43e-12,1.43e-12,erg cm-2 s-1,Integrated Flux,,7.25e+16,2.42e+18,Hz,xray,,slop,1.0
1870576.037,s,3.18e-12,6.22e-13,6.22e-13,erg cm-2 s-1,Integrated Flux,,7.25e+16,2.42e+18,Hz,xray,,slop,1.0
1876533.921,s,3.16e-12,6.02e-13,6.02e-13,erg cm-2 s-1,Integrated Flux,,7.25e+16,2.42e+18,Hz,xray,,slop,1.0
1881862.267,s,5.38e-12,1.41e-12,1.41e-12,erg cm-2 s-1,Integrated Flux,,7.25e+16,2.42e+18,Hz,xray,,slop,1.0
1882585.146,s,4.09e-12,8.01e-13,8.01e-13,erg cm-2 s-1,Integrated Flux,,7.25e+16,2.42e+18,Hz,xray,,slop,1.0
1893303.233,s,4.99e-12,1.29e-12,1.29e-12,erg cm-2 s-1,Integrated Flux,,7.25e+16,2.42e+18,Hz,xray,,slop,1.0
1949761.829,s,3.77e-12,1.01e-12,1.01e-12,erg cm-2 s-1,Integrated Flux,,7.25e+16,2.42e+18,Hz,xray,,slop,1.0
1950270.559,s,5.57e-12,1.49e-12,1.49e-12,erg cm-2 s-1,Integrated Flux,,7.25e+16,2.42e+18,Hz,xray,,slop,1.0
1950695.962,s,4.97e-12,1.01e-12,1.01e-12,erg cm-2 s-1,Integrated Flux,,7.25e+16,2.42e+18,Hz,xray,,slop,1.0
1961381.736,s,2.98e-12,8.05e-13,8.05e-13,erg cm-2 s-1,Integrated Flux,,7.25e+16,2.42e+18,Hz,xray,,slop,1.0
1963822.752,s,3.79e-12,6.46e-13,6.46e-13,erg cm-2 s-1,Integrated Flux,,7.25e+16,2.42e+18,Hz,xray,,slop,1.0
2042125.066,s,2.59e-12,6.56e-13,6.56e-13,erg cm-2 s-1,Integrated Flux,,7.25e+16,2.42e+18,Hz,xray,,slop,1.0
2052856.866,s,4.61e-12,1.24e-12,1.24e-12,erg cm-2 s-1,Integrated Flux,,7.25e+16,2.42e+18,Hz,xray,,slop,1.0
2076235.028,s,4.13e-12,7.79e-13,7.79e-13,erg cm-2 s-1,Integrated Flux,,7.25e+16,2.42e+18,Hz,xray,,slop,1.0
2121943.737,s,2.24e-12,4.43e-13,4.43e-13,erg cm-2 s-1,Integrated Flux,,7.25e+16,2.42e+18,Hz,xray,,slop,1.0
2144497.671,s,3.85e-12,1.03e-12,1.03e-12,erg cm-2 s-1,Integrated Flux,,7.25e+16,2.42e+18,Hz,xray,,slop,1.0
2150446.303,s,2.07e-12,4.94e-13,4.94e-13,erg cm-2 s-1,Integrated Flux,,7.25e+16,2.42e+18,Hz,xray,,slop,1.0
2202547.74,s,3.08e-12,5.92e-13,5.92e-13,erg cm-2 s-1,Integrated Flux,,7.25e+16,2.42e+18,Hz,xray,,slop,1.0
2224755.117,s,2.53e-12,6.87e-13,6.87e-13,erg cm-2 s-1,Integrated Flux,,7.25e+16,2.42e+18,Hz,xray,,slop,1.0
2293907.853,s,2.16e-12,4.52e-13,4.52e-13,erg cm-2 s-1,Integrated Flux,,7.25e+16,2.42e+18,Hz,xray,,slop,1.0
2304873.852,s,4.61e-12,1.17e-12,1.17e-12,erg cm-2 s-1,Integrated Flux,,7.25e+16,2.42e+18,Hz,xray,,slop,1.0
2305549.872,s,2.3e-12,5.76e-13,5.76e-13,erg cm-2 s-1,Integrated Flux,,7.25e+16,2.42e+18,Hz,xray,,slop,1.0
2310466.795,s,4.06e-12,1.08e-12,1.08e-12,erg cm-2 s-1,Integrated Flux,,7.25e+16,2.42e+18,Hz,xray,,slop,1.0
2311060.689,s,2.77e-12,7.28e-13,7.28e-13,erg cm-2 s-1,Integrated Flux,,7.25e+16,2.42e+18,Hz,xray,,slop,1.0
2397535.133,s,2.56e-12,4.97e-13,4.97e-13,erg cm-2 s-1,Integrated Flux,,7.25e+16,2.42e+18,Hz,xray,,slop,1.0
2402561.904,s,2.47e-12,5.95e-13,5.95e-13,erg cm-2 s-1,Integrated Flux,,7.25e+16,2.42e+18,Hz,xray,,slop,1.0
2448206.091,s,4.45e-12,9.72e-13,9.72e-13,erg cm-2 s-1,Integrated Flux,,7.25e+16,2.42e+18,Hz,xray,,slop,1.0
2471812.258,s,1.91e-12,4.11e-13,4.11e-13,erg cm-2 s-1,Integrated Flux,,7.25e+16,2.42e+18,Hz,xray,,slop,1.0
2477069.494,s,3.51e-12,9.22e-13,9.22e-13,erg cm-2 s-1,Integrated Flux,,7.25e+16,2.42e+18,Hz,xray,,slop,1.0
2482963.881,s,3.02e-12,5.61e-13,5.61e-13,erg cm-2 s-1,Integrated Flux,,7.25e+16,2.42e+18,Hz,xray,,slop,1.0
2557773.95,s,2.29e-12,4.52e-13,4.52e-13,erg cm-2 s-1,Integrated Flux,,7.25e+16,2.42e+18,Hz,xray,,slop,1.0
2563233.279,s,2.54e-12,6.78e-13,6.78e-13,erg cm-2 s-1,Integrated Flux,,7.25e+16,2.42e+18,Hz,xray,,slop,1.0
2563960.481,s,2.71e-12,6.78e-13,6.78e-13,erg cm-2 s-1,Integrated Flux,,7.25e+16,2.42e+18,Hz,xray,,slop,1.0
2569505.339,s,2.13e-12,5.01e-13,5.01e-13,erg cm-2 s-1,Integrated Flux,,7.25e+16,2.42e+18,Hz,xray,,slop,1.0
2648798.53,s,5.18e-12,1.34e-12,1.34e-12,erg cm-2 s-1,Integrated Flux,,7.25e+16,2.42e+18,Hz,xray,,slop,1.0
2649223.437,s,5.08e-12,1.31e-12,1.31e-12,erg cm-2 s-1,Integrated Flux,,7.25e+16,2.42e+18,Hz,xray,,slop,1.0
2649739.227,s,3.1e-12,7.29e-13,7.29e-13,erg cm-2 s-1,Integrated Flux,,7.25e+16,2.42e+18,Hz,xray,,slop,1.0
2655112.369,s,1.72e-12,3.83e-13,3.83e-13,erg cm-2 s-1,Integrated Flux,,7.25e+16,2.42e+18,Hz,xray,,slop,1.0
2728419.879,s,2.81e-12,7.32e-13,7.32e-13,erg cm-2 s-1,Integrated Flux,,7.25e+16,2.42e+18,Hz,xray,,slop,1.0
2752766.502,s,2.81e-12,5.79e-13,5.79e-13,erg cm-2 s-1,Integrated Flux,,7.25e+16,2.42e+18,Hz,xray,,slop,1.0
2809905.986,s,1.8e-12,3.98e-13,3.98e-13,erg cm-2 s-1,Integrated Flux,,7.25e+16,2.42e+18,Hz,xray,,slop,1.0
2827163.211,s,2.24e-12,5.27e-13,5.27e-13,erg cm-2 s-1,Integrated Flux,,7.25e+16,2.42e+18,Hz,xray,,slop,1.0
2900900.765,s,2.18e-12,4.77e-13,4.77e-13,erg cm-2 s-1,Integrated Flux,,7.25e+16,2.42e+18,Hz,xray,,slop,1.0
2992757.041,s,2.15e-12,4.53e-13,4.53e-13,erg cm-2 s-1,Integrated Flux,,7.25e+16,2.42e+18,Hz,xray,,slop,1.0
2998400.703,s,1.75e-12,4.19e-13,4.19e-13,erg cm-2 s-1,Integrated Flux,,7.25e+16,2.42e+18,Hz,xray,,slop,1.0
3004003.228,s,2.25e-12,5.42e-13,5.42e-13,erg cm-2 s-1,Integrated Flux,,7.25e+16,2.42e+18,Hz,xray,,slop,1.0
3078019.713,s,3.54e-12,9.15e-13,9.15e-13,erg cm-2 s-1,Integrated Flux,,7.25e+16,2.42e+18,Hz,xray,,slop,1.0
3078816.948,s,2.75e-12,6.44e-13,6.44e-13,erg cm-2 s-1,Integrated Flux,,7.25e+16,2.42e+18,Hz,xray,,slop,1.0
3089945.302,s,1.84e-12,4.61e-13,4.61e-13,erg cm-2 s-1,Integrated Flux,,7.25e+16,2.42e+18,Hz,xray,,slop,1.0
3158569.844,s,1.62e-12,3.81e-13,3.81e-13,erg cm-2 s-1,Integrated Flux,,7.25e+16,2.42e+18,Hz,xray,,slop,1.0
3170125.61,s,2.37e-12,4.6e-13,4.6e-13,erg cm-2 s-1,Integrated Flux,,7.25e+16,2.42e+18,Hz,xray,,slop,1.0
3181383.422,s,2.8e-12,6.02e-13,6.02e-13,erg cm-2 s-1,Integrated Flux,,7.25e+16,2.42e+18,Hz,xray,,slop,1.0
3244414.851,s,1.87e-12,4.04e-13,4.04e-13,erg cm-2 s-1,Integrated Flux,,7.25e+16,2.42e+18,Hz,xray,,slop,1.0
3261392.82,s,2.19e-12,5.75e-13,5.75e-13,erg cm-2 s-1,Integrated Flux,,7.25e+16,2.42e+18,Hz,xray,,slop,1.0
3262188.485,s,2.83e-12,9.17e-13,9.17e-13,erg cm-2 s-1,Integrated Flux,,7.25e+16,2.42e+18,Hz,xray,,slop,1.0
3267384.332,s,2.97e-12,6.2e-13,6.2e-13,erg cm-2 s-1,Integrated Flux,,7.25e+16,2.42e+18,Hz,xray,,slop,1.0
3351832.831,s,1.69e-12,2.73e-13,2.73e-13,erg cm-2 s-1,Integrated Flux,,7.25e+16,2.42e+18,Hz,xray,,slop,1.0
3410985.339,s,2.22e-12,4.44e-13,4.44e-13,erg cm-2 s-1,Integrated Flux,,7.25e+16,2.42e+18,Hz,xray,,slop,1.0
3417010.585,s,1.73e-12,4.39e-13,4.39e-13,erg cm-2 s-1,Integrated Flux,,7.25e+16,2.42e+18,Hz,xray,,slop,1.0
3491237.635,s,1.72e-12,3.81e-13,3.81e-13,erg cm-2 s-1,Integrated Flux,,7.25e+16,2.42e+18,Hz,xray,,slop,1.0
3508454.344,s,1.61e-12,3.87e-13,3.87e-13,erg cm-2 s-1,Integrated Flux,,7.25e+16,2.42e+18,Hz,xray,,slop,1.0
3519885.03,s,2.21e-12,4.61e-13,4.61e-13,erg cm-2 s-1,Integrated Flux,,7.25e+16,2.42e+18,Hz,xray,,slop,1.0
3577324.569,s,1.7e-12,4.36e-13,4.36e-13,erg cm-2 s-1,Integrated Flux,,7.25e+16,2.42e+18,Hz,xray,,slop,1.0
3617382.426,s,1.87e-12,4.6e-13,4.6e-13,erg cm-2 s-1,Integrated Flux,,7.25e+16,2.42e+18,Hz,xray,,slop,1.0
3659682.149,s,1.11e-12,2.55e-13,2.55e-13,erg cm-2 s-1,Integrated Flux,,7.25e+16,2.42e+18,Hz,xray,,slop,1.0
3688077.446,s,1.33e-12,2.76e-13,2.76e-13,erg cm-2 s-1,Integrated Flux,,7.25e+16,2.42e+18,Hz,xray,,slop,1.0
3775750.194,s,1.2e-12,2.32e-13,2.32e-13,erg cm-2 s-1,Integrated Flux,,7.25e+16,2.42e+18,Hz,xray,,slop,1.0
3829124.121,s,1.92e-12,4.91e-13,4.91e-13,erg cm-2 s-1,Integrated Flux,,7.25e+16,2.42e+18,Hz,xray,,slop,1.0
3845757.25,s,2.08e-12,4.36e-13,4.36e-13,erg cm-2 s-1,Integrated Flux,,7.25e+16,2.42e+18,Hz,xray,,slop,1.0
3943655.115,s,1.28e-12,3.57e-13,3.57e-13,erg cm-2 s-1,Integrated Flux,,7.25e+16,2.42e+18,Hz,xray,,slop,1.0
3955562.157,s,1.39e-12,2.92e-13,2.92e-13,erg cm-2 s-1,Integrated Flux,,7.25e+16,2.42e+18,Hz,xray,,slop,1.0
4034564.505,s,1.46e-12,3.53e-13,3.53e-13,erg cm-2 s-1,Integrated Flux,,7.25e+16,2.42e+18,Hz,xray,,slop,1.0
4042264.814,s,2.02e-12,3.42e-13,3.42e-13,erg cm-2 s-1,Integrated Flux,,7.25e+16,2.42e+18,Hz,xray,,slop,1.0
4103395.126,s,1.53e-12,3.8e-13,3.8e-13,erg cm-2 s-1,Integrated Flux,,7.25e+16,2.42e+18,Hz,xray,,slop,1.0
4114728.728,s,1.91e-12,4.17e-13,4.17e-13,erg cm-2 s-1,Integrated Flux,,7.25e+16,2.42e+18,Hz,xray,,slop,1.0
4160225.475,s,1.87e-12,4.67e-13,4.67e-13,erg cm-2 s-1,Integrated Flux,,7.25e+16,2.42e+18,Hz,xray,,slop,1.0
4208658.566,s,1.05e-12,2.77e-13,2.77e-13,erg cm-2 s-1,Integrated Flux,,7.25e+16,2.42e+18,Hz,xray,,slop,1.0
4245895.103,s,2.04e-12,4.88e-13,4.88e-13,erg cm-2 s-1,Integrated Flux,,7.25e+16,2.42e+18,Hz,xray,,slop,1.0
4280523.714,s,1.11e-12,1.95e-13,1.95e-13,erg cm-2 s-1,Integrated Flux,,7.25e+16,2.42e+18,Hz,xray,,slop,1.0
4369902.208,s,1.27e-12,2.62e-13,2.62e-13,erg cm-2 s-1,Integrated Flux,,7.25e+16,2.42e+18,Hz,xray,,slop,1.0
4436354.113,s,1.26e-12,3.47e-13,3.47e-13,erg cm-2 s-1,Integrated Flux,,7.25e+16,2.42e+18,Hz,xray,,slop,1.0
4493031.653,s,1.29e-12,2.58e-13,2.58e-13,erg cm-2 s-1,Integrated Flux,,7.25e+16,2.42e+18,Hz,xray,,slop,1.0
4633402.116,s,1.02e-12,2.31e-13,2.31e-13,erg cm-2 s-1,Integrated Flux,,7.25e+16,2.42e+18,Hz,xray,,slop,1.0
4652950.054,s,2.2e-12,5.12e-13,5.12e-13,erg cm-2 s-1,Integrated Flux,,7.25e+16,2.42e+18,Hz,xray,,slop,1.0
4896413.077,s,1.07e-12,1.94e-13,1.94e-13,erg cm-2 s-1,Integrated Flux,,7.25e+16,2.42e+18,Hz,xray,,slop,1.0
5150710.043,s,1.43e-12,3.63e-13,3.63e-13,erg cm-2 s-1,Integrated Flux,,7.25e+16,2.42e+18,Hz,xray,,slop,1.0
5170772.402,s,9.64e-13,2.42e-13,2.42e-13,erg cm-2 s-1,Integrated Flux,,7.25e+16,2.42e+18,Hz,xray,,slop,1.0
5353859.98,s,1.15e-12,1.75e-13,1.75e-13,erg cm-2 s-1,Integrated Flux,,7.25e+16,2.42e+18,Hz,xray,,slop,1.0
5505780.675,s,5.4e-13,1.42e-13,1.42e-13,erg cm-2 s-1,Integrated Flux,,7.25e+16,2.42e+18,Hz,xray,,slop,1.0
5683420.091,s,8.38e-13,1.74e-13,1.74e-13,erg cm-2 s-1,Integrated Flux,,7.25e+16,2.42e+18,Hz,xray,,slop,1.0
6018079.021,s,6.87e-13,1.52e-13,1.52e-13,erg cm-2 s-1,Integrated Flux,,7.25e+16,2.42e+18,Hz,xray,,slop,1.0
6111846.283,s,7.47e-13,1.65e-13,1.65e-13,erg cm-2 s-1,Integrated Flux,,7.25e+16,2.42e+18,Hz,xray,,slop,1.0
6215105.568,s,6.71e-13,1.1e-13,1.1e-13,erg cm-2 s-1,Integrated Flux,,7.25e+16,2.42e+18,Hz,xray,,slop,1.0
10590271.07,s,2.25e-13,4.71e-14,4.71e-14,erg cm-2 s-1,Integrated Flux,,7.25e+16,2.42e+18,Hz,xray,,slop,1.0
11903520.42,s,1.09e-13,3.03e-14,3.03e-14,erg cm-2 s-1,Integrated Flux,,7.25e+16,2.42e+18,Hz,xray,,slop,1.0
14795139.07,s,9.07e-14,2.5e-14,2.5e-14,erg cm-2 s-1,Integrated Flux,,7.25e+16,2.42e+18,Hz,xray,,slop,1.0
15056.0,s,-0.715,0.014,0.014,erg cm-2 s-1,Spectral Index,,7.25e+16,2.42e+18,Hz,,,,
37061.0,s,-0.85,0.03,0.03,erg cm-2 s-1,Spectral Index,,7.25e+16,2.42e+18,Hz,,,,
44458.0,s,-0.92,0.05,0.05,erg cm-2 s-1,Spectral Index,,7.25e+16,2.42e+18,Hz,,,,
